text,language,origin
"**Bangladesh crippled by nationwide shutdowns**

Opposition protesters have brought major urban centers across Bangladesh to a standstill, following a deadly political rally the previous day that saw 18 people killed in explosions.",en,gemini
"Looking for consistency, Washington Redskins head coach Joe Gibbs anticipates minimal roster shake-ups during the upcoming months as he aims to build a lasting foundation of stability within the organization.",en,gemini
"**Does Putin’s Power Grab Actually Make Russia Secure?**

To the casual observer, Russia’s surface remains unchanged in the wake of the devastating terrorist onslaught that reached its tragic peak with the Beslan school massacre in September.",en,gemini
"Irish rock band U2, typically hesitant to participate in commercials, is teaming up with Apple for a new promotional campaign. The group's music will be featured in upcoming iTunes advertisements set to broadcast during Tuesday night's baseball games.",en,gemini
"**SABC apologizes for Iraq beheading footage**

South Africa's public broadcaster has issued a formal apology after an evening news bulletin inadvertently aired graphic video of an American hostage being beheaded in Iraq.",en,gemini
"**Cosmic Collision Yields Record-Breaking Blast**

Astronomers have uncovered a massive galaxy cluster collision so immensely powerful that its energy output ranks just behind the Big Bang itself.",en,gemini
"**West Demands Immediate Uranium Freeze from Iran**

Four Western nations paved the way for a major diplomatic showdown yesterday by issuing an ultimatum for Iran to halt its uranium enrichment program without delay.",en,gemini
Computer Associates International Inc. revealed a restructuring strategy Wednesday involving the global elimination of 800 positions. The business software provider expects the move to generate $70 million in yearly savings after the reorganization is fully completed.,en,gemini
"Fulfilling its pledge to offer more flexible software costs, Computer Associates has introduced Measured Workload Pricing for its mainframe management tools, bringing a new pricing model to its enterprise customers.",en,gemini
"Economic activity accelerated across the Great Plains and Rocky Mountain states through September and early October, according to a report released Wednesday by the Federal Reserve Bank of Kansas City covering the Tenth District.",en,gemini
"Veteran center Dikembe Mutombo is reportedly headed to the Houston Rockets via a sign-and-trade agreement. According to the Houston Chronicle, the 38-year-old will move from the Chicago Bulls in exchange for players Eric Piatkowski, Adrian Griffin, and Mike Wilks, where he is expected to serve in a backup and mentoring role.",en,gemini
"**RBC Centura Chief Exits** 
RALEIGH, N.C. — The chief executive of RBC Centura Bank has resigned, prompting a leadership shift that will move the bank's top command center to Raleigh from its longtime headquarters in Rocky Mount.",en,gemini
"**SCO Puts Plans for Pro-Company Website on Hold**

According to a report by InfoWorld, SCO Group has temporarily shelved its controversial plan to launch a pro-company website—a move that was initially announced last month as a direct counter to the legal watchdog site Groklaw.",en,gemini
"Paris commemorated the 60th anniversary of its liberation on Wednesday with solemn tributes, a traditional flag-raising ceremony at the Eiffel Tower, and a nostalgic procession of vintage 1940s tanks and military jeeps, while also reflecting on the city's complex history of wartime collaboration.",en,gemini
"NEW YORK (CBS.MW) — Sparked by Oracle's takeover of PeopleSoft and encouraging economic reports, U.S. equities finished Monday's session in positive territory, pushing the Dow Jones Industrial Average to a more than nine-month high.",en,gemini
"ATHENS — Shooter Matt Emmons did everything right to keep his nerves in check. Unfortunately, his ultimate undoing was aiming at the completely wrong target.",en,gemini
**Bledsoe Remains Bills' Starter Despite Calls For Losman (AP)** — Buffalo coach Mike Mularkey is making it clear to fans and critics demanding a change at quarterback: rookie J.P. Losman will not be replacing Drew Bledsoe anytime soon.,en,gemini
"**BRUSSELS** — Greece’s place in the eurozone remains secure despite a damning European Union review that uncovered five years of flawed and inaccurate budget data, a senior European Commission official stated on Monday.",en,gemini
"It’s December 2005, and your Viennese Christmas getaway is all booked. You’ve packed your trendiest winter wear, complete with embroidered red maple leaves on your jacket and backpack, meticulously disguised to hide your American roots from potential hostility abroad amid growing fears of identity theft.",en,gemini
"WASHINGTON (Reuters) — Federal authorities and industry leaders announced plans on Monday for a major U.S. crackdown on counterfeit and pirated goods, a booming illicit trade that drains hundreds of billions of dollars from American businesses every year.",en,gemini
Cisco is ramping up its focus on the small business market by rolling out a new line of switches. The tech giant aims to attract smaller enterprises with hardware designed to significantly lower both the cost and operational complexity of running a Cisco network infrastructure.,en,gemini
"**Icahn Threatens Board Shakeup to Block Mylan’s King Deal**

PITTSBURGH — Carl Icahn, Mylan Laboratories’ top shareholder, has stepped up his campaign against the generic drug maker's $4 billion acquisition of King Pharmaceuticals, warning he may launch a proxy fight to replace current company directors.",en,gemini
"**Quantum Buys LTO Competitor Certance**

After years of fiercely championing its own DLT tape technology over competing formats, storage giant Quantum has made a surprising pivot by acquiring Certance, a major manufacturer of the rival LTO standard.",en,gemini
"**Conrad Black Targets Hollinger Committee in C$1.1 Billion Lawsuit**

Disgraced media mogul Conrad Black is launching a C$1.1 billion ($870 million) legal action against the special committee of Hollinger International Inc. and several others. The lawsuit stems from a damning internal report that alleged Black and his associates siphoned millions of dollars from the publishing empire.",en,gemini
"**Milosevic trial halted**
Judges in The Hague have put the trial of Slobodan Milosevic on hold, granting his court-appointed defense attorneys extra time to get ready for the next phase of the case.",en,gemini
"**Athens hit by minor earthquake, zero damage reported**

ATHENS — A sudden earthquake shook the Greek capital on Tuesday, sending tremors through the city and its Olympic sports complexes. According to the Athens Geodynamic Institute, the seismic event occurred earlier today, though officials have not yet released specific data regarding the quake's exact magnitude or epicentre.",en,gemini
"**Bush Campaign Blocks Foreign Web Traffic After Cyberattack**

Following a cyberattack that knocked its homepage offline for six hours last week, the Bush-Cheney reelection campaign has restricted access to its website so that only visitors within the United States can view it, according to computer security professionals.",en,gemini
"**Nextel Partners Faces Changes in Sprint Merger**

The planned $35 billion combination of Sprint Corp. and Nextel Communications could result in significant shifts for Kirkland-based Nextel Partners Inc.",en,gemini
"Following their first back-to-back victories of the season, the Houston Texans appear eager to test their momentum against stiffer competition. ""I knew that was going to come up,"" Texans coach Dom Capers responded with a laugh when asked about the team's rising confidence.",en,gemini
"North Carolina players brushed off memories of last season's struggles ahead of their rematch with Kentucky. Rashad McCants insisted he wasn't dwelling on the past, Jawad Williams echoed that last year is history, and Sean May focused on his most recent performance rather than the Tar Heels' January loss at Rupp Arena.",en,gemini
"Mit einer Grundsatzrede im Londoner Thinktank Chatham House hat der britische Premierminister David Cameron die heiße Phase der Verhandlungen über den EU-Verbleib seines Landes eröffnet. Er stellte der Europäischen Union vier zentrale Bedingungen, die von Sonderrechten für die Euro-Zone bis hin zu Einschränkungen bei Sozialleistungen für EU-Zuwanderer reichen. Cameron betonte zwar, er wolle die Mitgliedschaft langfristig sichern, schloss einen EU-Austritt im Falle des Scheiterns aber nicht aus. Seine Reformvorschläge seien nicht nur für London vorteilhaft, sondern für die gesamte Staatengemeinschaft. In seiner rund 45-minütigen Ansprache unterstrich der Konservative die Rolle Europas für die Sicherheit und verwies angesichts aktueller Krisen – von der Ukraine bis zum internationalen Terrorismus – auf die Notwendigkeit enger Zusammenarbeit. Angesichts seiner Rolle als zweitgrößter Nettozahler erwarte London jedoch, dass auf britische Bedenken eingegangen werde.

Die Rede sowie ein offizielles Schreiben an EU-Ratspräsident Donald Tusk bilden nun die Basis für die Beratungen bis zum EU-Gipfel im Dezember. Sollte es spätestens im Januar zu einer Einigung kommen, gilt ein Referendum bereits im kommenden Juni in London als wahrscheinlich. Inhaltlich fordert die Regierung in London neben dem Schutz der Nicht-Euro-Staaten und dem Stopp von Sozialleistungen für EU-Migranten in den ersten vier Jahren auch vertragliche Garantien, dass Großbritannien nicht an einer „immer engeren Union“ teilnehmen muss.

Daheim im Vereinigten Königreich steht Cameron nun ein mindestens ebenso schwerer Kampf bevor wie in Brüssel. Aus den Reihen der eigenen Tories, des Oberhauses und von EU-skeptischen Parteien wie der Ukip schlug ihm scharfe Kritik entgegen. So werteten Hardliner seine Forderungen als unzureichend ab und warf ihm vor, es nicht ernst zu meinen. Unterstützung signalisierte Cameron hingegen bei der geplanten Begrenzung von Sozialleistungen sogar von der oppositionellen Labour-Partei, während Brexit-Befürworter bereits mit harten Bandagen gegen den Premier mobilmachen.

Auch aus Brüssel kam umgehend Gegenwind: Die EU-Kommission stufte insbesondere die geplante Einschränkung der Freizügigkeit für Arbeitnehmer als hochproblematisch ein. Bundeskanzlerin Angela Merkel zeigte sich dagegen zuversichtlich, dass sich für die unterschiedlichen Streitpunkte Kompromisse finden lassen werden.",de,gemini
"Hier ist eine überarbeitete Version im typischen Nachrichtenstil, die den Inhalt prägnant und flüssig zusammenfasst:

**Wien –** Die VW-Abgasaffäre hat der Porsche Holding Salzburg als Europas größtem VW-Händler kaum geschadet. Laut Sprecher Alain Favey blickt das Unternehmen auf ein sehr gutes Geschäftsjahr 2015 zurück. Zwar wird der Rekordwert von 2011 heuer nicht geknackt, die Entwicklung in Österreich blieb jedoch auf hohem Niveau stabil. Bei insgesamt rund 300.000 verkauften Fahrzeugen hält sich der Marktanteil hierzulande konstant bei 35 Prozent. Vor allem für die Porsche-Verkäufer lief es mit einem prognostizierten Absatzplus von 22 Prozent und 1235 Neuzulassungen hervorragend. 

Konkrete Geschäftszahlen nannte Favey nicht, betonte aber: „Wir haben vier Marken unter den Top 10.“ Ganz spurlos ist der Abgasskandal allerdings nicht vorbeigegangen. In Europa musste Volkswagen im November laut ACEA-Zahlen einen Marktanteilsverlust von 2,3 Prozentpunkten hinnehmen. 

Ausreichend zu tun hat die Holding vor allem mit den internen Aufarbeitungen. Rund 7000 Mitarbeiter sind in die Abwicklung involviert, wobei sämtliche Kosten von der VW AG getragen werden. Inzwischen wurden die ersten Anschreiben an die rund 388.000 betroffenen österreichischen Halter verschickt. Die Rückrufe starten in der letzten Jännerwoche mit Modellen des 2,0-Liter-TDI-Motors (inklusive Software-Update). Ab Kalenderwoche 33 folgen die 1,2-Liter-TDIs. Ende September beginnt schließlich die Aktion für die 1,6-Liter-TDIs, bei der neben Software auch Hardware getauscht werden muss – laut Favey ein Eingriff von maximal einer Stunde Dauer. Für Ersatzmobilität sei gesorgt. Den Mehraufwand für die Händler beziffert das Unternehmen auf überschaubare vier Prozent.

Deutlich lieber richtet Favey den Blick auf das Jahr 2016. Rückenwind für den Markt erhofft man sich vor allem durch niedrige Zinsen und Ölpreise. Zudem will Volkswagen den Fokus stärker auf die E-Mobilität legen: Mit dem Marktstart des e-Golf in diesem Jahr soll ein Modell angeboten werden, das abzüglich aller Förderungen preislich exakt auf dem Niveau des vergleichbaren Diesels liegt.",de,gemini
"Hier ist eine Zusammenfassung im professionellen Nachrichtenstil, die den Inhalt des Interviews in ähnlicher Länge prägnant und flüssig wiedergibt:

***

**Nepals Politik in der Krise: „Die Parteien sind nur mit sich selbst beschäftigt“**

Ein Jahr nach dem verheerenden Erdbeben in Nepal stockt der Wiederaufbau massiv. Der Politikwissenschaftler Lok Raj Baral macht dafür in erster Linie die politische Führung des Landes verantwortlich. Im Gespräch kritisiert er, dass die Parteien vor allem um ihr eigenes Überleben kämpfen und sich wegen parteipolitischer Egoismen nicht einmal auf einen Koordinator einigen konnten. Neben der Blockadehaltung lähmen bürokratische Ineffizienz und interne Machtkämpfe das Land.

Auch an anderer Stelle ortet Baral großes Frustrationspotenzial: Obwohl Nepal seit acht Jahren eine Republik ist, schüren die anhängenden Probleme den Ruf nach alten Strukturen. Zwar weint kaum jemand dem Königshaus aktiv nach, doch angesichts des Versagens der aktuellen Regierung sehnen sich viele Bürger einen stärker hinduistisch geprägten Staat herbei. Die großen Parteien hätten es jedoch in der Hand, Konflikte – wie etwa den Streit um die neue Verfassung und die Proteste der Madhesi-Minderheit im Süden – durch Kompromisse rasch zu lösen, wenn sie denn den Willen dazu hätten.

Gesellschaftlich wandelt sich das Land zwar langsam, doch das traditionelle Kastensystem ist vor allem in den Bergregionen durch Bildung im Rückgang begriffen, während es im Süden, nahe der indischen Grenze, weiterhin fest verankert ist. Genau dorthin blickt Kathmandu mit Sorge: Das Verhältnis zu Indien bleibt angespannt. Baral zeigt sich enttäuscht über die jüngste inoffizielle Blockade durch den großen Nachbarn. Delhi mische sich seit Jahrzehnten aus Sicherheitsbedenken in Nepals Innenpolitik ein und sehe den Einfluss Chinas kritisch. Für die Zukunft fordert Baral eine ausgewogene Diplomatie, da Nepal auf eine konstruktive Zusammenarbeit mit beiden Großmächten gleichermaßen angewiesen ist.",de,gemini
"Hier ist eine neu formulierte Version des Artikels, die im Ton dem Original ähnelt, die gleiche Länge hat und den journalistischen Stil beibehält:

**Helfen, wo niemand helfen wollte**

Dem UN-Flüchtlingshochkommissariat (UNHCR) wurde oft vorgeworfen, in der europäischen Asylkrise zu spät reagiert zu haben – obwohl Einsätze in der EU gar nicht zu seinem klassischen Mandat gehören. Josef Hofer, ein 27-jähriger Behindertenbetreuer aus Salzburg, wurde im Herbst 2015 Teil jener österreichischen Zivilgesellschaft, die anfangs international gefeiert und später als naiv abgestempelt wurde. Als er von den katastrophalen Bedingungen für tausende Schutzsuchende im ungarischen Röszke erfuhr, zögerte er keine Sekunde. Er fuhr nach Budapest, um Menschen auf eigene Faust nach Österreich zu bringen. Vor Ort fehlte es an allen Ecken und Enden, vor allem an den etablierten Hilfswerken. Ob Rotes Kreuz oder Ärzte ohne Grenzen – die großen humanitären Akteure kamen nur sehr schleppend vorankommen. Bis dahin hatten sich die Freiwilligen längst selbst organisiert, schildert Hofer. Als er eine Vertreterin des UNHCR um ein Koordinierungstreffen bat, nahm diese zwar begeistert seine Nummer an, meldete sich jedoch nie wieder.

Diese Episode steht stellvertretend für zahlreiche Beschwerden, die das UNHCR seither erreichen. Kritik gab es vor allem von den griechischen Ägäis-Inseln, wo Menschen nach der Überfahrt aus der Türkei erstmals EU-Boden betraten. Freiwillige warfen der Organisation vor, zwar zu beobachten, aber kaum praktische Hilfe zu leisten. Die damalige UNHCR-Sprecherin auf Lesbos, Aikaterini Kitidi, entgegnete damals: „Wir sind hier in der EU, wir dürften hier gar nicht gebraucht werden.“ Damit traf sie den Nagel auf den Kopf: Warum sollte eine chronisch unterfinanzierte UN-Behörde ausgerechnet in der Europäischen Union operativ eingreifen? Man ging lange davon aus, dass Europa diese Aufgabe allein bewältigen könne.

Doch die Realität belehrte Christoph Pinter, den Leiter des Wiener UNHCR-Büros, eines Besseren. Während sein Team – wie lange auch das in Athen – traditionell vor allem rechtliche Beratung leistete und humanitäre Hilfe eher in Krisenregionen Asiens oder Afrikas stattfand, musste in Griechenland rasch umgesteuert werden. Aus einer reinen Beobachtermission wurde binnen weniger Monate ein Großeinsatz mit mehr als 100 Mitarbeitern. Auch entlang der Balkanroute passten sich die Strukturen an. Doch das wirft neue Probleme auf: „UNHCR ist gezwungen, ständig vorauszuberraten, was als Nächstes passiert, und das in einer Phase, in der sich alles rasant verändert“, erklärt Demetrios Papademetriou vom Migration Policy Institute. Wer konnte schon ahnen, dass sich der Hotspot vom zentralen Mittelmeer in die Ägäis verlagert?

Auch organisatorisch hat sich das UNHCR neu aufgestellt. Die Nationalbüros berichten nun direkt über Europa-Direktor Vincent Cochetel an den Hohen Flüchtlingskommissar Filippo Grandi. Die Länder entlang der Hauptfluchtrouten wurden zu einer eigenen Koordinierungseinheit zusammengefasst. 

Das größte Problem bleibt jedoch die Finanzierung. Die UNO deckt lediglich zwei Prozent der Verwaltungskosten, den Rest muss das UNHCR über Spenden von Staaten, Stiftungen und Unternehmen einwerben. Österreich belegte im Spenderjahr 2015 mit 3,7 Millionen Euro den 39. Rang – angesichts der Wirtschaftskraft ein ausbaufähiger Wert, wie auch Pinter einräumt. Generell fehlen dem UNHCR seit Jahren die Mittel: Vom veranschlagten Budget 2015 von rund 6,3 Milliarden Euro kam nicht einmal die Hälfte zusammen. Zwar fließen in akuten Krisen wie bei Geberkonferenzen für Syrien kurzfristig Gelder, doch Projekte abseits der reinen Lebenserhaltung – etwa die Trauma-Arbeit für Frauen und Kinder – müssen mangels Budget regelmäßig eingestellt werden, warnt der ehemalige UN-Direktor Udo Janz.

Während man im Nahen Osten von einem Winter zum nächsten plant, befürchtet Pinter, dass vergessene Krisen im Kongo oder Südsudan durch die europäische Eigenbetroffenheit völlig aus dem Blickfeld geraten. Die Lösung liegt für Experten wie Papademetriou auf der Hand: Die reichen Staaten müssen tiefer in die Tasche greifen, um den Menschen vor Ort eine echte Perspektive zu geben – erst dann sinke auch der Drang zur Weiterflucht nach Europa. Und zur anhaltenden Kritik an der Organisation stellt er klar: Es sei schlicht unfair zu behaupten, das UNHCR tue zu wenig; angesichts dieser Dimension könne hier schlicht niemand genug tun.",de,gemini
"Hier ist eine neu formulierte Version im natürlichen, professionellen Nachrichten- und Kulturjournalismus-Stil:

Mit seinem Programm „Ich kann auch anderst“ schlägt Kabarettist Christian Hölbling im Café Niedermair neue Töne an. Dabei bedient er sich einer bewährten humoristischen Mechanik: Wenn Figuren an einem Ort landen, an den sie nicht gehören, entsteht Reibung. Hölbling nutzt diese sozialen und geografischen Brüche geschickt und verarbeitet darin auch eigene Biografien. So fühlt er sich als Steirer in Kärnten ähnlich fremd wie Stings „Englishman in New York“ und scherzt über einen schleichenden „Kärntnervirus“, der sich bereits in sprachlichen Aussetzern äußert. 

Der Kabarettist verwebt in seinem Auftritt gekonnt Anekdoten aus dem Tourneealltag mit absurden Behauptungen – etwa wenn er scherzhaft beansprucht, dem damaligen Nestlé-Chef Peter Brabeck-Letmathe die Idee zum Nespresso-Kapselsystem geliefert zu haben. Dank seiner starken Bühnenpräsenz und präzisen Mimik nimmt man ihm solche „Forrest-Gump“-Momente sofort ab. Mühelos schlüpft Hölbling in verschiedene Rollen, etwa in die seines cholerischen Kapfenberger Bandleaders Mike. Wenn dieser über VIP-Zelte schimpft oder Hölblings modernen Lifestyle mit Smart Home und Designer-Anzügen kritisiert, entsteht feinste Gesellschaftssatire. Musikalisch untermalt wird der Abend von lässigen Swing-Nummern mit dialektalem Einschlag. Nach 15 Jahren als „Herfried“ ist Hölbling mit diesem Programm ein gelungener Neustart geglückt.",de,gemini
"Hier ist eine sprachlich überarbeitete, natürlich klingende Nachricht im gewohnten journalistischen Stil, die alle wichtigen Fakten des Originals beibehält:

***

**Allianz startet Mobilfunkmarke mit integrierter Handyversicherung**

Der Versicherungsriese Allianz wagt den Schritt auf den Mobilfunkmarkt und bringt unter dem Namen „Allianz SIM“ ein neuartiges Tarifmodell heraus. Für monatlich 14,90 Euro erhalten Kunden neben einem Paket aus 2.000 Minuten, 2.000 SMS und 3 Gigabyte Datenvolumen (bis zu 21 Mbit/s) auch direkt eine umfassende Geräteversicherung. Die Abwicklung erfolgt rein digital, genutzt wird das Netz von T-Mobile. 

Wie Allianz-Chef Wolfram Littich bei einer Pressekonferenz betonte, soll damit eine Marktlücke geschlossen werden. Statistiken zufolge hat fast jeder dritte Handynutzer schon einmal sein Gerät beschädigt, die wenigsten sind jedoch versichert. Im Gegensatz zu Mitbewerbern, bei denen ein Schutz meist nur in den ersten sechs Lebensmonaten eines Geräts möglich ist, versichert die Allianz Smartphones und Tablets, solange sie nicht älter als 34 Monate sind – auf Wunsch auch gebraucht und als reines Soloprodukt für 4 bis 6 Euro im Monat. 

Der Versicherungsschutz deckt unter anderem Bedienfehler, Stürze, Flüssigkeitsschäden sowie Vandalismus ab. Im Schadensfall wird das Gerät abgeholt und innerhalb von sieben Werktagen durch eine Allianz-Schwesterfirma repariert. In den ersten zwei Jahren übernimmt die Versicherung bei Teilschäden die vollen Kosten abzüglich eines Selbstbehalts von 60 Euro, im dritten Jahr liegt die Abdeckung bei 80 Prozent. 

Unterstützung holt sich der Konzern prominente: An Bord ist der frühere Telering- und Orange-Chef Michael Krammer mit seiner Firma Ventocom, die bereits den erfolgreichen Diskonter „Hofer Telekom“ (Hot) etabliert hat. Krammers Unternehmen, das für die technische Abwicklung und Verrechnung über die eigens gegründete Tochter ATK zuständig ist, sorgt auch für eine Besonderheit: Allianz-Kunden nutzen dieselbe Vorwahl (0677) wie die Hot-Nutzer. Die Allianz selbst agiert als virtueller Netzbetreiber, übernimmt Marketing und Vertrieb und versicherte, dass sensible Kundendaten wie Bewegungsprofile nicht an den Versicherungskonzern übermittelt werden.

Zum Start bietet die Allianz neben dem Kombi-Tarif für 14,90 Euro auch einen reinen Datentarif mit 3 GB für 9 Euro an. Zusätzliche Einheiten kosten je 4 Cent (Minuten/SMS) beziehungsweise 1 Cent (Megabyte), zudem lassen sich per SMS unkompliziert Nachladepakete für je 4,90 Euro buchen. Die Tarife sind monatlich kündbar. 

Ob es in Zukunft auch einen speziellen Tarif für Fans des Fußballklubs Rapid Wien geben wird – dessen kommendes Stadion bekanntlich den Namen Allianz-Stadion trägt –, ließ Michael Krammer offen. Eine Entscheidung dazu soll erst im Jahr 2016 fallen.",de,gemini
"Hier ist eine überarbeitete Version im natürlichen Nachrichtenstil, die das Thema und die Länge beibehält:

**NLD vor klarem Wahlsieg in Burma – Suu Kyi vor entscheidender Machtfrage**

Naypyidaw – Bei der Parlamentswahl in Burma steuert die Partei der Friedensnobelpreisträgerin Aung San Suu Kyi auf einen triumphalen Sieg zu. Nach Auszählung von rund zwei Dritteln der Stimmzettel ist der Vorsprung der Nationalen Liga für Demokratie (NLD) nicht mehr einzuholen. Bis zum Erreichen der absoluten Mehrheit in beiden Parlamentskammern fehlten der Partei am Donnerstag allerdings noch 38 Mandate. Insgesamt stand das Resultat für 130 Sitze noch aus. 

International wurde der weitgehend friedliche Ablauf der Abstimmung gewürdigt. US-Präsident Barack Obama gratulierte Burmas Staatschef telefonisch. Auch Bundesaußenminister Frank-Walter Steinmeier lobte den geordneten Verlauf. Es sei ein hoffnungsvolles Signal, dass sowohl die bisherige Regierungspartei als auch das Militär das Votum akzeptiert hätten, betonte Steinmeier und hob besonders die Glückwünsche des amtierenden Präsidenten Thein Sein an die Opposition hervor. 

Bei den bislang letzten freien Wahlen vor einem Vierteljahrhundert hatte Suu Kyi ebenfalls triumphiert, damals ignorierte das Militär das Ergebnis jedoch. Am Sonntag stimmten die Bürger nun gegen die reformierte, aber dennoch militärnahe Regierungspartei USDP von Thein Sein ab, die nach dem Ende der Junta 2011 zwar Öffnungen eingeleitet hatte, der alten Garde treu blieb. 

Bis Donnerstag sicherte sich die NLD 291 der bisher vergebenen 491 Sitze, während die USDP abgeschlagen bei 33 Mandaten landete. Hinzu kommen 166 feste Sitze für das Militär in beiden Kammern. Um bei der anstehenden Präsidentenwahl im kommenden Jahr auf der sicheren Seite zu sein, benötigt die NLD insgesamt 329 Sitze. In den beiden Häusern verfügt sie bereits über genügend Rückhalt, um eigene Kandidaten zu nominieren. Das Staatsoberhaupt wird letztlich in einer gemeinsamen Abstimmung aller Abgeordneten – inklusive der Militärs – bestimmt.

Wie Suu Kyi die Regierungsführung praktisch übernehmen will, bleibt indes offen. Laut Verfassung ist ihr das Präsidentenamt verwehrt, da ihre Söhne ausländische Staatsbürger sind. Sie hat jedoch angekündigt, die Fäden selbst in der Hand zu behalten.",de,gemini
"Hier ist eine überarbeitete Version im natürlichen Nachrichtenstil, die in Länge und Inhalt dem Original entspricht:

**SOS Mitmensch bringt Sachverhaltsdarstellung gegen „Steirerkrone“-Chefredakteur ein**

Graz/Wien – Wegen eines umstrittenen Kommentars geht die Menschenrechtsorganisation SOS Mitmensch juristisch gegen Christoph Biró, Chefredakteur der „Steirerkrone“, vor. In dem Beitrag hatte Biró unter anderem von angeblichen Plünderungen, Sachbeschädigungen und sexuellen Übergriffen durch Flüchtlinge berichtet. Dabei handelt es sich um Vorwürfe, die in sozialen Netzwerken schon länger kursieren und teilweise bereits widerlegt sind. SOS Mitmensch hat nun bei der Staatsanwaltschaft Graz eine Sachverhaltsdarstellung eingebracht. Es müsse geprüft werden, ob der Text den Tatbestand der Verhetzung oder der wissentlichen Verbreitung beunruhigender Falschmeldungen erfüllt. 

Laut Organisationssprecher Alexander Pollak seien diese Behauptungen durch keinerlei Belege gestützt, der Kommentar habe gezielt Ängste und Misstrauen geschürt. Auch die Politik fordert Konsequenzen: Die steirische Grün-Abgeordnete Sabine Jungwirth verlangt in einem offenen Brief an Biró, die Quellen für seine in der Sonntagsausgabe getätigten Aussagen offenzulegen. Sie will wissen, woher er Informationen über angebliche Supermarktplünderungen haben will, obwohl das Innenministerium derartige Vorfälle längst dementiert hat. Jungwirth konfrontiert den Chefredakteur damit mit der Frage, ob er etwa mehr wisse als Polizei und Ministerium.",de,gemini
"**Rekordprämien, drei ÖFB-Legionäre und Debütanten: Champions League startet in die neue Saison**

Am Dienstagabend geht die 24. Auflage der Fußball-Königsklasse los. Der FC Barcelona nimmt dabei den historischen Anlauf auf die erste erfolgreiche Titelverteidigung, das Endspiel steigt im Mai 2016 im Mailänder San Siro. Österreich ist in der Gruppenphase mit drei Spielern vertreten: Während Aleksandar Dragovic (Dynamo Kiew) und der verletzte Martin Stranzl (Mönchengladbach) vorerst kleinere Brötchen backen müssen, visiert David Alaba mit dem FC Bayern den Titel an. Zu den Topfavoriten zählen neben den Bayern und Titelverteidiger Barça auch Real Madrid, Paris St. Germain sowie die englischen Topklubs.

Finanziell knackt der Bewerb neue Dimensionen. Bis 2018 schüttet die UEFA insgesamt 1,257 Milliarden Euro aus. Allein die Antrittsprämie für die 32 Teams steigt auf fix zwölf Millionen Euro, für jeden Gruppensieg gibt es zusätzlich 1,5 Millionen. Angesichts dieser Summen bleibt der elitäre Kreis weitgehend konstant – Real, Barcelona, Porto und ManUnited sind zum 20. Mal dabei, die Bayern zum 19. Mal. Erstmals überhaupt in der Gruppenphase stehen indes Borussia Mönchengladbach, KAA Gent und der FC Astana als erster kasachischer Vertreter.

Zum Auftakt am Dienstag blickt die Fußball-Welt nach Manchester, wo City in Topform auf den schwächelnden Vorjahresfinalisten Juventus Turin trifft. Die Italiener plagen zudem Verletzungssorgen. In derselben Gruppe D gastiert Gladbach bei Sevilla. Die Deutschen, in der Liga aktuell Schlusslicht, legen den Fokus offenbar primär auf den Klassenerhalt – Sportdirektor Max Eberl betonte, ihm wären drei Punkte am kommenden Samstag in Köln wichtiger als ein Erfolg in Andalusien.

Am Mittwoch greift dann Real Madrid mit einem Heimspiel gegen Schachtar Donezk ins Geschehen ein. Superstar Cristiano Ronaldo geht nach seinem Fünferpack am Wochenende mit breiter Brust in das Fernduell um die historische Champions-League-Torjägerkrone mit Lionel Messi – beide halten aktuell bei 77 Treffern. Barcelona ist erst am Mittwoch bei der AS Roma gefordert. 

Für reichlich Emotionen sorgt auch das Duell von Paris St. Germain gegen Malmö FF: PSG-Stürmer Zlatan Ibrahimovic trifft ausgerechnet auf seinen schwedischen Jugendverein, bei dem einst seine Karriere begann. Manchester United kehrt nach einem Jahr Pause mit einem 3:1-Sieg gegen Liverpool im Rücken nach Eindhoven zurück, während der FC Astana bei seiner Premiere in Lissabon gegen Benfica nach 6.000 Kilometern Anreise vor einer harten Probe steht.",de,gemini
"**Luxus, Palmen und Pistolen: Die schillernde Welt des Glock-Reitsportzentrums in Kärnten**

In Treffen am Ossiacher See hat der verstorbene beziehungsweise greise Waffenproduzent Gaston Glock seiner Frau Kathrin ein weltweit einzigartiges Reitsportzentrum errichtet: das Glock Horse Performance Center (GHPC). Mehrmals jährlich verwandelt sich das Areal in einen Treffpunkt für Reitstars, Prominente und Milliardäre. Während das Millioneneinvestment in der Region teils kritisch als „abgehobenes Geld“ gesehen wird, profitieren lokale Betriebe und der Pferdesport massiv davon. Sogar die Hufe der Turnierpferde bleiben geschont – sie laufen auf einem eigens verlegten Teppich, gesäumt von Palmen. 

Gaston Glock machte sein Vermögen mit der Entwicklung von Pistolen. Mit einem geschätzten Familienvermögen von rund 1,82 Milliarden Euro zählt er zu den reichsten Österreichern. Seine rund 50 Jahre jüngere Ehefrau Kathrin lenkt inzwischen die Geschicke des Zentrums und sitzt auch im Aufsichtsrat des Waffenkonzerns. Während sich Gaston Glock nach gesundheitlichen Rückschlägen weitgehend aus der Öffentlichkeit zurückgezogen hat, prägt Kathrin Glock das Image des Unternehmens, das neben dem Standort in Kärnten ein weiteres Trainingszentrum in den Niederlanden betreibt. Dort stehen die weltbesten Spring- und Dressurreiter wie Edward Gal oder Gerco Schröder unter Vertrag; letzteren retteten die Glocks einst durch eine Millioneninvestition vor dem Verlust seines Top-Pferdes.

Das GHPC in Kärnten lässt keine Wünsche offen: Neben klimatisierten Boxen und modernen Reithallen erwartet die Besucher ein exklusives Rahmenprogramm. Während das einfache Publikum bei freiem Eintritt Spitzenreiter und Sterneköche wie Alfons Schuhbeck in Aktion bewundern kann, genießen VIPs und Reiter Luxus pur in verschiedenen Themen-Lounges – von der Wellness- bis zur Hunde-Physio-Lounge. Das diesjährige Motto „Amerika“ spiegelt sich in der Dekoration und Gastronomie wider. 

Der Waffenkonzern selbst wird im Kärntner Turnieralltag dezent im Hintergrund gehalten. Zwar erinnern kleine Details wie pistolenförmige Serviettenhalter oder ein entsprechender Parcours-Sprung an die Herkunft des Reichtums, doch im Vordergrund stehen der Sport und die Unterhaltung. Glocks Pistolen sind weltweit im Einsatz, von US-Polizeibehörden bis hin zu unzähligen Hollywood-Filmen, was dem Namen in den USA sogar den umgangssprachlichen Status eines Verbs eingebracht hat. 

Ein Markenzeichen des GHPC sind die hochkarätigen Musik- und Showacts. Auf einem hofeigenen „Walk of Fame“ finden sich die Namen von Weltstars wie Robbie Williams, Cher, John Travolta oder Lionel Ritchie, die zum Teil auch live auf der Bühne auftreten. 

Neben all dem Pomp zeigt sich die Familie auch wohltätig: Millionenbeträge wurden bereits für den guten Zweck gespendet, und bei akuten Krisen wird das Unterhaltungsprogramm zugunsten humanitärer Hilfen auch mal kurzfristig eingeschränkt. So bleibt das Glock Horse Performance Center in Kärnten ein Ort der Extreme: ein Treffpunkt von absolutem Luxus, Spitzensport und der diskreten Präsenz eines globalen Waffenimperiums.",de,gemini
"Hier ist eine überarbeitete Version im natürlichen, professionellen Nachrichtenstil:

**Schneemangel zwingt Ski-Weltcup zu Absagen – Sorgenblick nach Südkorea**

Die Slaloms der Damen und Herren in Levi fallen aus. Wie bereits in den Jahren 2007 und 2011 macht der Wettergott dem Weltcup-Auftakt im finnischen Lappland einen Strich durch die Rechnung. Trotz zuvor angefahrenem Kunstschnee reichten die Bedingungen nicht aus, da unvorhergesehene Südwinde die Temperaturen von prognostizierten minus drei auf plus drei Grad klettern ließen. „Es wäre für alle Beteiligten nicht fair gewesen“, betonte Damen-Chefrenndirektor Atle Skaardal. Eine Nachholung gilt wegen des dichten Kalenders als äußerst unwahrscheinlich. Herren-Renndirektor Markus Waldner sieht darin jedoch kein Drama: Statt elf seien nun zehn Slaloms geplant, womit man „sehr gut leben“ könne. Für die Skistars bedeutet dies eine Zwangspause bis zu den Nordamerika-Rennen Ende November.

Während Levi gestrichen ist, steht hinter den olympischen Testrennen in Südkorea ein weiteres Fragezeichen. Für die Speed-Wettbewerbe der Herren in Jeongseon wurde eine neue Frist bis zum 15. November gesetzt. Zwar gab es bei einer erneuten FIS-Inspektion positive Signale bezüglich Beschneiung und Sicherheitszäunen, der wackelige Zeitplan beim Bau der Seilbahn bleibt jedoch das Hauptproblem. Ingenieure von Doppelmayr prüfen derzeit die Fundamente; bis Mitte November muss feststehen, ob der Lift bis Jahresende betriebsbereit ist. Sollte es zu einer Absage kommen, gilt Europa als möglicher Ersatz – im Gespräch ist hierbei unter anderem das österreichische Saalbach.",de,gemini
"**Oxfam fordert deutlich mehr Geld und Aufnahmeplätze für Syrien-Flüchtlinge**

Berlin/Wien – Die Hilfsorganisation Oxfam hat das internationale Engagement für die Opfer des Syrien-Krieges scharf kritisiert. In ihrem am Dienstag veröffentlichten Bericht „Solidarity with Syrians“ bezeichnete die Organisation die bisherigen Hilfsleistungen als unzureichend und unglaubwürdig. Untersucht wurden dabei Finanzhilfen, die Bereitschaft zur Aufnahme von Schutzsuchenden sowie diplomatische Bemühungen zur Beendigung des Konflikts.

Das Fazit: Die bereitgestellten Mittel reichen bei Weitem nicht aus, um den Vertriebenen ein sicheres und würdiges Leben zu ermöglichen. Zudem kritisierte Oxfam, dass viele Industriestaaten ihre Zusagen für sogenannte Resettlement-Programme nicht einhalten. Bislang haben auf diesem Weg weltweit erst rund 17.000 Menschen eine neue Heimat gefunden. Oxfam verlangt stattdessen, bis Ende 2016 zehn Prozent der in den Nachbarländern gestrandeten Flüchtlinge umzusiedeln.

Gemessen an ihrer Wirtschaftskraft leisten laut dem Bericht nur wenige Staaten einen fairen Beitrag. Während Norwegen und Deutschland bei Finanzhilfen und Aufnahmequoten gut abschneiden, hinken andere Länder hinterher: Großbritannien, die USA und Kuwait zahlen zwar viel Geld, nehmen aber kaum Flüchtlinge auf. Frankreich, Russland und auch Österreich verfehlen die geforderten Quoten hingegen deutlich. Positiv sticht Jordanien hervor, das bezogen auf seine Wirtschaftskraft ein Vielfaches der geforderten Hilfe aufbringt.

Zugleich warft Oxfam Staaten wie dem Iran, Katar, Russland, Saudi-Arabien, der Türkei und den USA vor, den Konflikt durch Einmischung und Waffenlieferungen weiter anzuheizen. Die Organisation fordert deshalb einen sofortigen Stopp aller Waffenexporte. Angesichts von zwei Millionen neuen Vertriebenen allein im Jahr 2015 müsse die Weltgemeinschaft ihre humanitäre Hilfe massiv aufstocken und sich vor allem diplomatisch stärker für ein Ende des Krieges einsetzen.",de,gemini
"**Klare Abfuhr für Reformpläne: Luxemburger stimmen in Referendum gegen Ausländerwahlrecht**

Luxemburg – Bei einer Volksabstimmung im Großherzogtum haben sich die Bürger mit großer Mehrheit gegen Reformen der Regierung von Premierminister Xavier Bettel ausgesprochen. Rund 78 Prozent der Wähler stimmten am Sonntag gegen die Einführung eines Wahlrechts für Nicht-Staatsbürger bei nationalen Wahlen. Damit bleibt Luxemburg das einzige EU-Land ohne ein solches Mitspracherecht für Ausländer. 

Auch zwei weitere Vorhaben der Regierungskoalition aus Liberalen, Sozialdemokraten und Grünen erlitten eine deutliche Niederlage: Die Absenkung des Wahlalters auf 16 Jahre wurde von fast 81 Prozent abgelehnt, und eine Begrenzung der Ministeramtszeit auf maximal zehn Jahre fand nur bei rund 30 Prozent der Bürger Rückhalt. 

Bettel hatte das umstrittene Ausländerwahlrecht für Einwohner, die mindestens zehn Jahre im Land leben, mit dem hohen Ausländeranteil von rund 45 Prozent begründet. Er wollte damit ein drohendes Demokratiedefizit verhindern. Nach Bekanntgabe der Ergebnisse betonte der 42-jährige Premier jedoch, man werde die klaren Entscheidungen der Bürger respektieren.

Die oppositionelle CSV zeigte sich erfreut über das Votum und forderte via Twitter gar den Rücktritt des Regierungschefs. Bettel lehnte dies entschieden ab und verwies darauf, dass es sich um eine Richtungsentscheidung der Bürger und kein Misstrauensvotum gegen die Regierung gehandelt habe. 

Die Ablehnung fiel letztlich deutlicher aus als im Vorfeld durch Umfragen prognostiziert. Wegen der im Großherzogtum geltenden Wahlpflicht beteiligten sich weit über 80 Prozent der rund 245.000 wahlberechtigten Luxemburger an dem Referendum. Trotz der herben Entlumpung will die Regierung an den Plänen für eine neue Verfassung festhalten, die 2017 in einer weiteren Volksabstimmung beschlossen werden soll.",de,gemini
"Hier ist eine überarbeitete Version im typischen Nachrichtenstil:

**Griechenlands Wirtschaft bricht stärker ein als erwartet**

Athen – Die griechische Wirtschaft ist im dritten Quartal deutlich stärker geschrumpft als zunächst angenommen. Nach den neuesten Daten von Eurostat sank das Bruttoinlandsprodukt (BIP) von Juli bis September um 0,9 Prozent im Vergleich zum Vorquartal. Noch im November hatte die europäische Statistikbehörde in einer ersten Schätzung lediglich ein Minus von 0,5 Prozent verzeichnet. Zwar war die Wirtschaft im zweiten Quartal noch leicht um 0,3 Prozent gewachsen, und das Jahr hatte Stagnation begonnen, doch das dritte Quartal gilt wegen der Sommerurlaube als Gradmesser für den wichtigen Tourismussektor. Zum Vergleich: Im selben Zeitraum des Vorjahres hatte es noch ein Plus von 0,8 Prozent gegeben. Als Hauptgrund für die nun enttäuschenden Zahlen gelten die politischen Querelen der Koalitionsregierung mit den europäischen Geldgebern im Frühjahr. Beobachtern zufolge hatten die jahrelangen Pleiteängste und die Debatte um einen möglichen Euro-Austritt (Grexit) viele Urlauber abgeschreckt.",de,gemini
"Hier ist eine im Ton an Nachrichtenmagazine angelehnte, sprachlich flüssigere Neuformulierung in ähnlicher Länge:

**Wolfsburg –** Im Zuge des Abgasskandals hat Volkswagen Unregelmäßigkeiten bei den CO2-Werten von rund 800.000 Fahrzeugen eingeräumt. Wie der Konzern am späten Freitagabend in Wolfsburg mitteilte, betrifft dies vor allem Neuwagen. Mehr als die Hälfte der manipulierten Fälle – etwa 430.000 Autos – entfällt demnach auf das Modelljahr 2016, von dem sich zahlreiche Wagen bereits im Bestand der Händler befinden. Der Autobauer prüft derzeit zudem, ob auch ältere Jahrgänge betroffen sind. Halter können auf der Website www.volkswagen.de/info überprüfen, ob ihr Fahrzeug falsche Emissionswerte aufweist.

Unterdessen setzt dem Wolfsburger Konzern die Belastung durch die Stickoxid-Affäre im klassischen Autogeschäft weiter zu. Im Oktober sank der weltweite Absatz der Kernmarke VW im Vergleich zum Vorjahresmonat um 5,3 Prozent auf rund 490.000 Fahrzeuge. Von einer bedrohlichen Krise will die Unternehmensführung jedoch nichts wissen. In einem gemeinsamen Interview schloss Markenchef Herbert Diess arbeitsplatzvernichtende Maßnahmen für die Stammbelegschaft aus. Auch Betriebsratschef Bernd Osterloh betonte in der „Süddeutschen Zeitung“ (Samstag): Man habe zwar „vielleicht ein Diesel-Problem, aber keine Absatzkrise“. Arbeitsplätze würden erst dann abgebaut, wenn die Verkaufszahlen nachhaltig sinken.",de,gemini
"**Neue Chefin für das Landestheater Niederösterreich**

Sankt Pölten – Marie Rötzer übernimmt im Sommer 2016 die künstlerische Leitung des Landestheaters Niederösterreich. Die 47-jährige Dramaturgin, aktuell persönliche Referentin des Intendanten am Hamburger Thalia-Theater, tritt damit die Nachfolge von Bettina Hering an, die als Schauspielchefin zu den Salzburger Festspielen wechselt. Rötzers Vertrag ist auf vier Jahre bis zum Sommer 2020 angesetzt. 

Die gebürtige Mistelbacherin startete ihre Theaterlaufbahn in den frühen 90er-Jahren in Sankt Pölten. Nach einer Station als Lektorin an der Universität Czernowitz in der Ukraine arbeitete sie als Dramaturgin an namhaften Bühnen im deutschsprachigen Raum, darunter das Maxim-Gorki-Theater in Berlin, die Zürcher Gessnerallee, das Schauspielhaus Graz, das Staatstheater Mainz und zuletzt das Hamburger Thalia-Theater. 

Sie wolle an den starken regionalen und überregionalen Erfolg ihrer Vorgängerin Hering anknüpfen, betonte Rötzer in einer ersten Stellungnahme. Um die Nachfolge hatten sich insgesamt 68 Personen aus dem In- und Ausland beworben. Die Entscheidung fiel nach einem mehrstufigen Auswahlverfahren im Rahmen eines abschließenden Jury-Hearings.",de,gemini
"Hier ist eine neu formulierte Version im typischen Stil einer Nachrichtenagentur, die Länge und Struktur des Originals beibehält:

**Gevgelija/Skopje/Belgrad** – Trotz massiver Sicherheitsvorkehrungen und neuer Stacheldrahtsperren haben am Samstag hunderte Flüchtlinge die Grenze von Griechenland nach Mazedonien durchbrochen. Reporter vor Ort berichteten, wie Migranten Polizeibarrieren überrannten und trotz des Einsatzes von Blendgranaten durch die Sicherheitskräfte in das Land gelangten. Agenturen sprachen zeitweise sogar von Tausenden, die sich gewaltsam den Weg bahnten. Die Lage im Grenzgebiet bei Gevgelija hatte sich bereits am frühen Morgen massiv zugespitzt: Laut dem serbischen Sender RTS wuchs die Zahl der Menschen im Niemandsland auf über 2.000 an, nachdem weitere Gruppen per Bus und Zug eingetroffen waren. Lokale Schlepper nutzen die angespannte Situation demnach verstärkt aus. Aus Wut über die mazedonische Einreisebegrenzung verweigerten viele Migranten angebotene Hilfsgüter; vereinzelt wurden Wasserflaschen auf Polizisten geworfen. Neben der Polizei waren auch Einheiten des Militärs im Einsatz, während der Grenzstreifen auf Hunderten Metern Länge mit Draht abgeriegelt wurde.

Angesichts der Krise kündigte Serbiens Ministerpräsident Aleksandar Vucic den schnellen Bau einer Notunterkunft für bis zu 3.000 Menschen nahe dem Belgrader Flughafen an. Berichten zufolge soll das Projekt im Wert von rund 1,5 Millionen Euro aus EU-Mitteln finanziert werden; weitere 400.000 Euro sind demnach für medizinische und humanitäre Hilfen des Roten Kreuzes vorgesehen. 

Bereits am Freitag hatte die mazedonische Polizei mit gepanzerten Fahrzeugen, Tränengas und Blendgranaten versucht, den Zustrom aus Griechenland zu stoppen. Augenzeugen zufolge gab es mindestens vier Verletzte. Hilfsorganisationen wie das UNHCR und Ärzte ohne Grenzen kritisierten, dass sie trotz anwesender Mitarbeiter keinen Zugang zu den blockierten Menschen aus Krisenregionen wie Syrien oder Afghanistan erhielten. Die Internationale Organisation für Migration und das UNHCR forderten von Europa dringend eine koordinierte Lösung. Mazedonien und Serbien dürften mit der Bewältigung der Massen nicht allein gelassen werden.

Den Schätzungen zufolge saßen zuletzt zwischen 3.000 und 4.000 Menschen im Grenzgebiet fest – eine Tendenz, die angesichts stark steigender Ankunftszahlen in Griechenland (allein im Juli rund 50.000) weiter zunimmt. Mazedonien selbst hat in den letzten zwei Monaten über 40.000 Durchreisende registriert, die meist über Serbien und Ungarn in wohlhabendere EU-Staaten weiterziehen wollen. Ungarn versucht diese Migration seinerseits durch einen Grenzzaun zu stoppen. 

Einigen Flüchtlingen gelang trotz dieser massiven Barrieren der Übertritt. Der 18-jährige Syrer Mohammed Chalid berichtete, er sei nach seiner Flucht gerannt und entkommen, während sein Bruder und andere von Sicherheitskräften gefasst und nach Griechenland zurückgeschickt worden seien. Das mazedonische Innenministerium verteidigte das Vorgehen: Die Maßnahmen würden greifen. Man habe lediglich 181 besonders schutzbedürftige Ausländer – vor allem aus Syrien – kontrolliert ins Land gelassen, um sie im Rahmen der eigenen Kapazitäten angemessen zu versorgen.",de,gemini
"Hier ist eine sprachlich überarbeitete Fassung im natürlichen, leicht ironischen Tonfall einer Kulturberichterstattung, die Länge und Thema exakt beibehält:

Fünf Stunden dauert der Schnelldurchlauf durch die englische Geschichte, den Ivo van Hove und die Toneelgroep Amsterdam bei den Wiener Festwochen präsentieren. Unter dem Titel „Kings of War“ ziehen Shakespeares Königsdramen im Museumsquartier vorbei – allerdings in einer arg bequemen Nacherzählung. 

Am Anfang fliegen die Porträts britischer Monarchen im Eiltempo über die Leinwand, bis der Projektor bei Heinrich IV. stoppt. Für diese exklusiv in Wien uraufgeführte Produktion hat Rob Klinkenberg die Vorlagen aus „Heinrich V.“, „Heinrich VI.“ und „Richard III.“ ins Holländische übertragen. Noch stärker prägt den Abend jedoch der Zeitsprung ins 20. Jahrhundert: Ausstatter Jan Versweyveld hat in Halle E einen „War Room“ errichtet, der stark an Churchills Hauptquartier erinnert. Die blutigen Fehden zwischen York und Lancaster werden hier in den modernen Kontext des letzten Jahrhunderts verfrachtet.

Kaum ist Heinrich IV. verschieden, rollt sich der rote Teppich für den Nachfolger aus. Heinrich V. (Ramsey Nasr) agiert als mustergültiger Stratege, der Frankreich erfolgreich angreift, wenngleich er beim Candle-Light-Dinner mit der Prinzessin reichlich unbeholfen wirkt – kurz darauf zeugt er einen Erben und stirbt an der Ruhr. Ganz anders sein Nachkomme Heinrich VI. (Eelco Smits): Der kleinwüchsige, weinerliche König hat das Charisma eines Buchhalters, schlüpft vor der Hochzeitsnacht lieber in den Pyjama und wird zur leichten Beute für machtgierige Lords.

Zu diesem Zeitpunkt hat sich van Hoves Regiekonzept längst offengelegt. Das Hauptquartier gleicht einer luxuriösen Lounge mit Fließwasser und Computern. Auf einer Empore sorgen vier Posaunisten und ein Countertenor für feierlich-melancholische Klänge. Die eigentlichen Strippenziehereien und Morde finden jedoch unsichtbar in aseptisch weißen Gängen statt, durch die eine Handkamera streift. Sie liefert ständige Close-ups, die jede Emotion und Porenstruktur gnadenlos einfangen. 

Man fühlt sich durchaus unterhalten an diesem langen Abend, ertappt sich aber auch dabei, die Kosten dieses postmodernen Aufwands zu überschlagen. Für die tieferen, fast christologischen Dimensionen von Shakespeares Stoff – etwa die Märtyrer-Züge des schwachen Heinrich VI. – bleibt die Inszenierung blass. 

Letztlich bricht „Kings of War“ das historische Gemetzel auf das Format einer modernen Fernsehserie herunter. Der historische Blutrausch wird mit einer Portion Alltagspsychologie verdünnt, während man auf Designer-Polstermöbeln Zigaretten raucht. So gerät selbst das große Finale – Richards III. blutiger Weg an die Macht (gespielt von Hans Kesting) – zur zähen Nabelschau eines Stadttheatermonarchen, begleitet vom eigenen Video-Doppelgänger. Das Wiener Publikum zeigte sich am Ende dennoch zufrieden.",de,gemini
"Hier ist eine Variante im typischen Nachrichtenstil, die den Inhalt mit anderen Worten wiedergibt:

**Moskau – Die Weltbank blickt wieder etwas zuversichtlicher auf die russische Konjunktur.** Demnach dürfte die Wirtschaftsleistung des Landes im laufenden Jahr nicht ganz so stark einbrechen wie zunächst befürchtet. Statt eines Minus von 3,8 Prozent rechnet die Institution nun mit einem Rückgang um 2,7 Prozent, wie am Montag mitgeteilt wurde. Gestützt wird die Wirtschaft vor allem durch den wiedererstarkten Rubel, der von den nach einem langen Sturzflug wieder kletternden Ölpreisen profitiert. Da das Land rund vierzig Prozent seiner Staatseinnahmen über den Ölverkauf generiert, kommt dieser Trend Moskau stark entgegen; zudem hat sich der Teuerungsanstieg verlangsamt. Nach wie vor lasten allerdings die westlichen Sanktionen infolge des Ukraine-Konflikts auf der Konjunktur. 

Das Moskauer Wirtschaftsministerium geht mit einem vorhergesagten BIP-Rückgang von 2,8 Prozent in eine ähnliche Richtung. Viele Ökonomen und der Internationale Währungsfonds (IWF) zeigen sich mit minus 3,4 Prozent jedoch skeptischer. Für die Zukunft stellt die Weltbank-Ökonomin Birgit Hansl indes eine Rückkehr zum Wachstum in Aussicht: 2016 soll das BIP um 0,7 Prozent und im Jahr darauf um 2,5 Prozent zulegen. Voraussetzung dafür seien jedoch dringend nötige Strukturreformen in den kommenden Haushalten, die den Weg für eine nachhaltige Erholung ebnen könnten.",de,gemini
"Hier ist eine überarbeitete Version im natürlichen Nachrichtenstil, die in Länge und Inhalt dem Original entspricht:

**Vorarlberg verfehlt Quote bei minderjährigen Flüchtlingen deutlich**

Bregenz – Bis auf Niederösterreich und Salzburg verfehlt derzeit jedes Bundesland die Vorgaben bei der Unterbringung unbegleiteter minderjähriger Flüchtlinge (UMF). Während im Erstaufnahmezentrum Traiskrichen nach wie vor über 1.000 Jugendliche ausharren, hinkt Vorarlberg den Zielvorgaben stark hinterher: Laut einem Bericht der „Vorarlberger Nachrichten“ (Montagsausgabe) fehlen im Ländle 113 Plätze, die Quote ist damit nur zu knapp 60 Prozent erfüllt. Noch schlechter schneiden laut dem Bericht lediglich Kärnten (rund 51 Prozent) und Tirol (rund 56 Prozent) ab. Kritik kam dazu vom Vorarlberger Kinder- und Jugendanwalt Michael Rauch. Er gab zu bedenken, dass selbst Salzburg die Quote nur wegen rund 200 dort untergebrachten Jugendlichen in einer Kaserne erfülle. Rauch kritisierte zudem die Landesregierung scharf: Man könne sich nicht öffentlich als Musterbeutel bei der Quotenerfüllung präsentieren, wenn man bei den UMF nur bei 60 Prozent liege. 

Landesrätin Katharina Wiesflecker (Grüne) wies die Vorwürfe zurück und kündigte an, dass das westlichste Bundesland die Quote bereits im Frühjahr wieder erreichen werde. Noch im Dezember habe man knapp 90 Prozent der geforderten Plätze bereitgestellt, so Wiesflecker. Durch den abrupten Geburtstag von 50 Jugendlichen mit Jahreswechsel sei man jedoch massiv zurückgefallen. Unterdessen brachte Flüchtlingskoordinator Christian Konrad in den VN ins Gespräch, die Kriterien bei der Suche nach Quartieren für jugendliche Flüchtlinge zu überdenken. Er schlug mögliche Lockerungen bei Bauordnungen oder Barrierefreiheitsrichtlinien vor, betonte jedoch gleichzeitig, dass keinesfalls Abstriche bei den Betreuungsstandards gemacht werden dürften.",de,gemini
"**Uniqa stellt sich um: Konzern verschmilzt Versicherungen und halbiert Vorstandsposten**

Wien – Mit einem massiven Umbau will sich die Uniqa-Versicherungsgruppe für künftige Herausforderungen rüsten. Wie der Konzern am Mittwochabend bekannt gab, werden sämtliche operativen Inlandsversicherungen zusammengelegt. Bis spätestens zum ersten Quartal 2017 gehen die Raiffeisen Versicherung, die Salzburger Landes-Versicherung sowie die FinanceLife Lebensversicherung in der Uniqa Österreich Versicherungen AG auf.

Durch die Neuordnung schrumpft die Gesamtzahl der Vorstandsposten im Konzern – inklusive der Holding – drastisch von 22 auf 10 Personen. In der börsennotierten Uniqa Insurance Group AG verringert sich das Gremium von fünf auf drei Köpfe: Ab 1. Juni 2016 leiten Andreas Brandstetter (CEO), Kurt Svoboda (CFO/CRO) und der neu in den Vorstand berufene Erik Leyers (COO) die Holding mit Mandaten bis Mitte 2020. Die bisherigen Vorstände Hannes Bogner und Thomas Münkel verlassen das Unternehmen auf eigenen Wunsch, während sich Wolfgang Kindl künftig ganz auf den Chefposten der Uniqa International AG konzentriert. Die Umsetzung steht noch unter dem Vorbehalt behördlicher Genehmigungen.

Begleitet wird der Umbau von starken Geschäftszahlen für das Jahr 2015. Gestützt auf ein um knapp zwölf Prozent gestiegenes Ergebnis vor Steuern (EGT) von 422,8 Millionen Euro will Uniqa die Dividende im gleichen Maße von 42 auf 47 Cent je Aktie erhöhen. Das Periodenergebnis nach Steuern kletterte sogar um 14,2 Prozent auf 331,1 Millionen Euro. Für das laufende Jahr 2016 rechnet der Konzern allerdings durch anstehende Investitionen mit einer möglichen Halbierung des Ergebnisses. Der endgültige, geprüfte Geschäftsbericht soll am 14. April vorgelegt werden.",de,gemini
"Hier ist eine Version im natürlichen Stil einer astronomischen Monatsvorschau, die Länge und Inhalt des Originals beibehält:

Der März bringt astronomisch viel Abwechslung: Am 20. um 5:30 Uhr erreicht die Sonne das Tierkreiszeichen Widder – die Tagundnachtgleiche markiert den astronomischen Frühlingsbeginn. Die Tage werden spürbar länger: Die Sonnenscheindauer wächst von 11 Stunden und 4 Minuten zu Monatsbeginn auf 12 Stunden und 50 Minuten am Monatsende, bei einer abendlichen Dämmerungsdauer von einer Stunde und acht Minuten. 

Der Mond zeigt sich im Laufe des Monats in all seinen Phasen: Nach dem Letzten Viertel am 2. im Schlangenträger in Nachbarschaft zum Saturn ist am 7. kurz die feine Altlichtsichel im Morgengrauen im Osten-Südosten zu entdecken. Auf den Neumond am 9. – dieser bringt eine bei uns unsichtbare totale Sonnenfinsternis – folgt tags darauf die zarte Neulichtsichel in der westlichen Abenddämmerung. Zudem passiert der Mond im Walfisch seine Erdnähe. Das Erste Viertel ist am 15. im Stier erreicht. Am 21. begegnet der Mond dem Jupiter, ehe am 23. der Vollmond in der Jungfrau ansteht, gekoppelt an eine hierzulande unsichtbare partielle Halbschatten-Mondfinsternis. Zum Monatsende wandert der Mond durch die Erdferne in der Jungfrau (25.), passiert am 28./29. den Mars und am 29./30. den Saturn.

Auch bei den Planeten tut sich einiges: Merkur verbirgt sich diesen Monat vor unseren Blicken. Venus lässt sich noch bis zum 13. tief in der Morgendämmerung im Osten-Südosten aufspüren und wechselt vom Steinbock in den Wassermann. Mars zeigt sich in der zweiten Nachthälfte – anfangs tief im Südosten, später höher im Süden – und zieht von der Waage in den Skorpion. Jupiter strahlt die gesamte Nacht über aus dem Löwen, anfangs tief im Osten, später hoch im Ost-Südosten. Saturn ist in der späteren zweiten Nachthälfte im Schlangenträger auszumachen, zunächst tief im Südosten, später im Süd-Südosten.

Hinweise für Sternenfreunde: Die Sternkarte des Monats gilt für den 1. um 21:16 Uhr sowie den 31. um 19:18 Uhr (der Kreis mit „J“ markiert Jupiter, der Bogen zeigt die Milchstraße). Das Freiluftplanetarium Sterngarten Georgenberg in Wien 23 (bei der Wotrubakirche) lädt am Samstag, den 19.3., um 11:30 Uhr zum Frühlingstagundnachtgleichen-Mittag mit Erklärungen an der Tierkreisscheibe und – bei schönem Wetter – der Beobachtung des Mittagsdurchgangs der Sonne ein. Bereits am Samstag, den 5.3., findet um 19 Uhr im Stadtlokal in Wien 1 (Walfischg. 12, 1. Stock) ein Vortrag von R. Vucsina zum Thema „An der Grenzfläche von Licht und Gravitation“ mit Exkurs zu Gravitationswellen statt. Nähere Infos unter Tel. 01 889 35 41 oder direkt beim Astronomischen Büro.",de,gemini
"Hier ist eine naturalistische Nachrichtenfassung, die in Länge und Stil dem Original entspricht:

London – Die britische Polizei hat ihre permanente Überwachung der ecuadorianischen Botschaft in London beendet. Wie Scotland Yard am Montag mitteilte, patrouillieren Beamte künftig nicht mehr rund um die Uhr vor dem Gebäude, in dem sich Wikileaks-Gründer Julian Assange seit über drei Jahren aufhält. Stattdessen soll der Fall nun verstärkt mit verdeckten Mitteln bearbeitet werden; die bisherige Präsenz sei angesichts der Kosten nicht mehr verhältnismäßig. Der 44-Jährige ist seit Juni 2012 in der Vertretung untergetaucht, um sich einem schwedischen Haftbefehl wegen Sexualdelikten zu entziehen. Assange weist die Vorwürfe zurück und befürchtet eine Auslieferung an die USA, sollte er die Botschaft verlassen. Die jahrelange Dauerbewachung hatte den britischen Steuerzahler umgerechnet mehr als 16 Millionen Euro gekostet.",de,gemini
"Hier ist eine inhaltlich identische Version im typischen Stil einer Nachrichtenagentur (wie APA):

**Seniorenbund fordert rasche Reformen und kritisiert Kanzler-Haltung**

Wien – ÖVP-Seniorenbundchef Andreas Khol zeigt sich mit der Regierungsarbeit im ersten Halbjahr zwar zufriedener als erwartet, pocht jedoch vehement auf Nachbesserungen bei Pensionen, im Gesundheitswesen und in der Pflege. Bei einer Pressekonferenz am Dienstag zog Khol grundsätzlich eine positive Bilanz – insbesondere zur Steuerreform. Man könne zwar nicht alles bekommen, so Khol mit Verweis auf ein Zitat seiner Schwiegermutter. Ein großer Makel sei jedoch, dass rund 230.000 Bezieher einer Ausgleichszulage von der Negativsteuer für Pensionisten ausgeschlossen wurden. 

Besonders verärgert zeigte sich Khol über Bundeskanzler Werner Faymann (SPÖ), dem er „Gesprächsverweigerung“ vorwarf. Der Seniorenrat habe monatelang vergeblich um einen Termin beim Kanzler gebeten. Man werde die Causa daher – frei nach dem Motto „Aufgeben tut man einen Brief“ – mittels Musterprozessen vor den Höchstgerichten austragen. Um das eigene Image aufzubessern, müsse die Koalition dringend liefern, empfahl Khol und begrüßte den zuletzt moderateren Ton zwischen den Regierungspartnern.

Die Abschaffung der kalten Progression, wie sie zuletzt von der ÖVP gefordert wurde, sei eine langjährige Seniorenbund-Forderung. Khol erteilte jedoch dem Modell des ÖGB eine Absage, jährlich über Mini-Steuerreformen zu verhandeln. Stattdessen plädiert er für eine automatische Anpassung der Steuerstufen an die Lohnentwicklung, wie sie offenbar auch der Finanzminister anstrebt. Finanziert werden könnte dies durch Einsparungen bei einer Verwaltungsreform.

Dringenden Handlungsbedarf ortet der Seniorenbund zudem bei den Pensionen. Khol kritisierte das ausstehende Bonus-Malus-Modell sowie das noch immer offene Pensionsmonitoring. Auch im Gesundheitsbereich gehe es den ÖVP-Senioren nicht schnell genug. Die Wiener Seniorenbund-Obfrau Ingrid Korosec forderte in diesem Zusammenhang bessere Rahmenbedingungen für Gruppenpraxen und Erstversorgungszentren. Ein einzelnes Pilotprojekt in Wien reiche bei Weitem nicht aus, hier müsse Bürgermeister Michael Häupl (SPÖ) mehr Druck ausüben. Zudem verlangte Korosec neu verhandelte Hausarzt-Verträge mit verlängerten Öffnungszeiten und einem klaren Schwerpunkt auf Beratung und Vorsorge.",de,gemini
"**""Satire darf alles"": ""Spiegel""-Chefredakteur Brinkbäumer im Interview**

Wien – Anlässlich eines Auftritts bei den Wiener Journalismustagen hat sich ""Spiegel""-Chefredakteur Klaus Brinkbäumer den Fragen des *STANDARD* gestellt. Im Gespräch ging es um die digitale Zukunft des Nachrichtenmagazins, den Umgang mit Werbung und Leserdebatten, politische Angriffe sowie interne Reformen.

Mit Blick auf die geplante Bezahlschranke betonte Brinkbäumer, dass man den Begriff selbst nicht gerne verwende, da er zu hart klinge. Man wolle die treue Leserschaft nicht abschrecken, sondern exklusiven Qualitätsjournalismus so aufbereiten, dass Kunden dafür gerne bezahlen. Während die tägliche Aktualität größtenteils gratis bleiben soll, kostet künftig die besondere journalistische Einordnung. Tests dazu starten in Kürze. Als Vorbild dient dabei vor allem die ""New York Times"". Auch beim Thema Adblocker zeigt sich der Chefredakteur kompromissbereit: Um den Journalismus zu finanzieren, seien technische Sperren durchaus eine Option.

Kritisch äußerte sich Brinkbäumer zur aktuellen Glaubwürdigkeitskrise der Medien. Der Vorwurf der ""Lügenpresse"" sei eine verleumderische Kampagne, von der man sich nicht einschüchtern lasse. Dennoch müsse man offen mit eigenen Fehlern umgehen. Auch Diskussionsforen im Netz will der ""Spiegel"" nicht pauschal schließen, sondern aktiv moderieren, um Hetze keinen Raum zu geben. Bei der Berichterstattung über Straftäter und Herkunft vertraut er auf die Leitlinien des Presserats, fordert jedoch einen unaufgeregten Ton, der keine Vorurteile schürt. 

Zu den Berichten über den abgezogenen Türkei-Korrespondenten Hasnain Kazim stellte Brinkbäumer klar, dass es vor Ort schlicht keine Arbeitsgrundlage mehr gab, man aber trotz der Repressionen durch Präsident Erdoğan kritisch weiterberichten werde. Klare Worte fand er auch zur Causa Böhmermann: Satire müsse alles dürfen, und die Kunst- und Meinungsfreiheit dürfe nicht dort enden, wo es unbequem wird. Bundeskanzlerin Merkel hätte sich in dieser Debatte nicht auf die Seite Erdoğans stellen dürfen.

Angesprochen auf den kürzlich geleakten internen Innovationsreport, zeigte sich Brinkbäumer gelassen. Die Indiskretion sei zwar ärgerlich, inhaltlich sei das Papier jedoch ein leidenschaftlicher und notwendiger Weckruf zur Modernisierung des Hauses, den man intern angstfrei debattiere. 

Abschließend wies Brinkbäumer den Eindruck zurück, es gäbe weiterhin Grabenkämpfe zwischen der Online- und der Printredaktion. Das sei ein überholtes Klischee. Die Zusammenarbeit laufe längst Hand in Hand, und die gemeinsame Ausrichtung des Verlags stehe für alle Beteiligten an erster Stelle.",de,gemini
"Hier ist eine Neubearbeitung des Nachrichtenausschnitts in eigenem Worten, mit ähnlicher Länge und im natürlichen Stil einer Literaturkritik oder eines Kulturberichts:

***

**Vatersein ohne Belehren: Wolf Wondratscheks Raoulito-Gedichte**

Ursprünglich war es als streng limitiertes Sammlerstück mit gerade einmal 444 Exemplaren gedacht – und hätte wohl auch ein solches bleiben sollen. Doch nachdem die Erstauflage des Bandes *For a Life without a Dentist* binnen weniger Wochen vergriffen war und ohnehin einige Korrekturen anstanden, legten Autor und Verlag nach: Weitere 500 Stück wurden gedruckt. Der Titel des Gedichtbändchens von Wolf Wondratschek, der abwechselnd in Wien und München lebt, dürfte wohl bei den allermeisten Lesern (und wohl nur wenigen Zahnärzten) auf Zustimmung stoßen. Entlehnt hat der Lyriker ihn einem 1984 entstandenen Kunstwerk des 1997 verstorbenen Malers Martin Kippenberger. 

Der Band versammelt 42 Gedichte, die Wondratschek teils für sich selbst, vor allem aber für seinen am 27. Juli 1991 geborenen Sohn Raoul verfasst hat. Das erste Stück entstand direkt am Tag der Geburt. In diesem Moment, so erinnert sich der Dichter, seien im Grunde zwei Menschen auf die Welt gekommen: sein Sohn und er selbst, der plötzlich in eine Rolle geworfen wurde, auf die er keineswegs vorbereitet war – die des Vaters. Das Werk fungiert dabei als eine Art lyrisches Pendant zu seinem Roman *Das Geschenk* aus dem Jahr 2011. Darin beschreibt er sein Alter Ego Chuck, einen alternden Eigenbrötler – Wondratschek selbst war 49, als sein Sohn zur Welt kam –, der im fortgeschrittenen Alter noch einmal Vater wird. Ein FAZ-Rezensent brachte die Haltung dieser Figur, die starr an ihrer Unabhängigkeit festhält, damals treffend auf den Punkt: „Vater ja, angepasst niemals!“

Obwohl Wondratschek und sein Sohn ab dessen fünftem Lebensjahr getrennten Haushalts lebten, beschreibt er ihre Beziehung als äußerst eng. Das gängige Vorurteil, ein uneheliches, fernab klassischer Nestwärme aufwachsendes Kind müsse zwangsläufig fehlschlagen, lässt er nicht gelten: „Wenn man das so denkt, wäre ein Autor wie Hermann Hesse nicht denkbar gewesen.“ Zudem habe er den Jungen nie ängstlich daraufhin beobachtet, ob sich in ihm negative Charakterzüge entwickeln könnten; ein ungeschütztes Kind sei für ihn letztlich reizvoller als ein behütetes. Zu Anlässen wie Geburtstag oder Weihnachten gab es vom Vater statt Geld klassische Botschaften auf Papier: Gedichte. Ganz ohne pädagogischen Zeigefinger, ohne Gebrauchsanweisung und ohne den Hintergedanken, den Filius früh an die Poesie heranführen zu wollen. Wondratschek ist überzeugt: Wahre Nähe entsteht absichtslos, durch das Teilen dessen, was einem selbst wichtig ist. 

Ständig lauern zu müssen, dass einem ein Erwachsener etwas belehrend beibringen will, sei für Kinder ein Dauerzustand der Alarmbereitschaft. Dem wollte Wondratschek stets entgegenwirken, auch wenn der Band in Ausnahmen einen väterlichen Ratschlag enthält: *„In jedem Raum / gibt es eine Ecke, die interessanter ist / als die übrigen drei – / und der setze dich / gegenüber.“* Abgesehen davon hielt er sich mit Direktiven zurück. Während gemeinsame Spaziergänge in seiner eigenen Jugend meist mit elterlichen Befehlen oder Belehrungen verbunden waren, wollte er seinem Sohn diese Last ersparen und sich stattdessen selbst erziehen, indem er ihm das Gefühl gab, dass das eigene Leben wertvoll ist.

Mittlerweile hat Raoulito Medientechnik studiert und absolviert Volontariate bei Verlagen, ohne sich bereits endgültig festgelegt zu haben. Für den Vater ist das völlig in Ordnung. Man müsse nicht schon in jungen Jahren wissen, wohin der Weg führt; entscheidend seien nicht Karrieredaten, sondern Neugier, gutes Benehmen und Empathie. Dass sein Sohn kein ehrgeiziger Karrierefreak geworden ist, wertet Wondratschek schmunzelnd als Zeichen, dass kein Vaterschaftstest nötig ist: Seiner Art nach ist er unverkennbar sein Kind. Zur Freude der Redaktion hat der Autor dem Artikel exklusiv ein weiteres, bislang unveröffentlichtes Gedicht beigesteuert – wofür an dieser Stelle herzlich gedankt sei.",de,gemini
"Hier ist eine überarbeitete Version im natürlichen Nachrichtenstil, die den Inhalt prägnant und flüssig zusammenfasst:

***

**New York – Mit dem geplanten Milliardenkauf des Datenspeicherspezialisten EMC will Dell seine Marktposition deutlich ausbauen und im Wettbewerb mit Konkurrenten wie Hewlett-Packard aufholen.** 

Wie am Montag bekannt wurde, soll jeder EMC-Anteilseigner 24,05 US-Dollar in bar sowie ein Wertpapier erhalten, das den Anteil an der Softwaretochter VMware abbildet. Insgesamt beläuft sich das Angebot demnach auf 33,15 Dollar je Aktie – ein Aufschlag von fast 20 Prozent gegenüber dem Schlusskurs vom Freitag. Über die Transaktion war im Vorfeld bereits spekuliert worden. 

Für den Mega-Deal, der als der bisher größte in der Technologiebranche gilt, nehmen Dell und der beteiligte Finanzinvestor Silver Lake offenbar rund 40 Milliarden Dollar an Krediten auf. Nach Vollzug der Übernahme, der für Mitte nächsten Jahres anvisiert ist, wollen die Partner 70 Prozent an EMC halten; an der Spitze des fusionierten Unternehmens soll Firmengründer Michael Dell stehen. 

Die komplexe Struktur der Transaktion ist vor allem der wertvollen VMware-Beteiligung geschuldet, die mehr als die Hälfte des EMC-Gesamtwerts ausmacht. VMware gilt als äußerst wachstumsstark, während das klassische Datenspeichergeschäft von EMC zunehmend unter Druck gerät. VMware soll daher eigenständig bleiben und weiterhin an der Börse in New York notiert sein. 

Der vereinbarte Deal enthält zudem eine Klausel, die es EMC erlaubt, in den kommenden Wochen noch Gegenangebote einzuholen. Damit soll offenbar der aktivistische Investor Elliott Management besänftigt werden, der zuvor vehement eine Abspaltung von VMware gefordert hatte und das Dell-Vorhaben nun Kreisen zufolge mittragen will. Auch Kontakte zu potenziellen Interessenten wie Microsoft oder Cisco seien im Zuge dessen nicht ausgeschlossen. 

Zudem bringt die Transaktion eine Lösung für die schon länger offene Nachfolgefrage bei EMC: Der 68-jährige Firmenchef Joe Tucci, der das Unternehmen seit 2001 leitet, wird sich im Zuge der Übernahme wie geplant zurückziehen. 

Gründer Michael Dell hatte vor zwei Jahren bereits Schlagzeilen gemacht, als er sein eigenes Unternehmen mit Hilfe von Investoren von der Börse nahm – damals nach monatelangem Streit mit dem aktivistischen Investor Carl Icahn. Die nun vereinbarte Übernahme von EMC stellt Branchenrekorde ein: Bisher galt der im Mai angekündigte Kauf des Chipherstellers Broadcom durch den Konkurrenten Avago für 37 Milliarden Dollar als grösster Deal des Jahres.",de,gemini
"Hier ist eine neu formulierte Version im typischen Stil einer Nachrichtenagentur (ähnliche Länge, gleicher Inhalt und sachlicher Ton):

**Wien – Der Präsident der Akademie der Wissenschaften (ÖAW), Anton Zeilinger, fordert vom künftigen Staatsoberhaupt massiven Rückhalt für Forschung und Lehre. Angesichts drängender Finanzprobleme sei die Wissenschaft in einer prekären Lage, warnte Zeilinger im Vorfeld der ÖAW-Jahresfeier am Freitag im Gespräch mit der APA.**

Mit Blick auf die Bundespräsidentenwahl am Sonntag, bei der das Staatsoberhaupt traditionell die Schirmherrschaft über die Akademie übernimmt, vermied Zeilinger eine Wahlempfehlung. Er betonte jedoch, der neue Amtsinhaber müsse den internationalen Charakter von Wissenschaft verinnerlichen und die heimische Forschung vor allem bei europäischen Projekten tatkräftig unterstützen. 

Dringenden Handlungsbedarf sieht Zeilinger zudem beim Wissenschaftsfonds FWF, der seit Jahren unter Geldnot leidet. Erst kürzlich hatte die Junge Kurie der Akademie wegen dieser Finanzkrise vor einem Bedeutungsverlust des Forschungsstandorts Österreich gewarnt. Diese Signale müssten von der Politik endlich ernst genommen werden, forderte Zeilinger, besonders um dem Nachwuchs Perspektiven für die Umsetzung eigener Ideen zu geben. Zwar habe er Verständnis für höhere Ausgaben im Bereich der inneren Sicherheit, es sei ihm jedoch unverständlich, warum diese Mittelaufstockung nicht auch für die Wissenschaft erfolgt sei. „Damit sichern wir uns zwar gut ab, wissen aber bald nicht mehr, was wir eigentlich noch verteidigen sollen“, kritisierte der ÖAW-Chef und verwies auf eine spürbar schwindende Geduld innerhalb der Forschergemeinschaft.

**Interne Reformen erfolgreich abgeschlossen**
Erfreulich verliefen laut Zeilinger hingegen die langjährigen Verhandlungen zur ÖAW-Reform, die nun in kollegialer Atmosphäre beendet werden konnten. Dank neuer Satzungen und Geschäftsordnungen ist die geordnete Trennung von Gelehrtengesellschaft und Forschungsträger nun weitgehend vollzogen. Den organisatorischen Zusammenhalt garantieren künftig der Akademie-Präsident sowie die beiden Fachklassen, die sich künftig rein auf die wissenschaftliche Arbeit konzentrieren und von administrativen Aufgaben entlastet werden. 

Auch der Akademierat dient als Brücke, wobei hier künftig strikte Trennung herrscht: Beschäftigte von ÖAW-Instituten sind von dem Gremium ausgeschlossen. Das aus zwölf internen und vier externen Experten bestehende Gremium ist nicht der Gelehrtengesellschaft rechenschaftspflichtig. Eine tiefgreifendere Entflechtung sei nicht sinnvoll, so Zeilinger. Gescheitert ist das Präsidium hingegen mit dem Plan, die bisherigen Kategorien der wirklichen und korrespondierenden Mitglieder zugunsten einer einheitlichen Mitgliedschaft zusammenzulegen: Zwar stimmte eine einfache Mehrheit zu, die erforderliche Zwei-Drittel-Mehrheit wurde jedoch verfehlt. Dies müsse man demokratisch akzeptieren, so Zeilinger.

Weitere Neuerungen umfassen die Umbenennung der Jungen Kurie in „Junge Akademie“, strengere Regeln zur Vermeidung von Interessenskonflikten nach dem Public Corporate Governance Kodex sowie erweiterte Kontrollbefugnisse für den Finanzvorstand. 

**Fokus auf Internationalisierung und Zukunftsfragen**
„Das Kapitel ist damit abgeschlossen, nun können wir uns voll unseren eigentlichen Aufgaben widmen“, zog Zeilinger Bilanz. Dazu gehört insbesondere die vor rund drei Jahren eingeleitete Internationalisierung der Akademie, die zuletzt etwa durch eine Kooperation mit Kuba untermauert wurde. 

Zudem will Zeilinger die ÖAW noch stärker als bisher als Beraterin in aktuellen gesellschaftlichen Fragen positionieren und den Dialog mit der Politik intensivieren. Noch in diesem Jahr sollen zwei in diesem Kontext erarbeitete Studien zu den Schwerpunkten „Digitaler Stillstand“ und „Mobilität“ präsentiert werden.",de,gemini
"Hier ist eine umformulierte Version im natürlichen Nachrichtenstil, die in Länge und Inhalt dem Original entspricht:

**Razzien in mehreren Ländern: Rund 60 Festnahmen bei internationalem Schlag gegen Kinderpornografie**

Mexiko-Stadt – Ermittler haben in einer großangelegten, länderübergreifenden Operation mindestens 60 mutmaßliche Täter im Bereich der Kinderpornografie gefasst. Wie die mexikanische Sicherheitskommission CNS am Sonntag bekannt gab, wird der Gruppe vorgeworfen, verbotenes Material über das Internet verbreitet zu haben. Im Zuge koordinierter Razzien in zwölf Ländern konnten zudem vier betroffene Minderjährige in Sicherheit gebracht werden, darunter drei Mädchen im Alter von neun, 14 und 15 Jahren in Mexiko. An dem Großeinsatz, der maßgeblich von US-Behörden wie dem FBI sowie südamerikanischen Einheiten gesteuert wurde, waren Durchsuchungen in Spanien, den USA, Mexiko und zehn weiteren Staaten in Lateinamerika beteiligt.",de,gemini
"Hier ist eine überarbeitete Version im typischen Nachrichtenstil:

**Wirtschaftskammer fordert mehr Arbeitsanreize und Realismus**

Wien – Trotz rund 376.500 Arbeitslosen Ende Juli in Österreich gäbe es laut dem damaligen Wirtschaftskammer-Präsidenten Christoph Leitl genügend Jobs. In einem Interview mit dem „Volksblatt“ zeigte er sich überzeugt, dass prinzipielle Jede und Jeder Arbeit finden könne – wenn auch nicht immer im Traumberuf oder direkt in der Heimatregion. 

Kritisch äußerte sich Leitl vor allem zur Mindestsicherung: Es störe ihn massiv, dass Bezieherinnen und Bezieher durch staatliche Unterstützung und Zusatzleistungen oft auf ein Nettoeinkommen kommen, das einem Bruttolohn von 1.700 Euro kaum nachsteht. Dies nehme den Menschen den Anreiz, eine Beschäftigung aufzunehmen. Mit Blick auf die heimische Wirtschaft betonte Leitl zudem, Österreich müsse seine Komfortzone bei Lohn- und Produktionskosten verlassen, um im globalen Wettbewerb gegen die starke Konkurrenz aus Asien und Amerika bestehen zu können.",de,gemini
"Opposition activists have shut down numerous towns and cities across Bangladesh, staging strikes that bring daily life to a standstill just one day after a political rally was rocked by explosions that killed 18 people.",en,gpt_oss_groq
"Washington’s head coach Joe Gibbs says the team will keep its roster largely intact this offseason, emphasizing a desire to build a steady, consistent culture in the capital.",en,gpt_oss_groq
"Will Putin’s consolidation of power boost safety in Russia? At first glance, the nation looks much the same as it did in the aftermath of the wave of terrorist attacks that culminated in",en,gpt_oss_groq
,en,gpt_oss_groq
"South Africa’s public broadcaster SABC has apologized after a news bulletin aired footage of an American soldier being beheaded in Iraq, drawing criticism for showing the graphic material.",en,gpt_oss_groq
"**A Cosmic Tempest: The Clash of Galaxy Clusters**  
Astronomers say they’ve uncovered a “perfect cosmic storm” – a colossal collision of galaxy clusters that unleashes an energy surge rivaling everything in the universe except the Big Bang itself.",en,gpt_oss_groq
"Western nations give Iran a final warning to halt uranium enrichment

Four Western governments announced yesterday that they will confront Iran unless it immediately suspends its uranium enrichment programme, setting a clear deadline for compliance.",en,gpt_oss_groq
Computer Associates International Inc. unveiled a restructuring program on Wednesday that will trim its global staff by about 800 positions. The cuts are projected to lower the company’s operating costs by roughly $70 million a year once the plan is fully in place.,en,gpt_oss_groq
,en,gpt_oss_groq
"**Economy gains momentum in KC Fed region**  
The Federal Reserve Bank of Kansas City reported Wednesday that economic activity kept rising through September and into early October across the Great Plains and Rocky Mountain states that make up its Tenth District.",en,gpt_oss_groq
"Dikembe Mutombo, 38, confirmed he’s headed to the Houston Rockets in a sign‑and‑trade that will send him from the Chicago Bulls. In return, Houston",en,gpt_oss_groq
"**RBC Centura’s chief executive resigns; new leader will operate from Raleigh**  

The CEO of RBC Centura Bank has announced his departure. The incoming head will move the bank’s headquarters operations to Raleigh, shifting the primary base of activity away from the current Rocky Mount location.",en,gpt_oss_groq
Infoworld says the launch of a pro,en,gpt_oss_groq
,en,gpt_oss_groq
"Oracle’s takeover of PeopleSoft ignites a surge of transactions. NEW YORK (CBS.MW) — U.S. equities finished the day on the upside on Monday, with the Dow Jones Industrial Average climbing to its highest point in over nine months, buoyed by stronger‑than‑expected economic figures and upbeat sentiment surrounding recent mergers.",en,gpt_oss_groq
"Matt Emmons found himself in the wrong arena in Athens, concentrating on keeping his nerves steady instead of zeroing in on the proper mark. The misdirected focus cost him the shot he needed.",en,gpt_oss_groq
"**Mularkey Defends Bledsoe Amid Calls for Losman Takeover**

Buffalo – Head coach Mike Mularkey has pushed back against the growing chorus urging rookie quarterback J.P. Losman to supplant Drew Bledsoe as the Bills’ starter. Mularkey made it clear that Bledsoe remains the team's leader under center for now, signaling that any change won’t happen in the immediate future.",en,gpt_oss_groq
"BRUSSELS – A European Commission spokesperson said on Monday that Greece’s place in the eurozone remains secure, even after a thorough audit uncovered problems in the country’s budget figures spanning the past five years.",en,gpt_oss_groq
,en,gpt_oss_groq
"**U.S. to Tighten Grip on Counterfeit Trade**

WASHINGTON (Reuters) – U.S. officials say the government is moving to curb the booming market for fake and pirated products, a trade that drains hundreds of billions of dollars from American companies each year. The initiative, announced Monday by both government and industry leaders, aims to strengthen enforcement and protect U.S. businesses from the financial damage caused by counterfeit goods.",en,gpt_oss_groq
"Cisco is pushing its switch lineup toward the small‑business market, offering solutions that simplify network management and lower the total cost of running a Cisco‑based infrastructure.",en,gpt_oss_groq
"**Icahn steps up fight against Mylan’s King takeover**

PITTSBURGH — Carl Icahn, Mylan Laboratories’ biggest shareholder, is escalating his campaign to block the generic drug maker’s $4 billion bid for King Pharmaceuticals. Icahn says he will push for the election of new directors who will halt the proposed acquisition.",en,gpt_oss_groq
"Quantum has moved to acquire Certance, a leading producer of LTO tape drives, despite having spent years touting the advantages of its own DLT format. The purchase brings the LTO rival under Quantum’s umbrella, signaling a shift in the company’s tape‑storage strategy.",en,gpt_oss_groq
"Conrad Black, the former media magnate, has announced legal action against the special committee of Hollinger International Inc. and additional parties, seeking C$1.1 billion (about $870 million). The lawsuit follows a report that alleged Black siphoned millions of dollars from the company.",en,gpt_oss_groq
"**Milosevic trial put on hold** – Proceedings against former Yugoslav leader Slobodan Milosević have been paused at the International Criminal Court in The Hague, giving his defense team additional time to ready their arguments.",en,gpt_oss_groq
"**Earthquake rattles Athens, spares major damage**  
ATHENS – A tremor hit the Greek capital on Tuesday, sending vibrations through the city’s Olympic sites. The Athens Geodynamic Institute confirmed the seismic event, but officials have yet to release details on its magnitude or exact epicentre. No significant injuries or structural harm have been reported so far.",en,gpt_oss_groq
"The Bush‑Cheney re‑election campaign has blocked access to its website for anyone outside the United States after a cyber‑attack knocked the site offline for six hours last week, security analysts said.",en,gpt_oss_groq
**Merger may reshape Nextel Partners** – The slated $35 billion merger between Sprint Corp. and Nextel Communications could bring about significant changes for Kirkland‑based Nextel Partners Inc.,en,gpt_oss_groq
"**Texans Look for Next Test After Breaking Streak**

Following their first back‑to‑back victories, Houston’s defense is eager for a tougher opponent. “I saw this coming,” head coach Dom Capers chuckled.",en,gpt_oss_groq
"The North Carolina Tar Heels have taken a different tack this season, with Rashad McCants saying he’s moving beyond last year’s disappointment at Kentucky. Coach Jawad Williams echoed that sentiment, insisting the previous campaign belongs in the past, while senior forward Sean May admitted he’s more focused on his upcoming game than on the Tar Heels’ 39‑point loss to Kentucky at Rupp Arena on Jan. 3.",en,gpt_oss_groq
,de,gpt_oss_groq
"**Salzburg – Die Porsche Holding blickt auf ein erfolgreiches Jahr 2015 zurück, während 2016 von Aufräum‑ und Umstrukturierungsarbeiten geprägt sein wird.**  

Der Sprecher der größten VW‑Vertriebskette Europas, Alain Favey, betont, dass das vergangene Geschäftsjahr für das Unternehmen sehr gut verlaufen sei. Besonders die Entwicklungen in Zentral‑ und Südosteuropa seien positiv, während das österreichische Geschäft auf einem konstant hohen Niveau geblieben sei. Ein neuer Rekord wie im Jahr 2011 sei allerdings nicht in Sicht, erklärt Favey. Dennoch sei man zufrieden damit, dass der Marktanteil in Österreich mit rund 300 000 verkauften Fahrzeugen weiterhin bei etwa 35 % liege.

Die konkreten Zahlen der Porsche‑Verkäufe nennt Favey nicht, doch er versichert, dass die Händler mit einem kräftigen Plus von 22 % rechnen können. Für das laufende Jahr werden voraussichtlich 1.235 neue Porsche‑Zulassungen erwartet. „Wir haben vier",de,gpt_oss_groq
"**Politikwissenschaftler Lok Raj Baral kritisiert das politische Establishment für den zögerlichen Wiederaufbau nach dem Erdbeben.**  
Er wirft den Politikern vor, dass sie sich nicht einigen können, weil sie jeweils eigene Interessen verfolgen.

**Standard:** Der Westen legt Nepals Regierung die Schuld am schleppenden Wiederaufbau zu. Ist das gerechtfertigt?  
**Baral:** Auch wir hier spüren das gleiche Frust. Ein Jahr ist vergangen und kaum etwas hat sich bewegt. Die Staatsführung hat nicht einmal einen Koordinator für den Wiederaufbau bestimmen können.

**Standard:** Warum steckt das Ganze fest?  
**Baral:** Die Parteien sind in internen Machtkämpfen verstrickt, die Regierung kümmert sich mehr um ihr eigenes Überleben, und es herrscht ein bürokratisches Chaos. Zudem verfolgen viele Politiker persönliche Ziele, die dem Wiederaufbau nicht zugutekommen.

**Standard:** Hat die neue Verfassung mehr Gerechtigkeit gebracht?  
**Baral:** Es gibt nach wie vor Beschwerden, vor allem von den",de,gpt_oss_groq
"**UN‑Flüchtlingshilfe: Zu spät, zu wenig – und immer noch chronisch unterfinanziert**

Die UN‑Flüchtlingsorganisation (UNHCR) wird immer wieder dafür kritisiert, in der europäischen Flüchtlingskrise zu spät zu reagieren – obwohl die Aufgabe eigentlich nicht zu ihrem Kernmandat gehört. Ein Beispiel dafür liefert der 27‑jährige Josef Hofer aus Salzburg. Der behindertenpädagogische Betreuer, der zu den ersten Helfern der damals noch hochgelobten österreichischen Willkommenskultur gehörte, reiste im Herbst 2015 freiwillig nach Budapest, um Menschen aus dem Balkan nach Österreich zu bringen. Als er von den Zuständen im ungarischen Grenzdorf Röszke erfuhr – dort waren im September mehrere tausend Schutzsuchende unter prekären Bedingungen von den Behörden festgehalten – packte er mit anderen Freiwilligen sofort an, weil die großen Hilfsorganisationen wie Rotes Kreuz, Ärzte ohne Grenzen oder das UNHCR erst sehr spät eintrafen.

„Wir wollten ein Treffen mit dem UN‑Flüchtlingshochkommissariat organisieren, um besser zu koordinieren“, erzählt Hofer. Die zust",de,gpt_oss_groq
"**Christian Hölbling überrascht mit „Ich kann auch anders“ – Kabarett mit scharfem Sozial‑ und Raum‑Blick**

Wien – „I bin a Ölien, i bin a echter Ölien, i bin a Steirer aus Völkermarkt“ – so beginnt der neue Kabarettabend von Christian Hölbling, in dem er das klassische Humorprinzip nutzt: Ein Mensch verhält sich in einer Situation unpassend, sein Auftreten passt nicht ins Umfeld. Hölbling kennt diese Diskrepanz und setzt sie gekonnt ein.

In seinem aktuellen Programm „Ich kann auch anders“ beleuchtet der Kabarettist humorvoll die sozialen und geografischen Fehlplatzierungen, die er selbst erlebt hat. Dabei verknüpft er persönliche Anekdoten mit allgemeineren Beobachtungen. So kennt er den New‑York‑Sting‑Fan nicht als Fremden, sondern als „Ölien“, also als in der Steiermark Aufgewachsenen, der jetzt in Kärnten lebt. Auf der Bühne wirft er die Frage auf, ob er – wie er im Café Niedermair scherzhaft ankünd",de,gpt_oss_groq
"**Allianz startet mit Handy‑Versicherung und eigenem Mobilfunktarif**

Ab 14,90 € im Monat erhalten Kunden nicht nur einen Mobilfunk‑Plan, sondern gleichzeitig eine Versicherung für ihr Smartphone. An vorderster Front steht dabei der ehemalige Telekom‑Chef Michael Krammer, der gemeinsam mit der Allianz den neuen Marktauftritt „Allianz SIMvor“ präsentiert.

Die Versicherung richtet sich an alle Geräte – sogar an Gebrauchte – und deckt Schäden durch Fehlbedienung, Bruch, Wasser, Vandalismus und mutwillige Zerstörung durch Dritte ab. Bei Teilschäden wird ab einem Selbstbehalt von 60 € die Reparatur in den ersten beiden Jahren zu 100 % und im dritten Jahr zu 80 % übernommen. Bei Totalschäden erfolgt eine Entschädigung von 50 % (bis zwei Jahre) bzw. 40 % (ab dem dritten Jahr). Das defekte Gerät wird abgeholt, repariert und innerhalb von sieben Werktagen wieder zurückgebracht – die Reparatur übernimmt eine Schwesterfirma der Allianz.

Smartphones und Tablets können zudem als reine Versicherungsprodukte für ",de,gpt_oss_groq
"**Zwei‑Drittel der Stimmen ausgewertet – NLD bleibt klar vorne**  
*Naypyidaw* – Nach Auszählung von etwa 66 % der gültigen Stimmen liegt die Nationale Liga für Demokratie (NLD) von Friedensnobelpreisträgerin Aung San Suu Kyi (70) nach der Parlamentswahl in Myanmar unangefochten an der Spitze. Für eine absolute Mehrheit in beiden Kammern fehlen ihr jedoch noch 38 Sitze.

Insgesamt stehen 130 Mandate noch offen, weil die Wahlkommission die übrigen Stimmen noch nicht vollständig erfasst hat. Präsident Barack Obama gratulierte dem burmesischen Staatschef in einem Telefonat zu einer weitgehend friedlichen und geordneten Wahl. Auch Bundesaußenminister Frank‑Walter Steinmeier äußerte sich positiv: „Es ist ein ermutigendes Zeichen, dass die bisherige Regierungspartei und das Militär das Ergebnis akzeptieren“, sagte er. Die Glückwünsche des amtierenden Präsidenten Thein Sein an die Sieger wurden von Steinmeier ausdrücklich gelobt.

Bei den",de,gpt_oss_groq
"**Graz –** Die Menschenrechtsorganisation SOS Mitmensch hat der Staatsanwaltschaft Graz eine detaillierte Schilderung des umstrittenen Kommentars des Steirerkrone‑Chefredaktionsleiters Christoph Biró vorgelegt. Darin wird Biró zufolge von Plünderungen, sexuellen Übergriffen und Vandalismus durch Flüchtlinge die Rede – Behauptungen, die vor allem in den sozialen Netzwerken seit geraumer Zeit kursieren und bereits mehrfach widerlegt wurden. SOS Mitmensch prüft nun, ob die Äußerungen den Tatbeständen von Volksverhetzung bzw. der vorsätzlichen Verbreitung falscher, alarmierender Gerüchte nach dem Strafgesetzbuch entsprechen. Alexander Pollak, Sprecher der NGO, betont, dass für keine der genannten Anschuldigungen bislang ein Beweis vorliegt und Biró damit Angst und Misstrauen gegenüber Schutzsuchenden geschürt habe. In einem offenen Schreiben fordert die steirische Landtagsabgeordnete der Grünen, Sabine Jungwirth, von dem Chefredakteur die Offenlegung seiner Quellen für die Aussagen in der Sonntagsausgabe. Biró solle",de,gpt_oss_groq
"**Drei Österreicher in der Champions League – Alaba im Titelrennen, Astana, Gladbach und Gent als Frischlinge**

Wien – Die neue Saison der Champions League startet am Dienstagabend mit den bekannten Favoriten, die erneut um den begehrten europäischen Pokal kämpfen. Barcelona will als erster Verein in der Geschichte der Königsklasse im Mai 2016 im San Siro das Titelverteidigungstreffen gegen die Finalisten von 2015 bestreiten – ein Ziel, das ebenso die Bayern wie Real Madrid anstreben.

Für Österreich stehen in dieser Saison drei Exilspieler im Rampenlicht. Aleksandar Dragović (Dynamo Kiew) und der derzeit verletzte Martin Stranzl (Borussia Mönchengladbach) versuchen, ihren Clubs zu guten Ergebnissen zu verhelfen, während David Alaba beim FC Bayern die Messlatte deutlich höher legt. Die Bayern gelten als einer der stärksten Herausforderer des spanischen Giganten, gefolgt von Rafael Bení",de,gpt_oss_groq
"**Glock eröffnet in Kärnten ein exklusives Pferdesportparadies – Promis, Milliardäre und Reitstars treffen sich halbjährlich zum Show‑Jumping**

Der 86‑jährige Unternehmer Gaston Glock senior hat seiner viel jüngeren Ehefrau Kathrin in Kärnten ein Reitsportzentrum von beachtlichem Format übergeben. Das Glock Horse Performance Center (GHPC) gilt als einer der aufwendigsten Veranstaltungsorte im europäischen Pferdesport: zweimal im Jahr versammeln sich hier internationale Reitstars, Filmstars und Milliardäre, während Musikgrößen wie Robbie Williams oder Cher das Publikum auf der Bühne begeistern.

**Ein roter Teppich für Pferde und Menschen**

Das GHPC hat nicht nur für die Vier‑ und Zweibeiner einen besonderen Auftritt. Der 232‑Pferdestarke Spring‑Turnierbetrieb legt sämtliche Wege – von den Boxen über den Arbeits",de,gpt_oss_groq
"**Levi, Jeongseon und Wien – Slaloms wegen Schneemangel abgesagt**

Die geplanten Slalom‑Wettkämpfe für Damen und Herren in Levi, Jeongseon und Wien müssen dieses Jahr ausfallen. Ähnlich wie bereits 2007 und 2011 fehlt in Levi wieder genug Schnee, um die Rennen sicher abhalten zu können. Selbst in Lappland ist das Wetter ungewöhnlich warm, sodass die wenigen künstlich aufgebrachten Schneehaufen nicht ausreichen, um das Rennen zu starten.

Renndirektor Markus Waldner erklärte gegenüber der APA, dass sich die Vorhersagen drastisch geändert hätten: Während das offizielle Wettermodell Minus‑3 °C ausgemacht hatte, lagen am Hang tatsächlich rund +3 °C. Unter diesen Bedingungen wäre ein Rennen weder für die Athleten noch für die Zuschauer oder das Resort vertretbar",de,gpt_oss_groq
"**Oxfam kritisiert mangelnde Unterstützung für syrische Flüchtlinge und fordert mehr Umsiedlungen**  
*Berlin/Wien –* Die Entwicklungs- und Nothilfeinrichtung Oxfam hat am Dienstag die internationale Hilfspolitik für Flüchtlinge aus Syrien – sowohl im Land selbst als auch in den Nachbarstaaten – als völlig unzureichend bezeichnet. In ihrem aktuellen Report „Solidarity with Syrians“ wird die Hilfe als oberflächlich und nicht ernsthaft genug beschrieben.  

Die Organisation hat geprüft, wie stark Industrieländer bei finanziellen Zuschüssen und Aufnahmeplätzen für Schutzsuchende mitwirken und wie sehr sie sich für ein Ende des syrischen Krieges einsetzen. Das Ergebnis: Die bereitgestellten Mittel reichen nicht aus, um den Betroffenen ein würdevolles und sicheres Leben zu ermöglichen. Viele der zugesagten Resettlement-Programme wurden von den Staaten bisher kaum umgesetzt – bislang haben nur rund 17 000 Menschen über diesen Weg eine sichere Zuflucht gefunden.  

Oxfam fordert, dass bis Ende 2016 mindestens zehn Prozent der in den Nachbarländern lebenden syrischen Flüchtlinge",de,gpt_oss_groq
"**Luxemburg: Kein Ausländerwahlrecht – die Bürger sprechen deutlich Nein**

In Luxemburg hat ein Referendum gezeigt, dass die Bevölkerung das vorgeschlagene Wahlrecht für Ausländer bei nationalen Parlamentswahlen konsequent ablehnt. Mit rund 78 % der Stimmen stimmten die Wähler am Sonntag gegen den Regierungsplan von Premierminister Xavier Bettel, der das Stimmrecht für Personen mit längerem Wohnsitz in Luxemburg einführen wollte. Damit bleibt das Wahlrecht weiterhin ausschließlich luxemburgischen Staatsbürgern vorbehalten – ein Ergebnis, das auch für die übrigen EU‑Mitgliedstaaten keine Änderung bedeutet.

Auch andere Vorhaben der Koalition scheiterten: Fast 81 % der Abstimmenden sprachen sich gegen die Herabsetzung des Wahlalters von 18 auf 16 Jahre aus, und lediglich etwa ein Drittel befürwortete die Begrenzung der Amtszeit von Ministern auf zehn Jahre. Bettel erklärte nach der",de,gpt_oss_groq
"**Wirtschaftskrise in Griechenland verschärft sich – politisches Ringen als Hauptgrund**

Athen – Die griechische Wirtschaft schrumpft stärker als bisher angenommen. Laut den neuesten Zahlen der EU-Statistikbehörde Eurostat sank die Wirtschaftsleistung im dritten Quartal um 0,9 % gegenüber dem Vorquartal. Noch im November hatten die Eurostat‑Analysten auf Basis vorläufiger Schätzungen lediglich einen Rückgang von 0,5 % des Bruttoinlandsprodukts (BIP) prognostiziert. Im zweiten Quartal war sogar ein leichtes Wachstum von 0,3 % im Vergleich zum Vorquartal verzeichnet worden, während das Jahresbeginn‑BIP unverändert blieb.

Das dritte Quartal ist für Griechenland traditionell ein bedeutender Indikator, weil hier die Zahlen aus der Haupttouristensaison einfließen. Zum Vergleich: Im gleichen Zeitraum 2014 legte die Wirtschaft noch um 0,8 % zu. Die aktuelle Kontraktion lässt sich vor allem auf das anhaltende politische Tauziehen zurückführen. In den Frühlingsmonaten geriet die neue Koalitionsregierung",de,gpt_oss_groq
"Etwa 800 000 Fälle von manipulierten CO₂‑Werten sind bislang aufgedeckt worden. Besonders betroffen ist der Volkswagen‑Konzern, bei dem vor allem Neuwagen mit falschen Emissionsangaben versehen wurden. Von den insgesamt bekannten Manipulationen stammen über die Hälfte – rund 430 000 Fahrzeuge – aus dem Modelljahr 2016, von denen einige bereits bei den Händlern stehen, wie VW am späten Freitagabend aus Wolfsburg mitteilte. Zusätzlich prüft das Unternehmen, ob auch ältere Modelle mit zu niedrig angegebenen CO₂‑Werten unterwegs sind. Betroffene Kunden können auf www.volkswagen.de/info prüfen, ob ihr Fahrzeug zu den betroffenen Modellen zählt.

Während der Skandal um manipulierte Stickoxid‑Werte bei Diesel‑Modellen weiter für Aufsehen sorgt, blieb der Absatz der VW‑Kernmarke schwach. Im Oktober verkaufte der Konzern weltweit 490 000 Fahrzeuge, das entspricht einem Rückgang von 5,3 % gegenüber dem Vorjahr. Der neue Markenchef Herbert Diess betonte jedoch in einem Doppelinterview mit Betriebsratschef Bernd Osterloh, dass er derzeit keine Gefahr für Arbeitsplätze in",de,gpt_oss_groq
"**Marie Rötzer (47) übernimmt die künstlerische Leitung des Landestheaters Niederösterreich**  
Sankt Pölten – Die bisherige persönliche Referentin des Thalia‑Theater‑Intendanten in Hamburg, Marie Rötzer, ist zur neuen künstlerischen Leiterin des Landestheaters Niederösterreich ernannt worden. Sie löst damit Bettina Hering ab,",de,gpt_oss_groq
,de,gpt_oss_groq
"**Wien – Die fünfstündige Inszenierung „Kings of War“ von Ivo van Hove und der Toneelgroep Amsterdam verkehrt die Festwochen im Museumsquartier in einen königlichen Kriegsschauplatz.**  

Auf einer lichtdurchfluteten Wand im Hallenkomplex E entsteht ein provisorischer „War‑Room“, den Bühnenbildner Jan Versweyveld als Anspielung auf Winston Churchills Bunker entwarf. Das 20. Jahrhundert dient dabei als Metapher für die blutigen Auseinandersetzungen zwischen den englischen Dynastien Lancaster und York.  

Van Hove greift Shakespeares Königsdramen – Henry V., Henry VI. und Richard III – und lässt sie in ein makelloses Niederländisch übersetzen, das von Autor Rob Klinkenberg stammt. Das Ergebnis ist eine moderne, fast filmische Darstellung, in der die historischen Figuren in einer Mischung aus Theater, Installation und Dokumentation auftreten.  

Im Zentrum steht Henry V. (gespielt von Ramsey Nasr), der als charismatischer Kriegsheld glänzt, jedoch im",de,gpt_oss_groq
"**Rubel stabilisiert sich – steigende Ölpreise stärken russische Wirtschaft**

Moskau – Laut Einschätzung der Weltbank haben sich die konjunkturellen Aussichten für Russland wieder verbessert. Die Institution geht nun davon aus, dass das Bruttoinlandsprodukt im laufenden Jahr nur noch um 2,7 % schrumpft, statt der zuvor erwarteten 3,8 %‑Verluste. Ein wichtiger Grund dafür sei die Erholung des Rubelkurses, unterstützt durch den jüngsten Anstieg der Rohölpreise nach einer langen Phase sinkender Werte. Da rund vier Zehntel der Staatseinnahmen aus Ölexporten stammen, wirkt sich die Preissteigerung positiv auf die öffentlichen Finanzen aus.

Zudem weisen die Weltbank‑Analysten auf eine abgekühlte Inflation hin, die die Wirtschaftslage entlastet. Trotzdem bleibt das Land weiterhin von den westlichen Sanktionen, die im Zuge der Ukraine‑Krise verhängt wurden, belastet. Das russische Wirtschaftsministerium erwartet ein ähnliches Schrumpfen des BIP von etwa 2,8 % für dieses Jahr.

Die Mehrzahl der Ökonomen sieht jedoch",de,gpt_oss_groq
"Nur Kärnten und Tirol schneiden noch schlechter ab. In allen Bundesländern außer Niederösterreich und Salzburg wird die gesetzlich festgelegte Quote für unbegleitete minderjährige Flüchtlinge (UMF) derzeit nicht erreicht. Im Erstaufnahmeeinrichtung Traiskirchen wohnen nach wie vor mehr als 1.000 jugendliche Asylsuchende. In Vorarlberg fehlen demnach 113 Plätze, sodass die Quote dort lediglich rund 60 % beträgt, wie die Montagsausgabe der Vorarlberger Nachrichten berichtet. Nur Kärnten (etwa 51 %) und Tirol (etwa 56 %) liegen noch weiter zurück. Salzburg schafft die Quote nur dank einer Unterbringung von rund 200 Jugendlichen in einer Kasernenanlage, was der Vorarlberger Kinder‑ und Jugendanwalt Michael Rauch kritisch anmerkt. Rauch wirft auch der Vorarlberger Landesregierung vor, sich in den Medien stets als „Quotenerfüller“ zu inszenieren, obwohl das Bundesland bei den UMF nur 60 ",de,gpt_oss_groq
"**Ausblick auf strategische Ziele: Vorstand wird halbiert, Strukturreform bis Q1 2017** – Wien – Der Versicherungsriese Uniqa kündigte eine tiefgreifende Umstrukturierung an. Alle in‑ländischen operativen Versicherungsunternehmen sollen zu einem einzigen Unternehmen zusammengeführt werden. Durch den Zusammenschluss reduziert sich die Vorstandsgröße von 22 auf zehn Personen. „Damit passen wir uns den zukünftigen strategischen Anforderungen und Herausforderungen an“, erklärte die Uniqa Group am Mittwochabend.

Konkret sieht der Plan vor, dass die Raiffeisen Versicherung AG, die Salzburger Landes‑Versicherung AG und die FinanceLife Lebensversicherung AG bis spätestens zum ersten Quartal 2017 mit der Uniqa Österreich Versicherungen AG verschmolzen werden. Die übergeordnete Holding, die an der Börse notierte Uniqa Insurance Group AG, wird künftig nur noch drei statt fünf Vorstandsmitglieder benötigen.

Die neue Konzernstruktur steht noch unter dem Vorbehalt der behördlichen Genehmigungen. Ab dem 1. Juni 2016 bilden folgende Personen den Vorstand der Uniqa Insurance Group AG: CEO Andreas Brandstetter",de,gpt_oss_groq
"**Astronomische Tages‑ und Nacht­berichte – März 2024**

Am 23. März erstrahlt ein Vollmond über dem Sternbild Jungfrau, während Jupiter im Löwen leuchtet. Die Tage werden merklich länger: Am 1. März beträgt die Tageslichtdauer 11 Stunden 4 Minuten, bis zum 31. März steigt sie auf 12 Stunden 50 Minuten. Die Dämmerung nach Sonnenuntergang dauert bis zu einer Sonnen‑Tiefe von 12 Grad etwa 1 Stunde 8 Minuten.

Die Sonne durchläuft am 20. März um 5 Uhr 30 morgen das Sternbild Widder, was gleichzeitig die Frühlings‑Tagundnachtgleiche markiert. Zwei Tage später, am 2., befindet sich der Mond im letzten Viertel im Sternbild Schlangenträger neben Saturn. Am 7. März lässt sich die schmale Altlicht‑Sichel tief in der Morgendämmerung über dem Ost‑Süd‑",de,gpt_oss_groq
"Die britischen Behörden haben ihre verdeckte Operation gegen den flüchtigen Gründer von WikiLeaks verstärkt. Laut einer Mitteilung von Scotland Yard steht die Polizei nicht mehr rund um die Uhr vor der ecuadorianischen Botschaft in London, in der Julian Assange seit Juni 2012 Zuflucht gefunden hat. Stattdessen soll die verdeckte Ermittlungsarbeit ausgebaut werden, weil eine permanente Präsenz nicht mehr als angemessen gilt. Der 44‑jährige Assange, gegen den in Schweden wegen mutmaßlicher sexueller Übergriffe Haftbefehl vorliegt, bestreitet die Vorwürfe und fürchtet eine Auslieferung an die USA wegen der Publikationen seiner Plattform. Die durchgehende Bewachung habe die britischen Steuerzahler nach Schätzungen mit rund 16 Millionen Euro belastet.",de,gpt_oss_groq
"**Seniorenbund‑Chef Khol lobt Steuerpaket, bemängelt fehlende Gespräche mit Kanzler**

Wien – Der Vorsitzende des ÖVP‑Seniorenbundes, Andreas Khol, sieht die Regierungsbilanz des ersten Halbjahres zwar insgesamt besser als erwartet, kritisiert jedoch das Fehlen entscheidender Reformen im Renten‑, Gesundheits‑ und Pflegebereich. Besonders ärgerlich finde er die „Gesprächsverweigerung“ von Bundeskanzler Werner Faymann (SPÖ) im Zusammenhang mit der jüngsten Steuerreform.

Bei einer Pressekonferenz am Dienstag betonte Khol, dass die neue Steuerregelung ein wichtiger Schritt sei und die Regierung damit „eine solide Bilanz“ vorweisen könne. Dennoch blieben einige Anliegen der Seniorinnen und Senioren unerfüllt. So seien etwa 230 000 Bezieherinnen und Bezieher von Ausgleichszulagen von der geplanten Negativsteuer für Pensionist*innen ausgenommen,",de,gpt_oss_groq
"**Satire – alles erlaubt, meint Spiegel‑Chefredakteur Klaus Brinkbäumer**  
*Er verteidigt Jan Böhmermann, kritisiert Merkel und spricht über das neue Bezahlsystem des Spiegels.*

*Wien* – Am Donnerstag hält Klaus Brinkbäumer, Chefredakteur des „Spiegel“, im Rahmen der Journalismustage in Wien eine Rede. Vorab beantwortete er dem STANDARD per E‑Mail Fragen zu den geplanten Änderungen bei Spiegel Online, zum geleakten Innovationsbericht und zu seiner Auffassung von Satire.

**Bezahlte Inhalte: Warum und wann?**  
Der Spiegel habe in den vergangenen 20 Jahren rund 70 % seiner Anzeigen verloren. „Wir sind bereits digital stark“, erklärt Brinkbäumer. Mit rund 50 000 verkauften digitalen Hefte und einem profitablen Online‑Geschäft sei das Fundament gelegt. Jetzt wolle man besonders hochwertige Beiträge noch gezielter digital vermarkten. Die Tests für die Bezahlschranke beginnen in den nächsten Wochen; ein genauer Starttermin werde erst nach erfolgreichen Durch",de,gpt_oss_groq
,de,gpt_oss_groq
"**Dell will EMC übernehmen, um im Speicher‑ und Cloud‑Markt mit HP und Co mitzuhalten**  
*New York – Der US‑Technologiekonzern Dell plant, den Speicher‑ und Datenmanagement‑Konzern EMC zu kaufen, um sein Portfolio zu ergänzen und stärker gegen Wettbewerber wie Hewlett‑Packard anzutreten.*

Für die EMC‑Aktionäre sieht das Angebot einen Bar‑Zahlungsanteil von 24,05 Dollar pro Aktie plus ein Zertifikat, das den Wert der zu EMC gehörenden Virtualisierungs‑ und Cloud‑Plattform VMware widerspiegelt. Damit beläuft sich der Gesamtwert eines EMC‑Anteils auf rund 33,15 Dollar – ein Aufschlag von fast 20 % gegenüber dem Schlusskurs vom vergangenen Freitag.

Der Deal wurde bereits seit mehreren Tagen gemunkelt. Michael Dell hatte vor zwei Jahren sein Unternehmen mithilfe von Private‑Equity‑Investoren in einem 25‑Milliarden‑Dollar‑Deal von der Börse genommen. Jetzt soll er zusammen mit dem Finanzinvestor Silver Lake weitere 40 Milliarden Dollar von Banken aufnehmen, um die Transaktion zu finanzieren.",de,gpt_oss_groq
"**Präsident der Österreichischen Akademie der Wissenschaften fordert mehr Unterstützung aus der Politik**

Wien – Anton Zeilinger, Präsident der Österreichischen Akademie der Wissenschaften (ÖAW), warnt vor einer prekären Lage der Forschung und ruft den neu gewählten Bundespräsidenten zu starker Hilfe auf. „So kann es nicht weitergehen“, sagte Zeilinger am Freitag bei der traditionellen Jahresfeier der ÖAW, die von der APA berichtet wurde.

Der Bundespräsident ist gleichzeitig Schirmherr der Akademie, weshalb Zeilinger die anstehende Wahl am Sonntag aufmerksam verfolgt. Er selbst möchte jedoch keine Bewertung der Kandidaten abgeben. Stattdessen betont er, dass das Amt des Bundespräsidenten ein klares Verständnis dafür haben muss, dass Wissenschaft international vernetzt ist. „Wir benötigen vor allem Unterstützung bei europäischen Projekten“, erklärte Zeilinger.

Ein weiteres zentrales Anliegen des Akademie‑Präsidenten ist die finanzielle Situation des Fonds zur Förderung der Wissenschaft (FWF). Der Fonds kämpfe seit Jahren mit einem knappen Budget, was die Junge Kurie der ÖAW bereits als Gefahr für den Forschungsstandort Österreich bezeichnet hat. Zeilinger fordert die Politik auf, dem Nachwuchs reale",de,gpt_oss_groq
"Vier Kinder befreit – Große Razzia gegen Kinderpornografie in Amerika und Europa

Mexiko‑Stadt – Im Rahmen einer internationalen Operation gegen den weltweiten Kinderpornografiehandel wurden in Lateinamerika, den USA und Spanien rund 60 mutmaßliche Täter festgenommen, wie die mexikanische Sicherheitsbehörde CNS am Sonntag bekannt gab. Die Verdächtigen sollen über das Internet kinderpornografisches Material verbreitet haben. 

Gleichzeitig konnten bei den Durchsuchungen vier potenzielle Opfer gerettet werden, darunter drei Mädchen im Alter von neun, 14 und 15 Jahren in Mexiko. Die groß angelegte Aktion wurde von den Sicherheitsbehörden Südamerikas in Zusammenarbeit mit dem US‑FBI koordiniert. 

Im Zuge der Ermittlungen erfolgten Razzien in Spanien, den USA, Mexiko, Argentinien, Brasilien, Chile, Kolumbien, Costa Rica, Guatemala, Paraguay, Uruguay und Venezuela.",de,gpt_oss_groq
"Wirtschaftskammer‑Chef Christoph Leitl kritisiert, dass in Österreich ein Teil der Arbeitslosen fast genauso viel netto erhält wie Personen, die für 1.700 Euro brutto im Monat arbeiten. Laut Statistik waren Ende Juli rund 376.500 Menschen ohne Beschäftigung – ein Zustand, den Leitl für vermeidbar hält. In einem Gespräch mit dem Volksblatt bejahte er, dass grundsätzlich jeder, der arbeiten möchte, eine Stelle finden kann, wenn auch nicht unbedingt direkt vor der Haustür oder im gewünschten Beruf. Für die Mindestsicherung bemängelte er, dass der finanzielle Anreiz zum Jobwechsel kaum besteht: „Es ärgert mich, dass das Nettoeinkommen aus Mindestsicherung und Transferleistungen fast identisch ist mit dem aus einer 1.700‑Euro‑Bruttostelle.“ Darüber hinaus fordert er, dass Österreich seine Produktions‑ und Lohnstruktur aus der Komfortzone holt und sich den harten Wettbewerbsbedingungen gegenüberstellt, die von kosteng",de,gpt_oss_groq
