text,language,origin
"**Bangladesh hit by nationwide strikes** 
A wave of opposition-led protests has brought urban centers across Bangladesh to a standstill, following a deadly rally explosion the previous day that claimed 18 lives.",en,gemini
"Looking to build long-term consistency in the nation's capital, Washington head coach Joe Gibbs anticipates minimal roster shakeups this offseason as he focuses on establishing a steady culture for the franchise.",en,gemini
"**Does Putin’s Power Play Enhance Russian Security?** 

On the surface, Russia appears entirely unchanged following the devastating wave of terrorist attacks that reached its grim peak with the Beslan school massacre in September.",en,gemini
"Rock band U2 is stepping into the commercial spotlight. The famously reclusive Irish group has partnered with Apple for a series of new iTunes advertisements, which are slated to debut during Tuesday night's baseball broadcasts.",en,gemini
"**SABC Apologizes for Iraq Beheading Broadcast** 

South Africa's public broadcaster, the SABC, has issued an apology after a recent news bulletin inadvertently aired graphic footage of an American being beheaded in Iraq.",en,gemini
"**Cosmic Pile-Up Rivals the Big Bang**

Astronomers have uncovered a colossal galactic collision generating a shockwave so immense that its total energy output trails only the Big Bang itself.",en,gemini
"**West Issues Iran Enrichment Ultimatum**

Four Western nations paved the way for a potential confrontation yesterday by issuing an immediate demand for Tehran to halt all uranium enrichment.",en,gemini
**(AP)** — Business software provider Computer Associates International Inc. revealed a restructuring strategy Wednesday involving the global elimination of 800 positions. The company expects the move to generate $70 million in yearly savings once the initiative takes full effect.,en,gemini
"Fulfilling its pledge to offer more adaptable software licensing, Computer Associates has introduced Measured Workload Pricing for its suite of mainframe management tools.",en,gemini
"Economic growth picked up pace across the Great Plains and Rocky Mountain states through September and early October, according to a report released Wednesday by the Federal Reserve Bank of Kansas City covering the Tenth District.",en,gemini
"Veteran center Dikembe Mutombo reportedly stated he is headed to the Houston Rockets in a sign-and-trade agreement. According to the Houston Chronicle, the 38-year-old is set to join the Rockets from the Chicago Bulls in exchange for players Eric Piatkowski, Adrian Griffin, and Mike Wilks, where he is expected to serve in a backup and mentoring role.",en,gemini
"**RBC Centura Chief Exits; Leadership Moves to Raleigh** 
RALEIGH, N.C. — The top executive at RBC Centura Bank has resigned, prompting a leadership shift that will relocate the bank's central operations from Rocky Mount to Raleigh under his replacement.",en,gemini
"**SCO Puts Plans for Pro-SCO Website on Hold**

According to reports from InfoWord, SCO has temporarily shelved its previously announced plans to launch a pro-company website, a move that would have thrust the firm directly into Groklaw's territory.",en,gemini
"Parisians observed the 60th anniversary on Wednesday with somber tributes, a formal flag-raising ceremony at the Eiffel Tower, and a procession of vintage 1940s tanks and military jeeps, balancing the celebration of freedom with an acknowledgment of the city's wartime collaboration.",en,gemini
"**NEW YORK (CBS.MW) --** Boosted by solid economic reports and a wave of merger enthusiasm sparked by Oracle's takeover of PeopleSoft, Wall Street finished Monday's session in positive territory, pushing the Dow Jones Industrial Average to a fresh nine-month closing high.",en,gemini
"ATHENS -- Instead of trying to keep his nerves in check, American shooter Matt Emmons should have been paying closer attention to which target he was aiming at.",en,gemini
"**Bills Coach Mularkey Keeping Bledsoe as Starter (AP)**

AP - Buffalo head coach Mike Mularkey has a clear message for fans and analysts calling for rookie J.P. Losman to take over under center: not yet.",en,gemini
"**BRUSSELS** — Greece’s place in the single currency bloc remains secure despite a severe European Commission audit revealing years of flawed budget data dating back half a decade, a senior EU official confirmed Monday.",en,gemini
"It is December 2005, and your holiday trip to Vienna is fully planned. You have packed your trendiest winter wardrobe, complete with red maple leaf patches stitched onto your jacket and backpack, all to mask your U.S. citizenship from any unfriendly locals in Europe amid growing fears of identity theft.",en,gemini
"WASHINGTON (Reuters) — Federal authorities and industry leaders announced plans on Monday for a major U.S. crackdown on counterfeit and pirated goods, a booming illicit trade that drains hundreds of billions of dollars from American businesses every year.",en,gemini
"Cisco has rolled out a new line of switches tailored for small businesses, aggressively targeting the market with affordable, simplified hardware designed to lower the overall cost and operational complexity of running a Cisco network.",en,gemini
"**PITTSBURGH** — Billionaire investor Carl Icahn is escalating his campaign against Mylan Laboratories’ proposed $4 billion acquisition of King Pharmaceuticals, warning that he may launch a proxy fight to replace current board members if the generic drugmaker moves forward with the deal.",en,gemini
"**Quantum Acquires Rival Certance in LTO Tape Format Twist**

After spending years aggressively championing its proprietary DLT tape technology over competing standards, storage giant Quantum has made a surprising pivot by purchasing Certance, one of the primary manufacturers behind the rival LTO format.",en,gemini
"**Conrad Black to Sue Hollinger Panel for C$1.1 Billion**

Disgraced media mogul Conrad Black is launching a C$1.1 billion ($870 million) lawsuit against Hollinger International Inc.'s special committee and other defendants, targeting a damaging report that alleged he drained millions from the publishing company.",en,gemini
"**Milosevic Proceedings Halted**

Judges in The Hague have temporarily paused the trial of Slobodan Milosevic, giving his court-appointed defense attorneys extra time to organize their arguments.",en,gemini
"ATHENS - A sudden earthquake startled residents across the Greek capital on Tuesday, sending vibrations through several Olympic venues. According to the Athens Geodynamic Institute, the seismic event struck the city, though authorities noted that immediate details regarding the tremor's exact magnitude and epicenter remained unavailable. Officials confirmed there were no early reports of damage or injuries.",en,gemini
"**Bush Campaign Blocks Foreign Web Traffic After Cyberattack**

WASHINGTON (The Washington Post) — To thwart a wave of foreign cyber threats, the Bush-Cheney reelection campaign has temporarily restricted international visitors from accessing its official website, cybersecurity specialists revealed. The precautionary measure follows a sophisticated electronic assault last week that successfully knocked the campaign's primary domain offline for roughly six hours.",en,gemini
"**Nextel Partners May Feel Merger Effects**

The impending $35 billion combination of Sprint Corp. and Nextel Communications could potentially bring significant shifts for Nextel Partners Inc., based in Kirkland.",en,gemini
"**TEXANS STAT CENTER** Following back-to-back victories for the first time in a while, the Houston Texans are eager to prove themselves against tougher competition. ""I knew that was going to come up,"" Texans coach Dom Capers chuckled when addressing the milestone.",en,gemini
"North Carolina players brushed off memories of their previous struggles against Kentucky heading into a rematch. Rashad McCants insisted he wasn't dwelling on last season's meeting, teammate Jawad Williams echoed that the past is the past, and Sean May admitted his focus was solely on his most recent performance rather than the Tar Heels' Jan. 3 loss at Rupp Arena.",en,gemini
"According to a prominent Macintosh news website, portable media players capable of showcasing digital photo collections could become one of the most sought-after holiday gifts this coming Christmas season.",en,gemini
"Denying speculation about an imminent departure, Denver Broncos head coach Mike Shanahan assured reporters on Thursday night that he plans to fulfill the remaining four years of his current agreement.",en,gemini
"**Iran Claims U.S. Has No Viable Path Forward on Nuclear Issue**

TEHRAN (Reuters) — Washington has reached an impasse regarding Tehran's atomic ambitions, leaving it without sufficient evidence to push for United Nations sanctions and too entangled in Iraq to consider military action, Iranian President Mohammad Khatami stated on Saturday.",en,gemini
"**Low Hopes Surround Georgia Hoops (AP)** 
AP - The Georgia basketball team is bracing for what is projected to be a tough and challenging season.",en,gemini
"Retail investors are rushing back into the U.S. stock market now that presidential election uncertainty is behind them, and major trading firms predict this renewed momentum is here to stay, according to industry executives on Friday.",en,gemini
"**Oslo Held Lasting Hope for Arafat (AP)**

Far from the violent turmoil of the Middle East, Norway's capital was the unlikely setting where two seasoned adversaries finally chose dialogue over conflict, laying the groundwork for a historic peace process through clandestine diplomacy.",en,gemini
"**U.S. Iraq War Death Toll Reaches 1,229 (AP)** — The Associated Press reports that at least 1,229 U.S. service members have lost their lives since the Iraq conflict began in March 2003, based on a tally updated through Tuesday, Nov. 23, 2004. According to the Department of Defense, a minimum of 957 fatalities were the result of hostile action. The total number of casualties also accounts for three Department of Defense civilians.",en,gemini
"**IRAQ: Black Watch set sights on Christmas**

Troops declared ""mission accomplished"" after a battle group convoy comprising more than 200 vehicles successfully reached the relative security of the Shaibah Logistics Base.",en,gemini
"**Revlon’s Q3 Loss Widens on Falling Sales**

Cosmetics giant Revlon Inc. reported a larger third-quarter loss as sales slid 7 percent, a period that also saw the company wrap up a major refinancing initiative.",en,gemini
"Traditional passwords are quickly becoming outdated as physical security tokens gain traction. Consider the modern key ring: traditional house keys, car keys, and remote fobs now share space with a new blue gadget designed for securely accessing AOL. While optional, adopting this hardware key is a smart security upgrade for users looking to better protect their online accounts.",en,gemini
"**Sharon Faces Death Threats Amid Gaza Withdrawal Opposition**

Israeli police have launched an investigation into death threats directed at Prime Minister Ariel Sharon, as fierce political backlash continues to grow over his controversial plan to pull out of Gaza.",en,gemini
"**Red Hat Slams Sun Over Open-Source Record**

A high-ranking Red Hat official has publicly questioned the open-source commitment of frequent collaborator Sun Microsystems. In a Thursday blog post, Michael Tiemann, Red Hat's vice president of open-source affairs...",en,gemini
"Over a week after the Match of the Decade descended into the ""Battle of the Buffet"" and sparked a bitter war of words, a vulnerable Arsenal side must quickly put the Old Trafford fallout behind them.",en,gemini
"**Federer and Moya Overcome Rain Delays in Houston**

Following a night disrupted by persistent showers that pushed the finish past midnight, Roger Federer secured his second round-robin victory at the ATP Tennis Masters Cup early Thursday morning, defeating Lleyton Hewitt 6-3, 6-4 for his fifth straight win over the Australian.",en,gemini
"Digital auction companies are looking to capitalize on the recent insurance industry scandals to expand their market share. While consumers routinely scour the internet for bargain flights, vintage collectibles, and stock trades, corporate clients searching for group insurance policies have largely avoided online platforms until now.",en,gemini
"Cybercriminals are spreading a new computer virus across the internet disguised as a holiday e-greeting card, with variants appearing in multiple languages.",en,gemini
"**U.S. Forces Could Exit Iraq in Four Years, Rumsfeld Predicts**

The defense secretary noted, however, that any ultimate withdrawal timeline will depend on the advancement of the newly formed Iraqi administration.",en,gemini
"**Election Integrity Concerns Linger (AP)**

AP - Ahead of Monday's scheduled Electoral College vote to finalize President Bush's re-election, persistent questions remain regarding the reliability of the U.S. voting process. These doubts are especially pronounced in Ohio, where ongoing reports highlight widespread technological malfunctions, long queues, and significant confusion at polling places in low-income and minority communities.",en,gemini
"**US Envoy Upbeat Ahead of Nairobi Talks on Sudan**

Nairobi, Nov. 18 (NNN) : The United States special envoy has expressed optimism regarding upcoming UN Security Council discussions in Kenya, where international diplomats are gathering for a two-day summit centered on advancing the Sudanese peace process.",en,gemini
"**Bobby Valentine returns to Japan for Marines' autumn camp**

Chiba Lotte Marines manager Bobby Valentine has arrived back in Japan to oversee his squad's autumn training sessions. Valentine, whose name had recently surfaced as a potential successor to Art Howe as manager...",en,gemini
"Physical checks are finally losing their wings. For decades, millions of paper checks have been flown across the country each night to reach their banks of origin, but starting in October, new technology is set to bring that costly daily commute to a permanent end.",en,gemini
"Powered by a suffocating defense, No. 11 Pittsburgh cruised past Memphis 70-51 on Tuesday night in the Jimmy V Classic, with Carl Krauser scoring 15 of his 17 points from the foul line to pace the Panthers.",en,gemini
"**Washington drafts fresh UN measure for Darfur**

The United States has announced it is working on a new United Nations resolution aimed at addressing the ongoing crisis in Sudan's conflict-ridden Darfur region.",en,gemini
"**Microsoft Launches U.S. Migration Drive to Target NetWare Users**

To entice companies away from NetWare, Microsoft is rolling out a dedicated U.S. campaign that includes specialized migration software, online technical support, and training vouchers for organizations weighing a platform switch.",en,gemini
"**Chelsea adopt zero-tolerance drug stance as Mutu is sacked**

CHELSEA enforced a strict no-drugs policy yesterday by dismissing Romania striker Adrian Mutu for gross misconduct following his positive test for cocaine.",en,gemini
"Injured Crimson Tide quarterback Brodie Croyle, much like the rest of the Alabama faithful, will be watching tonight's crucial matchup against No. 17 LSU from home. If an underdog Alabama squad manages to pull off the upset, Croyle...",en,gemini
"**Amazon Expands into China**

US e-commerce giant Amazon.com is marking its entry into the Chinese market by acquiring Joyo.com, the country's biggest online retailer, in a transaction valued at $75 million (£41 million).",en,gemini
"**UK Industrial Slump Drags Down Growth (London)** — Fresh data suggests that Britain's manufacturing and production sectors had a more severe negative impact on the nation's third-quarter economic expansion than initial estimates indicated, according to AFP.",en,gemini
"**MPAA Launches Wave of P2P Lawsuits**

The Motion Picture Association of America announced today that it has initiated legal action against individuals who trade unauthorized movies using peer-to-peer file-sharing networks, though the exact number of lawsuits remains unspecified.",en,gemini
Labor talks between US Airways Group Inc. and its pilots union broke down Monday after the airline failed to secure $295 million in annual wage and benefit concessions it is seeking to cut costs.,en,gemini
"Mit einer Grundsatzrede im Londoner Institut Chatham House hat der britische Premierminister David Cameron die heiße Phase der Verhandlungen über den EU-Verbleib seines Landes eröffnet. Er stellte dabei vier zentrale Reformforderungen vor, die von Ausnahmeregelungen für die Euro-Zone über den Schutz nationaler Parlamente bis hin zu Leistungskürzungen für EU-Zuwanderer reichen. Cameron betonte zwar, er wolle Großbritannien in der Gemeinschaft halten, schloss einen Austritt für den Fall ausbleibender Reformen jedoch nicht aus. Die nun offiziell an EU-Ratspräsident Donald Tusk übermittelten Forderungen bilden die Basis für die Beratungen bis zum EU-Gipfel im Dezember. Sollte es im Januar eine Einigung geben, halten Beobachter ein Referendum bereits im kommenden Juni für möglich.

Inhaltlich fordert London unter anderem eine vertragliche Garantie, dass Großbritannien nicht zu einer immer engeren Union gezwungen wird, sowie den offiziellen Abschied vom Ziel einer gemeinsamen Einheitswährung. Zudem sollen EU-Bürger in den ersten vier Jahren ihres Aufenthalts auf der Insel von bestimmten Sozialleistungen ausgeschlossen werden. 

Zu Hause steht Cameron nun vor schweren Konflikten. Während EU-Gegner wie Nigel Farage von einer „Charade“ sprachen und Tory-Hardliner die Reformvorschläge als unzureichend kritisierten, droht dem Premier erheblicher Widerstand aus den eigenen Reihen. Auch aus Brüssel kam umgehend Gegenwind: Die EU-Kommission lehnte vor allem die von London geforderte Einschränkung der Freizügigkeit als problematisch ab. Bundeskanzlerin Angela Merkel zeigte sich dagegen zuversichtlich, dass sich für die anstehenden Verhandlungen tragfähige Kompromisse finden lassen.",de,gemini
"Hier ist eine neu formulierte Version im professionellen Nachrichtenstil, die das Thema und die Länge des Originals beibehält:

**Wien** – Europas größter VW-Händler, die Porsche Holding Salzburg, blickt trotz der anhaltenden Abgasaffäre auf ein erfolgreiches Geschäftsjahr zurück. „Für uns war das ein sehr gutes Jahr“, betonte Holding-Sprecher Alain Favey in Wien. Während sich das Geschäft in Österreich auf hohem Niveau stabil zeigte und in Zentral- sowie Südosteuropa erfreulich entwickelte, werde der Rekordwert aus dem Jahr 2011 allerdings verfehlt. Dennoch bleibt der Marktanteil in Österreich bei rund 35 Prozent, gestützt auf insgesamt 300.000 abgesetzte Fahrzeuge. 

Konkrete Finanzzahlen nannte Favey zwar nicht, verwies jedoch auf glänzende Aussichten für die Händler – vor allem für die Porsche-Sparte, die ein Absatzplus von voraussichtlich 22 Prozent auf 1.235 Neuzulassungen verzeichnet. „Es gibt keinen Grund zur Besorgnis, wir haben vier Marken unter den Top 10“, so Favey. Demgegenüber steht ein spürbarer Dämpfer auf europäischer Ebene: Laut ACEA-Zahlen sank der Marktanteil des VW-Konzerns im November im Jahresvergleich um 2,3 Prozentpunkte auf 24,3 Prozent.

Die Bewältigung des Abgasskandals fordert die Porsche Holding indes stark. Rund 7.000 Mitarbeiter sind in die Abwicklung eingebunden, finanzielle Belastungen entstehen dem Unternehmen laut Favey jedoch nicht, da die Volkswagen AG sämtliche Kosten übernimmt. 

Inzwischen wurden die ersten Anschreiben an die österreichweit 388.000 betroffenen Fahrzeughalter verschickt. Die Werkstatttermine für Modelle mit 2,0-Liter-TDI-Motoren starten demnach in der letzten Jännerwoche, gefolgt von den 1,2-Liter-TDI-Aggregaten im August. Für diese Fahrzeuge ist ein reines Software-Update geplant. Im September folgt schließlich die Rückrufaktion für die 1,6-Liter-TDI-Modelle, bei der zusätzlich ein etwa einstündiger Hardware-Eingriff nötig ist. Für Mobilitätsersatz während der Werkstattbesuche werde gesorgt. Auch für die Vertragshändler halte sich der Mehraufwand mit rund vier Prozent des regulären Arbeitsvolumens in Grenzen.

Mit Blick auf das kommende Jahr gibt sich das Management optimistisch. Günstige Zinsen und niedrige Ölpreise dürften den Automarkt im Jahr 2016 zusätzlich ankurbeln. Zudem forciert VW die Elektromobilität: Der neue e-Golf soll im kommenden Jahr auf den Markt kommen und – unter Berücksichtigung sämtlicher Förderungen – exakt so viel kosten wie ein vergleichbares Dieselmodell.",de,gemini
"Hier ist eine Zusammenfassung im typischen Nachrichtenstil, die den Inhalt des Interviews in ähnlicher Länge und eigenen Worten wiedergibt:

**Nepal kämpft auch ein Jahr nach dem verheerenden Erdbeben mit einem extrem schleppenden Wiederaufbau.** Der Politikwissenschaftler Lok Raj Baral kritisiert im Gespräch vor allem das politische Führungspersonal scharf. Die Parteien seien zu sehr mit Machterhalt, internen Machtkämpfen und Eigeninteressen beschäftigt, während in dem südasiatischen Land bürokratisches Chaos herrsche. Selbst bei der Ernennung eines Koordinators für den Wiederaufbau sei man sich uneinig geblieben.

Auch die neue Verfassung sorgt für anhaltenden politischen Frust. Vor allem die Minderheit der Madhesi im Süden des Landes protestiert gegen die Grenzziehung der neuen Provinzen sowie gegen Regelungen beim Erwerb der Staatsbürgerschaft. Laut Baral könnten die etablierten Parteien diese Konflikte jedoch rasch lösen, wenn der politische Wille vorhanden wäre.

Mit Blick auf das erst seit wenigen Jahren abgeschaffte Königtum stellt der Experte fest, dass die anhaltende Ineffizienz der Regierung bei manchen Bürgern nostalgische Gefühle weckt. Dennoch habe es beim Sturz der Monarchie kaum Proteste gegeben. Vielmehr wünschten sich viele Nepalesen angesichts der gesellschaftlichen Vielfalt einen stärker hinduistisch geprägten Staat, da der Säkularismus in den Augen vieler gescheitert sei – ein Frust, der ebenfalls auf das Versagen der aktuellen Politiker zurückgehe.

Während das jahrhundertealte Kastensystem durch zunehmende Bildung vor allem in den Bergregionen an Bedeutung verliert, hält es sich im Süden bei den Madhesis hartnäckiger. Diese Region ist zudem Schauplatz geopolitischer Spannungen: Baral verweist auf die anhaltend starke Einmischung Indiens in Nepals Innenpolitik, die ihre Wurzeln in Sicherheitsbedenken seit den 1950er-Jahren hat. Delhi sehe den Einfluss des Nachbarn China kritisch und unterhalte enge Verbindungen zur Minderheit der Madhesi. Für Nepal sei es daher überlebenswichtig, einen ausgewogenen Kurs zwischen den beiden Großen Mächten Indien und China zu halten.",de,gemini
"Hier ist eine umgeschriebene Fassung im gleichen Stil und ähnlicher Länge:

Dem UNHCR wird oft vorgeworfen, in der europäischen Flüchtlingskrise zu langsam reagiert zu haben – obwohl humanitäre Einsätze in der EU garไม่ zu seinem ursprünglichen Mandat gehören. Stellvertretend dafür steht der 27-jährige Salzburger Josef Hofer. Als er im Herbst 2015 von den dramatischen Zuständen an der ungarisch-serbischen Grenze in Röszke erfuhr, reiste er spontan als freiwilliger Helfer an. Weil große Hilfsorganisationen wie das Rote Kreuz oder eben das UN-Flüchtlingshochkommissariat zunächst fehlten, organisierten sich die Freiwilligen selbst. Als Hofer eine UNHCR-Mitarbeiterin um ein Koordinierungstreffen bat, nahm sie zwar seine Nummer, rief jedoch nie zurück. 

Solche Vorwürfe reihen sich in eine Serie von Beschwerden ein, die auch griechische Inseln wie Lesbos betreffen, wo das UNHCR zwar beobachtete, aber lange kaum konkrete Hilfe leistete. Die dortige UNHCR-Vertreterin Aikaterini Kitidi brachte das Dilemma auf den Punkt: Eigentlich sollte die Organisation in der EU gar nicht operativ gebraucht werden. Doch Europa schaffte es nicht allein. Wie Christoph Pinter, Leiter des Wiener UNHCR-Büros, erklärt, war die UN-Behörde in Europa bisher vor allem rechtlich beratend tätig und leistete Hilfe primär in Asien und Afrika. Wegen der akuten Not wurde das griechische Büro binnen Kurzem von einigen wenigen auf über 100 Mitarbeiter aufgestockt, um operativ einzugreifen. 

Experten wie Demetrios Papademetriou vom Migration Policy Institute betonen jedoch, dass das UNHCR in einem ständigen, schwer kalkulierbaren Krisenmodus gefangen ist. Um flexibler zu agieren, wurden die betroffenen Länder von der Türkei bis Deutschland aus den normalen Hierarchien herausgelöst und unterstehen nun direkt einem neuen europäischen Flüchtlingskoordinator. 

Größtes Hindernis bleibt indes die chronische Unterfinanzierung. Nur zwei Prozent des Budgets kommen direkt von der UNO, der Rest muss über Spenden eingeworben werden. Österreich lag 2015 mit 3,7 Millionen Euro auf Rang 39 der Geberliste – hier sieht Pinter durchaus Luft nach oben. Generell kam weltweit meist nicht einmal die Hälfte der benötigten Gelder zusammen, weshalb wichtige Projekte abseits der reinen Lebenserhaltung oft gestrichen werden müssen. Zudem wächst die Sorge, dass vergessene Krisen im Kongo oder Südsudan aus dem Blick geraten, während Geberländer primär auf die eigene Betroffenheit reagieren. Papademetriou appelliert daher an die internationale Gemeinschaft, deutlich mehr finanzielle Mittel bereitzustellen, damit sich Menschen in den Nachbarländern Syriens eine Zukunft aufbauen können und gar nicht erst nach Europa flüchten müssen. Die Kritik am UNHCR hält er für ungerecht: Angesichts der Dimension könne ohnehin niemand genug tun.",de,gemini
"Hier ist eine sprachlich überarbeitete, natürlichere Version im typischen Stil einer Kultur- oder Kabarettkritik, die Länge und Thema beibehält:

**Christian Hölbling wagt mit seinem aktuellen Programm „Ich kann auch anderst“ einen kreativen Neuanfang. Wien – „I bin a Ölien, bin a echter Ölien, bin a Steirer in Völkermarkt“: Komik funktioniert oft nach einem bewährten Prinzip – jemand verhält sich in einer Situation völlig deplatziert, der Habitus passt schlicht nicht zum Umfeld. Genau diesen Effekt setzt Christian Hölbling gezielt ein. In seinem neuen Soloprogramm widmet er sich mit scharfem Blick sozialen und geografischen Reibungspunkten und greift dabei tief in den eigenen Erfahrungsschatz. Stings Welthit „Englishman in New York“ interpretiert er kurzerhand um: Er fühlt sich eher als „Ölien“, als gebürtiger Steirer, den es nach Kärnten verschlagen hat. Ob er tatsächlich, wie er dem Publikum im Café Niedermair scherzhaft gesteht, vom gefürchteten „Kärntnervirus“ bedroht ist, lässt er offen. Die humorvolle Schilderung dieser schleichenden Assimilation – inklusive einsetzenden Sprachverfalls, bei dem bald nur noch Einheimische seine Beispielsätze verstehen – wirkt erstaunlich lebendig. Hölbling mixt geschickt eigene Biografie mit Fiktion, erzählt packend von den Strapazen des Tourneealltags oder serviert Anekdoten, wie jene über ein Treffen mit Ex-Nestlé-Chef Peter Brabeck-Letmathe. Demnach soll Hölbling dem Manager den entscheidenden Tipp für Nespresso gegeben haben: Kaffee müsse man wie Pralinen vermarkten und von Hollywood-Stars anpreisen lassen, nur so ließe sich ein Kilo-Preis von 80 Euro rechtfertigen. Man nimmt ihm diese moderne „Forrest Gump“-Story dank seiner darstellerischen Klasse sofort ab. Mit minimaler Gestik und präziser Wortwahl schlüpft er mühelos in verschiedene Rollen – etwa in die des cholerischen Kapfenberger Bandleaders Mike, der eine tiefe Abneigung gegen VIP-Zonen hegt. Wenn die Band ausgerechnet dort bei einer Wellness-Resort-Eröffnung spielen muss, gipfelt das in urkomischen Tiraden. Auch Hölblings privater Lifestyle mit Smart Home und Designer-Anzügen bietet reichlich Zündstoff für herrlich absurde Dialoge. So verbindet „Ich kann auch anderst“ bissige Gesellschaftskritik mit einem flüssigen Erzählstrang, in den auch die musikalischen Einlagen – lässige Swing-Nummern mit dialektalem Einschlag – perfekt passen. Nach 15 Jahren als Bühnenfigur Herfried wollte sich Hölbling neu erfinden. Und das ist ihm mehr als gelungen. (Florian Kutej, 18.09.2015)**",de,gemini
"Hier ist eine überarbeitete Version im natürlichen, sachlichen Nachrichtenstil, die in Länge und Thema dem Original entspricht:

***

**Die Allianz wagt den Schritt in den Mobilfunkmarkt und bringt mit „Allianz SIM“ ein neues Kombi-Angebot auf den Markt: Für 14,90 Euro im Monat erhalten Kunden nicht nur einen Handytarif, sondern gleichzeitig eine umfassende Geräteversicherung. Prominente Unterstützung holte sich der Versicherer dabei von Branchenkenner Michael Krammer.**

Wie Allianz-Chef Wolfram Littich bei einer Pressekonferenz betonte, geht das Unternehmen damit völlig neue Wege. Im Fokus steht ein Tarifmodell ohne neues Endgerät, dafür aber mit integriertem Schutz für Smartphones und Tablets. „Wir versichern ausdrücklich auch gebrauchte Geräte“, so Littich. Der Schutz greift bei typischen Alltagschäden wie Displaybruch, Flüssigkeitsschäden, Bedienfehlern oder auch bei mutwilliger Beschädigung durch Dritte. 

Bei Teilschäden übernimmt eine Konzerntochter die Reparaturkosten in den ersten zwei Jahren zu 100 Prozent (abzüglich 60 Euro Selbstbehalt), im dritten Jahr liegt die Abdeckung bei 80 Prozent. Bei einem Totalschaden erstattet die Versicherung bis zu zwei Jahre lang die Hälfte des Wertes, danach 40 Prozent. Der Service beinhaltet zudem einen Abhol- und Lieferservice, die Reparatur soll innerhalb von sieben Werktagen erfolgen. Die eigenständige Geräteversicherung für Smartphones oder Tablets ist zudem separat für monatlich vier bis sechs Euro erhältlich.

Besonders flexibel zeigt sich die Allianz beim Gerätealter: Versichert werden können Modelle, die bis zu 34 Monate alt sind. Üblich sind am Markt meist Fristen von maximal sechs Monaten nach dem Kauf. Der Vertrieb läuft rein digital über die Website www.allianz-sim.at. Mit dem neuen Geschäftsfeld will der Konzern vor allem jüngere Zielgruppen ansprechen und den Bekanntheitsgrad steigern. „Das Smartphone ist für viele Menschen der wichtigste Begleiter im Alltag, doch die wenigsten haben es versichert“, erklärte Littich. Statistiken zufolge haben fast 30 Prozent aller Nutzer ihr Gerät bereits einmal beschädigt.

Zum Start schickt die Allianz zwei Tarife ins Rennen: Das Einstiegspaket um 14,90 Euro monatlich beinhaltet jeweils 2.000 Gesprächsminuten und SMS sowie 3 Gigabyte Datenvolumen mit bis zu 21 Mbit/s. Alternativ wird ein reiner Datentarif mit 3 GB für 9 Euro angeboten. Versteckte Kosten gibt es laut Unternehmen nicht. Sobald 80 Prozent des monatlichen Volumens aufgebraucht sind, werden Kunden per SMS informiert und können bei Bedarf für jeweils 4,90 Euro Daten-, Sprach- oder SMS-Pakete nachladen. Wird kein Paket gebucht, kostet jede weitere Einheit vier Cent (für Minuten und SMS) beziehungsweise ein Cent pro Megabyte. 

Genutzt wird das Netz von T-Mobile, die Tarife sind jeweils monatlich kündbar. Als virtueller Netzbetreiber setzt die Allianz auf professionelle Partnerschaften: An Bord ist der frühere Telering- und Orange-Chef Michael Krammer mit seiner Firma Ventocom. Für die technische Abwicklung und Verrechnung wurde eigens die Tochterfirma ATK gegründet, während sich die Allianz um Marketing und Vertrieb kümmert. Datenschutzbedenken wischte das Unternehmen vom Tisch: Sensible Daten wie Bewegungsprofile fließen nicht an den Versicherer.

Die Erfolgsaussichten schätzt man in Wien optimistisch ein. „Jährlich wechseln in Österreich rund 2,5 Millionen Handynutzer ihren Anbieter“, so Krammer. Seine Agentur Ventocom hat Anfang des Jahres bereits den erfolgreichen Diskonter „Hofer Telekom“ (Hot) gestartet, der rasch über 200.000 Kunden zählte. Allianz-Kunden nutzen künftig dieselbe Vorwahl (0677) wie die Hofer-Mobilfunkkunden. 

Zwischen Krammer und der Allianz gibt es noch eine weitere Verbindung: Der Telekom-Manager ist auch Präsident des SK Rapid Wien. Dessen neues Heimstadion, das im kommenden Jahr eröffnet wird, trägt den Namen des Hauptsponsors: Allianz Stadion. Ob es demnächst einen eigenen Fanservice beziehungsweise einen speziellen Rapid-Tarif geben wird, ließ Krammer indes offen: Eine Entscheidung darüber falle erst im Jahr 2016.",de,gemini
"Hier ist eine in Tonfall, Länge und Struktur an den ursprünglichen Nachrichtentext angepasste Version:

Zwei Drittel ausgezählt – NLD steuert auf absoluten Wahlsieg zu. Naypyidaw – Bei der Parlamentswahl in Burma baut die Partei der Friedensnobelpreisträgerin Aung San Suu Kyi (70) ihren Vorsprung weiter aus. Nach Auszählung von rund zwei Dritteln der Stimmzettel liegt die NLD klar an der Spitze, hat das Ziel der absoluten Mehrheit in beiden Parlamentskammern aber noch knapp verfehlt. Bis Donnerstag fehlten ihr dafür noch 38 Mandate, zudem standen in 130 Wahlkreisen die Resultate noch aus. International stieß die Abstimmung auf positive Resonanz: US-Präsident Barack Obama würdigte in einem Telefonat mit Burmas Staatschef den friedlichen Verlauf. Auch Bundesaußenminister Frank-Walter Steinmeier lobte das Votum und hob hervor, dass sowohl die unterlegene Regierungspartei als auch das Militär das Ergebnis akzeptiert haben; er zollte besonders dem amtierenden Präsidenten Thein Sein Respekt für dessen Glückwünsche an die Opposition. Bereits vor 25 Jahren hatte Suu Kyi die letzten freien Wahlen für sich entschieden, damals jedoch die Machtübernahme durch die Generäle verwehrt gesehen. Nun erteilten die Wähler der militärnahen Regierungspartei USDP eine deutliche Abfuhr. Thein Sein hatte zwar seit 2011 Reformen auf den Weg gebracht, blieb als ehemaliger Junta-Regierungschef jedoch Teil des alten Systems. 

Suu Kyi hat angekündigt, die Regierungsführung zu übernehmen, allerdings ist der genaue Weg dorthin offen. Da die Verfassung ihr wegen ihrer Söhne mit ausländischen Pässen das Präsidentenamt untersagt, ist die Ausgestaltung unklar. Bislang sicherte sich die NLD 291 der bislang vergebenen 491 Sitze, während die USDP abgeschlagen bei 33 Mandaten landete. Hinzu kommen 166 feste Sitze für das Militär in beiden Kammern. Um bei der anstehenden Präsidentenwahl im kommenden Jahr ohne fremde Hilfe die Mehrheit zu sichern, benötigt die NLD insgesamt 329 Sitze. Das Staatsoberhaupt wird von allen Parlamentariern aus drei Kandidaten gewählt, die jeweils vom Unterhaus, Oberhaus und Militär nominiert werden. Da die NLD in beiden Häusern stark genug ist, kann sie eigene Kandidaten platzieren. Am Ende setzt sich bei der Abstimmung derjenige mit den meisten Stimmen durch, während die übrigen zu Vizepräsidenten ernannt werden.",de,gemini
"Hier ist eine Version im natürlichen Nachrichtenstil, die das Thema mit ähnlicher Länge in eigenen Worten wiedergibt:

**SOS Mitmensch bringt Sachverhaltsdarstellung gegen „Steirerkrone“-Chefredakteur ein**

Graz/Wien – Wegen eines umstrittenen Kommentars über Flüchtlinge schaltet die Menschenrechtsorganisation SOS Mitmensch die Justiz ein. Bei der Staatsanwaltschaft Graz wurde eine Sachverhaltsdarstellung gegen den Chefredakteur der Steirerkrone, Christoph Biró, eingebracht. In dem Text hatte Biró von angeblichen sexuellen Übergriffen, Plünderungen und Sachbeschädigungen durch Flüchtlinge geschrieben. Laut SOS Mitmensch handle es sich dabei um längst widerlegte Social-Media-Gerüchte, weshalb nun geprüft werden müsse, ob der Tatbestand der Verhetzung oder der Verbreitung beunruhigender Falschmeldungen vorliege. 

Organisationssprecher Alexander Pollak betonte, dass es für die Vorwürfe keinerlei Belege gebe; stattdessen werde gezielt Angst und Misstrauen geschürt. Unterdessen fordert auch die steirische Grüne-Landtagsabgeordnete Sabine Jungwirth in einem offenen Brief Aufklärung. Sie verlangt von Biró, die Quellen für die in der Sonntagsausgabe verbreiteten Behauptungen – etwa über angebliche Supermarktplünderungen – offenzulegen. Solche Berichte waren vom Innenministerium bereits scharf dementiert worden. Jungwirth konfrontierte den Chefredakteur daher mit der Frage: „Wissen Sie mehr als die Polizei und das Innenministerium?“",de,gemini
"Hier ist eine inhaltlich identische, frisch formulierte und im Ton genau an den typischen Sportjournalismus angepasste Version:

Mit den üblichen europäischen Top-Favoriten startet am Dienstagabend die 24. Auflage der UEFA Champions League in die neue Saison. Im Fokus steht dabei vor allem der FC Barcelona: Die Katalanen nehmen den erneuten Anlauf, als erster Club in der Geschichte der Königsklasse den Titel erfolgreich zu verteidigen – das Finale steigt im Mai 2016 im Mailänder San Siro. Aus österreichischer Sicht sind diesmal drei Legionäre in der Gruppenphase mit dabei. Während Aleksandar Dragovic mit Dynamo Kiew und der aktuell verletzte Martin Stranzl mit Borussia Mönchengladbach vor allem Akzente setzen wollen, greift David Alaba ganz nach oben. Der FC Bayern zählt neben Real Madrid, den englischen Schwergewichten und Paris Saint-Germain zu den heißesten Anwärtern auf den Thron.

Auch finanziell legt die Champions League noch einmal nach: Bis 2018 schüttet die UEFA gigantische 1,257 Milliarden Euro an Prämien aus. Allein die 32 Teilnehmer streifen eine garantierte Antrittsprämie von je zwölf Millionen Euro ein – ein deutliches Plus im Vergleich zum Vorjahr. Hinzu kommen Prämien für sportliche Erfolge sowie Einnahmen aus dem Marktpool. Kein Wunder also, dass der erlauchte Kreis der europäischen Elite weitgehend unter sich bleibt. Dennoch gibt es in dieser Saison drei Debütanten: Neben Mönchengladbach und KAA Gent schreibt vor allem der FC Astana Geschichte, der als erster kasachischer Verein überhaupt in der Königsklasse steht.

Zum Auftakt wartet am Dienstag ein echter Kracher: Manchester City empfängt in Gruppe D Juventus Turin. Während die ""Citizens"" einen perfekten Ligastart hingelegt haben und mit breiter Brust antreten, taumeln die Italiener nach personellen Umbauten im Sommer und verletzungsbedingten Ausfällen wie dem von Claudio Marchisio derzeit ihrer Form hinterher. Im Parallelspiel gastiert Borussia Mönchengladbach beim FC Sevilla. Bei den kriselnden Deutschen hat die Bundesliga nach dem schwachen Saisonstart offenbar Priorität – Sportdirektor Max Eberl betonte, ihm wären drei Punkte im kommenden Liga-Derby fast lieber als ein Sieg in Andalusien.

Titelmitfavorit Real Madrid eröffnet seine europäische Kampagne am Dienstag daheim gegen Schachtar Donezk. Die Gäste bekommen es mit einem Cristiano Ronaldo zu tun, der am Wochenende fünfmal traf und im ewigen Champions-League-Duell mit dem torgleichen Lionel Messi (je 77 Treffer) vorlegen will. Real-Coach Rafael Benitez zeigte sich nach dem 6:0 gegen Espanyol überzeugt, dass in seiner Mannschaft noch viel Luft nach oben ist. 

In Paris blickt die Fussball-Welt indes auf Zlatan Ibrahimovic: Der PSG-Star trifft ausgerechnet auf seinen Jugendverein Malmö FF, den er einst im Alter von 20 Jahren verlassen hatte. Nun will der 33-jährige Schwede den französischen Serienmeister zum lang ersehnten Henkelpott führen. Nach einjähriger Abstinenz feiert zudem Manchester United unter Trainer Louis van Gaal seine Rückkehr auf die europäische Bühne und gastiert bei der PSV Eindhoven. Das vielleicht am wenigsten glamouröse Duell steigt derweil in Gruppe C: Der finanzstarke Debütant FC Astana muss für sein Auswärtsspiel bei Benfica Lissabon eine Flugstrecke von rund 6.000 Kilometern bewältigen.",de,gemini
"**Luxus, Palmen und Pistolen: Die schillernde Welt des Glock Horse Performance Centers in Kärnten**

In Treffen am Ossiacher See hat der Waffenproduzent Gaston Glock senior seiner deutlich jüngeren Frau Kathrin ein Reitsportzentrum der Superlative errichtet. Das Glock Horse Performance Center (GHPC) beeindruckt mit luxuriösen Bedingungen: Selbst der Weg für die Turnierpferde führt über einen roten Teppich, gesäumt von Palmen, während Autos und Fußgänger auf Asphalt den Tieren den Vortritt lassen müssen. Neben dem Standort in Kärnten betreibt das Paar ein weiteres Zentrum in den Niederlanden, wo Top-Reiter wie die Weltklasse-Dressurstars Edward Gal und Hans-Peter Minderhout trainieren. In Österreich stehen vor allem der Nachwuchs, der Ruhestand für ältere Pferde sowie die glamourösen Turniere im Vordergrund.

Das Vermögen für diesen Luxus stammt aus der Produktion von Pistolen. Mit einem geschätzten Familienvermögen von rund 1,82 Milliarden Euro zählt die Familie zu den reichsten Österreichern, auch wenn private Rechtsstreitigkeiten – etwa mit seiner ersten Frau Helga – den Milliardär beschäftigen. Gaston Glock selbst hat sich nach zwei Schlaganfällen weitgehend aus der Öffentlichkeit zurückgezogen. Seine Frau Kathrin leitet die internationale Positionierung des Zentrums und sitzt zudem im Aufsichtsrat des Waffenkonzerns. 

Während das Aushängeschild in Kärnten keine Wünsche offenlässt – von klimatisierten Überwachungsboxen bis hin zur Sterne-Gastronomie von Alfons Schuhbeck –, bleibt die Verbindung zum Waffengeschäft dezent. Ein Pistolenmotiv im Parcours oder auf T-Shirts erinnert dezent an den Ursprung des Reichtums, der in den USA durch Hollywood-Filme legendär wurde, dort aber auch kritisch gesehen wird. 

Ein absolutes Highlight des GHPC sind die Events unter dem Motto „Horses and Stars“. Neben dem Sport wird ein VIP-Bereich geboten, in dem Hollywood-Größen wie John Travolta oder Musikstars wie Robbie Williams und Cher geehrt werden oder auftreten. Entsprechend gespalten fällt die Wahrnehmung in der Bevölkerung aus: Die einen bewundern das großzügige Investment für den Reitsport, andere sehen schlicht „das Geld abgeschafft“. 

Neben dem schillernden Entertainment zeigt sich die Familie auch wohltätig und hat in den letzten Jahren rund drei Millionen Euro für den guten Zweck gespendet – ein Betrag, der im Vergleich zu Investitionen wie dem 8,6-Millionen-Euro-Kauf des Spitzenpferds „London“ jedoch in einem ganz eigenen Licht erscheint.",de,gemini
"Hier ist eine überarbeitete Version im natürlichen Nachrichtenstil, die Länge und Thema beibehält:

**Slalom-Auftakt in Levi fällt aus – Olympia-Test in Südkorea wackelt**

Wegen akuten Schneemangels und zu hoher Temperaturen müssen die alpinen Slaloms der Damen und Herren im finnischen Levi abgesagt werden. Wie schon in den Jahren 2007 und 2011 spielt das Wetter in Lappland nicht mit. Zwar waren kurz vor dem geplanten Saisonstart Schneehaufen auf der Piste deponiert worden, dies reichte den Verantwortlichen jedoch nicht für eine Durchführung. 

Umschwung beim Wetter machte alle Hoffnungen zunichte: Statt der prognostizierten minus drei Grad sorgte Südwind für plus drei Grad auf dem Hang, wie Herren-Renndirektor Markus Waldner erklärte. Auch Damen-Chef-Renndirektor Atle Skaardal bedauerte die Entscheidung: Ein Rennen unter diesen Bedingungen wäre weder für Athleten und Fans noch für den Veranstalter fair gewesen. 

Eine Nachholung der Rennen gilt wegen des engen Weltcup-Kalenders als äußerst unwahrscheinlich. Die Slaloms seien zwar noch nicht endgültig gestrichen, so Waldner, man werde sie aber kaum „irgendwo hineinmurksen“. Die Herren würden mit zehn statt elf geplanten Slaloms gut leben können – eine Reduktion, die laut Waldner auch den ÖSV-Speed-Piloten und Athletenvertreter Hannes Reichelt freuen dürfte, der den Kalender zuvor als zu techniklastig kritisiert hatte. Für die Skistars bedeutet dies nun eine Zwangspause bis zu den Nordamerika-Rennen Ende November und Anfang Dezember in Lake Louise, Aspen und Beaver Creek.

Unterdessen droht auch an anderer Stelle ein wetter- beziehungsweise baubedingter Ausfall: Für die olympischen Testrennen der Herren am 6. und 7. Februar 2016 im südkoreanischen Jeongseon wurde eine neue Frist bis zum 15. November gesetzt. Zwar gab die FIS nach einer erneuten Inspektion Entwarnung für die Beschneiungsanlage und die Sicherheitszäune, doch die Seilbahn bleibt der große Schwachpunkt. Ingenieure der Firma Doppelmayr prüfen derzeit vor Ort die Fundamente. Bis Mitte November muss der Seilbahnhersteller garantieren, dass der Lift bis Jahresende betriebsbereit ist. Sollte es zu einer Absage kommen, stünde Europa als Ersatz bereit – im Gespräch ist dabei unter anderem das österreichische Saalbach.",de,gemini
"Hier ist eine neu formulierte Version im natürlichen, sachlichen Nachrichtenstil, die den Inhalt und die Länge des Originals beibehält:

**Oxfam wirft Staatengemeinschaft Versagen in der Syrien-Krise vor**

Berlin/Wien – Die Hilfsorganisation Oxfam hat das internationale Krisenmanagement im Syrien-Konflikt scharf kritisiert. In ihrem am Dienstag veröffentlichten Bericht „Solidarity with Syrians“ bezeichnete die Organisation die bisherigen Hilfsleistungen als unzureichend und unglaubwürdig. Für die Untersuchung hatte Oxfam analysiert, in welchem Maße Industriestaaten finanzielle Hilfe leisten, Schutzsuchende aufnehmen und sich für eine diplomatische Lösung des Krieges einsetzen. Demnach reichen die bereitgestellten Mittel bei Weitem nicht aus, um den Vertriebenen ein sicheres und menschenwürdiges Leben zu ermöglichen.

Auch bei der Aufnahme über reguläre Programme sieht die Organisation großes Defizit: Bislang konnten weltweit erst rund 17.000 Menschen über solche Wege vermittelt werden. Oxfam fordert stattdessen, bis Ende 2016 zehn Prozent aller Flüchtlinge in den Nachbarländern in sicherere Staaten umzusiedeln. Gemessen an ihrer Wirtschaftskraft erfüllen laut dem Bericht nur wenige Staaten ihren fairen Anteil. 

Während Norwegen und Deutschland bei Finanzhilfen und Aufnahmequoten gut abschneiden, gehören Länder wie Russland und Frankreich zu den Schlusslichtern. Staaten wie Großbritannien, die USA und Kuwait stellen zwar verhältnismäßig viel Geld bereit, verweigern aber weitgehend die Aufnahme von Flüchtlingen. Österreich schneidet ebenfalls schwach ab und erbringt laut Oxfam nur 23 Prozent des angemessenen Finanzbeitrags sowie 44 Prozent der geforderten Aufnahmequote. Zum Vergleich: Das wirtschaftlich stark belastete Jordanien leistet umgerechnet ein Vielfaches seiner Soll-Leistung.

Zudem kritisiert Oxfam die Rolle internationaler Akteure wie Iran, Katar, Russland, Saudi-Arabien, der Türkei und der USA: Durch ihr militärisches Eingreifen würden sie den Bürgerkrieg weiter anheizen. Die Organisation fordert daher einen sofortigen Stopp von Waffenexporten. Da allein im Jahr 2015 rund zwei Millionen Syrer neu vertrieben wurden, müsse die Staatengemeinschaft dringend mehr diplomatischen Druck zur Beendigung des Krieges ausüben und die humanitäre Hilfe massiv aufstocken.",de,gemini
"Hier ist eine journalistisch aufbereitete, sprachlich flüssige Neufassung im typischen Nachrichtenstil:

**Luxemburger erteilen Regierungsreformen bei Referendum klare Absage**

Luxemburg – Bei einer Volksabstimmung im Großherzogtum haben sich die Bürger mit großer Mehrheit gegen Reformen der Regierung von Premierminister Xavier Bettel ausgesprochen. Rund 78 Prozent der Wähler stimmten am Sonntag gegen die Einführung eines Stimmrechts für ausländische Staatsbürger bei nationalen Wahlen. Damit bleibt Luxemburg das einzige EU-Land ohne ein solches Recht für Ausländer. 

Auch zwei weitere Herzensanliegen der Regierung scheiterten deutlich: Fast 81 Prozent lehnten eine Senkung des Wahlalters von 18 auf 16 Jahre ab, und nur rund 30 Prozent stimmten für eine Begrenzung der Minister-Amtszeit auf maximal zehn Jahre. Bettel zeigte sich nach Bekanntgabe der Ergebnisse einsichtig und betonte, das Votum der Bürger zu respektieren. Der liberale Regierungschef hatte das Ausländerwahlrecht zuvor mit dem hohen Ausländeranteil von rund 45 Prozent im Land begründet und ein drohendes Demokratiedefizit abwenden wollen. Die geplanten Änderungen sollten eigentlich als Basis für eine neue Verfassung dienen, über die 2017 in einem weiteren Referendum abgestimmt werden soll.

Während sich die Opposition erfreut zeigte und über den Kuritänderdienst Twitter gar den Rücktritt des Premiers forderte, lehnte Bettel diesen entschieden ab. Die Ablehnung fiel letztlich drastischer aus als in vorherigen Umfragen prognostiziert. Trotz der herben Enttäuschung, die auch aus den Reihen der Regierungskoalition geäußert wurde, hält das Bündnis aus Liberalen, Sozialdemokraten und Grünen an der geplanten Verfassungsreform für 2017 fest. Da im Großherzogtum eine Wahlpflicht gilt, beteiligten sich deutlich mehr als 80 Prozent der rund 245.000 wahlberechtigten Luxemburger an dem Referendum.",de,gemini
"Hier ist eine überarbeitete Version im natürlichen Nachrichtenstil, die in Länge und Inhalt dem Original entspricht:

**Griechenland tiefer in der Rezession als befürchtet**

**Athen** – Die griechische Wirtschaft ist im vergangenen Jahr stärker geschrumpft als zunächst angenommen. Wie aus neuen Daten der EU-Statistikbehörde Eurostat hervorgeht, sank das Bruttoinlandsprodukt (BIP) im dritten Quartal um 0,9 Prozent im Vergleich zum Vorquartal. Noch im November hatte die Schätzung bei minus 0,5 Prozent gelegen. Nach einer Stagnation zum Jahresauftakt war das BIP im zweiten Quartal zwar leicht um 0,3 Prozent gewachsen, doch der wichtige Sommerabschnitt brachte nun die Wende nach unten. Das dritte Quartal gilt in dem südeuropäischen Land wegen der Sommerbilanz traditionell als Gradmesser; im Vorjahreszeitraum hatte es noch ein Plus von 0,8 Prozent gegeben. Als Hauptgrund für den aktuellen Rückschlag nennen Experten die politischen Turbulenzen im Frühjahr: Der harte Kursstreit der griechischen Regierung mit den internationalen Geldgebern sowie die anhaltende Debatte über einen möglichen Euro-Austritt (Grexit) hätten viele Urlauber abgeschreckt und dem Tourismussektor geschadet.",de,gemini
"Hier ist eine überarbeitete Version im natürlichen Nachrichtenstil, die in Länge und Inhalt dem Original entspricht:

**Wolfsburg –** Rund 800.000 Fahrzeuge des Volkswagen-Konzerns sind von fehlerhaften CO2-Angaben betroffen, die den tatsächlichen Schadstoffausstoß zu niedrig ausweisen. Wie das Unternehmen am späten Freitagabend in Wolfsburg mitteilte, entfällt mit gut 430.000 Einheiten mehr als die Hälfte dieser Fälle auf das Modelljahr 2016; einige dieser Wagen stehen bereits bei den Händlern. Der Autobauer prüft derzeit, ob auch ältere Baujahre betroffen sind. Fahrzeughalter können online unter www.volkswagen.de/info überprüfen, ob ihr Wagen zu den manipulierten Autos gehört. 

Zusätzlich zum bestehenden Abgasskandal bei Dieselfahrzeugen bekommt die Kernmarke VW die Krise nun auch in den Verkaufszahlen zu spüren. Im Oktober setzte der Konzern weltweit rund 490.000 Wagen der Hauptmarke ab und verzeichnete damit ein Minus von 5,3 Prozent im Vergleich zum Vorjahresmonat. Dennoch gaben die Unternehmensführung und Arbeitnehmervertretung Entwarnung für die Arbeitsplätze: In einem gemeinsamen Interview schloss Markenchef Herbert Diess einen Jobabbau in der Stammbelegschaft aus. Auch Betriebsratschef Bernd Osterloh betonte in der „Süddeutschen Zeitung“ (Samstag), dass Europa größter Autobauer zwar ein Diesel-Problem habe, aber keineswegs in einer generellen Absatzkrise stecke. Arbeitsplätze würden nur dann gefährdet, wenn der Fahrzeugverkauf drastisch zurückgehe.",de,gemini
"**St. Pölten – Marie Rötzer übernimmt im Sommer 2016 die künstlerische Leitung des Landestheaters Niederösterreich. Die 47-jährige Dramaturgin, aktuell als Referentin des Intendanten am Hamburger Thalia-Theater tätig, tritt die Nachfolge von Bettina Hering an, die als Schauspielchefin zu den Salzburger Festspielen wechselt. Rötzers Vertrag in St. Pölten läuft über vier Spielzeiten bis Sommer 2020.**

Die gebürtige Mistelbacherin startete ihre Theaterlaufbahn zu Beginn der 1990er-Jahre direkt am Landestheater in St. Pölten. Nach einer Station als Lektorin an der Universität Czernowitz in der Ukraine arbeitete sie als Dramaturgin an mehreren renommierten Bühnen im deutschsprachigen Raum, darunter das Maxim-Gorki-Theater in Berlin, das Schauspielhaus Graz, das Staatstheater Mainz und zuletzt das Thalia-Theater in Hamburg. 

Ihr Vorgängerin Hering habe das Haus stark positioniert, woran sie nahtlos anknüpfen wolle, erklärte die künftige Leiterin in einer ersten Stellungnahme. Um den Posten hatten sich insgesamt 68 Personen beworben – 28 aus Österreich und 40 aus dem Ausland. Die Entscheidung fiel schließlich nach einem dreistufigen Auswahlverfahren und einem abschließenden Jury-Hearing.",de,gemini
"Hier ist eine inhaltlich gleichwertige, natürlich formulierte Nachrichtenmeldung im gleichen Umfang:

**Gevgelija/Skopje/Belgrad** – Trotz massiver Sicherheitsvorkehrungen und Stacheldrahtsperren ist es Hunderten Migranten am Samstag gelungen, von Griechenland aus die mazedonische Grenze zu passieren. Medienberichten zufolge überwältigten die Menschen Polizeisperren und liefen über Felder. Während AFP von Hunderten sprach, berichtete Reuters sogar von Tausenden, die trotz des Einsatzes von Blendgranaten durchbrachen. Am Samstagmorgen spitzte sich die Lage im Niemandsland bei Gevgelija dramatisch zu: Die Zahl der Gestrandeten wuchs auf rund 2.000 an, ankommende Busse und Züge brachten ständig neue Menschen. Aus Wut über die mazedonische Einreisebegrenzung verweigerten die Flüchtlinge angebotene Lebensmittel und warfen zum Teil mit Wasserflaschen nach den Beamten. Neben der Polizei war auch das Militär im Einsatz, um die Region mit neuen Stacheldrahtzäunen abzuriegeln.

Unterdessen kündigte Serbiens Premierminister Aleksandar Vucic an, in Belgrad eilig ein Notlager für bis zu 3.000 Menschen zu errichten. Berichten zufolge soll das Projekt in Neu-Belgrad nahe dem Flughafen mit rund 1,5 Millionen Euro aus EU-Fonds finanziert werden; weitere 400.000 Euro seien für die medizinische und nahrungstechnische Versorgung durch das Rote Kreuz vorgesehen. 

Bereits am Freitag hatte die mazedonische Polizei versucht, den Andrang mit gepanzerten Fahrzeugen, Stacheldraht sowie Tränengas und Blendgranaten zu stoppen. Augenzeugen zufolge wurden mindestens vier Personen verletzt. Hilfsorganisationen wie das UNHCR, Ärzte ohne Grenzen und das Rote Kreuz wurden nach Angaben von Beobachtern zunächst nicht zu den Menschen im Niemandsland vorgelassen. 

Das UN-Flüchtlingswerk kritisierte die Grenzschließungen scharf. Sprecherin Melissa Fleming betonte, Schutzsuchende dürften nicht abgewiesen werden, und forderte ganz Europa auf, Mazedonien und Serbien in dieser Krise zu unterstützen. Nach UN-Schätzungen saßen zeitweise bis zu 4.000 Menschen fest. Allein im Juli hatten 50.000 Migranten griechisches Festland erreicht – mehr als im gesamten Vorjahr. Mazedonien zählte in den letzten zwei Monaten über 40.000 Ankömmlinge, die den Balkan in Richtung Serbien und Ungarn durchqueren wollen.

Um diesen Strom zu stoppen, baut Ungarn derzeit einen Zaun an der serbischen Grenze. Doch auch dort gelang es einigen Hundert Menschen, die Sperren zu überwinden. Der 18-jährige Syrer Mohammed Chalid berichtete, er sei einfach losgerannt und entkommen, während sein Bruder und viele andere von der Polizei gefasst und nach Griechenland zurückgeschickt worden seien. Das mazedonische Innenministerium verteidigte das Vorgehen und erklärte, die Sicherheitsmaßnahmen würden greifen. Man lasse im Rahmen der eigenen Kapazitäten lediglich eine kontrollierte Anzahl besonders schutzbedürftiger Migranten – vor allem aus Syrien – ins Land, um eine geordnete Versorgung sicherzustellen.",de,gemini
"Hier ist eine Neufassung im typischen Stil einer Kulturberichterstattung, die Länge und Thema beibehält:

**Machtkämpfe im Kriegsrausch: Ivo van Hoves „Kings of War“ bei den Wiener Festwochen**

Fünf Stunden dauert der theatrale Parforceritt, den Ivo van Hove und die Toneelgroep Amsterdam im Museumsquartier auf die Bühne bringen. Unter dem Titel „Kings of War“ haben sie Shakespeares Königsdramen zu einem gewaltigen Marathon verdichtet, der die englische Geschichte im Zeitraffer durchläuft. Die Wiener Festwochen zeigen diese Produktion als exklusive Premiere. Autor Rob Klinkenberg hat Vorlagen aus „Heinrich V.“, „Heinrich VI.“ und „Richard III.“ zu einem fließenden Niederländischen verknüpft, doch der eigentliche Clou liegt im Zeitsprung: Ausstatter Jan Versweyveld hat für die Aufführung in Halle E einen düsteren „War Room“ entworfen, der stark an Winston Churchills historisches Hauptquartier erinnert. Die blutigen Fehden zwischen den Häusern Lancaster und York werden so ins 20. Jahrhundert transloziert.

Kaum ist Heinrich IV. verschieden, rollt der rote Teppich für die nächste Generation aus. Der Machtkampf gleicht einem Rudel Hyänen. Heinrich V. (Ramsey Nasr) agiert als eiskalter Stratege und Musterschüler der Kriegskunst, der zwar in Frankreich siegt, beim romantischen Candle-Light-Dinner mit der Prinzessin jedoch reichlich ungelenk wirkt – bevor er kurz darauf überraschend stirbt. Ganz anders sein Nachkomme Heinrich VI. (Eelco Smits): Ein zierlicher, weinerlicher Mann mit der Ausstrahlung eines Beamten, der den Schafen gleicht, die sich willig den reißenden Wölfen des Adels zum Fraß vorwerfen. 

Van Hoves Regiekonzept offenbart sich rasch. Der mobile Gefechtsstand ist als luxuriöse Lounge eingerichtet, komplett mit Fließwasser und Computern, während eine Empore samt Posaunen und Countertenor für sakrale Klangteppiche sorgt. Doch die eigentliche Politik findet im Verborgenen statt: Aseptisch weiße Korridore, durch die eine Handkamera streift, bilden das finstere Hinterzimmer der Macht. Hier lungern die Soldaten, hier wird intrigiert, vergiftet und gestorben. 

Das Publikum wird fünf Stunden lang durchaus kurzweilig unterhalten, nicht zuletzt dank hautnaher Video-Close-ups, die jede Regung registrieren. Dennoch lässt sich der Eindruck nicht abschütteln, dass Shakespeares komplexe Stoffe hier allzu stark vereinfacht werden. Für die tieferen, fast christologischen Dimensionen des Stoffes bleibt die Inszenierung taub; das Elend des schwachen Heinrich VI. hätte durchaus das Zeug zu einer modernen Heiligenlegende gehabt. Letztlich reduziert van Hove das historische Schlachtgetümmel auf das Format einer zeitgemäßen Fernsehserie, in der politische Gier mit schlichter Alltagspsychologie erklärt wird. Wenn dann im großen Finale Richard III. (Hans Kesting) seine mordlustige Tour de Force absolviert, wirkt das vor den gemütlichen Polstermöbeln wie die narzisstische Selbstbespiegelung eines Stadttheaterstars. Dem Premierenpublikum schien das freilich wenig auszumachen – es applaudierte zufrieden.",de,gemini
"Hier ist eine inhaltlich gleiche, natürlich formulierte Nachrichtenmeldung im gleichen Umfang:

**Moskau –** Der russische Konjunkturmotor stottert weniger stark als befürchtet. Wie die Weltbank am Montag mitteilte, korrigierte sie ihre Prognose für das laufende Jahr nach oben und rechnet nun mit einem Wirtschaftsrückgang von 2,7 statt der zuvor prognostizierten 3,8 Prozent. Zu dieser Entlastung tragen vor allem der wiedererstarkte Rubel sowie steigende Ölpreise bei, nachdem das schwarze Gold zuvor monatelang an Wert verloren hatte. Da Russland rund 40 Prozent seiner Staatseinnahmen aus dem Export von Erdöl generiert, schlägt sich dies direkt positiv nieder; zudem hat sich der Teuerungstrend verlangsamt. 

Die westlichen Wirtschaftssankitionen infolge der Ukraine-Krise belasten das Land indes weiterhin. Das Moskauer Wirtschaftsministerium zeigt sich ähnlich zuversichtlich wie die Weltbank und prognostiziert ein Minus von 2,8 Prozent beim Bruttoinlandsprodukt (BIP). Unabhängige Analysten blicken dagegen skeptischer auf 2015: Der Internationale Währungsfonds (IWF) geht von einem Einbruch der Wirtschaftsleistung um 3,4 Prozent aus. 

Mit Blick nach vorn rechnet Weltbank-Expertin Birgit Hansl jedoch wieder mit schwarzen Zahlen. So soll das BIP im kommenden Jahr um 0,7 Prozent und im darauffolgenden um 2,5 Prozent zulegen. Voraussetzung dafür seien jedoch dringend nötige Strukturreformen, zeigte sich Hansl zuversichtlich, dass diese in die kommenden Haushaltspläne einfließen und den Weg für eine nachhaltige Erholung ebnen werden.",de,gemini
"**Vorarlberg verfehlt Quote bei minderjährigen Flüchtlingen deutlich**

Bregenz – Mit Ausnahme von Niederösterreich und Salzburg verfehlen derzeit alle österreichischen Bundesländer ihre Quoten bei der Unterbringung unbegleiteter minderjähriger Flüchtlinge (UMF). Wie die „Vorarlberger Nachrichten“ in ihrer Montagsausgabe berichten, erfüllt Vorarlberg die Vorgabe aktuell nur zu knapp 60 Prozent; es fehlen demnach 113 Plätze. Noch schlechter schneiden laut dem Bericht lediglich Kärnten (rund 51 Prozent) und Tirol (rund 56 Prozent) ab. Im zentralen Erstaufnahmezentrum in Traiskirchner leben weiterhin mehr als 1.000 junge Menschen.

Kritik kam unter anderem vom Vorarlberger Kinder- und Jugendanwalt Michael Rauch. Er warf der Landesregierung vor, sich in der Öffentlichkeit besser darzustellen, als es die Realität bei den UMF-Quoten erlaube. Zudem gab er zu bedenken, dass Salzburg die Vorgaben im Grunde nur durch die Nutzung einer Kaserne mit rund 200 Jugendlichen erfülle.

Landesrätin Katharina Wiesflecker (Grüne) wies die Vorwürfe zurück und kündigte an, dass das westlichste Bundesland die Quote bereits im Frühjahr wieder erfüllen werde. Der Rückstand sei vor allem darauf zurückzuführen, dass mit Jahresbeginn 50 Jugendliche volljährig geworden seien, obwohl man im Dezember noch knapp 90 Prozent der geforderten Plätze bereitgestellt habe.

Unterdessen schlug Flüchtlingskoordinator Christian Konrad in den „VN“ vor, die Kriterien für Jugendquartiere zu überprüfen. Denkbar wären demnach Erleichterungen bei der Bauordnung oder den Barrierefreiheitsrichtlinien, während die eigentlichen Betreuungsstandards uneingeschränkt erhalten bleiben müssten.",de,gemini
"Hier ist eine redigierte, natürlich formulierte Nachrichtenfassung im gleichen Stil und ähnlicher Länge:

**Uniqa stellt sich radikal neu auf: Vorstand wird mehr als halbiert**

Wien – Der Uniqa-Konzern baut seine Strukturen grundlegend um und verschmilzt sämtliche operativen Inlandsversicherungen. Damit reagiert das Unternehmen nach eigenen Angaben vom Mittwochabend auf künftige strategische Herausforderungen. Durch die Reform schrumpft die Gesamtzahl der VorstandsPosten in Österreich – inklusive der Holding – massiv von bisher 22 auf nur noch 10 Personen. Die Umsetzung soll bis spätestens Ende des ersten Quartals 2017 abgeschlossen sein.

Konkret gehen die Raiffeisen Versicherung, die Salzburger Landes-Versicherung sowie die FinanceLife Lebensversicherung in der aufnehmenden Uniqa Österreich Versicherungen AG auf. Auch an der Spitze der börsennotierten Konzern-Holding wird abpeckt: Hier sinkt die Zahl der Vorstände von fünf auf drei. Die neuen Strukturen stehen allerdings noch unter dem Vorbehalt grünes Lichts von den Behörden.

Ab 1. Juni 2016 leitet Andreas Brandstetter (CEO) gemeinsam mit Kurt Svoboda (CFO/CRO) und dem neu in den Vorstand berufenen COO Erik Leyers die Uniqa Insurance Group AG; ihre Mandate laufen bis Mitte 2020. Svoboda und Leyers übernehmen diese Ämter in Personalunion auch für die Österreich- und International-Töchter. Die bisherigen Holding-Vorstände Hannes Bogner und Thomas Münkel verlassen das Haus auf eigenen Wunsch, während sich Wolfgang Kindl künftig ganz auf den Chefposten der Uniqa International AG konzentriert.

Den Vorstand der Uniqa Österreich bilden ebenfalls ab Juni Hartwig Löger (Vorsitzender), Klaus Pekarek, Kurt Svoboda, Erik Leyers sowie Peter Eichler und Andreas Kößl (die beiden Letzteren zusätzlich auch für den internationalen Bereich). Das Gremium der Uniqa International AG wird von Wolfgang Kindl angeführt, unterstützt von Zoran Visnjic, Johannes Porak sowie den genannten Doppel-Mandataren.

Gute Nachrichten gab es unterdessen bei den Finanzen: Gestützt auf ein um knapp zwölf Prozent gestiegenes Ergebnis vor Steuern (EGT) von 422,8 Millionen Euro will Uniqa die Dividende für 2015 von 42 auf 47 Cent je Aktie erhöhen. Das Konzernergebnis kletterte sogar um 14,2 Prozent auf 331,1 Millionen Euro. Für das laufende Jahr 2016 rechnet das Management wegen anstehender Investitionen allerdings mit einer möglichen Halbierung des Ergebnisses. Der endgültige, geprüfte Geschäftsbericht wird am 14. April vorgelegt.",de,gemini
"Hier ist eine umformulierte Version im Stil eines klassischen astronomischen Monatsberichts, die Länge und Inhalt beibehält:

Astronomische Aussichten: Der März bringt neben dem kalendarischen Frühlingsbeginn am 20. März um 5:30 Uhr (Tagundnachtgleiche) auch wieder spannende Himmelsereignisse. Während die Tage spürbar länger werden – die lichten Stunden wachsen von 11:04 Uhr (Monatsanfang) auf 12:50 Uhr (Monatsende) an – zeigt sich der Mond in all seinen Phasen: Das Letzte Viertel steht am 2. bei Saturn, gefolgt von einer in unseren Breiten unsichtbaren totalen Sonnenfinsternis zum Neumond am 9. März. Das Erste Viertel ist am 15. im Stier erreicht, und am 23. folgt der Vollmond in der Jungfrau, der ebenfalls mit einer hierzulande unsichtbaren partiellen Halbschatten-Mondfinsternis einhergeht. Im Monatsverlauf begegnet der Mond zudem Jupiter (21.), Mars (28./29.) sowie Saturn (29./30.) und erreicht am 25. seine Erdferne.

Auch bei den Planeten tut sich einiges: Merkur verbirgt sich vor unseren Blicken, während Venus noch bis zum 13. tief in der Morgendämmerung im Osten ausgemacht werden kann und vom Steinbock in den Wassermann wechselt. Mars zieht von der Waage in den Skorpion und ist in der zweiten Nachthälfte zu sehen. Jupiter leuchtet als auffälliger Nachtplanet im Sternbild Löwe, und Saturn zieht im Schlangenträger ebenfalls in der zweiten Nachthälfte seine Bahnen. 

Hinweise für Sternfreunde: Die mitgelieferte Sternkarte gilt für den 1. (21:16 Uhr) bzw. den 31. (19:18 Uhr). Das Freiluftplanetarium Sterngarten Georgenberg (Wien 23) lädt am Samstag, den 19.3., um 11:30 Uhr zum Frühlingstagundnachtgleichen-Mittag an der Tierkreisscheibe ein (bei Schönwetter mit Sonnen-Mittagsdurchgang). Zudem hält das Stadtlokal (Wien 1, Walfischg. 12) am Samstag, den 5.3., um 19:00 Uhr einen Vortrag zum Thema „An der Grenzfläche von Licht und Gravitation“ mit Exkurs zu Gravitationswellen (R. Vucsina). Info-Telefon: 01 889 35 41.",de,gemini
"Hier ist eine umformulierte Version im typischen Nachrichtenstil, die Länge und Inhalt beibehält:

Die britische Polizei hat ihre permanente Überwachung der ecuadorianischen Botschaft in London, wo sich Wikileaks-Gründer Julian Assange seit Jahren aufhält, überraschend aufgegeben. Wie Scotland Yard am Montag mitteilte, wird stattdessen der verdeckte Einsatz massiv ausgebaut; die rund um die Uhr stationierten Beamten seien nicht mehr verhältnismäßig. Der 44-jährige Australier lebt bereits seit Juni 2012 in dem diplomatischen Gebäude, um einer Festnahme zu entgehen. In Schweden ist er wegen des Vorwurfs sexueller Übergriffe per Haftbefehl gesucht, weist die Anschuldigungen jedoch zurück. Assange befürchtet zudem, bei einer Auslieferung an Schweden direkt an die USA überstellt zu werden – als Strafe für die Enthüllungen seiner whistleblower-Plattform. Die bisherige, jahrelange Polizeipräsenz vor der Botschaft kostete britische Steuerzahler Schätzungen zufolge umgerechnet über 16 Millionen Euro.",de,gemini
"**Khol fordert von Regierung mehr Reformen und rügt Kanzler Faymann**

Wien – Der Chef des ÖVP-Seniorenbundes, Andreas Khol, hat die Regierungsarbeit nach den ersten sechs Monaten grundsätzlich positiv bewertet, gleichzeitig jedoch dringende Reformen bei Pensionen, im Gesundheitswesen und in der Pflege eingefordert. Die Koalition müsse handeln, mahnte Khol am Dienstag bei einer Pressekonferenz, sonst drohe das politische Streiten zum „Streit auf dem Deck der Titanic“ zu werden. 

Lob gab es zwar für die Steuerreform – auch wenn dabei nicht alle Wünsche der älteren Generation erfüllt worden seien. Ein großer Haken sei jedoch, dass rund 230.000 Bezieher von Ausgleichszulagen von der Negativsteuer für Pensionisten ausgeschlossen sind. Besonders sauer stieß Khol auf, dass der Seniorenrat zuvor monatelang vergebens um ein Gespräch mit Kanzler Werner Faymann (SPÖ) gebeten hatte. Um diesen Missstand zu bekämpfen, kündigte Khol Musterprozesse vor Höchstgerichten an. 

Um das Image der Regierung aufzubessern, sei ein Kurswechsel überlebensnotwendig, so Khol. Positiv wertete er den jüngsten, konstruktiveren Ton in der Koalition. Bei der Bekämpfung der kalten Progression, einer langjährigen Forderung des Seniorenbundes, sprach er sich gegen jährliche Mini-Steuerreformen aus. Sinnvoller sei eine automatische Anpassung der Steuerstufen an die Teuerung, wie sie der Finanzminister ins Auge gefasst habe. Gegenfinanziert werden könnte dies durch Einsparungen in der Verwaltung, etwa über das von der SPÖ ins Spiel gebrachte Bundesregierungsamt.

Auf der Reformliste des Seniorenbundes ganz oben stehen zudem die Bereiche Pensionen und Gesundheit. Khol bemängelte, dass das Bonus-Malus-Modell noch immer aussteht und es beim Pensionsmonitoring weiterhin zu Dauerstreits über die Zahlen kommt. Ingrid Korosec, Obfrau des Wiener Seniorenbundes, forderte zudem Nachbesserungen im Gesundheitssystem. Es könne nicht sein, dass es bei den Primärversorgungszentren und Gruppenpraxen bislang nur ein einziges Pilotprojekt in Wien gebe. Sie verlangte von SPÖ-Bürgermeister Michael Häupl mehr Einsatz sowie neu verhandelte Hausarzt-Verträge, die längere Öffnungszeiten und einen stärkeren Fokus auf Vorsorge ermöglichen.",de,gemini
"**„Satire muss wehtun dürfen“ – „Spiegel“-Chefredakteur Brinkbäumer im Interview**

Wien – Im Rahmen der Wiener Journalismustage stand „Spiegel“-Chefredakteur Klaus Brinkbäumer dem *STANDARD* Rede und Antwort. Im Gespräch ging es um die digitale Zukunft des Nachrichtenmagazins, den Umgang mit Kritikern sowie die Grenzen der Kunst- und Meinungsfreiheit.

Mit Blick auf das digitale Geschäft zeigt sich Brinkbäumer zufrieden: Auf rund 50.000 verkaufte Digitalhefte und ein profitables Online-Portal könne man aufbauen. In Kürze starten die Tests für ein neues Bezahlmodell. Das verstaubte Wort „Bezahlschranke“ mag der Chefredakteur allerdings nicht; man wolle die Leserschaft nicht vergraulen, sondern exklusiven, hochwertigen Journalismus anbieten, der seinen Preis wert sei. Während aktuelle Tagesnachrichten überwiegend frei zugänglich bleiben sollen, kosten künftig tiefgründige und exklusive Stücke Geld. Als Vorbild dient dabei vor allem die *New York Times*. 

Auch dem Thema Adblocker will man künftig entschlossener entgegentreten. Ähnlich wie andere große Verlagshäuser könne er sich technische Sperren vorstellen, um den Qualitätsjournalismus adäquat zu finanzieren, so Brinkbäumer. 

In der Debatte um hitzige Leserforen und den Vorwurf der „Lügenpresse“ setzt der „Spiegel“ auf Offenheit statt Schließung. Man stelle sich bewusst der Diskussion, sei besser erreichbar und halte nichts davon, sich einschüchtern zu lassen. Journalistische Fehler müssten zwar eingestanden werden, doch lasse man sich von unberechtigten Verunglimpfungen nicht beirren. Das Magazin arbeite unabhängig; weder Politiker noch Anzeigenkunden diktierten die Inhalte.

Zur oft kritisierten Nennung der Herkunft von Straftätern verwies Brinkbäumer auf die Richtlinien des Presserats. Wichtig sei vor allem, sachlich und frei von Xenophobie zu berichten – insbesondere bei Tatverdächtigen vor einer rechtskräftigen Verurteilung. 

Deutliche Worte fand Brinkbäumer zum Fall des Türkei-Korrespondenten Hasnain Kazim, der aus Sicherheitsgründen abgezogen werden musste. Man kapituliere keineswegs vor Präsident Erdoğan, betonte der Chefredakteur: „Natürlich schreiben wir weiter“, jedoch sei an eine journalistische Arbeit vor Ort ohne Akkreditierung nicht mehr zu denken gewesen. 

Großen Rückhalt äußerte Brinkbäumer für den Satiriker Jan Böhmermann im Zuge der sogenannten Schmähkritik-Affäre. Satire dürfe alles, auch wenn nicht jeder Beitrag auf Gegenliebe stoße. Die Meinungsfreiheit dürfe dort nicht enden, „wo es wehtut“. Kanzlerin Merkel habe mit ihrem Vorgehen in der Causa jedenfalls falsch gelegen und sich nicht auf Erdoğans Seite stellen dürfen.

Angesprochen auf den geleakten internen „Innovationsreport“ zeigte sich Brinkbäumer unbeeindruckt. Solche Papiere seien dazu da, Schwächen angstfrei zu benennen und das Haus fit für die Zukunft zu machen. Von internem Streit zwischen Online- und Printredaktion, wie er oft kolportiert wird, sei längst nichts mehr zu spüren. Vielmehr ziehe man bei großen Projekten und Recherchen längst fest an einem Strang.",de,gemini
"Hier ist eine inhaltlich identische, natürlich klingende und in Umfang und Stil an den Originaltext angepasste Version für einen Nachrichten- oder Kulturbeitrag:

Eigentlich sollte es eine streng limitierte Sammlerstück-Rarität bleiben: Die Erstauflage von Wolf Wondratscheks Gedichtband *For a Life without a Dentist* war mit genau 444 Exemplaren bedruckt – und diese waren nach nur wenigen Wochen vergriffen. Da ohnehin einige Korrekturen anstanden, entschlossen sich Autor und Verlag kurzum zu einer zweiten Auflage mit weiteren 500 Stück. Der Titel des Bändchens, nach dem sich wohl die meisten Leser, aber kaum Zahnärzte sehnen, geht auf ein Kunstwerk des Malers Martin Kippenberger aus dem Jahr 1984 zurück. Die insgesamt 42 Gedichte entstanden teils für den Dichter selbst, vor allem aber für seinen am 27. Juli 1991 geborenen Sohn Raoul. 

„Das erste Gedicht habe ich am Tag seiner Geburt geschrieben“, erzählt der in Wien und München lebende Autor. In diesem Moment seien gleich zwei Menschen auf die Welt gekommen: sein Sohn und er selbst, und das in einer Rolle, auf die er völlig unvorbereitet war – als Vater. Das Werk bildet damit eine poetische Parallele zu Wondratscheks Roman *Das Geschenk* aus dem Jahr 2011. Darin beschreibt er sein Alter Ego Chuck, einen reiferen Mann – Wondratschek war selbst 49 Jahre alt, als sein Sohn zur Welt kam –, der im fortgeschrittenen Alter noch Vater wird. Ein Rezensent der Frankfurter Allgemeinen Zeitung brachte diese Haltung treffend auf den Punkt: Vater ja, angepasst niemals!

Obwohl Wondratschek und sein Sohn ab dem fünften Lebensjahr des Jungen getrennt lebten, bezeichnet er ihre Beziehung als äußerst eng. Das gängige Klischee vom benachteiligten Scheidungskind lässt der Autor nicht gelten: „Normalerweise hätte mein Sohn missraten müssen, er ist ein uneheliches Kind, er trägt auch nicht meinen Namen, dem fehlt die Nestwärme.“ Doch solche Vorurteile greifen für ihn zu kurz; andernfalls hätte beispielsweise auch ein Geist wie Hermann Hesse nie hervorgebracht werden können. Sorgenvolle Blicke, ob sich etwas in Raoul zu Ungunsten entwickeln könnte, hat er sich nie erlaubt. Ein ungeschütztes Kind sei für ihn letztlich viel spannender als ein behütetes.

Zu klassischen Anlässen wie Geburtstag oder Weihnachten überreichte der Vater seinem „Raoulito“ statt Geld traditionell einen Zettel mit einem frisch verfassten Gedicht. Ganz ohne Gebrauchsanweisung oder pädagogischen Zeigefinger. Wondratschek ist überzeugt: „Beziehung ist ein Spiel, das am besten funktioniert, wenn man sich Botschaften zukommen lässt, über die man nicht spricht.“ Die dahinterstehende Botschaft sei simpel: Du bist mir wichtig, deshalb schenke ich dir das, was mir selbst am meisten bedeutet – die Poesie. 

Dabei ging es ihm stets um Absichtslosigkeit. Kinder seien oft in ständiger Alarmbereitschaft, weil Erwachsene ihnen ständig etwas beibringen wollen, nach dem Motto: Ich habe länger gelebt, also weiß ich es besser. Diesem Drang zur Belehrung hat sich Wondratschek konsequent entgegengestellt, auch wenn er in dem Band ausnahmsweise einen Rat erteilt: *„RAT AN MEINEN SOHN / In jedem Raum / gibt es eine Ecke, die interessanter ist / als die übrigen drei – / und der setze dich / gegenüber.“* 

Ansonsten hält er wenig von den typischen Inszenierungen, etwa wenn Väter vorgeben, ein Spaziergang diene der reinen Erholung, während sie insgeheim eine Standpauke halten wollen. Er selbst hätte sich in seiner Jugend ein Zuhause gewünscht, in dem weniger befohlen wird. So nahm er die Vaterschaft auch als Chance zur Selbstreflexion und Erziehung: Wie vermittelt man jemanden das Gefühl, dass das eigene Leben zählt? 

Mittlerweile hat Raoulito Medientechnik studiert und verschiedene Verlagsvolontariate absolviert, ohne sich bereits endgültig auf einen Karriereweg festgelegt zu haben. Für den Vater kein Problem: Man müsse nicht schon in jungen Jahren wissen, wo die Reise im Leben hingeht. Ein Elternteil beurteile den Nachwuchs schließlich nicht nach beruflichen Ambitionen, sondern nach dessen Wesen – nach Neugier, Anstand und Empathie. „Ich hätte mich sehr gewundert, wenn mein Sohn zu einem Karrierefreak geworden wäre“, schmunzelt Wondratschek. 

Zum Abschied hat der Autor der Leserschaft noch ein ganz besonderes Geschenk gemacht: Neben den Gedichten für seinen Sohn stellt er ein bislang unveröffentlichtes Werk exklusiv zum Abdruck zur Verfügung – zu finden im obigen Kasten. Ein herzlicher Dank geht an den Autor.",de,gemini
"Hier ist eine überarbeitete Version im natürlichen Nachrichtenstil, die den Inhalt und die Länge des Originals beibehält:

**New York – Mit dem geplanten Kauf des Datenspeicherspezialisten EMC will Dell seine Marktposition deutlich ausbauen und im Wettbewerb mit Konkurrenten wie Hewlett-Packard schlagenkräftiger werden.** 

Den EMC-Anktionären soll ein Angebot von insgesamt 33,15 Dollar je Aktie unterbreitet werden. Darin enthalten sind 24,05 Dollar in bar sowie ein spezielles Wertpapier, das den Anteil an der EMC-Softwaretochter VMware abbildet. Dies entspricht einem Aufschlag von knapp 20 Prozent gegenüber dem EMC-Schlusskurs vom Freitag. Entsprechende Gerüchte über eine bevorstehende Transaktion hatten bereits seit Tagen die Runde gemacht.

Gründer Michael Dell, der sein Unternehmen vor zwei Jahren mit Unterstützung von Finanzinvestoren für 25 Milliarden Dollar von der Börse genommen hatte, wagt nun den nächsten Großangriff. Berichten zufolge müssen Dell und sein Partner Silver Lake hierfür frisches Kapital in Höhe von rund 40 Milliarden Dollar bei Banken aufnehmen. Nach Vollzug der Transaktion sollen die Investoren etwa 70 Prozent der Anteile halten, während Michael Dell die Führung des fusionierten Konzerns übernimmt.

Die komplexe Struktur des Deals ist vor allem dem Umstand geschuldet, dass ein Großteil des EMC-Werts auf die rund 80-prozentige Beteiligung an VMware entfällt. VMware ist auf virtuelle Computer zur Effizienzsteigerung von Rechenzentren spezialisiert und gilt in der Branche als deutlich wachstumsstärker als das klassische Speichergeschäft von EMC, das zunehmend unter Druck gerät. Die bisherige Tochter soll auch künftig als eigenständiges Unternehmen an der New Yorker Börse gelistet bleiben. 

Bis zum geplanten Abschluss Mitte kommenden Jahres müssen noch die Behörden und die Aktionäre grünes Licht geben. Zudem sieht die Vereinbarung eine Klausel vor, die es EMC erlaubt, während einer Übergangsfrist Gegenangebote einzuholen – darüber berichtete die „Financial Times“. Damit soll vor allem der aktivistische Investor Elliott Management besänftigt werden, der seit längerem eine Abspaltung von VMware gefordert hatte und das Dell-Angebot nun offenbar unterstützen will. Ob andere Tech-Giganten wie Microsoft oder Cisco noch in den Bieterwettstreit einsteigen, bleibt abzuwarten.

Für Michael Dell weckt das Vorgehen Erinnerungen an den eigenen Börsenrückzug, bei dem er sich monatelang mit dem streitlustigen Investor Carl Icahn duellierte, ehe eine Einigung erzielt wurde. Neben den strategischen Vorteilen löst der Verkauf für EMC zudem eine personelle Frage: Der 68-jährige Vorstandschef Joe Tucci, der das Unternehmen seit 2001 lenkt, bereitet damit seinen lang ersehnten Ruhestand vor.

Mit der Transaktion wird zudem ein neuer Rekord aufgestellt: Bisher galt die Übernahme des Chipherstellers Broadcom durch den Konkurrenten Avago im Mai für 37 Milliarden Dollar als grösster Deal der Technologiebranche in diesem Jahr.",de,gemini
"Hier ist eine überarbeitete Version im typischen Stil einer Nachrichtenagentur (wie APA oder DPA):

**Wien – ÖAW-Präsident fordert Kurswechsel in der Wissenschaftspolitik**

Der Präsident der Akademie der Wissenschaften (ÖAW), Anton Zeilinger, fordert vom künftigen Staatsoberhaupt massiven Rückhalt für den Forschungsstandort Österreich. Angesichts chronischer Budgetkrisen – insbesondere beim Wissenschaftsfonds FWF – könne es „so nicht weitergehen“, betonte Zeilinger im Vorfeld der ÖAW-Jahresfeier am Freitag. Da der Bundespräsident traditionell die Schirmherrschaft über die Akademie innehat, blickt man in der ÖAW mit großer Spannung auf die Wahl am Sonntag. 

Namen nennt Zeilinger im Wahlkampf keine, macht jedoch unmissverständlich klar, worauf es ankommt: Der neue Amtsinhaber müsse den internationalen Charakter von Wissenschaft verstehen und die Akademie vor allem bei europäischen Projekten stark unterstützen. Auch die finanzielle Notlage des FWF müsse gelöst werden. Nachdem kürzlich bereits die Junge Kurie vor Schäden für den Forschungsstandort gewarnt hatte, forderte Zeilinger von der Politik ein Umdenken. Er habe zwar Verständnis für höhere Sicherheitsbudgets, könne aber nicht nachvollziehen, „dass man nicht gleichzeitig die Ausgaben für Wissenschaft kräftig erhöht“. Sonst laufe man Gefahr, „dass wir uns gut sichern können, aber nicht mehr wissen, was wir sichern sollen.“

**Akademie-Reform erfolgreich abgeschlossen**

Positive Nachrichten vermeldete Zeilinger indes zur internen Reform der ÖAW, die nach jahrelangen Debatten nun „kollegial“ beendet wurde. Mit einer neuen Satzung und Geschäftsordnung sei die Trennung von Gelehrtengesellschaft und Forschungsträger weitgehend vollzogen worden. Die beiden Klassen der Gelehrtengesellschaft kümmern sich künftig um wissenschaftliche Aktivitäten, während die Institutsverwaltung ausgelagert ist. Als Bindeglied fungiert der Präsident sowie ein neu aufgestellter Akademierat, der künftig frei von Institutsbeschäftigten sein wird. 

Einzig bei der geplanten Zusammenlegung der Mitgliederkategorien fehlte am Ende die nötige Zwei-Drittel-Mehrheit – ein Votum, das Zeilinger demokratisch akzeptierte. Weitere Neuerungen umfassen die Umbenennung der Jungen Kurie in „Junge Akademie“, schärfere Kontrollmechanismen für den Finanzchef sowie strengere Compliance-Regeln nach dem Public Corporate Governance Kodex.

Nachdem diese strukturellen Fragen geklärt sind, will sich Zeilinger voll auf inhaltliche Prioritäten konzentrieren. Dazu gehören die vorangetriebene Internationalisierung – wie etwa ein neues Abkommen mit Kuba – sowie eine stärkere Öffnung der Akademie für gesellschaftliche Debatten. Noch in diesem Jahr sollen zwei ÖAW-Studien zu den Themen „Digitaler Stillstand“ und „Mobilität“ veröffentlicht werden.",de,gemini
"Hier ist eine umformulierte Version im natürlichen Nachrichtenstil, die in Länge und Inhalt dem Original entspricht:

**Razzien gegen Missbrauchsbildernetzwerk: Dutzende Festnahmen**

Mexiko-Stadt – Bei einem großangelegten internationalen Einsatz gegen Kinderpornografie sind in den USA, Spanien und mehreren Ländern Lateinamerikas mindestens 60 mutmaßliche Täter festgenommen worden. Wie die mexikanische Sicherheitskommission CNS am Sonntag bekannt gab, sollen die Verdächtigten verbotenes Material über das Internet verbreitet haben. Im Zuge der koordinierten Durchsuchungen wurden zudem vier Minderjährige aus den Händen der mutmaßlichen Täter befreit, darunter drei Mädchen im Alter von neun, 14 und 15 Jahren in Mexiko. An der grenzüberschreitenden Operation, die vom FBI und südamerikanischen Behörden geleitet wurde, waren insgesamt zwölf Staaten beteiligt – neben den USA, Spanien und Mexiko auch zahlreiche süd- und mittelamerikanische Länder wie Argentinien, Brasilien und Kolumbien.",de,gemini
"Hier ist eine in Ton und Länge vergleichbare Neufassung im typischen Nachrichtenstil:

**Wirtschaftskammer-Chef kritisiert zu geringe Anreize für Jobsuche**

Wien – Trotz aktuell rund 376.500 Arbeitslosen in Österreich sieht Wirtschaftskammer-Präsident Christoph Leitl prinzipiell ausreichend Beschäftigungsmöglichkeiten. In einem Interview mit dem „Volksblatt“ betonte er, dass prinzipiell jeder einen Job finden könne, der arbeiten wolle – auch wenn dieser vielleicht nicht direkt vor der Haustür oder im Traumberuf liege. 

Kritisch äußerte sich Leitl vor allem zur Mindestsicherung: Es störe ihn spürbar, dass Bezieher dieser Unterstützung samt Zusatzleistungen netto oft auf ein ähnliches Einkommen kommen wie Personen, die für 1.700 Euro brutto arbeiten. Dadurch fehle der nötige Anreiz zur Arbeitsaufnahme. Mit Blick auf die heimische Wirtschaft forderte Leitl zudem mehr Realismus bei den Lohn- und Produktionskosten. Österreich müsse seine „Komfortzone“ verlassen, um im globalen Wettbewerb gegen die starke Konkurrenz aus Asien und Amerika bestehen zu können.",de,gemini
"Hier ist eine für den Nachrichtenkonsum aufbereitete Version in eigenem Stil, die Länge und Inhalt des Originals beibehält:

**Österreichs Ruf als Wirtschaftsstandort bleibt durchforstet von Altlasten. Vor allem die hohe steuerliche Belastung des Faktors Arbeit trübt das Bild.**

Wien – Im renommierten Wettbewerbsranking der Schweizer Managementhochschule IMD kommt Österreich auch in diesem Jahr nicht über ein mittelmäßiges Zeugnis hinaus. Zwar ging es im Vergleich zum Vorjahr um zwei Ränge auf Platz 24 nach oben, im innereuropäischen Vergleich hinkt die Alpenrepublik jedoch weiter hinterher. Besonders beim Steuersystem orten die Studienautoren massiven Handlungsbedarf: Unter den 61 evaluierten Staaten belegt Österreich hier den drittletzten Platz. Sowohl Arbeitnehmer als auch Unternehmen ächzen unter einer international überdurchschnittlichen Steuerlast, erklärt Christos Cabolis, Chefökonom der Studieneinheit, im Gespräch mit dem STANDARD. 

Auch bei der Staatsverschuldung und dem Budgetdefizit rangiert Österreich im hinteren Drittel, wenngleich internationale Manager hier im Jahresvergleich eine positive Trendwende wahrgenommen haben. Das IMD-Ranking stützt sich zu einem Drittel auf Umfragedaten von rund 5.400 Führungskräften weltweit, während die restlichen zwei Drittel aus harten Wirtschaftsdaten einfließen. Insgesamt fließen 340 Kriterien in vier Hauptkategorien ein: Wirtschaftslage, Verwaltungseffizienz, Unternehmensleistung und Infrastruktur.

Starke Infrastruktur als Trostpflaster
In der letztgenannten Disziplin kann Österreich traditionell punkten. Cabolis relativiert die heftige Kritik an der Abgabenquote daher ein Stück weit: Die hohen Steuern würden schließlich in eine überdurchschnittliche Infrastruktur fließen. So sei die Zufriedenheit mit öffentlichen Leistungen, etwa im Transport- und Logistiksektor, spürbar gestiegen, was auf frühere Investitionen zurückzuführen sei. 

Dennoch hat der Standort in den Chefetagen über die vergangenen zehn Jahre deutlich an Glanz verloren. 2007 belegte Österreich noch Rang elf im IMD-Vergleich, und auch im Wettbewerbsindex des Weltwirtschaftsforums ging es zwischen 2008 und 2015 von Platz 14 auf 23 bergab.

Spitzenreiter bleiben stabil
An der Weltspitze herrscht unterdessen Kontinuität: Die Top-Vier-Plätze sind seit sechs Jahren fest vergeben. Während im Vorjahr noch die USA ganz oben standen, überholten sie nun Hongkong und die Schweiz. Als europäische Aushängeschilder positionieren sich Schweden, Dänemark, Irland und die Niederlande, während osteuropäische Staaten wie Lettland oder die Slowakei kräftig aufholen. 

Laut Cabolis sollte man kleinere Schwankungen im Ranking nicht überbewerten, da das Ergebnis stets relativ zur Entwicklung der Konkurrenz zu betrachten sei. Dennochspiegeln solche Indizes das Stimmungsbild der Wirtschaft treffend wider. Global gesehen zeigt der Index zudem, dass die Schere zwischen arm und reich in den letzten zwanzig Jahren zwar stark auseinandergegangen ist, sich das Wachstum dieser Ungleichheit zuletzt aber verlangsamt hat. Am unteren Ende der Skala rangiert unverändert das krisengeschüttelte Venezuela auf dem letzten Platz, während Chile mit Rang 36 das bestplatzierte südamerikanische Land bleibt.",de,gemini
"**Linz – Wegen islamfeindlicher Aussagen auf Facebook stehen zwei Linzer FPÖ-Gemeinderäte in der Kritik. Während die Staatsanwaltschaft Ermittlungen eingeleitet hat, verlangen Grüne und Sozialistische Jugend den sofortigen Rücktritt der Mandatare.**

Auslöser war ein Bericht der Tageszeitung „Österreich“, die Auszüge aus einer Facebook-Konversation öffentlich gemacht hatte. Darin hatte FPÖ-Gemeinderätin Susanne Walcher einen Vorschlag von Wirtschaftskammerpräsident Christoph Leitl für ein aufgewertetes Integrationsjahr mit herabwürdigenden Worten über Muslime kommentiert. Parteikollege Markus Kraz ergänzte die Aussagen mit weiteren spöttischen Bemerkungen über Asylwerber. Inzwischen prüft die Staatsanwaltschaft, ob die Einträge den Tatbestand der Verhetzung erfüllen.

Die politische Reaktion ließ nicht lange auf sich warten. Philipp Stadler, Vorsitzender der Linzer Sozialistischen Jugend, forderte die Mandennachfolge und legte den Politikern sarkastisch den Besuch einer „Werteschulung“ nahe. Die grüne Klubobfrau Ursula Roschger nannte den Vorfall „abstoßend und verwerflich“ und forderte Konsequenzen. Sie warf zudem SPÖ-Bürgermeister Klaus Luger vor, sehenden Auges eine Koalition mit der FPÖ eingegangen zu sein, und forderte die Landespartei auf, einzugreifen.

Die FPÖ-Führung reagierte gespalten. Fraktionsobmann Günther Kleinhanns kritisierte den Beitrag zwar als unsachlich, nahm seine Parteifreunde aber weitgehend in Schutz. Eine strafbare Verhetzung liege schon deshalb nicht vor, weil es sich um einen nicht-öffentlichen Facebook-Beitrag gehandelt habe. Gleichzeitig versuchte er, die Aussagen als emotionale Momentaufnahme besorgter Eltern zu rechtfertigen, deren Sorgen von der Politik zu lange ignoriert worden seien.",de,gemini
"**EU-Sondergipfel: 100.000 neue Plätze und schärfere Grenzkontrollen an der Balkanroute**

BRÜSSEL – Angesichts der anhaltenden Flüchtlingskrise haben sich die Staats- und Regierungschefs der am stärksten betroffenen Staaten bei einem Krisengipfel in Brüssel auf einen 17-Punkte-Aktionsplan verständigt. Das teils unkoordinierte Vorgehen entlang der Balkanroute habe gezeigt, dass nationale Alleingänge nicht ausreichen, betonte EU-Kommissionspräsident Jean-Claude Juncker. Ziel des Abkommens zwischen elf europäischen Ländern ist es, die Migration besser zu steuern, die Außengrenzen zu sichern und eine humanitäre Katastrophe zu verhindern. 

Kernstück des Plans ist die Schaffung von insgesamt 100.000 zusätzlichen Unterkünften für Flüchtlinge. Bis Jahresende sollen mit Unterstützung der EU und des UNHCR zunächst 50.000 Plätze in Griechenland entstehen, weitere 50.000 entlang der Route bis nach Österreich. Zudem soll das sogenannte Durchwinken von Migranten in Nachbarländer sofort gestoppt werden. Die EU setzt stattdessen auf eine strengere Registrierung mittels biometrischer Daten, eine verstärkte Zusammenarbeit mit der Grenzschutzagentur Frontex bei Rückführungen sowie mehr Kontrollen an neuralgischen Punkten. Um den Menschenschmuggel einzudämmen, sollen unter anderem innerhalb einer Woche Hunderte Polizisten nach Slowenien entsandt werden.

Der Plan sieht zudem vor, Migranten von einer eigenmächtigen Weiterreise nach Mitteleuropa abzuhalten. Wer sich auf eigene Faust auf den Weg macht, verliert demnach den Anspruch auf Unterstützung und muss mit illegaler Einreise rechnen. 

Trotz des schnellen Beginns der Umsetzung ab Montag blieben Details mancher Maßnahmen umstritten. So gab es Unklarheiten über die konkrete Unterbringung in Griechenland: Während die Regierung in Athen von einer Kombination aus Wohnungen und Registrierzentren sprach, riefen die Beschlüsse bei einigen EU-Partnern auch Skepsis hervor. Aus Berlin und von Hilfsorganisationen kam die Mahnung, dass die Vereinbarungen rasch in die Tat umgesetzt werden müssten. Deutschlands Kanzleramtsminister Peter Altmaier wertete das Paket als wichtigen, aber erstem Schritt. Österreichs Innenministerin Johanna Mikl-Leitner zeigte sich hingegen zufrieden und sprach von einer dringend notwendigen Kursänderung in der europäischen Flüchtlingspolitik.",de,gemini
"Hier ist eine überarbeitete Version im natürlichen Nachrichtenstil, die in Länge und Inhalt dem Original entspricht:

**Italiens Regierung beschließt Hilfspaket für Bankensektor**

Rom, 30. Apr (Reuters) – Um den angeschlagenen Bankensektor des Landes zu entlasten, hat die italienische Regierung neue Unterstützungsmaßnahmen beschlossen. Ein am Freitag verabschiedeter Erlass soll den Geldhäusern vor allem helfen, offene Kredite künftig deutlich schneller einzutreiben. Ministerpräsident Matteo Renzi erklärte, dadurch könne sich die Verfahrensdauer von bislang sechs bis acht Jahren auf gerade einmal sechs bis acht Monate verkürzen. Ziel des Dekrets sei es, die tiefgreifenden Probleme der Banken nachhaltig zu beseitigen. 

Konkret soll es für die Institute künftig einfacher werden, auf als Sicherheiten hinterlegte Firmenwerte zuzugreifen. Privatkredite, wie etwa Hypotheken von Verbrauchern, sind von der Regelung hingegen ausgenommen. Darüber hinaus ist eine Entschädigung für rund die Hälfte jener 10.000 Kleinanleger vorgesehen, die im vergangenen Jahr bei der staatlichen Rettung von vier kleineren Banken durch den Ausfall von Anleihen Verluste erlitten hatten. Dieser Vorfall hatte der Regierung seinerzeit heftige Kritik eingebracht. 

Italiens Kreditinstitute leiden vor allem unter einer massiven Welle fauler Kredite im Volumen von etwa 360 Milliarden Euro, die sich in Folge der jahrelangen Wirtschaftsschwäche aufgetürmt haben. Erst vor Kurzem hatte die Finanzbranche unter Federführung der Regierung bereits einen milliardenschweren Rettungsfonds zur Stabilisierung der Krisenbanken ins Leben gerufen.",de,gemini
"Hier ist eine überarbeitete Version im natürlichen Nachrichtenstil, die das Thema und die Länge des Originals beibehält:

**Linz – Die Erwartungen an die katholische Kirche haben sich gewandelt: Gläubige und Skeptiker wünschen sich vor allem mehr Einsatz für Schwache, Obdachlose und Flüchtlinge, während die klassische Missionierung kaum noch gefragt ist. Das zeigt eine aktuelle Umfrage des Linzer Market-Instituts für den „Standard“ kurz vor dem Osterfest.**

Ostern polarisiert dabei in religiöser Hinsicht: Während die Frage, ob das Fest im Kern heidnisch sei, auf geteilte Meinungen stößt (50 Prozent verneinen dies, jeder Fünfte stimmt zu), erfreut sich der Osterhase mit 81 Prozent breiter Sympathie. Die Auferstehung Jesu als eigentlicher Kern des Osterglaubens wird hingegen nur noch von jedem zweiten Österreicher gefeiert. Vor allem bei Jüngeren verliert das religiöse Motiv an Bedeutung: Während 63 Prozent der über 50-Jährigen die Auferstehung zelebrieren, ist es bei den unter 29-Jährigen nur noch jeder Dritte. Neun Prozent können mit christlichen Festen gar nichts anfangen, wobei diese Haltung besonders bei Grün-Wählern verbreitet ist.

Auf die Frage, ob die Kirche in krisenhaften Zeiten die richtigen Antworten liefere, zeigt sich anhaltende Skepsis: Gerade einmal ein Prozent der Befragten sieht dies „ganz bestimmt“ gegeben – in den Jahren 2008 und 2012 waren es noch bis zu sieben Prozent gewesen. 15 Prozent stimmen eher zu, aber 58 Prozent verneinen dies eher und 24 Prozent sagen „nein, gar nicht“. Institutschef David Pfarrhofer merkt an, dass die komplette Ablehnung mit 24 Prozent niedriger liegt als noch zu Beginn des Jahrzehnts, ob dies jedoch am Pontifikat von Papst Franziskus liege, bleibe Spekulation.

Gleichzeitig sehen die Menschen einen massiven Reformbedarf. Der Eindruck, dass sozial Schwache in der Kirche eine Heimat finden, ist Umfragen zufolge gesunken – von 83 Prozent vor drei Jahren auf aktuell 68 Prozent. Auch für Familien und Arbeiter wird die Kirche demnach weniger als Anlaufstelle wahrgenommen.

Stattdessen stehen neue Prioritäten auf der Wunschliste: Ganz oben rangiert die Forderung, sich intensiver um sozial Benachteiligte und Schwerkranke zu kümmern. Weniger wichtig sind den Befragten – besonders den Jüngeren – hingegen der Erhalt von Kirchengebäuden oder die Jugendarbeit. Ganz am Ende der Erwartungen liegt die traditionelle Glaubensverbreitung: Nur 19 Prozent möchten, dass die Kirche den Menschen stärker den Weg zu Gott weist; 49 Prozent finden, sie tut darin bereits genug, und 23 Prozent fordern sogar, weniger auf Gott zu verweisen. Die Bekehrung von Andersgläubigen lehnen sogar 53 Prozent der Befragten ab.",de,gemini
"Hier ist eine umformulierte Version im natürlichen Nachrichtenstil, die Länge und Thema beibehält:

**ORF-Budget 2016 eine ""Herausforderung"" – Grünes Licht für Teilfinanzierung des Küniglbergs**

Wien – Der ORF steht im kommenden Jahr vor massiven finanziellen Hürden. Wie Finanzdirektor Richard Grasl am Donnerstag nach einer Stiftungsratssitzung in Wien betonte, wird das Budget 2016 zu den härtesten der vergangenen Jahre zählen. Neben steuerlichen Änderungen belasten vor allem Rückstellungen für eine Betriebsratsklage sowie das neue Frühfernsehen die Finanzen. Letzteres verursacht Nettokosten von rund sechs Millionen Euro. Zudem mussten laut Generaldirektor Alexander Wrabetz ausreichende Rücklagen für den Streit mit dem Zentralbetriebsrats bezüglich der Vordienstzeiten gebildet werden. 

Positiver fiel hingegen der Rückblick auf das laufende Jahr aus: Dank eingeleiteter Gegenmaßnahmen werde der ORF trotz eines schwierigen Werbe- und Finanzmarktumfelds auch 2015 ein ausgeglichenes Ergebnis vorlegen und wirtschaftlich auf Kurs bleiben, so der kaufmännische Direktor.

Einstimmig bzw. mit großer Mehrheit fiel im Stiftungsrat zudem die Entscheidung zugunsten einer ORF-Anleihe aus. Damit ist der Weg frei, einen Teil des rund 300 Millionen Euro schweren Bauvorhabens am Wiener Küniglberg – darunter Sanierungen und der geplante Newsroom-Zubau – über den Kapitalmarkt zu finanzieren. Nach Prüfung diverser Optionen, wie etwa Leasing-Modellen, habe sich eine Privatplatzierung als beste Lösung erwiesen, so Grasl. 

Bereits kommende Woche startet die Platzierung am Markt, begleitet von der UniCredit Bank Austria. Zeichnungsberechtigt sind allerdings ausschließlich Groß- und institutionelle Investoren. Bis zum 23. Oktober soll feststehen, wie viele Papiere abgesetzt werden konnten und wie hoch der Zinssatz ausfällt. Stiftungsrat Thomas Zach zeigte sich erfreut über diesen ""nächsten Meilenstein"" für das Großprojekt am Standort Küniglberg.",de,gemini
"Hier ist eine natürlich formulierte, journalistische Version im gleichen Stil und ähnlicher Länge:

**Tokio – Eine Serie von vermeintlichen Sachbeschädigungen an Autos hat in der japanischen Stadt Matsue die Polizei tagelang in Atem gehalten. Wie die Zeitung „Yomiuri Shimbun“ berichtete, hatten sich Dutzende Autofahrer gemeldet, weil die Gummibeschichtungen ihrer Scheibenwischer abgerissen worden waren. Die Polizei leitete daraufhin großangelegte Ermittlungen ein und setzte rund 50 Beamte für Tag- und Nachtpatrouillen in dem betroffenen Wohngebiet ein. Das Rätsel löste sich schließlich durch den Einsatz von Überwachungskameras: Als Täter wurden freche Krähen überführt, die das Gummi offenbar als perfektes Material für den Nestbau für sich entdeckt hatten. Angesichts der ungewöhnlichen Diebe blieben den Beamten am Ende nur Humor und Ratlosigkeit – verhaften konnten sie die gefiederten Täter schließlich nicht.** *(dpa, 17.6.2015)*",de,gemini
"Hier ist eine überarbeitete Version im natürlichen Nachrichtenstil, die Länge und Thema beibehält:

**Aufatmen im Profifußball: Befristete Spieler-Verträge bleiben erlaubt**

Im Grundsatzstreit um die Lizenzspieler-Verträge hat das Landesarbeitsgericht Rheinland-Pfalz zugunsten des FSV Mainz 05 entschieden. Damit ist der Weg frei für die gängige Praxis befristeter Kontrakte im Profisport, was Vereine und Verbände vor weitreichenden Folgen bewahrt. Geklagt hatte der ehemalige Mainzer Torhüter Heinz Müller, dessen Vertrag im Sommer 2014 nach zwei Jahren ausgelaufen war. Er hatte gefordert, sein Arbeitsverhältnis als unbefristet einzustufen. 

Das Mainzer Arbeitsgericht hatte Müller in erster Instanz noch Recht gegeben. Es argumentierte, Fußballprofis müssten wie reguläre Arbeitnehmer behandelt werden, was dauerhafte Zeitverträge ohne speziellen Sachgrund unzulässig mache. Die Branche hatte daraufhin alarmiert vor Zuständen wie nach dem „Bosman-Urteil“ und dem Kollaps des Transfersystems gewarnt. Mainz-Präsident Harald Strutz hatte unter anderem zu Bedenken gegeben, dass man bei unbefristeten Verträgen riesige Kader von 50 bis 60 Spielern anhäufen müsste und Profis über gesetzliche Kündigungsfristen ablösefrei den Verein hätten verlassen können.

Das Landesarbeitsgericht hat dieses erstinstanzliche Urteil nun komplett kassiert und Müllers Klage abgewiesen. Das Gericht stellte klar, dass die Entscheidung über den Einsatz eines Spielers im freien Ermessen des Trainers liegt. Auch die Ausbootung Müllers durch den damaligen Coach Thomas Tuchel, durch die der Torhüter um eine mögliche Verlängerungsklausel gebracht wurde, sei rechtlich nicht zu beanstanden gewesen. 

Die Deutsche Fußball Liga (DFL) reagierte erleichtert auf das klare Votum. Ganz ausgestanden ist das Thema allerdings noch nicht: Das Gericht ließ die Revision beim Bundesarbeitsgericht zu. Ob Müller und sein Rechtsbeistand diesen Schritt gehen, wollen sie nach eingehender Prüfung des Urteils entscheiden.",de,gemini
"Hier ist eine überarbeitete Version im natürlichen Nachrichtenstil:

**Hamburg – Der entlassene „Welt“-Kolumnist Matthias Matussek geht juristisch gegen seinen Rauswurf vor und reicht Klage beim Arbeitsgericht ein. Das berichtet die „Süddeutsche Zeitung“. Hintergrund des Streits sind umstrittene Facebook-Beiträge Matusseks nach den Terroranschlägen von Paris. Er hatte dort unter anderem geschrieben, der Terror werde die Debatte über offene Grenzen und Hunderttausende unregistrierte junge Männer im Land in eine „neue frische Richtung“ bewegen, und den Post mit einem Smiley versehen. „Welt“-Chefredakteur Jan-Eric Peters kritisierte die Äußerung als „durchgeknallt“. Nach einer Eskalation des internen Streits zog der Axel-Springer-Verlag die Konsequenzen und beendete die Zusammenarbeit mit dem Autor am 17. November.**",de,gemini
"Hier ist eine sprachlich überarbeitete Version im natürlichen, sachlichen Nachrichtenstil, die Länge und Thema beibehält:

**Wien/Berlin – Weltweite Frauenperspektiven abseits des Mainstreams: Das ist das Versprechen des Onlinemagazins „Deine Korrespondentin“. Ob Palästinas einzige Bierbrauerin oder die Situation von Homosexuellen in Weißrussland – Gründerin Pauline Tillmann will Frauen weltweit eine Bühne geben und sie sichtbarer machen. Ein achtköpfiges Team aus meist freien Journalistinnen liefert dafür wöchentlich Berichte aus Regionen wie Indien, Afrika oder dem Nahen Osten. Für die Beiträge, die bei großen Medien oft durchs Raster fallen, zahlt das Portal ein Honorar von 100 Euro.**

Bevor die 32-Jährige das Magazin ins Leben rief, berichtete sie von 2011 bis Anfang 2015 als ARD-Auslandskorrespondentin aus St. Petersburg über Russland und die Ukraine. Doch sie wollte nicht nur als Reporterin arbeiten, sondern als Medienmacherin eigene Akzente setzen. Den entscheidenden Impuls gab eine dreimonatige Recherchereise in die USA zur Zukunft des Journalismus. „Medien sind im Wandel, das ist die Pionierzeit, und da wollte ich dabei sein“, erklärt Tillmann. 

Die finanzielle Basis schuf sie im März durch eine Crowdfunding-Kampagne. Da 6,500 Euro jedoch langfristig nicht ausreichen, startete sie im Sommer den Versuch eines Abomodells für fünf Euro im Monat. Die Ernüchterung folgte auf dem Fuß: Mit gerade einmal zehn abgeschlossenen Abos war das Geschäftsmodell nicht haltbar. Ab diesem Donnerstag fällt die Paywall daher wieder, alle Inhalte sind künftig frei zugänglich. „Ich dachte, Deutschland sei reif für Paid Content, aber das ist offenbar noch nicht der Fall“, resümiert Tillmann. Es gebe schlicht noch zu viele kostenlose Alternativen im Netz.

An ein Ende ist dennoch nicht zu denken. „Wir müssen erst bekannter werden und versuchen es in ein, zwei Jahren vielleicht noch einmal mit einem Abo“, zeigt sie sich kämpferisch. Inzwischen zieht das Projekt auch Investoren an: Für fünf Prozent Firmenanteile erhält Tillmann 12.000 Euro, inklusive Zugang zu einem Mentoring-Programm und einem Coworking-Space. Zusätzlich setzt sie auf Stiftungsgelder, Veranstaltungen und Kooperationen, etwa den Verkauf von Artikeln an Regionalzeitungen. Ganz nach ihrem Motto „Nicht jammern, tun“ will Tillmann weiter an ihrem Medien-Startup bauen.",de,gemini
"Hier ist eine textgleiche, aber sprachlich überarbeitete Version im natürlichen Nachrichtenstil:

**Wütender Widerstand gegen neues Tabakgesetz: Parlament im Minutentakt bombardiert**

Das geplante Tabakgesetz sorgt in Österreich für heftigen Aufruhr. Trafikanten, Raucher und E-Zigaretten-Nutzer gehen mit einer massiven Online-Kampagne gegen die Vorhaben der Bundesregierung auf die Barrikaden. Mit Memes, Rap-Songs und einer nie dagewesenen Flut an Stellungnahmen soll das Gesetz im letzten Moment noch gekippt werden.

Besonders den Trafikanten stößt die geplante Reform sauer auf. Sie stören sich vor allem an geplanten Einschränkungen im Versandhandel, neuen Schockbildern und einem generellen Verbot von Kautabak. Angetrieben von Interessenvertretungen, überfluten sie das Parlament nun mit massenhaft individuellen Stellungnahmen – ein ungewöhnlicher Schritt, da diese normalerweise gebündelt von Verbänden eingereicht werden. 

Die Wortwahl der Bürger ist dabei oft ungewohnt drastisch. So bezeichnet eine Frau die Pläne als „verlogen“ und „zum Kotzen“. Ein 65-jähriger Raucher argumentiert, er rauche seit fünf Jahrzehnten, sei kerngesund und bemängelt Gesetze, die am Volk vorbeigemacht würden. Auch das für 2018 geplante Gastro-Rauchverbot erhitzt die Gemüter. Eine Gastwirtin schimpft, es sei die „größte Frechheit“, dass sie in ihrer „eigenen Hütte“ künftig nicht mal mehr selbst rauchen dürfe.

Neben der Raucherschaft läuft vor allem die E-Zigaretten-Community Sturm. Hintergrund ist eine EU-Richtlinie, die bis Mai 2016 umgesetzt werden muss und E-Zigaretten künftig streng wie herkömmlichen Tabak reguliert. Das bedeutet: Online-Handelsverbot und Ausweitung der Rauchverbote. 

Die gut vernetzten „Dampfer“ wehren sich international und national dagegen. Der Österreichische Dampferclub spannt die Community mit sharebaren Memes und eigens produzierten Hip-Hop-Songs ein, um gegen Brüssel und Wien zu mobilisieren. Viele Nutzer berichten in ihren parlamentarischen Eingaben emotional, wie die E-Zigarette ihnen beim Ausstieg geholfen habe. Unter dem Motto „Dampf rettet Leben“ fordern sie Freiheit für den blauen Dunst – und unterzeichnen ihre Proteste kämpferisch mit „dampfenden Grüßen“.",de,gemini
"Hier ist eine naturalistische Neuformulierung im typischen Nachrichtenstil:

**Muse kommen im Mai in die Wiener Stadthalle – Tickets ab Freitag erhältlich**

Wien – Rock-Fans können sich auf ein spektakuläres Live-Erlebnis freuen: Die britische Band Muse tritt am 9. Mai 2016 in der Wiener Stadthalle auf. Wie der Veranstalter mitteilte, spielen die Musiker auf einer speziellen 360-Grad-Bühne, die mitten im Saal aufgebaut wird. Passend zum aktuellen Album „Drones“ ist zudem geplant, während des Konzerts kleine Kameradrohnen über dem Publikum fliegen zu lassen. Zuletzt war die Band um Frontmann Matthew Bellamy im vergangenen Juni beim Festival „Rock in Vienna“ auf der Donauinsel zu erleben. Der Vorverkauf für das Konzert in der Stadthalle beginnt diesen Freitag, den 18. September.",de,gemini
"Hier ist eine umformulierte Version im natürlichen Nachrichtenstil, die Länge und Thema beibehält:

**Belgrad verweigert Auslieferung von drei serbischen Nationalisten an Den Haag**

Belgrad/Den Haag – Ein Gericht in Belgrad hat am Mittwoch entschieden, drei serbische Ultranationalisten nicht an das UN-Kriegsverbrechertribunal auszuliefern. Zwar bestehe bei schwersten Verbrechen wie Völkermord eine Auslieferungspflicht, diese gelte jedoch nicht für den aktuellen Vorwurf der Missachtung des Gerichts, begründete das Gericht den Schritt. Das UN-Tribunal hatte die drei Parteifreunde des radikalen Politikers Vojislav Šešelj angeklagt, weil sie im laufenden Prozess Zeugen bedroht, erpresst und bestochen haben sollen, um Aussagen gegen Šešelj zu verhindern. Die entsprechenden Anklageschriften waren im Dezember bekannt geworden. Während Šešelj selbst Ende März in erster Instanz überraschend von allen Kriegsverwürfen freigesprochen wurde und nun auf das Berufungsverfahren wartet, hatte die serbische Regierung Anfang März eigentlich bereits das Verfahren zur Überstellung seiner drei Vertrauten in die Wege geleitet.",de,gemini
"Hier ist eine redigierte, natürlich klingende Programmübersicht im gleichen Stil:

**Ausgewählte TV-Highlights:**

**11:05 Uhr | ORF 2 | Europastudio**
*Zukunft ohne UK?* Paul Lendvai diskutiert mit hochkarätigen Journalisten wie Anne McElvoy (*The Economist*) und Stefanie Bolzen (*Die Welt*) über die Europäische Union nach dem Brexit-Votum.

**13:05 Uhr | ORF 2 | Panorama**
*Fokus Weltfrauen:* Eine historische Reportage von Trautl Brandstaller und Monika Lindner aus dem Jahr 1978 beleuchtet, wie steinig der Weg zur echten Gleichberechtigung damals trotz neuer Gesetze noch war.

**13:30 Uhr | ORF 2 | Heimat, fremde Heimat**
Das Magazin widmet sich unter anderem der Lebensrealität von Migrantinnen in Österreich, zeigt Ausschnitte aus „Weitblicke“ mit Christine Nöstlinger und Mirjam Unger und thematisiert das Krankheitsbild Binge Eating.

**16:50 Uhr | Arte | Metropolis**
Das Kulturmagazin reist nach Breslau, begleitet die Stepptänzerin Michelle Dorrance in New York, blickt auf das Kulturwunder im russischen Perm und besucht die Autorin Gila Lustiger in Paris.

**19:25 Uhr | ORF 3 | Erlebnis Bühne**
Ein tiefgründiges Gespräch zwischen Journalistin Hermi Löbl und der legendären Konzertsängerin Christa Ludwig über das Thema „Mütter“. Im Anschluss folgt die Opernübertragung von „Ariadne auf Naxos“.

**21:45 Uhr | ARD | Anne Will**
*Flüchtlingsdrama vor dem EU-Gipfel:* Unter dem Titel „Ist Europa noch zu retten?“ diskutieren unter anderem Bundesjustizminister Heiko Maas, Österreichs Außenminister Sebastian Kurz sowie Katja Kipping und Cem Özdemir.

**22:00 Uhr | ORF 2 | Im Zentrum**
*Österreichs Flüchtlingspolitik im Stresstest:* Claudia Reiterer debattiert mit Vizekanzler Reinhold Mitterlehner, Ex-Politiker Johannes Voggenhuber, Diplomaten Valentin Inzko und weiteren Gästen über politische Verantwortung und europäische Werte.

**23:05 Uhr | ORF 2 | Dokumentarfilm-Nacht**
Zum Weltfrauentag zeigt der Sender die Doku „Wenn Frauen Frieden machen“ über ein palästinensisch-israelisches Logistik-Startup. Später folgen Porträts über Mode-Ikonen wie Vivienne Westwood und Coco Chanel.

**23:05 Uhr | ARD | ttt – titel, thesen, temperamente**
Das Kulturmagazin stellt die Pekinger Pop-Ikone Helen Feng vor, blickt auf Juli Zehs Bestseller „Unterleuten“ und beleuchtet die umstrittenen Publikationen des Kopp-Verlags.

**23:15 Uhr | DMAX | Bear Grylls: Stars am Limit**
Ein echtes US-Special: Abenteuer-Profi Bear Grylls entführt den damaligen US-Präsidenten Barack Obama für ein Survival-Abenteuer in die unwegsame Wildnis Alaskas.",de,gemini
"Hier ist eine neue Fassung im natürlichen, sachlich-präzisen Stil einer Radsport-Nachricht, die Länge und Inhalt des Originals beibehält:

**Kittel feiert beim Giro d'Italia nächsten Sprint-Coup und greift nach Rosa**

Arnheim – Nach seinem Sieg am Vortag hat Marcel Kittel auch die dritte Etappe des Giro d’Italia dominiert und sich das Führungstrikot gesichert. Der 27-jährige Deutsche gewann das Teilstück über 190 Kilometer von Nijmegen nach Arnheim im Massensprint souverän mit mehreren Radlängen Vorsprung vor dem Italiener Elia Viviani. Dank der gewonnenen Zeitgutschriften löste Kittel den niederländischen Auftaktsieger Tom Dumoulin an der Spitze der Gesamtwertung ab. Für den Profi des Teams Etixx-Quick Step ist es das zweite Mal nach 2014, dass er das Rosa Trikot trägt; damals hatte er ebenfalls die Etappen zwei und drei in Nordirland gewonnen, den Rundspruch jedoch später krankheitsbedingt aufgeben müssen. „Ich bin stolz, im Rosa Trikot zu fahren“, sagte Kittel nach dem Rennen. 

Vor erneut Hunderttausenden Zuschauern zeigten sich auch die Österreicher stark: Matthias Brändle (IAM Cycling) machte im Gesamtklassement einen Platz gut und liegt nach einer soliden Etappe als Siebenter 23 Sekunden zurück. Sein Landsmann Georg Preidler (Giant-Alpecin) fuhr auf den 21. Tagesrang und verbesserte sich gesamt auf den zehnten Platz (26 Sekunden Rückstand). Die 99. Auflage der Italien-Rundfahrt führt das Feld am Dienstag zurück in den Süden nach Italien.

*(Ergebnisse 3. Etappe, Nijmegen – Arnheim, 190 km)*
**Tageswertung:** 1. Marcel Kittel (GER/Etixx) 4:23:45 Std. – 2. Elia Viviani (ITA/Sky) – 3. Giacomo Nizzolo (ITA/Trek) – 4. André Greipel (GER/Lotto) – 5. Alexander Porsew (RUS/Katjuscha) – 6. Kristian Sbaragli (ITA/Dimension Data). Österreich-Auswahl: 21. Georg Preidler (AUT/Giant) – 86. Matthias Brändle (AUT/IAM), alle zeitgleich – 168. Stefan Denifl (AUT/IAM) +6:03 Min. – 178. Riccardo Zoidl (AUT/Trek) +7:39.

**Gesamtwertung:** 1. Marcel Kittel (GER/Etixx) 9:13:10 Std. – 2. Tom Dumoulin (NED/Giant) +0:09 Min. – 3. Andrey Amador (CRC/Movistar) +0:15 – 4. Tobias Ludvigsson (SWE/Giant) +0:17 – 5. Moreno Moser (ITA/Cannondale) +0:21 – 6. Bob Jungels (LUX/Etixx) +0:22 – 7. Matthias Brändle (AUT/IAM) +0:23. Weitere Österreicher: 10. Georg Preidler +0:26 – 171. Riccardo Zoidl +8:16 – 178. Stefan Denifl +8:38.",de,gemini
"Hier ist eine sprachlich überarbeitete Fassung im natürlichen Nachrichtenstil, die Länge und Thema beibehält:

**Linz: Überraschende Bewegung im Streit um „Aphrodite vom Bauernberg“**

In der jahrelang festgefahrenen Debatte um die NS-Leihgabe der Aphrodite vom Bauernberg steht Linz vor einer möglichen Wende. Der Linzer Gemeinderat stimmte am Donnerstagabend überraschend einem Dringlichkeitsantrag zu, der die Prüfung einer Wiederaufstellung vorsieht. Damit bewegen sich auch die bisher strikt ablehnenden Parteien SPÖ und Grüne erstmals auf eine gemeinsame Linie zu. 

Die Statue war 1942 von Adolf Hitler geschenkt und im Park aufgestellt worden, ehe sie 2008 unter dem damaligen Bürgermeister Franz Dobusch ins Depot des Stadtmuseums Nordico verbannt wurde. Laut Vizebürgermeister Bernhard Baier (ÖVP) soll sich nun eine hochkarätige Arbeitsgruppe – bestehend aus Kulturdirektor Julius Stieber, Nordico-Leiterin Andrea Bina und Stadtarchiv-Chef Walter Schuster sowie weiteren Experten – des heiklen Themas annehmen. Sie soll nicht nur die Rückkehr in den öffentlichen Raum prüfen, sondern auch flankierende Projekte für eine kritische Erinnerungskultur entwickeln.

In der Causa drängt die Zeit: Die offizielle Verwahrungsfrist des Bundesdenkmalamts läuft am 15. Mai aus, und eine Aufforderung zur Wiederaufstellung des Abgusses – das Original von Wilhelm Wandschneider stand einst in der Berliner Reichskanzlei – liegt der Stadt bereits vor. Ob das Bundesdenkmalamt angesichts der neuen Arbeitsgruppe einer Fristverlängerung zustimmt, ist derzeit noch offen.",de,gemini
"Hier ist eine Version im natürlichen Nachrichtenzul, die Thema und Länge beibehält:

Was halten eigentlich Wien-Besucher von den Plakaten zur Bundespräsidentenwahl? „Er wirkt eher wie ein netter Großvater als wie ein Manager“ – solche Reaktionen zeigen, dass die Wahlwerbung auf Touristen oft ganz anders wirkt als von den Agenturen geplant. *DER STANDARD* hat sich in der Wiener Innenstadt umgehört und Passanten, die weder die Kandidaten noch die Slogans kennen, mit den Plakaten konfrontiert.",de,gemini
"Hier ist eine neu formulierte Version im typischen Stil einer Gerichtsreportage, die Länge und Thema beibehält:

**Wegen zu langer Wartezeit soll ein 58-Jähriger in einem Wiener Spital einen Sicherheitsmann mit Pfefferspray attackiert haben. Vor Gericht traf er auf eine verständnisvolle Richterin – bis zu einem gewissen Punkt.**

Wien – Schon zu Prozessbeginn macht Richterin Martina Krainz kein Geheimnis daraus, dass sie den Auslöser für die Tat durchaus nachvollziehen kann. Sie vermutet fast väterlich-ironisch, dem Angeklagten Heinrich S. sei in der Ambulanz schlicht langweilig geworden, bevor er grantig wurde. Ihm wird vorgeworfen, einen Security-Mitarbeiter angesprüht und sich später gegen die Beamten gewehrt zu haben. Auf die Frage nach seinen Vorstrafen antwortet der 58-Jährige fatalistisch: „Mit der jetzt sind es 23.“ Er zeigt sich teilschuldig: Den Sicherheitsmann habe er attackiert, die Polizisten jedoch nicht. Im Gegenteil, diese hätten seinen Kopf im Warteraum mehrfach zu Boden geschlagen.

Warum er trotz Waffenverbots einen Pfefferspray bei sich trug, will die Richterin von dem Mann wissen, der unter Sachwalterschaft steht. S. erklärt, er habe das Spray kurz zuvor in einem Bus gefunden und nicht gewusst, dass es unter das Verbot fällt. Krainz kontert trocken: „Was soll er sonst sein? Ein Kochzubehör?“ Laut seiner Verteidigerin Katrin Ehrbar hatte der Angeklagte an jenem Abend zwar Tabletten und Alkohol konsumiert, sich aber klar gefühlt.

Gegen zwei Uhr morgens war er mit einer Handverletzung in die Notaufnahme gekommen – um diese Zeit hatten schließlich keine Kassenarztpraxen mehr geöffnet. Nach einer geforderten Wartezeit von mindestens einer Stunde verlor er nach nur 15 Minuten die Geduld und beschwerte sich bei einem Pfleger. Dieser fühlte sich bedroht und holte den Sicherheitsdienst. 

Als Zeuge schildert der Pfleger, S. habe ihm zunächst den Mittelfinger gezeigt. Nach einer Ermahnung habe er sich weggedreht, ein Zischen gehört und direkt den Pfefferspray ins Gesicht bekommen. Danach soll der Angeklagte sogar ein Messer gezückt und Stichbewegungen angedeutet haben, weshalb die Polizei gerufen wurde. Bei deren Eintreffen sei S. seltsamerweise wieder völlig ruhig gewesen, dennoch sofort an der Wand fixiert worden.

Da der Zeitplan des Gerichts durch Vordermänner stark in Verzug geraten ist, scherzt die Richterin gutgelaunt mit dem nächsten Zeugen: „Ich muss mich für die Verspätung entschuldigen.“ – „Kein Problem.“ – „Wobei, andererseits, ich habe auch schon so lange im Spital warten müssen, also nehme ich das zurück.“ Der Krankenhausmitarbeiter bestätigt im Anschluss, dass der Mann sowohl an der Wand als auch am Boden fixiert wurde.

Ein beteiligter Polizist berichtet schließlich von einer turbulenten Amtshandlung. Bei der Leibesvisitation auf der Inspektion habe sich S. unkooperativ gezeigt. Dabei soll Unglaubliches passiert sein: Obwohl zwei Kollegen den Beschuldigten an der Wand hielten, sei es ihm gelungen, dem Zeugen den Pfefferspray aus einer mit Druckknopf gesicherten Gürteltasche zu entwenden. Zudem sei er selbst am Kopf getroffen worden, sodass seine Brille zu Boden flog. 

Ein Urteil gibt es vorerst nicht. Richterin Krainz will zur lückenlosen Aufklärung noch weitere Polizisten als Zeugen laden und vertagte die Verhandlung.",de,gemini
"Hier ist eine inhaltlich identische, sprachlich überarbeitete Version im natürlichen Stil einer Nachrichtenmeldung:

**Wien –** Innenministerin Johanna Mikl-Leitner (ÖVP) hat am Freitag per Weisung angeordnet, neue Asylverfahren in Österreich vorerst auf Eis zu legen. Damit setzt die Ressortchefin eine vor mehr als einer Woche angekündigte Maßnahme um, mit der sie vor allem auf europäischer Ebene Druck zur Entlastung des Landes aufbauen will. Konkret konzentriert das Bundesamt für Fremdenwesen und Asyl (BFA) seine Kapazitäten ab sofort fast ausschließlich auf Fälle nach der EU-weiten Dublin-Verordnung, die rasche Rückschiebungen in andere Mitgliedstaaten ermöglichen sollen. Bereits laufende Verfahren sind von dem Stopp ausgenommen. 

Für neu ankommende Asylsuchende bedeutet dies längere Wartezeiten. Ihre Anträge werden zwar offiziell entgegengenommen und sie erhalten Zugang zur Grundversorgung – die ohnehin bereits unter massiver Quartiernot leidet –, die inhaltliche Bearbeitung wird jedoch zurückgestellt. Eine Ausnahme gilt lediglich dann, wenn ein anderer EU-Staat für das Verfahren zuständig sein könnte. Im Jahr 2014 traf dies auf rund 6.000 der insgesamt 22.881 Anträge zu. In rund 80 Prozent dieser Fälle wurde die Rückführung in das Erstaufnahmeland – meist Ungarn oder Italien – beschlossen, wobei die tatsächliche Abschiebung durch behördliche Abläufe oft nochmals verzögert wurde.

Mikl-Leitner begründete den Schritt damit, dass Österreich zum Hauptzielland für Flüchtlinge geworden sei. Insbesondere der im Europavergleich schnelle Familiennachzug habe das Land zu einem „Asylexpress“ gemacht. Vonseiten der Hilfsorganisation Asylkoordination kam scharfe Kritik. Experte Herbert Langthaler nannte es inhuman, Flüchtlingen, die oft unter Lebensgefahr aus Syrien oder dem Irak geflüchtet seien, die Hoffnung auf ein Wiedersehen mit ihren im Krisengebiet oder in Erstfluchtstaaten verbliebenen Familien zu nehmen. 

Das Innenministerium beruft sich bei der Weisung auf die rechtliche Möglichkeit, Verfahren angesichts der aktuellen Situation befristet auszusetzen; ein Sprecher sprach von einer zulässigen EU-Regulationsmaßnahme bei Massenzustrom. Mikl-Leitner selbst verteidigte ihr Vorgehen am Samstag und wies den Vorwurf zurück, ein generelles Nichtstun angeordnet zu haben. Angesichts der enormen Antragszahlen sei die Priorisierung von Dublin-Fällen eine „Entscheidung der Vernunft“ gewesen, da die operativen Kapazitäten schlicht nicht mehr ausreichten.

Während Langthaler bezweifelte, dass die Voraussetzungen für solche Notmaßnahmen vorliegen, äußerte auch der Asylrechtsexperte Georg Bürstmayr rechtliche Bedenken. Laut dem Allgemeinen Verwaltungsverfahrensgesetz (AVG) habe jede Partei Anspruch auf eine Erledigung binnen sechs Monaten. Sollte die Weisung rechtswidrig sein, stehe im Raum, dass die Ministerin den Tatbestand des Amtsmissbrauchs erfülle. 

Aus der Politik erntete der Schritt heftige Kritik. Grünen-Menschenrechtssprecherin Alev Korun warf Mikl-Leitner vor, rechtsstaatliche Verfahren zu torpedieren, und forderte sie auf, die Agenden abzugeben. NEOS-Mandatar Niki Scherak sprach von einer „Bankrotterklärung“, die angesichts überlasteter Erstaufnahmestellen zu noch mehr Zeltstädten führen werde. Die FPÖ forderte unterdessen keine veränderten Asylverfahren, sondern einen generellen Stopp des Zuzugs durch temporäre Grenzkontrollen. Die Sozialistische Jugend (SJ) sowie die Jungen Grünen gingen noch einen Schritt weiter und forderten den sofortigen Rücktritt der Innenministerin wegen erwiesener Überforderung.",de,gemini
"Hier ist eine umformulierte Version im natürlichen, sachlichen Nachrichtenstil, die Länge und Thema beibehält:

**Washington** – Bei einem US-Luftangriff auf ein Trainingslager der Terrororganisation Al-Kaida im Jemen sind nach Angaben des Verteidigungsministeriums Dutzende Extremisten getötet worden. Wie das Pentagon am Dienstag bekannt gab, hielten sich in dem Lager in den jemenitischen Bergregionen mehr als 70 Anhänger der Gruppe AQAP auf. Zwar werde die genaue Bilanz des Angriffs noch ausgewertet, ersten Erkenntnissen zufolge habe man jedoch zahlreiche Kämpfer eliminiert. Der Schlag treffe die Organisation hart, die den jemenitischen Raum als Rückzugsgebiet nutzt, um von dort aus US-Bürger zu bedrohen. Neben anderen Extremistengruppen ist der Al-Kaida-Ableger im Bürgerkriegsland stark präsent. Dort fliegt seit einem Jahr eine von Saudi-Arabien angeführte Militärallianz Luftangriffe. Die schiitischen Huthi-Rebellen kontrollieren große Gebiete im Norden und Westen und bekämpfen die regierungstreuen Truppen von Präsident Abd Rabbo Mansur Hadi.",de,gemini
"Hier ist eine überarbeitete Version im natürlichen Nachrichtenstil, die in Länge und Inhalt dem Original entspricht:

Welche Lektüre liegt bei Ihnen gerade auf dem Nachttisch, an welchen Orten schmökern Sie am liebsten und wessen Buchtipps vertrauen Sie? Erst vor wenigen Tagen haben wir unseren neuen Community-Buchklub aus der Taufe gehoben. Aus drei nominierten Werken hat sich Ernest Hemingways Klassiker „Der alte Mann und das Meer“ durchgesetzt – am 15. Oktober findet dazu unsere erste Besprechung statt. Das Ganze ist zwar noch ein Testlauf, doch die Vorfreude bei uns ist riesig. Bevor es losgeht, blicken wir gespannt auf Ihre aktuellen Leseerfahrungen: Welche Romane, Artikel oder Blogs haben Sie in letzter Zeit besonders begeistert oder zum Nachdenken gebracht? Bei welchem Buch beißen Sie sich die Zähne aus, und welches konnten gar nicht mehr aus der Hand legen? Verraten Sie uns auch, wann und wo Sie am liebsten lesen. Wir sind gespannt auf zahlreiche Kommentare und verabschieden uns bis zum Start unseres Buchklubs in zwei Wochen. Bis dahin wünschen wir Ihnen viel Vergnügen beim Lesen! (kub, 1.10.2015)",de,gemini
"Hier ist eine umformulierte Version im natürlichen, sachlichen Nachrichtenstil, die in Länge und Inhalt dem Original entspricht:

**Porto-Novo –** Nach dem Ende der Amtszeit von Staatschef Thomas Boni Yayi haben die Bürger des westafrikanischen Staates Benin am Sonntag einen neuen Präsidenten gewählt. Für das höchste Amt gab es ein historisch großes Bewerberfeld mit 33 Kandidaten, da Yayi nach zwei Amtsperioden verfassungsmäßig nicht erneut antreten durfte. Als aussichtsreichster Anwärter galt Regierungschef Lionel Zinsou. Der 61-jährige Deutsch-Beniner, der auch die französische Staatsbürgerschaft besitzt, geht als einziger Kandidat des Regierungsbündnisses ins Rennen und kündigte an, den Agrarsektor zu stärken und neue Jobs zu schaffen. 

Das zwischen Togo und Nigeria gelegene Benin zählt zu den ärmsten Ländern der Region und bestreitet seinen wirtschaftlichen Lebensunterhalt vor allem durch den Export von Baumwolle. Neben massiver Korruption leidet der Staat vor allem unter einer gravierenden Jugendarbeitslosigkeit. Laut Berichten von Wahlbeobachtern versuchten zahlreiche Kandidaten zudem, den Einfluss einflussreicher Stammesführer sowie religiöser und politischer Honoratioren durch finanzielle Zuwendungen für ihre Kampagnen zu gewinnen. 

Zinsous stärkste Konkurrenz bilden vier prominente Wirtschaftsleute und Politiker: der Baumwoll-Unternehmer Patrice Talon (57), der Agro-Unternehmer Sebastien Ajavon (51), Ex-Premierminister Pascal Koupaki (64) sowie Abdoulaye Bio Tchane (63), der früher als IWF-Direktor für Afrika tätig war. Von den knapp elf Millionen Einwohnern waren rund 4,7 Millionen Wahlberechtigte aufgerufen, ihre Stimme bis zum Abend um 18.00 Uhr MEZ abzugeben. Erste offizielle Resultate werden binnen fünf Tagen erwartet; sollte im ersten Wahlgang kein Bewerber die absolute Mehrheit erreichen, ist eine Stichwahl für den 20. März angesetzt. 

Vor den Wahllokalen herrschte trotz langer Schlangen ein ruhiger Andrang, zehntausende Menschen warteten geduldig auf ihre Stimmabgabe. Zur Überwachung des Urnengangs hatte die Afrikanische Union (AU) rund 40 Beobachter im gesamten Land im Einsatz.",de,gemini
"**Salzburg vor Play-off in Minsk stark ersatzgeschwächt – Zeidler warnt vorweißrussischem Formteam**

Red Bull Salzburg steht vor dem Hinspiel im Europa-League-Play-off am Donnerstag (18.00 Uhr MESZ/live Puls 4) bei Dinamo Minsk vor massiven Personalproblemen. Nach dem verpassten Einzug in die Champions League will der österreichische Meister im Duell mit den Weißrussen zumindest die Gruppenphase fixieren, muss dabei jedoch auf zahlreiche Leistungsträger verzichten. 

Neben den ohnehin verletzten Omer Damari und Kapitän Jonatan Soriano fielen kurz vor dem Abflug auch noch Abwehrchef Martin Hinteregger (Schambeinentzündung), Marco Djuricin (Knöchelverletzung) und Harvard Nielsen (Erkältung) aus. Trainer Peter Zeidler muss seine Startelf daher ordentlich umbauen: In der Innenverteidigung ersetzt Paulo Miranda den schmerzlich vermissten Hinteregger, während im Sturm voraussichtlich Dimitri Oberlin neben Jordi Reyna auflaufen wird. 

Die Gastgeber aus Minsk gehen indes mit breiter Brust und einer beeindruckenden Serie in die Partie. Der weißrussische Tabellenzweite ist in der heimischen Liga seit Anfang Juni ungeschlagen, feierte zuletzt sieben Siege in Folge und schoss sich erst kürzlich durch ein 1:0 gegen Serienmeister BATE Borissow bis auf drei Punkte an die Spitze heran. Gefährlichster Mann im Team von Trainer Vuk Rasovic ist der montenegrinische Stürmer Fatos Beqiraj, der in dieser Saison bereits zwölf Pflichttreffer erzielt hat. 

Allerdings muss Minsk das ""Heimspiel"" rund 350 Kilometer entfernt von der Hauptstadt bestreiten: Da das eigene Stadion nicht den UEFA-Richtlinien entspricht, wird im 10.000 Zuschauer fassenden Stadion von Dinamo Brest nahe der polnischen Grenze gespielt. 

Trotz der Favoritenrolle, die Minsk-Coach Rasovic den Gästen zuschiebt, will Salzburgs Trainer Zeidler von Unterschätzung nichts wissen. Nach den jüngsten Leistungsteigerungen in der Bundesliga zeigte er sich zwar optimistisch und sieht das Auswärtsspiel als Chance, betonte aber: „Wir benötigen zwei hochkonzentrierte Leistungen, um unser Saisonziel zu erreichen.“",de,gemini
"**Traismauer plant neuerliche Windkraft-Volksbefragung**

In Traismauer (Bezirk St. Pölten-Land) kommt es zu einer Neuauflage der Bürgerbefragung zum Thema Windkraft. Wie Bürgermeister Herbert Pfeffer (SPÖ) am Freitag ankündigte, wird der genaue Termin sowie die genaue Fragestellung im Februar vom Gemeinderat beschlossen. Zuvor soll noch ein rechtliches Gutachten des Verfassungsrechtlers Theo Öhlinger eingeholt werden. 

Hintergrund ist der hartnäckige Druck der Unabhängigen Bürgerliste MIT (Miteinander in Traismauer), die eine erneute Befragung eingefordert hatte. Bei einer ersten Abstimmung im November 2014 hatten sich noch knapp zwei Drittel der Teilnehmer für die Umwidmung von Teilflächen ausgesprochen, was den Weg für maximal fünf Windräder geebnet hätte. 

Weil die Bürgerliste jedoch nicht locker ließ und nach einer abgelehnten Initiative schließlich eine Aufsichtsbeschwerde bei der Bezirkshauptmannschaft einreichte, musste die Gemeinde einlenken. Die BH verwies auf die nö. Gemeindeordnung: Demnach ist eine Volksbefragung zwingend anzusetzen, wenn eine entsprechende Initiative von mehr als zehn Prozent der Wahlberechtigten unterstützt wird. 

Obwohl der Gemeinderat im Dezember 2015 – gestützt auf das Votum von 2014 sowie die SPÖ und den Grünen-Mandatar – das Umwidmungsverfahren für die vom Land definierten Eignungszonen am Seelackenberg und Reutbühel gestartet hatte, geht der Streit weiter. Laut MIT-Sprecherin Elisabeth Wegl hat die Liste diese Woche zudem eine Sachverhaltsdarstellung bei der Volksanwaltschaft eingebracht. Sie forderte, sämtliche Schritte zum Bau der Windkraftanlagen bis zur neuen Volksbefragung umgehend zu stoppen.",de,gemini
"Hier ist eine umformulierte Version im natürlichen Nachrichtenstil:

**Ehemann fällt in München aus fahrendem Auto – Leicht verletzt**

München – In München hat eine Autofahrerin während der Fahrt ihren Ehemann verloren. Wie die Polizei am Montag mitteilte, stürzte der 28-Jährige am Vortag aus dem Wagen auf die Fahrbahn, nachdem er sich gegen die Beifahrertür gelehnt hatte und diese plötzlich aufsprang. Der Grund für das Öffnen war zunächst unklar. Der Mann erlitt leichte Verletzungen und kam zur ambulanten Behandlung in ein Krankenhaus. Wie die Ermittler weiter mitteilten, war er nicht angeschnallt, da sich der Sicherheitsgurt in der Tür verklemmt hatte. Um diesen zu befreien, hatte der Mann zuvor an einer roten Ampel die Tür geöffnet. Kurz nachdem seine 30-jährige Frau daraufhin weitergefahren war, kam es zu dem Unfall.",de,gemini
"Hier ist eine journalistisch aufbereitete Version im natürlichen Nachrichtenstil, die den Inhalt des Originaltextes in ähnlicher Länge prägnant zusammenfasst:

***

**Impfskepsis im Aufwind: Wenn der Schutz zur Gefahr wird**

Immer mehr Eltern entscheiden sich bewusst gegen den Piks für ihren Nachwuchs. Das Thema prägt zunehmend auch den Buchmarkt: Unter dem Titel *„Sarah will nicht geimpft werden“* bringt der deutsche Homöopath Andreas Bachmair demnächst ein Kinderbuch heraus, das sich gegen angebliche Impfpropaganda richtet. Bachmair betreibt bereits die Plattform „impfschaden.info“ und will Eltern in ihrem Widerstand bestärken. 

Dabei gehören Impfungen zu den größten Errungenschaften der modernen Medizin. Sie haben historisch mehr Leben gerettet als fast jede andere Therapie. Dennoch wächst die Skepsis – und das paradoxerweise vor allem in Bevölkerungsschichten mit hohem Bildungsniveau, wie aktuelle Daten aus Österreich und Deutschland zeigen. 

Der Erfolg von Impfungen ist zugleich ihr größtes Problem: Da viele gefährliche Infektionskrankheiten dank jahrzehntelanger Vorsorge aus dem Alltag verschwunden sind, ist das Bewusstsein für deren Schrecken verblasst. Was bleibt, ist die Angst vor vermeintlichen Nebenwirkungen. Gepaart mit den oft absurd anmutenden Mythen von Impfgegnern – wie der Leugnung der Existenz von Masernviren durch den Biologen Stefan Lanka, der jüngst einen vielbeachteten Gerichtsprozess verlor und den Schmähpreis „Das Goldene Brett“ erhielt –, führt dies zu einer gefährlichen Ideologie.

**Die Illusion der eigenen Sicherheit**

Aus Sorge um das Wohl der eigenen Kinder tappen viele in die Falle der Pseudomediziner. Dabei übersehen sie die realen Risiken, die von wiederkehrenden Infektionskrankheiten ausgehen. Masern, Mumps oder Kinderlähmung sind keineswegs harmlos; sie können zu schweren Komplikationen bis hin zum Tod führen. 

Zudem ist das Impfen keine reine Privatsache. Menschen, die sich aus gesundheitlichen Gründen nicht impfen lassen können – wie Säuglinge oder immungeschwächte Personen –, sind auf die sogenannte Herdenimmunität angewiesen. Wenn jedoch immer mehr Impfverweigerer diese Schutzmauer bröckeln lassen, drohen längst überwunden geglaubte Krankheiten ein Comeback. Während in Europa die Fallzahlen steigen, zeigen globale Ausbrüche wie in der Demokratischen Republik Kongo, wo heuer bereits hunderte Menschen an Masern starben, die tödliche Konsequenz dieser Verweigerung.

**Mehr Aufklärung ist überlebenswichtig**

Experten fordern deshalb massiv verstärkte Aufklärung. Solange die Funktionsweise von Medizin und das tatsächliche Verhältnis von Nutzen und Risiko nicht verstanden werden, bleiben staatliche Appelle oft wirkungslos. 

Es ist eine Tragödie: Der gut gemeinte Wunsch, das eigene Kind zu schützen, wird durch die Angst vor der Nadel ins Gegenteil verkehrt. Im Buch von Andreas Bachmair ärgert sich die kleine Sarah darüber, dass sie wegen fehlender Impfungen nicht mit auf Pfadfindertour darf. Wüsste sie, welchen Risiken sie sich und andere ohne Schutz aussetzt, sähe die Geschichte vermutlich anders aus.",de,gemini
"Hier ist eine sprachlich überarbeitete Fassung im typischen Nachrichtenstil:

**Volksanwaltschaft prüft Volksschule nach massiven Negativeisern**

Groß-Siegharts/Wien – Neun Schüler einer dritten Klasse der Volksschule Groß-Siegharts im Bezirk Waidhofen an der Thaya sind im vergangenen Schuljahr sitzen geblieben. Dieser Vorfall ruft nun die Volksanwaltschaft auf den Plan, die ein amtswegiges Prüfverfahren eingeleitet hat. Der zuständige Volksanwalt Peter Fichtenbauer sieht den dringenden Verdacht eines Missstands in der Schulverwaltung und stellt die pädagogische Eignung der Lehrerin infrage. 

Es müsse geklärt werden, ob die Schulaufsicht informiert war und ob die Unterrichtsqualität überprüft wurde, betonte Fichtenbauer. Ein derart massives Sitzenbleiben sei für die betroffenen Kinder traumatisierend. Sollten sich pädagogische Mängel bestätigen, fordert er dienstrechtliche Konsequenzen.

Der zuständige Pflichtschulinspektor Franz Weinberger bestätigte auf APA-Anfrage acht Fälle. Die Klasse sei bereits beim Schuleintritt extrem leistungsschwach gewesen. Zwar gebe es in der ersten und zweiten Klasse die Option einer Umstufung, doch hätten Eltern entsprechende Empfehlungen damals abgelehnt. Zur Jahresmitte gab es in der dritten Klasse dann acht drohende Fünfer. Laut Weinberger erkannten vier Familien schließlich die Notwendigkeit und beantragten eine freiwillige Wiederholung. Lediglich eine Familie sei mit dem letztlich negativen Zeugnis nicht einverstanden gewesen.",de,gemini
"Hier ist eine neu formulierte Version im professionellen Nachrichtenstil, die in Länge und Inhalt dem Original entspricht:

**Gemeinsame Plattform für Android und Chrome OS – Preview für 2016 erwartet**

Seitdem Sundar Pichai vor einigen Jahren die Leitung für Chrome und Android in Personalunion übernahm, wird in der Branche über eine mögliche Verschmelzung der beiden Betriebssysteme spekuliert. Wie das *Wall Street Journal* unter Berufung auf Insider berichtet, macht der inzwischen zum Google-Chef aufgestiegene PichaiはこのPläne nun tatsächlich Ernst. Demnach arbeiten Entwickler bereits seit zwei Jahren an einer Zusammenlegung, deren Abschluss für 2017 anvisiert ist. Eine erste Vorschau könnte demnach im kommenden Jahr – etwa im Rahmen der Entwicklerkonferenz I/O Mitte 2016 – präsentiert werden.

Dass damit das Aus für Chrome OS besiegelt sein könnte, wie Medien nach dem Bericht spekulierten, wies das Unternehmen allerdings umgehend zurück. Android- und Chrome-Chef Hiroshi Lockheimer betonte via Twitter das anhaltende Engagement für Chrome OS und Chromebooks, die sich großer Beliebtheit erfreuten. Eine komplette Einstellung des Systems wäre wirtschaftlich ohnehin unplausibel: Auch wenn der globale Marktanteil bei Laptops laut IDC bei rund drei Prozent liegt, dominieren Chromebooks etwa den US-Bildungsmarkt und verzeichnen auch im Business-Segment kräftige Zuwächse.

Vielmehr spricht vieles dafür, dass Google lediglich ein einheitliches technologisches Fundament schafft, um von dort aus verschiedene Geräteklassen zu bedienen. Dies würde nicht nur doppelte Entwicklungsaufwände reduzieren, sondern auch die jeweiligen Vorzüge beider Plattformen bündeln. 

Spannend bleibt dabei die Frage, wie sich dieser Schritt auf das Android-Ökosystem auswirkt. Während Android oft unter verzögerten Updates leidet, erhalten Chromebooks – unabhängig vom Hersteller – alle sechs Wochen automatische Aktualisierungen. Wie sich das mit den Anpassungswünschen von Hardware-Partnern wie Samsung vereinbaren lässt, bleibt abzuwarten.

Erste Annäherungen zwischen den Systemen gab es in den vergangenen Jahren bereits, etwa durch die Nutzung von Android-Apps auf Chromebooks. Ein künftiges Kombi-System dürfte hier für lückenlose Kompatibilität sorgen, wobei der Play Store künftig wohl den gesamten Gerätemarkt von Smartphones bis zum Desktop mit Anwendungen versorgen soll. 

Auch abseits klassischer Computer zeigen sich bereits Hybrid-Ansätze: So basieren sowohl die Software des Chromecast-Sticks als auch das IoT-Betriebssystem Brillo technisch auf Elementen beider Welten. Zudem deutete das kürzlich vorgestellte Tablet Pixel C, das primär auf den Betrieb mit Tastatur ausgelegt ist, bereits auf diese verschmolzene Zukunft hin.",de,gemini
"Hier ist eine überarbeitete Version im natürlichen Nachrichtenstil, die den Inhalt prägnant und flüssig zusammenfasst:

**Abuja/Wien –** Wegen niedriger Ölpreise und einer massiv geschwächten Landeswährung greift Nigerias Regierung zu drastischen Mitteln. Um den Naira zu stützen und illegale Geldströme einzudämmen, hat die Zentralbank den Zahlungsverkehr drastisch verschärft. So sind Devisenwechsel an strenge Auflagen geknüpft, und Bankkunden dürfen seit Kurzem täglich maximal 60.000 Naira (rund 270 Euro) abheben. 

Das Problem wiegt schwer: Nach Schätzungen der Organisation Global Financial Integrity fließen jährlich rund 15,7 Milliarden US-Dollar über dubiose Kanäle aus dem Land – Gelder, die oft in der Terrorfinanzierung oder Geldwäsche landen. Doch die neuen Kontrollen verfehlen bisher ihre Wirkung und treiben die Krise stattdessen in skurrile Blüten. Weil der legale Devisenverkehr stark eingeschränkt ist, boomt der Schwarzmarkt. Händler weichen nun auf offene Straßen aus und bieten ihre Geschäfte im Schatten von Bäumen und Sträuchern an. Die Reaktion der Behörden: In der Hauptstadt Abuja lässt die Zentralbank inzwischen sogar Straßenbäume fällen, um den illegalen Treffpunkten den Schatten zu nehmen.

Ob die Strategie aufgeht, ist ungewiss. Ökonomen warnen vielmehr, dass die Verknappung von Devisen und Liquidität das ohnehin angeschlagene Wirtschaftswachstum weiter bremsen und ausländische Investoren abschrecken könnte.",de,gemini
"Nach einer Unterbrechung durch die Familienministerin sprechen SPÖ und ÖVP wieder über die Reform des Kinderbetreuungsgeldes. Frauenministerin Gabriele Heinisch-Hosek und Familienministerin Sophie Karmasin nahmen die Gespräche erneut auf, nachdem die Regierungsspitzen ein Machtwort gesprochen und die Ministerinnen an den Verhandlungstisch zurückbeordert hatten. Karmasin hatte die Koalitionsgespräche vor wenigen Wochen wegen mangelnder Fortschritte für gescheitert erklärt. 

Vor dem Ministerrat betonte Karmasin am Dienstag, sie verhandle zwar konstruktiv und offen, erwarte nun aber Kompromissbereitschaft und konkrete Vorschläge vom SPÖ-geführten Frauenressort. Aus dem Ministerium von Heinisch-Hosek war dazu nur zu hören, dass man sich in Verhandlungen befinde. Weder zu inhaltlichen Punkten noch zu konkreten Terminen für kommende Runden wurden vorerst Details genannt.",de,gemini
"Opposition activists have shut down numerous towns and cities across Bangladesh, staging strikes that have brought the country to a standstill. The protests come just one day after a political rally was rocked by explosions that killed 18 people.",en,gpt_oss_groq
"Coach Joe Gibbs, seeking a steady environment for the Redskins, said he anticipates only minimal roster moves this offseason and aims to foster a culture of continuity in Washington.",en,gpt_oss_groq
"Will President Vladimir Putin’s consolidation of authority translate into a more secure Russia? On the surface, the nation appears unchanged since the wave of terrorist incidents that culminated in the tragic Beslan school massacre in September.",en,gpt_oss_groq
"U2 will star in Apple’s new iTunes commercials slated to run during Tuesday’s baseball games, despite the Irish group’s usual aversion to advertising.",en,gpt_oss_groq
"South Africa’s public broadcaster, the SABC, issued an apology after a news segment unintentionally aired graphic footage of an American who had been beheaded in Iraq. The network said the error was a mistake and pledged stricter editorial controls to prevent a recurrence.",en,gpt_oss_groq
,en,gpt_oss_groq
"Four Western nations warned Iran yesterday that it must halt its uranium enrichment program without delay, setting a clear deadline for the move. The demand marks a sharp escalation in the diplomatic standoff over Iran’s nuclear activities.",en,gpt_oss_groq
Computer Associates International Inc. revealed on Wednesday that it will trim its global workforce by 800 positions as part of a restructuring effort. The cuts are projected to lower the software vendor’s operating costs by about $70 million a year once fully executed.,en,gpt_oss_groq
"Computer Associates (CA) has delivered on its pledge to shift to more adaptable software pricing by launching a new Measured Workload Pricing model for its mainframe management solutions. This change introduces usage‑based rates for CA’s mainframe tools, giving customers more flexible cost options.",en,gpt_oss_groq
The Kansas City Fed reported that economic activity kept picking up through September and into early October across the Great Plains and Rocky Mountain states that fall under its Tenth District. The data show the region’s economy continued to gain momentum during that period.,en,gpt_oss_groq
"Veteran center Dikembe Mutombo, 38, has reached a sign‑and‑trade agreement that will move him from the Chicago Bulls to the Houston Rockets. In return, Houston will send Eric Piatkowski, Adrian Griffin and Mike Wilks to Chicago, according to the Houston Chronicle. Mutombo is expected to serve as a backup big man and mentor for the Rockets’ young frontcourt.",en,gpt_oss_groq
"RBC Centura’s chief executive has resigned, and the incoming leader will operate the bank from its Raleigh office instead of its headquarters in Rocky Mount.",en,gpt_oss_groq
"Infoworld says that SCO’s short‑lived attempt to launch a pro‑SCO site aimed at the Groklaw audience, which was announced just a month ago, has been shelved for now.",en,gpt_oss_groq
"Paris commemorated the 60th anniversary of its liberation on Wednesday, emphasizing the city's wartime history while acknowledging the complexities of collaboration. The day featured a dignified flag‑raising ceremony atop the Eiffel Tower, alongside a procession of restored 1940s tanks and army jeeps that rolled through the capital.",en,gpt_oss_groq
"Oracle’s takeover of PeopleSoft sparks wave of transactions  
NEW YORK (CBS‑MW) — U.S. equities finished the day on the rise Monday, as the Dow Jones Industrial Average hit its highest point in over nine months, buoyed by stronger‑than‑anticipated economic figures and upbeat sentiment surrounding recent mergers.",en,gpt_oss_groq
"Matt Emmons wasn’t aiming at the right spot—he was preoccupied with keeping his nerves in check, while the real focus should have been on the correct target.",en,gpt_oss_groq
"**Mularkey Keeps Bledsoe Under Center**  
Head coach Mike Mularkey told anyone hoping to see rookie J.P. Losman take over that Drew Bledsoe remains Buffalo’s starting quarterback—for now. The Bills aren’t planning to make a change at the position just yet.",en,gpt_oss_groq
,en,gpt_oss_groq
,en,gpt_oss_groq
"WASHINGTON (Reuters) — U.S. officials announced on Monday that the federal government will intensify efforts to combat the booming market for counterfeit and pirated products, which industry estimates say drains hundreds of billions of dollars from American companies each year.",en,gpt_oss_groq
"Cisco is sharpening its focus on the small‑business market, rolling out a line of switches designed to cut both expenses and the technical hassle of managing a Cisco‑based network. The new offerings aim to simplify deployment and ongoing maintenance, making Cisco’s solutions more accessible and affordable for smaller companies.",en,gpt_oss_groq
"CARL ICAHN INTENSIFIES ATTACK ON MLYAN‑KING DEAL

PITTSBURGH — Carl Icahn, who holds the biggest block of Mylan Laboratories stock, said he will now back a campaign to install new directors on the company’s board.  Icahn argues the move is needed to derail Mylan’s $4 billion proposal to acquire King Pharmaceuticals, a deal he says undervalues shareholders.",en,gpt_oss_groq
"Quantum Acquires LTO Competitor Certance  
After long‑standing promotion of its DLT tape technology, Quantum has now moved to purchase Certance, a major supplier of the competing LTO format. The deal marks a surprising shift for the company, bringing a key LTO player into its portfolio.",en,gpt_oss_groq
"Press magnate Conrad Black announced that he will take legal action against the special committee of Hollinger International Inc. and several other parties, seeking C$1.1 billion (about $870 million) in damages. Black says the lawsuit stems from a recent report that alleged he stripped the company of millions of dollars.",en,gpt_oss_groq
"The Hague court has paused the trial of former Yugoslav leader Slobodan Milošević, granting his defense team additional time to get ready for the proceedings.",en,gpt_oss_groq
"**Earthquake rattles Athens, no damage reported**  
ATHENS — A tremor hit the Greek capital on Tuesday, shaking even the Olympic venues. The Athens Geodynamic Institute confirmed the seismic event but has not yet disclosed details such as its magnitude or precise epicentre.",en,gpt_oss_groq
"**Bush Campaign Blocks International Access to Site**  
The re‑election operation of Bush‑Cheney has restricted its website to U.S. users only after a cyber‑attack knocked the site offline for six hours last week, computer‑security analysts say.",en,gpt_oss_groq
**Merger may reshape Nextel Partners** – The slated $35 billion union of Sprint Corp. with Nextel Communications could bring operational shifts for Kirkland‑based Nextel Partners Inc.,en,gpt_oss_groq
"Texans’ Stat Center — After snapping a losing streak with back‑to‑back victories, Houston is now eager for a tougher test. “I saw that coming,” head coach Dom Capers chuckled.",en,gpt_oss_groq
"Former Kentucky standout Rashad McCants said he’s not looking back at his days with the Wildcats. Coach Jawad Williams agreed, noting",en,gpt_oss_groq
"A Mac‑oriented website has posted images of the new Photo iPod, hinting that the digital‑photo‑enabled iPod could be a popular gift under the Christmas tree this year.",en,gpt_oss_groq
"Denver Broncos head coach Mike Shanahan brushed off recent speculation about a possible exit, stating Thursday night that he plans to see out the remaining four years of his contract with the team.",en,gpt_oss_groq
"**Iran Claims U.S. Has No Viable Path Forward on Its Nuclear Issue**

*Reuters* – President Mohammad Khatami told reporters on Saturday that the United States has reached an impasse regarding Tehran’s nuclear program. He said Washington lacks sufficient evidence to push for United Nations sanctions and is too preoccupied with its involvement in Iraq to consider a military option.",en,gpt_oss_groq
"**Low Outlook for Georgia Basketball (AP)** – Analysts predict a tough year for Georgia’s basketball program, foreseeing a largely disappointing season on the court.",en,gpt_oss_groq
"**Ameritrade Hldg Corp** – With the political uncertainty surrounding the presidential election now behind us, retail investors have poured back into the U.S. stock market with renewed vigor. Multiple brokerage firms noted on Friday that this renewed enthusiasm appears poised to persist.",en,gpt_oss_groq
"**Arafid’s Oslo Dream: A Beacon of Peace**

Oslo, a city far removed from the turmoil of the Middle East, became the unexpected backdrop for a pivotal, covert diplomatic effort. In secret meetings held within Norway’s capital, two seasoned leaders concluded that the moment had finally arrived to pursue a peace process. The city’s tranquil setting offered Arafat a rare symbol of hope amid the region’s relentless conflict.",en,gpt_oss_groq
"**U.S. Military Fatalities in Iraq Reach 1,229 (AP)**  
According to an Associated Press tally released Tuesday, Nov. 23, 2004, the death toll for American service members in Iraq has risen to at least 1,229 since the conflict began in March 2003. The Pentagon reports that 957 of those deaths were caused by hostile fire, and the count also includes three civilian employees attached to the military.",en,gpt_oss_groq
"Iraq – The Black Watch, overseeing the Christmas Soldiers operation, announced “mission accomplished” as the battle‑group convoy—comprising over 200 vehicles—reached the relative safety of Shaibah Logistics Base.",en,gpt_oss_groq
Revlon’s third‑quarter deficit deepened as the company saw sales fall 7 % while it wrapped up an extensive refinancing plan. The cosmetics leader reported a larger loss for the period.,en,gpt_oss_groq
"Physical keys have always been a staple of our daily lives—house keys, car keys, the remote‑controlled fob that lets you unlock a door from across the street. Now a new blue token is joining the mix, designed for logging into America Online’s Internet service. While using it isn’t mandatory, it offers a convenient alternative to the traditional password, which many now consider outdated next to emerging digital‑ID solutions.",en,gpt_oss_groq
"Israeli police have opened an investigation into death threats directed at Prime Minister Ariel Sharon, a move coming as criticism of his Gaza withdrawal plan grows.",en,gpt_oss_groq
"Red Hat official criticises Sun’s open‑source record

A senior Red Hat executive has publicly questioned the open‑source credentials of former partner Sun Microsystems. In a blog entry posted Thursday, Michael Tiemann, Red Hat’s vice‑president for open‑source affairs, took aim at Sun’s track record in the community.",en,gpt_oss_groq
,en,gpt_oss_groq
,en,gpt_oss_groq
Online auction sites are hoping to profit from the recent turmoil in the insurance sector. While shoppers can easily browse the Internet for cheap flights,en,gpt_oss_groq
"A new computer virus is circulating online, disguised as an electronic Christmas card. The malicious program, which has been spotted in multiple languages, is spreading rapidly across the internet.",en,gpt_oss_groq
"Defense Secretary Donald Rumsfeld predicts that American forces could be out of Iraq within the next four years, but he warned that any definitive timeline will depend on how quickly Iraq’s new government can demonstrate progress.",en,gpt_oss_groq
"Questions linger as the Electoral College readies to ratify President Bush’s re‑election on Monday. Officials and watchdogs continue to flag problems with the nation’s voting system, especially in Ohio, where reports of malfunctioning machines, confused voters and crowded polls in low‑income",en,gpt_oss_groq
"**U.S. envoy optimistic about upcoming UN Security Council talks on Sudan**  
Nairobi, Nov. 18 (NNN) – Ambassadors from the United Nations Security Council will convene in Kenya’s capital for a two‑day session focused on advancing the peace process in Sudan. The U.S. representative expressed",en,gpt_oss_groq
"Bobby Valentine has once again arrived in Japan to supervise the Lotte Marines’ autumn training camp. The former manager, who earlier was floated as a possible replacement for Art Howe, is now concentrating on getting his team ready for the next season.",en,gpt_oss_groq
"Cashed checks are set to become a rarity. Each night, millions of these checks travel across the nation back to the issuing banks, but starting in October, new technology will begin to curb those nightly trips.",en,gpt_oss_groq
,en,gpt_oss_groq
"Washington is drafting a fresh United Nations resolution aimed at tackling the ongoing crisis in Sudan’s war‑torn Darfur region, officials said.",en,gpt_oss_groq
**Microsoft targets NetWare clientele with migration,en,gpt_oss_groq
"Chelsea have reinforced their zero‑tolerance stance on drug use after terminating Romanian forward Adrian Mutu for gross misconduct. The club acted yesterday following Mutu’s positive cocaine test, making it clear that such violations will not be tolerated.",en,gpt_oss_groq
"Alabama’s offense is staring at a formidable hurdle. Like most Tide fans, sidelined quarterback Brodie Croyle will be on edge as the Crimson Tide host LSU tonight. If the Crimson Tide can somehow topple the No. 17 Tigers, Croyle…",en,gpt_oss_groq
"US e‑commerce giant Amazon.com is stepping into the Chinese market by acquiring Joyo.com, the country’s leading online retailer. The purchase is valued at roughly $75 million (≈ 41 million yuan).",en,gpt_oss_groq
Weak factory output drags UK growth (AFP) – New data suggest Britain’s industrial sector slowed overall economic expansion in the third quarter more than analysts had originally expected.,en,gpt_oss_groq
The Motion Picture Association of America announced today that it has launched a wave of lawsuits—though it did not disclose how many—against individuals who distribute movies through peer‑to‑peer file‑sharing services.,en,gpt_oss_groq
"US Airways’ negotiations with its pilots’ union fell apart on Monday, ending talks over proposed labor cuts. The carrier had been demanding about $295 million in yearly concessions from its pilots.",en,gpt_oss_groq
"**London – Der Premierminister legt vier Eckpunkte für die künftige Beziehung Großbritanniens zur EU vor**

In einer programmatischen Rede vor dem Think‑Tank Chatham House hat Premierminister David Cameron die nächste Verhandlungsrunde über das Verbleiben des Vereinigten Königreichs in der Europäischen Union eingeleitet. Er stellte eine Kurzliste mit vier Kernforderungen auf, die seiner Ansicht nach sowohl für London als auch für Brüssel von Nutzen seien.

1. **Mehr Spielraum für die Mitgliedstaaten** – Der „Brüsseler Club“ solle flexibler gestaltet werden, sodass einzelne Länder bei bestimmten Politikbereichen eigene Wege gehen können.  
2. **Schutz für Nicht‑Euro‑Staaten** – Staaten, die nicht dem Euro beitreten, sollen rechtlich abgesichert werden und nicht gezwungen werden, die Gemeinschaftswährung zu übernehmen.  
3. **Begrenzung von Sozialleistungen für EU‑Migranten** – Für die ersten vier Jahre ihres Aufenthalts auf britischem Boden sollen EU",de,gpt_oss_groq
,de,gpt_oss_groq
"**Politikwissenschaftler Lok Raj Baral kritisiert das politische Establishment für den schleppenden Wiederaufbau Nepals nach dem Erdbeben.**  

**STANDARD:** Warum kommt der Wiederaufbau nur so langsam voran?  
**Baral:** Die Verantwortlichen blockieren sich gegenseitig, weil jede Partei ihre eigenen Ziele verfolgt. In den vergangenen zwölf Monaten hat sich kaum etwas getan – nicht einmal ein einziger Koordinator für die Wiederaufbaumaßnahmen wurde benannt.  

**STANDARD:** Was steckt hinter dieser Blockade?  
**Baral:** Die Parteien sind in internen Machtkämpfen verstrickt, die Regierung konzentriert sich mehr auf ihr eigenes Überleben als auf die Krisenbewältigung, und das Verwaltungssystem funktioniert eher wie ein Labyrinth. Persönliche Interessen der Politiker verhindern zudem, dass Entscheidungen zügig umgesetzt werden.  

**STANDARD:** Hat die neue Verfassung das Problem gelöst?  
**Baral:** Die Verfassung hat zwar einige Fragen aufgeworfen,",de,gpt_oss_groq
"**UN‑Flüchtlingshochkommissariat – zu spät, zu wenig und chronisch knapp finanziert**

In der Flüchtlingskrise, die Europa seit 2015 immer wieder erschüttert, wird die UN‑Organisation UNHCR zunehmend dafür kritisiert, zu spät und unzureichend zu handeln – obwohl die Aufgabe eigentlich nicht zu ihrem eigentlichen Mandat gehört.

Der 27‑jährige Josef Hofer aus Salzburg, der als Betreuer von Menschen mit Behinderung arbeitet, war einer der ersten Freiwilligen, die im Herbst 2015 nach Budapest reisten, um Asylsuchende eigenständig nach Österreich zu bringen. Als er von den Zuständen im ungarischen Grenzdorf Röszke erfuhr – dort waren im September des Vorjahres Tausende von Flüchtlingen unter menschenunwürdigen Bedingungen festgehalten – schloss er sich sofort einer Gruppe von Helfern an",de,gpt_oss_groq
"**Christian Hölbling präsentiert „Ich kann auch anders“ – ein kabarettistisches Experiment zwischen Identität und Gesellschaftskritik**

Wien – Mit seinem neuen Solo‑Programm „Ich kann auch anders“ wagt der Kabarettist Christian Hölbling einen frischen Ansatz. In der typischen Mischung aus bissigem Humor und persönlicher Anekdote spielt er mit den eigenen Herkunfts­konflikten: „Ich bin ein Ölien, ein echter Ölien, ein Steirer aus Völkermarkt“, beginnt er,",de,gpt_oss_groq
"**Allianz startet eigenen Mobilfunk‑Deal: SIM‑Tarif mit Geräte‑Versicherung für 14,90 €**

Wien – Ab kommenden Monat bietet die Allianz einen neuen Mobilfunk‑Service an, den sie „Allianz SIMvor“ nennt. Der Tarif beinhaltet nicht nur Telefonie, SMS und Daten, sondern auch eine umfassende Versicherung für das Smartphone – und das zu einem Preis von 14,90 Euro im Monat. Verantwortlich für das Projekt ist Michael Krammer, ehemaliger Chef von Telering und Orange, der gemeinsam mit seiner Firma Ventocom das technische Rückgrat des Angebots liefert.

**Versicherung inklusive – was ist gedeckt?**",de,gpt_oss_groq
"**Zwei‑Drittel der Stimmen gezählt – NLD führt eindeutig**  
Naypyidaw – Nach Auszählung von rund 66 % der abgegebenen Stimmen steht die Nationale Liga für Demokratie (NLD) der Friedensnobelpreisträgerin Aung San Suu Kyi (70) nach der Parlamentswahl in Burma unangefochten an der Spitze. Um jedoch die absolute Mehrheit in beiden Kammern zu erreichen, fehlen ihr noch 38 Sitze.

Für insgesamt 130 Parlamentssitze ist das Ergebnis noch offen, weil die Wahlkommission die restlichen Stimmen noch nicht vollständig ausgezählt hat. In einem Telefonat gratulierte US‑Präsident Barack Obama dem burmesischen Präsidenten zum reibungslosen und friedlichen Wahlablauf. Auch Deutschlands Außenminister Frank‑Walter Steinmeier äußerte sich ähnlich positiv und betonte die Hoffnung, dass sowohl die bislang regierende Partei als auch das Militär das Ergebnis akzeptieren würden. „Die Glückwünsche des amtierenden Präsidenten Thein Sein an die Wahlsieger verdienen besondere Anerkennung“, so Steinmeier.

Bei den letzten",de,gpt_oss_groq
"**Graz –** Die Menschenrechtsinitiative SOS Mitmensch hat bei der Staatsanwaltschaft Graz ein Dokument eingereicht, in dem die umstrittene Äußerung des Chefredakteurs der „Steirerkrone“, Christoph Biró, kritisch beleuchtet wird. In seinem Beitrag warnt Biró vor angeblichen Plünderungen, sexuellen Übergriffen und Sachbeschädigungen durch Geflüchtete – Gerüchte, die seit längerem in den sozialen Netzwerken kursieren und nachweislich widerlegt sind.

SOS Mitmensch fordert nun die Prüfung, ob Birós Aussagen nach dem Strafgesetzbuch als Hetze zu werten sind oder ob es sich um die bewusste Verbreitung falscher, beunruhigender Behauptungen handelt. Alexander Pollak, Sprecher der Organisation, betont, dass bislang keinerlei Belege für die genannten Vorfälle vorliegen und der Kommentar das Misstrauen gegenüber Schutzsuchenden geschürt habe.

Die steirische Landtagsabgeordnete der Grünen, Sabine Jungwirth, hat Biró in einem offenen Schreiben aufgefordert, die Herkunft seiner Informationen offen zu legen, insbesondere zu den angeblichen Supermarktpl",de,gpt_oss_groq
"**Drei Österreicher in der Champions League, Alaba im Titelfieber – Astana, Gladbach und Gent als Frischlinge**

Wien – Am Dienstagabend startet die 24. Saison der Champions League, und wie gewohnt gelten die bekannten Top‑Clubs als Favoriten um den begehrten Titel. Der FC Barcelona will zum zweiten Mal in Folge die Königsklasse verteidigen – ein historischer Erfolg, den es bisher nur dem AC Milan gelungen ist.  

Für Österreich gibt es dieses Mal drei Vertreter in der Hauptphase. Während Aleksandar Dragović beim Dynamo Kiew und der verletzte Martin Stranzl bei Borussia Mönchengladbach ihr Können unter Beweis geben wollen, hat David Alaba mit dem FC Bayern München deutlich höhere Ziele. Die Bayern gelten als ernsthafte Konkurrenten Barcelonas, ebenso wie Real Madrid unter dem neuen Trainer Rafael Benítez und die englischen Spitzenclubs aus Manchester und London. Auch Paris Saint‑Germain will mit seinem Geldrausch die Konkurrenz nicht unterschätzen.  

Finanziell bleibt die Champions League ein eigener Wirtschaftszweig. Bis 2018 sollen",de,gpt_oss_groq
"**Glock Horse Performance Center – Ein exklusives Reit‑Event in Kärnten**

Kärnten – In den letzten fünf Jahren hat das **Glock Horse Performance Center (GHPC)** in der Nähe des Ossiacher Sees einen Namen gemacht, der weit über die Grenzen Österreichs hinaus reicht. Das von **Gaston Glock senior** (86) initiierte Pferdesport‑Komplex hat sich zu einer Schmelz‑ und Begegnungsstätte für Reit‑Stars, Film‑Prominenz und Milliardäre entwickelt – unter anderem treten regelmäßig Künstler wie **Robbie Williams** oder **Cher** auf. Während einige das Projekt als gelungene Investition in die regionale Sport‑ und Kultur‑Szene feiern, kritisieren andere, dass es sich um ein „vergeudetes“ Millionengeheimnis handelt.

### Ein Palmen‑Teppich für die Besten

Im Mittelpunkt des GHPC steht ein roter Teppich, der von Palmen gesäumt ist – ein Bild",de,gpt_oss_groq
"**Levi‑Slalom wegen Schneemangel gestrichen – kein Ersatz in Sicht**

Die Slalom‑Wettbewerbe für Damen und Herren in Levi mussten abgesagt werden. Wie bereits 2007 und zuletzt 2011 bleibt das Resort auch dieses Mal vom fehlenden Schnee betroffen. Trotz kurzer Schneefall‑Episoden kurz vor dem Saisonstart reichten die Neuschnee‑Mengen nicht aus, um die Pisten sicher zu befahren. Der Wetterbericht drehte plötzlich um: Aus angekündigten ‑3 °C wurde am Hang ein Plus‑3‑Grad‑Tag, erklärte Rennleiter Markus Waldner gegenüber der APA. Auch die Chef‑Renndirektorin der Damen, Atle Skaardal, zeigte sich enttäuscht. Für Athleten, Fans und das Resort wäre es unfair, unter den schlechten Bedingungen ein Rennen abzuhalten.

Ein Nachholtermin ist derzeit kaum realistisch, weil der Weltcup‑Kalender bereits überladen ist. Waldner betonte, dass die Slaloms zwar nicht endgültig gestrichen seien, die Wahrscheinlichkeit einer Verschiebung jedoch sehr gering bleibt. Die nächste Pause im Rennplan erstreckt sich bis zu den nordamer",de,gpt_oss_groq
"**Oxfam kritisiert ungenügende Hilfe für syrische Flüchtlinge und fordert mehr Umsiedlungen**

Die Entwicklungs- und Nothilfsorganisation Oxfam hat am Dienstag ihre Unzufriedenheit mit der internationalen Unterstützung für syrische Flüchtlinge – sowohl innerhalb Syriens als auch in den Nachbarländern – zum Ausdruck gebracht. In dem aktuellen Bericht „Solidarity with Syrians“ bezeichnete Oxfam die bisherige Hilfe als oberflächlich und wenig ernst gemeint. Die Analyse prüfte, inwieweit Industrieländer finanzielle Mittel bereitstellen und Aufnahmeplätze für Schutzsuchende schaffen, sowie wie aktiv sie an einer Beendigung des Syrien-Kriegs mitwirken. Das Ergebnis: Die verfügbaren Mittel reichen bei weitem nicht aus, um den Betroffenen ein würdevolles und sicheres Leben zu ermöglichen. Viele zugesagten Resettlement‑Programme seien bislang kaum umgesetzt – bislang fanden nur rund 17 000 Menschen auf diesem Weg Zuflucht.

Oxfam verlangt, dass bis Ende 2016 mindestens zehn Prozent der in den syrischen Nachbarstaaten lebenden Flüchtlinge in Drittstaaten umgesiedelt werden. Der Bericht weist zudem darauf hin, dass lediglich",de,gpt_oss_groq
"**Luxemburg: Ausländerwahlrecht abgelehnt – Mehr als drei Viertel sagen Nein**

Im kleinen EU‑Staat Luxemburg hat ein Referendum am Sonntag klargestellt, dass die geplante Einführung eines Wahlrechts für Nicht‑Staatsbürger nicht umgesetzt wird. Rund 78 % der Abstimmenden sprachen sich gegen den Vorschlag von Premierminister Xavier Bettel aus, der ein solches Recht nur für Ausländer vorsah, die seit mindestens zehn Jahren im Land leben und bereits an Kommunal‑ oder Europawahlen teilgenommen haben. Damit bleibt es – wie in allen anderen EU‑Staaten – dabei, dass Ausländer nicht an den nationalen Parlamentswahlen teilnehmen dürfen.

Auch andere Vorhaben der Regierung fanden kaum Zustimmung. Das Wahlalter sollte von 18 auf 16 Jahre gesenkt werden; hierfür stimmten knapp 81 % der Wähler mit „Nein“. Und die Idee, die Amtszeit von Ministern auf zehn Jahre zu begrenzen, wurde nur von rund 30 % befürwortet.

Bettel, 42, begründete das Einwohnerwahlrecht mit dem hohen Anteil ausländischer Bewohner – etwa 45 % der rund 550 ",de,gpt_oss_groq
"**Griechische Wirtschaft gerät tiefer in die Rezession – politische Auseinandersetzungen belasten**

Athen – Die griechische Konjunktur schrumpft stärker als bislang angenommen. Laut den neuesten Zahlen der europäischen Statistikbehörde Eurostat sank das Bruttoinlandsprodukt im dritten Quartal um 0,9 % gegenüber dem Vorquartal. Im November hatten die Statistiker noch von einem vorläufigen Rückgang von 0,5 % gesprochen. Im zweiten Quartal war hingegen ein leichtes Plus von 0,3 % zum Vorquartal zu verzeichnen, während das Wirtschaftswachstum zum Jahresbeginn noch ausblieb.

Das dritte Quartal gilt in Griechenland traditionell als entscheidender Indikator, weil hier die Ergebnisse der Tourismussaison sichtbar werden. Zum Vergleich: Im dritten Quartal 2014 wuchs die Wirtschaft laut Eurostat noch um 0,8 %.

Für den diesjährigen Rückgang wird vor allem das anhaltende politische Tauziehen zwischen der linken und der rechten Regierung in den ersten Monaten des Jahres verantwortlich gemacht. Die angespannten Verhandlungen mit europäischen Partnern und Geldgebern, die Drohung einer Staatspleite",de,gpt_oss_groq
"Insgesamt sind rund 800 000 Fälle von manipulierten CO₂‑Angaben bei Fahrzeugen bekannt geworden. Betroffen ist vor allem Volkswagen: Bei vielen Neu‑ und Gebrauchtwagen wurden die Emissionswerte zu Gunsten des Unternehmens nach oben korrigiert. Mehr als die Hälfte dieser Fälle – etwa 430 000 Fahrzeuge – stammt aus dem Modelljahr 2016 und steht teilweise bereits auf den Hofen der Händler, wie VW am späten Freitagabend aus Wolfsburg mitteilte. Auch ältere Modelle werden jetzt geprüft, ob dort zu niedrige CO₂‑Werte angegeben wurden. Interessierte können auf www.volkswagen.de/info nachsehen, ob ihr Auto zu den betroffenen Fahrzeugen gehört. 

Der Absatz der VW‑Hauptmarke hat sich gleichzeitig weiter abgeschwächt, weil der Diesel‑Skandal mit manipulierten Stickoxid‑Werten das Markenimage belastet. Im Oktober wurden weltweit 490 000 Fahrzeuge verkauft – das sind 5,3 % weniger als im Vorjahr. Der neue Vorstandsvorsitzende Herbert Diess sah jedoch bislang keine Gefahr für Arbeitsplätze im Kernbetrieb, erklärte er in einem gemeinsamen Interview mit dem Betriebsratschef Bernd Osterloh. Auch Osterloh betonte in der Süddeutschen Zeitung, dass",de,gpt_oss_groq
"**Marie Rötzer übernimmt Leitung des Landestheaters Niederösterreich**  
Die 47‑jährige Dramaturgin Marie Rötzer, bis vor Kurzem persönliche Referentin des Intendanten am Thalia‑Theater Hamburg, wird die Nachfolge von Bettina Hering antreten. Rötzer, gebürtige Mistelbacherin, folgt der ehemaligen Schauspielchefin, die zu den Salzburger Festspielen gewechselt ist. Der neue Vertrag startet im Sommer 2016 und ist zunächst auf vier Spielzeiten bis zum Sommer 2020 befristet.  

Rötzers beruflicher Werdegang begann in den frühen 1990er‑Jahren am Landestheater Sankt Pölten. Nach einer Tätigkeit als Lektorin an der Universität Czernowitz in der Ukraine arbeitete sie als Dramaturgin an namhaften deutschsprachigen Bühnen – darunter das Maxim‑Gorki‑Theater in Berlin, die Gessnerallee in Zürich, das Schauspielhaus Graz, das Staatstheater Mainz und zuletzt das Thalia‑Theater Hamburg, wo sie dem Leitungsteam angehört.  

„Bettina Hering hat das Landestheater sowohl regional als",de,gpt_oss_groq
"**Gevgelija/Skopje/Belgrad – Am Samstag überquerten trotz verstärkter Sicherheitsmaßnahmen Hunderte von Migranten die mazedonisch-griechische Grenze.**  

Ein AFP‑Reporter aus Gevgelija berichtete, dass die Flüchtlinge aus Griechenland die von Polizisten mit Stacheldraht gesicherten Absperrungen durchbrachen. Laut Reuters sollen es sogar mehrere Tausend sein, die in das ehemalige Teilgebiet Jugoslawiens eindrangen. Ein vor Ort eingesetzter Reporter sah, wie Menschen die Barrieren überwanden und über Felder sprint",de,gpt_oss_groq
"**Wien – Die fünfstündige Bühneninszenierung „Kings of War“ von Ivo van Hove und der Toneelgroep Amsterdam sorgt für Aufsehen bei den Festwochen im Museumsquartier.**  

Das Projekt, das Shakespeares Königsdramen neu zusammensetzt, wird zum ersten Mal in der Festwochen-Programmreihe präsentiert. Der niederländische Autor Rob Klinkenberg hat Texte aus *Henry V.*, *Henry VI.* und *Richard III* in flüssiges Holländisch übertragen, wobei die zeitgenössische Bildsprache im Vordergrund steht.  

In der Halle E des MQ entsteht ein eigentümlicher „War Room“. Bühnenbildner Jan Versweyveld hat den Raum nach dem Hauptquartier von Winston Churchill gestaltet – ein Bunker, der zugleich an das 20. Jahrhundert als Zeugen der blutigen Fehde zwischen Lancaster und York erinnert.  

Die Handlung springt von Heinrich IV., dessen Leichnam noch nicht kalt ist, zum aufstrebenden Heinrich V. (gespielt von Ramsey Nasr), dem militär",de,gpt_oss_groq
"**Rubel‑Stärkung und steigende Ölpreise stärken Russland**

Moskau – Nach Einschätzung der Weltbank hat sich die wirtschaftliche Lage in Russland wieder etwas entspannt. Laut den aktuellen Zahlen der Organisation soll die Wirtschaftsleistung im laufenden Jahr nur noch um 2,7 % zurückgehen – deutlich besser als die zuvor erwarteten 3,8 % Rückgang. 

Ein wichtiger Grund dafür ist die Erholung des Rubels, die zusammen mit dem jüngsten Aufschwung der Ölpreise wirkt. Nach Monaten des Preisverfalls hat sich das Öl wieder nach oben bewegt, was für Russland von großer Bedeutung ist, da rund 40 % der Staatseinnahmen aus Ölexporten stammen.",de,gpt_oss_groq
"Nur Kärnten und Tirol liegen noch weiter zurück. Außer Niederösterreich und Salzburg kann derzeit kein Bundesland die geforderte Quote für unbegleitete minderjährige Flüchtlinge (UMF) erreichen. Im Erstaufnahmezentrum Traiskirchen wohnen nach wie vor über 1.000 jugendliche Geflüchtete. In Vorarlberg fehlen 113 Plätze – die Quote liegt hier bei gerade einmal 60 Prozent, wie die Montagsausgabe der Vorarlberger Nachrichten (VN) berichtet. Nur Kärnten (etwa 51 Prozent) und Tirol (rund 56 Prozent) schneiden beim Unterbringen von unbegleiteten jugendlichen Asylbewerbern noch schlechter ab. Salzburg hält die Quote nur dank rund 200 Jugendlichen, die in einer Kaserne untergebracht sind, kritisierte der Vorarlberger Kinder‑ und Jugendanwalt Michael Rauch. Auch die Vorarlberger Landesregierung bleibt nicht verschont: „Man kann nicht ständig in den Medien als Quotenerfüller auftreten, wenn wir bei den UMF nur 60 Prozent erreichen“, bemäng",de,gpt_oss_groq
"**Strategische Neuausrichtung und Vorstandskürzungen bei Uniqa – Fusion der heimischen Versicherungssparten bis 1. Quartal 2017**  

Wien – Der Uniqa‑Konzern stellt seine Struktur grundlegend um: Alle in Österreich tätigen Versicherungsgesellschaften sollen künftig zu einer Einheit zusammengeführt werden. Im Zuge dieser Maßnahme wird die Zahl der Vorstandsmitglieder von 22 auf zehn reduziert, um sich stärker an den zukünftigen strategischen Zielen und Herausforderungen zu orientieren, teilte die Uniqa Group am Mittwochabend mit.

Konkret plant das Unternehmen, bis spätestens zum ersten Quartal 2017 die Raiffeisen Versicherung AG, die Salzburger Landes‑Versicherung AG sowie die FinanceLife Lebensversicherung AG mit der Uniqa Österreich Versicherungen AG zu verschmelzen. Die Fusion reduziert nicht nur die operativen Einheiten, sondern wirkt sich auch auf die Holding aus: Die an der Börse notierte Uniqa Insurance Group AG soll künftig mit drei statt bisher fünf Vorständen auskommen",de,gpt_oss_groq
"**Astronomische Ausblicke im März**

Am 23. März erstrahlt der Vollmond über uns, während Jupiter im Löwen zu sehen ist. Die Tageslichtstunden nehmen schnell zu: Am 1. März beträgt die Tageslänge 11 Stunden 4 Minuten, bis zum 31. März steigen die Stunden auf 12 Stunden 50 Minuten. Die Dämmerung nach Sonnenuntergang bis zu einer Sonnentiefe von 12 Grad dauert etwa 1 Stunde 8 Minuten.

Der Frühlingsanfang fällt auf den 20. März, wenn die Sonne um 5 Uhr 30 nachmittags den Widder im Tierkreis eintritt – die Tag‑ und Nachtgleiche. Am 2. März befindet sich der Mond im Letzten Viertel im Sternbild Schlangenträger nahe Saturn. Am 7. März lässt sich die schmale Altlichtsichel tief in der Morgendämmerung im Osten‑Süd‑Osten (OSO) beobachten; zwei Tage später, am 9., gibt es",de,gpt_oss_groq
"Britische Sicherheitsbehörden reduzieren ihren permanenten Wachbetrieb vor der ecuadorianischen Botschaft in London, wo sich der WikiLeaks‑Gründer Julian Assange noch immer aufhält. Stattdessen soll eine verdeckte Ermittlungsaktion ausgebaut werden, wie Scotland Yard am Montag mitteilte. Der 44‑jährige Assange, gegen den in Schweden ein Haftbefehl wegen mutmaßlicher sexueller Übergriffe vorliegt, lebt seit Juni 2012 im diplomatischen Schutz der Botschaft. Er bestreitet die Vorwürfe und warnt, dass eine Auslieferung an die USA wegen der Veröffentlichungen von WikiLeaks für ihn eine Gefahr darstellen würde. Die permanente Bewachung habe die britischen Steuerzahler bisher mit rund 16 Millionen Euro belastet.",de,gpt_oss_groq
"**Seniorenbund‑Obmann Khol würdigt Steuerpaket, kritisiert aber Kanzler‑Stil**

Wien – Der Vorsitzende des ÖVP‑Seniorenbundes, Andreas Khol, lobte die Regierungskoalition für die im ersten Halbjahr erreichten Fortschritte, bemängelte jedoch nach wie vor das Fehlen von Reformen in den Bereichen Alterssicherung, Gesundheit und Pflege. „Wir sehen, dass man in vielen Feldern vorankommt – das ist nicht zu leugnen“, sagte",de,gpt_oss_groq
"**Spiegel‑Chefredakteur Klaus Brinkbäumer in Wien: Satire, Bezahlschranke und der digitale Wandel**

*Wien –* Der Chefredakteur des „Spiegel“, Klaus Brinkbäumer, hielt am Donnerstag im Rahmen der Journalismustage in Wien eine Keynote und beantwortete im Anschluss per E‑Mail Fragen des STANDARD zu den aktuellen Themen des Nachrichtenmagazins. Im Mittelpunkt standen die geplante Pay‑Wall, das kürzlich geleakte Innovationspapier und die Grenzen der Satire.

**Digitale Einnahmen und die Bezahlschranke**

Der „Spiegel“ habe seit 2000 etwa 70 % seiner Anzeigen verloren. Brinkbä",de,gpt_oss_groq
"**Wolf Wondratschek: Ein Gedichtband als Liebesbrief an den Sohn Raoul**

Der Wiener‑Münchner Dichter Wolf Wondratschek hat kürzlich sein Ged",de,gpt_oss_groq
"**Dell strebt mit EMC-Deal nach stärkerer Marktposition**

Der US‑Technologieriese Dell will durch die geplante Übernahme von EMC sein Portfolio ausbauen und damit besser gegen Konkurrenten wie Hewlett‑Packard bestehen. In New York erklärte das Unternehmen, dass die EMC‑Aktionäre für jede Aktie 24,05 Dollar in bar erhalten und zusätzlich ein Zertifikat, das den Anteil an der zu EMC gehörenden Softwarefirma VMware abbildet. Damit beläuft sich der Gesamtwert pro EMC‑Aktie auf rund 33,15 Dollar – ein Aufschlag von fast 20 % gegenüber dem Schlusskurs von Freitag.  

Der Deal, über den bereits seit Tagen spekuliert wurde, folgt auf die Rückführung von Dell in den Privatsektor vor zwei Jahren, als Michael Dell das Unternehmen mit Hilfe von Finanzinvestoren in einem 25‑Milliarden‑Dollar‑Kauf vom Börsenparkett nahm. Für die aktuelle Transaktion benötigen Dell und sein erneut beteiligter Partner Silver Lake laut Medienberichten etwa 40 Milliarden Dollar an Bankkrediten. Nach Abschluss",de,gpt_oss_groq
"**Akademie‑Präsident fordert mehr staatliche Unterstützung für Forschung**  

Wien – Der neue Präsident der Österreichischen Akademie der Wissenschaften (ÖAW), Anton Zeilinger, spricht sich deutlich für eine stärkere Förderung der Forschung aus und richtet dabei ein offenes Plädoyer an den neu gewählten Bundespräsidenten. In seiner Rede zur traditionellen Jahresversammlung der ÖAW am Freitag betonte Zeilinger, dass die Wissenschaft in Österreich sich in einer prekären Lage befinde und „so nicht weitergehen“ könne.  

Der Bundespräsident ist laut ÖAW‑Statuten der höchste Schirmherr der Akademie; deshalb verfolge die Einrichtung mit großem Interesse die Wahl am Sonntag. Zeilinger wollte jedoch keinen Kommentar zu den Kandidaten abgeben. Stattdessen hob er die Bedeutung hervor, dass der Präsident die internationale Ausrichtung der Wissenschaft versteht und insbesondere europäische Forschungsprojekte aktiv unterstützt.  

Ein zentrales Anliegen sei die finanzielle Situation des Fonds zur Förderung der wissenschaftlichen Forschung (FWF). Die Junge Kurie, die sich kürzlich als „Junge Akademie“ neu benannt hat, warnt bereits davor, dass die anhaltende Budgetknappheit",de,gpt_oss_groq
"Vier Kinder gerettet – Polizeiaktion in Amerika und Europa

Mexiko‑Stadt – Im Rahmen einer internationalen Razzia gegen Kinderpornografie wurden in Lateinamerika, den USA und Spanien mehr als 60 mutmaßliche Täter festgenommen. Die mexikanische Sicherheitskommission CNS teilte am Sonntag mit, dass die Verdächtigen über das Netz kinderpornografisches Material verbreitet haben sollen. Bei den gleichzeitig durchgeführten Durchsuchungen konnten vier potenzielle Opfer befreit werden, darunter drei Mädchen im Alter von neun, 14 und 15 Jahren aus Mexiko. Die groß angelegte Operation wurde von den Sicherheitsbehörden Südamerikas gemeinsam mit dem US‑FBI koordiniert. Durchsuchungen fanden demnach in Spanien, den Vereinigten Staaten, Mexiko, Argentinien, Brasilien, Chile, Kolumbien, Costa Rica, Guatemala, Paraguay, Uruguay und Venezuela statt.",de,gpt_oss_groq
"Der Präsident der Wirtschaftskammer kritisiert, dass in Österreich Arbeitslose teilweise dieselben Nettoauszahlungen erhalten wie Personen, die für ein Bruttogehalt von 1 700 Euro arbeiten. Laut den Zahlen des Arbeitsmarktservice waren Ende Juli rund 376.500 Menschen ohne Beschäftigung – ein Umstand, den Wirtschaftskammerchef Christoph Leitl für vermeidbar hält. In einem Gespräch mit dem „Volksblatt“ bejahte er, dass grundsätzlich jeder, der arbeiten will, eine Stelle finden könne, auch wenn sie nicht unbedingt an der Haustür oder im Wunschberuf liege. Die Arbeitsplätze seien vorhanden. Beim Thema Mindestsicherung bemängelte Leitl, dass der finanzielle Anreiz zum Arbeiten zu gering sei: „Es ärgert mich, dass die Summe aus Mindestsicherung und Transferleistungen netto fast mit dem Einkommen aus einem 1 700‑Euro‑Bruttogehalt zusammenfällt.“ Er warnt, dass Österreich seine Wettbewerbsfähigkeit steigern müsse: „Wir dürfen nicht länger in der Komfortzone verharren, sondern uns den harten Realitäten eines globalen Marktes stellen – mit hungrigen Anbietern aus Asien und dynamischen Konk",de,gpt_oss_groq
"**Österreich bleibt im internationalen Image‑Ranking im Hintertreffen – besonders wegen hoher Steuern**

Wien – Im neuesten Standort‑Ranking der IMD Business School aus Lausanne belegt Österreich wieder nur den 24. Platz von 61 untersuchten Ländern – ein leichter Sprung nach vorne gegenüber dem Vorjahr, aber nach wie vor ein eher mäßiges Ergebnis. Der entscheidende Kritikpunkt: Das Steuersystem. Mit fast dem schlechtesten Ergebnis im Vergleich zu den übrigen EU‑Staaten liegt Österreich fast am Schluss, wenn es um die Belastung von Einkommen und Unternehmensgewinnen geht, erklärt Christos Cabolis, Chefökonom des IMD‑Teams, dem STANDARD.

Auch die öffentlichen Finanzen schneiden nicht gut ab. Defizit‑ und Schuldenquote positionieren",de,gpt_oss_groq
"**Sozialistische Jugend und Grüne verlangen Rücktritte**  
*Linz –* Ein von zwei FP‑Ö‑Gemeinderäten in Linz veröffentlichtes Facebook‑Posting über Muslime hat nach einem Medienbericht am Mittwoch für Aufsehen gesorgt. Die Sozialistische Jugend und die Grünen fordern nun das Ausscheiden der beiden Stadträte.

Die Tageszeitung *Österreich* zeigte das Posting, in dem die FP‑Ö‑Gemeinderätin Susanne Walcher den Vorschlag von Wirtschaftskammerchef Christoph Leitl für ein „aufgepepptes“ Integrationsjahr mit den Worten kommentierte: „Gute Idee, Herr Leitl! Der übermotivierte junge Muslim wird dann als Kindergartenbetreuer Pipi machen oder im Pflegeheim seiner Oma beim Baden helfen.“ Ihr Parteikollege Markus Kraz fügte hinzu, man könne die Betroffenen auch in Tierheimen einsetzen, wo sie wenigstens „liebe Schafe“ hätten.  

Die Staatsanwaltschaft prüft, ob die Beiträge den Tatbestand der Volksverhetzung erfüllen.  

**Wertschulungen statt Hetze**  
Philipp ",de,gpt_oss_groq
"**Brüssel beschließt neue Maßnahmen für die Balkanroute**  

**Brüssel –** Am Sonntag trafen sich die Regierungschefs der Staaten, die am stärksten von der anhaltenden Flüchtlingskrise betroffen sind, zu einem Sondergipfel in Brüssel. Laut EU‑Kommission einigten sie sich auf einen 17‑teiligen Aktionsplan, der drei zentrale Ziele verfolgt: ausreichende Unterbringung, koordinierte Steuerung der Bewegungen und verstärkte Sicherung der Außengrenzen.  

**Gemeinsame Verantwortung**  
Die vergangenen Wochen hatten gezeigt, dass die Probleme entlang der Balkanroute nicht mehr von einzelnen Ländern allein gelöst werden können. Deshalb beschlossen die Regierungschefs aus Albanien, Bulgarien, Deutschland, Griechenland, Kroatien, Nordmazedonien, Österreich, Rumänien, Serbien, Slowenien und Ungarn, die Zusammenarbeit zu intensivieren und konkrete operative Schritte zu setzen. EU‑Kommissionspräsident Jean‑Claude Juncker betonte, dass die betroffenen Staaten nicht gegeneinander, sondern miteinander reden und handeln müssen. „Fl",de,gpt_oss_groq
"Rom – Die italienische Regierung hat am Freitag ein neues Gesetz beschlossen, das den Banken das schnellere Eintreiben von notleidenden Krediten ermöglichen soll. Laut Ministerpräsident Matteo Renzi wird die Frist für die Rückgewinnung von Darlehen von bisher sechs bis acht Jahren auf nur noch sechs bis acht Monate verkürzt. Ziel des Erlasses ist es, die anhaltenden Schwierigkeiten im Bankensektor endgültig zu beseitigen.

Durch das Gesetz können die Institute künftig zügiger auf Sicherheiten zurückgreifen, die Unternehmen als Garantie hinterlegt haben. Privatkredite, etwa Hypotheken, bleiben von der Regelung ausgenommen. Außerdem sieht das Gesetz vor, dass mehr als die Hälfte der rund 10.000 Kleinanleger, die bei der staatlichen Rettung von vier kleinen Banken im letzten Jahr Anleihen hielten und Geld verloren haben, entschäd",de,gpt_oss_groq
"**Mehr Hilfsbereitschaft, aber weniger Missionsdrang – das will die Kirche, heißt es aus einer aktuellen Umfrage**

Linz – Die aktuelle Befragung des Linzer Market‑Instituts zeigt ein verändertes Bild vom Verhältnis der Österreicher zur Kirche. Während das soziale Engagement für benachteiligte Menschen, Obdachlose und Flüchtlinge immer stärker gefordert wird, lässt das Interesse an der Bekehrung Andersgläubiger nach.  

Die Mehrheit der Befragten sieht das Osterfest nicht als ein ursprünglich heidnisches Fest: Nur ein Fünftel der Teilnehmer hält diese Ansicht, während 50 % sie ausdrücklich ablehnen. Der Osterhase, einst ein Symbol für Fruchtbarkeit, das von der Kirche zu einer Christus‑Metapher um",de,gpt_oss_groq
"**ORF beschließt Anleihe für Teilfinanzierung des Küniglberg‑Standorts – Budget 2016 bleibt knifflig**  

Wien – Der ORF steht im Jahr 2016 vor einem der anspruchsvollsten Haushalte der letzten Jahre, erklärte Finanzdirektor Richard Grasl nach der Sitzung des Stiftungsrats am Donnerstag. Rückstellungen wegen der Klage des Zentralbetriebsrats, steuerliche Änderungen und die Kosten des Frühfernsehens belasten das Budget zusätzlich.  

Trotz dieser Belastungen hat der Stiftungsrat mit überwältigender Mehrheit die Emission einer ORF‑Anleihe beschlossen. Die Anleihe wird im Rahmen einer Privatplatzierung an Groß‑ und institutionelle Investoren angeboten und dient",de,gpt_oss_groq
"**Krähen stibitzen Gummibegrenzung von Autoscheibenwischern**  
*Tokio* – In Japan hat ein ungewöhnlicher Fall von Vandalismus die Polizei zu einem Sonder-Einsatz veranlasst. In der Stadt Matsue meldeten zahlreiche Bürger wiederholt, dass ihre Autoscheibenwischer beschädigt worden seien, berichtete die Tageszeitung *Yomiuri Shimbun* am Mittwoch. Daraufhin wurden rund 50 Polizeikräfte mobilisiert, um die Vorfälle zu untersuchen und die betroffenen Straßen rund um die Uhr zu überwachen.  

Dank Aufnahmen aus Überwachungskameras konnten die Verantwortlichen schließlich identifiziert werden: Krähen. Die Vögel nutzen die weiche Gummibeschichtung der Wischer, um ihre Nester zu bauen. Die Beamten standen vor einem Rätsel – ein Tier lässt sich ja nicht verhaften. (dpa, 17. Juni 2015)",de,gpt_oss_groq
"**Landesarbeitsgericht bestätigt Rechtmäßigkeit befristeter Spieler­verträge – Müller verliert Klage gegen Mainz 05**

Ein Gerichtsurteil hat Klarheit darüber geschaffen, dass Fußballclubs weiterhin befristete Arbeitsverträge mit ihren Profis abschließen dürfen. Im Zentrum des Rechtsstreits stand der ehemalige Torhüter des FSV Mainz 05, Heinz Müller, der nach Ablauf seines Zweijahresvertrags im Sommer 2014 vor Gericht ging, um die Fortsetzung seines Arbeitsverhältnisses als unbefristet feststellen zu lassen.

Das Arbeitsgericht Mainz hatte zuvor entschieden, dass Profispieler arbeitsrechtlich wie reguläre Arbeitnehmer behandelt werden müssten und daher nicht dauerhaft mit kurzen Befristungen arbeiten dürften. Auf diese Entscheidung legte das Landesarbeitsgericht Rheinland‑Pfalz am Mittwoch jedoch wieder zurück. Das Gericht wies Müllers Klage vollständig ab und bestätigte, dass die Entscheidung des Vereins, den Spieler nicht mehr für Spiele einzuplanen, rechtlich zulässig ist. Die Trainerwahl, wer im Kader eingesetzt wird, bleibt weiterhin",de,gpt_oss_groq
"Hamburg – Der ehemalige Welt‑Kolumnist Matthias Matussek plant, seinen früheren Arbeitgeber, den Axel‑Springer‑Verlag, mit einer Klage wegen Kündigungsschutzes vor Gericht zu ziehen, berichtet die Süddeutsche Zeitung. Anlass dafür war ein umstrittenes Facebook‑Posting des Journalisten nach den Terroranschlägen in Paris. Darin schrieb er, er könne sich vorstellen, dass die Pariser Anschläge die Debatte über offene Grenzen und die mutmaßlich 250 000 nicht registrierten jungen muslimischen Männer im Land in eine völlig neue Richtung",de,gpt_oss_groq
"**Plattform verspricht „die spannendsten Frauen‑Storys aus aller Welt“. Jetzt gilt es, das Publikum zu überzeugen.**

Wien / Berlin – Mit „Deine Korrespondentin“ will Pauline Tillmann weibliche Stimmen aus den entlegensten Ecken des Globus in den Fokus rücken. Ob die einzige Bierbrauerin Palästinas oder ein Porträt über die prekäre Lage von Lesben und Schwulen in Weißrussland – das Magazin plant, solche Randthemen systematisch zu beleuchten. „Wir möchten Frauen weltweit sichtbarer machen“, erklärt die 32‑jährige Gründerin dem STANDARD.

Das Online‑Magazin wird derzeit von acht Korrespondentinnen betrieben. Jede Woche erscheint ein neuer Beitrag, oft aus Indien, Afrika oder dem Nahen Osten. Für die Artikel zahlt Tillmann rund 100 Euro, wobei sie hauptsächlich freiberufliche Journalistinnen einsetzt. Themen, die in etablierten Medien selten Platz finden, sollen hier eine Plattform erhalten.

Bevor sie das Projekt ins Leben rief, war Tillmann von 2011 bis Anfang 2015 Auslandskorrespondentin für die ARD",de,gpt_oss_groq
"**Österreichs Parlament wird von einer Flut an Stellungnahmen, Memes und sogar Hip‑Hop‑Tracks überschwemmt.** 

Viele Trafikanten, Raucher und Dampfer zeigen sich deutlich unzufrieden mit dem geplanten Tabakgesetz. Die verschiedenen Interessengruppen haben eine Online‑Kampagne gestartet, um die Regierung zu einer Überarbeitung zu drängen. Dabei werden humorvolle Memes und alte Hip‑Hop‑Beats, die das Dampfen thematisieren, gezielt eingesetzt, um Aufmerksamkeit zu erzeugen.

Für die Trafikbranche ist insbesondere das geplante Verbot von Kautabak, die Einführung von Schockbildern auf Zigarettenpackungen und die Beschränkung des Online‑Vertriebs von Tabakerzeugnissen ein Dorn im Auge. Unter Anstoß von Verbänden schreiben die Ladenbesitzer nun zahlreiche individuelle Briefe an das Parlament – ein Vorgehen, das von den Branchenverbänden unterstützt wird. Fast täglich tauchen neue, teils sehr pointierte Statements auf. So bezeichnet eine Bürgerin die Regierungspläne als „lügnerisch und zum Kotzen“, während ein 65‑jähriger Raucher mit 97 % Lungenkapazität bem",de,gpt_oss_groq
"**Muse spielt am 9. Mai in der Wiener Stadthalle – Vorverkauf ab Freitag**

Wien – Die britische Rockgruppe Muse kommt am 9. Mai 2016 nach Wien und gibt ein Konzert in der Stadthalle. Der Veranstalter kündigt an, dass die Band auf einer 360‑Grad‑Bühne im Zentrum der Halle auftreten wird. Im Einklang mit dem aktuellen Album *Drones* sollen während der Show zudem kleine Kameradrohnen in die Lüfte steigen. Das letzte Mal stand Frontmann Matthew Bellamy mit seiner Band im Juni beim Festival Rock in Vienna auf der Donauinsel vor Publikum. Der Ticketverkauf für das Stadthallen-Event beginnt am Freitag, dem 18. September.",de,gpt_oss_groq
"**Haager Gericht lehnt Auslieferungsforderung für drei ultranationalistische Angeklagte ab**  
*Belgrad/Den Haag* – Das Belgrader Gericht hat am Mittwoch entschieden, die Überstellung von drei Personen, die vom Internationalen Strafgerichtshof für das ehemalige Jugoslawien wegen Missachtung des Gerichts angeklagt sind, zu verweigern. Das Haager Tribunal hatte diese drei Unterstützer des wegen Kriegsverbrechen verurteilten ultranationalistischen Führers Vojislav Šešelj wegen Behinderung des Verfahrens beschuldigt. Laut dem Urteil müsse Serbien die Beschuldigten, die wegen Kriegsverbrechen, Völkermord und Verbrechen gegen die Menschlichkeit vor dem Tribunal stehen, ausliefern – eine Verpflichtung bestehe jedoch nicht, wenn es nur um Vorwürfe der Missachtung des Gerichts gehe.  

Den Anklagepunkten zufolge sollen die drei Parteigänger von Šešelj Zeugen im Verfahren gegen ihn erpresst und unter Druck gesetzt haben. Zudem wird ihnen vorgeworfen, Zeugen mit Bestechungsgeldern zum Schweigen zu bewegen. Die Anklage gegen die drei wurde bereits",de,gpt_oss_groq
"**Europastudio – „EU ohne Großbritannien?“**  
Im Gespräch: Paul Lendvai mit Anne McElvoy (The Economist), Stefanie Bolzen (Die Welt), Daniel Vernet (Publizist) und Christian Ultsch (Die Presse).  
**Sendezeit:** bis 12 Uhr, ORF 2  

**Panorama – Weltfrauentag‑Special**  
Wie weit die Gleichstellung trotz neuer Gesetze der 1970er‑Jahre noch ist, zeigen Trautl Brandstaller und Monika Lindner in ihrer Reportage „Gleiche Arbeit – gleicher Lohn“ aus dem Jahr 1978.  
**Sendezeit:** bis 13 Uhr 30, ORF 2  

**Heimat, fremde Heimat**  
1. Migrantinnen in Österreich – 2. Literar",de,gpt_oss_groq
"**Deutsch im Pink – Kittel holt zweite Etappe in den Niederlanden**

*Arnhem –* Marcel Kittel (GER) setzte am Dienstag erneut einen beeindruckenden Schlusspunkt und gewann die dritte Etappe des Giro d’Italia, die von Nijmegen nach Arnhem führte. Mit dem Sprintsieg über den Italiener Elia Viviani (Sky) und weitere Top‑Fahrer sicherte sich der 27‑jährige Sprintstar nicht nur das Etappensieg‑Paket, sondern auch das begehrte rosa Trikot vom Auftaktsieger Tom Dumoulin (NED).

Kittel, der für das belgische Team Etixx – Quick‑Step fährt, kam nach rund 190 Kilometern mit einem Vorsprung von mehreren Radlängen ins Ziel. Damit übernimmt er zum zweiten Mal seit 2014 die Gesamtführung;",de,gpt_oss_groq
"**Stadtpolitik beschließt Prüfung einer Neuaufstellung**  
Linz – Nach jahrelangen Auseinandersetzungen um die Aphrodite vom Bauernberg – 1942 von Hitler als Geschenk an die Stadt in einem Rundtempel im Stadtpark aufgestellt und 2008 nach Hinweisen von Kunststudierenden vom damaligen Bürgermeister Franz Dobusch in den Keller des Nordico verlegt – gibt es nun einen überraschenden Kurswechsel: Ein Dringlichkeitsantrag, der die Einrichtung einer Arbeitsgruppe zur Untersuchung einer möglichen Neuaufstellung fordert, wurde am Donnerstagabend im Linzer Gemeinderat mit klarer Mehrheit angenommen.  

Erstmals scheinen die bislang verhärteten politischen Fronten zu bröckeln: Die SPÖ und die Grünen, die bislang als Gegner einer Rückkehr der Liebesgöttin in den öffentlichen Raum auftraten, stimmten dem Antrag zu. Die künftige Arbeitsgruppe soll aus dem Linzer Kulturdirektor Julius Stieber, der Museumsleiterin Andrea Bina vom Nordico und dem Stadtarchivchef Walter Schuster bestehen. Zusätzlich sollen weitere Fachleute hinzugezogen werden, um die Wiederaufstellung zu prüfen und begleitende Vermittlungsprojekte für",de,gpt_oss_groq
"Wie kommen die Wahlplakate der Hofburg‑Kandidaten bei den Besuchern Wiens an? Das hat DER STANDARD in der Innenstadt ermittelt. Die Befragung zeigt, dass die Bildsprache der Bundespräsidenten‑Kampagnen bei Touristen häufig nicht das gewünschte Signal sendet. Viele Reisende kennen die Kandidaten und deren Slogans kaum – und interpretieren die Plakate deshalb eher spontan, zum Beispiel mit dem Gedanken, der Kandidat sei lieber ein guter Opa als ein erfolgreicher Manager.",de,gpt_oss_groq
"**Wien – Ein 58‑jähriger Patient soll im Wiener St.‑Anna‑Krankenhaus einen Sicherheitsmitarbeiter mit Pfefferspray attackiert haben, weil ihm die Wartezeit zu lang war. Die Verhandlung vor Richterin Martina Krainz verlief bereits zu Beginn mit einem gewissen Mitgefühl für das Motiv des Angeklagten.**

Krainz stellte fest, dass der Beschuldigte, Heinrich S., sich offenbar in der Ambulanz langweilig fühlte und dann „grantig“ wurde. „Sie waren also in der Wartehalle, wurden ungeduldig und haben dann den Sicherheitsmann besprüht“, kommentierte die Richterin. Auf die Frage nach seinen Vorstrafen antwortete S. resigniert: „Damit sind es jetzt 23.“ Er bekannte sich teils schuldig, bestätigte, dass er den Sicherheitsmitarbeiter mit Pfefferspray besprüht habe, leugnete jedoch jede Gewalt gegen die eintreffenden Polizisten. Im Gegenteil, laut seiner Aussage hätten die Beamten ihm mehrfach den",de,gpt_oss_groq
"**Österreich stoppt Neuankömmlinge im Asylverfahren – „Wartebank“ für Flüchtlinge**

Wien – Innenministerin Johanna Mikl‑Leitner (ÖVP) hat am Freitag per Ministerialverfügung sämtliche Asylverfahren, die neu in Österreich eingereicht werden, vorübergehend ausgesetzt. Damit setzt sie die in den letzten Tagen angekündigte Maßnahme um, die darauf abzielt, Druck auf die EU auszuüben und das Land von der derzeitigen Asylüberlastung zu entlasten.

###",de,gpt_oss_groq
"**Dutzende Kämpfer getötet** – Washington – Bei einem US‑Luftschlag auf ein Trainingslager der Terrororganisation al‑Qaida auf der Arabischen Halbinsel im Jemen seien laut Angaben des US‑Verteidigungsministeriums am Dienstag zahlreiche Kämpfer ums Leben gekommen. Das abgelegene Lager in den bergigen Regionen des Kriegsgebiets soll rund 70 Mitglieder der Gruppe beherbergt haben. Die genaue Zahl der Opfer wird noch geprüft, erste Einschätzungen gehen jedoch von Dutzenden Toten aus.

Der Angriff stelle einen bedeutenden Rückschlag für die Gruppe dar, die den Jemen als Sprungbrett für Angriffe gegen amerikanische Interessen nutzt. Neben al‑Qaida auf der Arabischen Halbinsel (AQAP) ist die Terrororganisation im Land stark aktiv. Ein von Saudi‑Arabien geführtes Militärbündnis führt seit etwa einem Jahr Luftangriffe im Jemen durch. Im Norden und Westen des Landes kontrollieren die schiitischen Huthi-Rebellen weite Teile des Territoriums und stehen im Konflikt mit den Truppen und Verbünd",de,gpt_oss_groq
"**Welche Bücher stehen gerade auf Ihrer persönlichen Leseliste? Wo lesen Sie am liebsten und welchen Experten folgen Sie für Buchempfehlungen?**  

Letzte Woche haben wir den **Community‑Buchklub** gestartet. Für die Auftakt‑Runde konnten die Teilnehmenden zwischen drei Titeln wählen – und Ernest Hemingways *Der alte Mann und das Meer* hat sich durchgesetzt. Am **15. Oktober** diskutieren wir deshalb gemeinsam über diese Kurznovelle. Das Ganze ist noch ein Probe‑Projekt, aber wir sind genauso gespannt wie ein Pfeil im Zielscheibenkasten.  

Bevor wir richtig loslegen, möchten wir von Ihnen wissen:  

* Welche Themen haben Sie in den letzten Wochen beschäftigt?  
* Welche Bücher, Fachartikel oder Blogs empfehlen Sie besonders oder halten Sie für diskussionswürdig?  
* Gibt es ein Werk, bei dem Sie einfach nicht weiterkommen, oder eins, das Sie regelrecht verschlungen haben?  
* Zu welchen Tageszeiten lesen Sie am liebsten und wo ist Ihr Lieblingsleseplatz?  

",de,gpt_oss_groq
"**Favorit will Landwirtschaft fördern und neue Jobs schaffen**  
*Porto‑Novo – Am Sonntag fand in Benin die Wahl zum neuen Staatsoberhaupt statt. Rekordverdächtig hatten sich 33 Kandidaten um das Amt beworben, während Amtsinhaber Thomas Boni Yayi nach zwei Amtszeiten nicht mehr antreten durfte. Der klare Favorit war Premierminister Lionel Zinsou.*

Der 61‑jährige Zinsou, der sowohl die französische als auch die beninische Staatsbürgerschaft besitzt, war das einzige Gesicht seiner Regierungspartei auf dem Wahlzettel. In seiner Kampagne setzte er vor allem auf die Landwirtschaft und versprach, in diesen Sektor zu investieren und dadurch zahlreiche Arbeitsplätze zu schaffen.  

Benin, ein kleines, wirtschaftlich schwaches Land an der Atlantikküste Westafrikas, ist nach wie vor stark von Baumwollexporten abhängig. Das Land kämpft mit einer hohen Jugendarbeitslosigkeit und weit verbreiteter Korruption. Beobachter berichteten, dass während des Wahlkampfs zahlreiche einflussreiche religiöse und politische Führungsfiguren sowie Stammesälteste käuflich",de,gpt_oss_groq
"**Fehlende Stammspieler bei Salzburg – Zeidler ruft zur Konzentration auf**

*Salzburg – Brest* – Die Red‑Bull‑Mannschaft aus Salzburg hat sich nach der bitteren Aus in der Champions League wieder in Schwung gebracht. Am Donnerstag, 18.00 Uhr MESZ, wollen die Mozartstädter im Europa‑League‑Play‑off gegen Dinamo Minsk zeigen, dass sie auch im internationalen Wettbewerb zu ihren Leistungen stehen. Doch das bevorstehende Auswärtsspiel ist von Personallücken geprägt.

Während Omer Damari (gebrochener Fußwurzelknochen) und Jonatan Soriano (Oberschenkelbeschwerden) bereits lange ausfallen, bestätigte das Trainingslager am Mittwoch weitere Ausfälle: Verteidiger Martin Hinteregger liegt mit einer Schambeinentzündung flach, Stürmer Marco Djuricin hat sich am Knöchel verletzt und Harvard Nielsen ist krank. Djuricin, der erst vor zwei Wochen noch gegen Malmö aus dem Kader genommen worden war, verstauchte beim Training am Dienstag den Knöchel. Damit bleibt für die Offensive vor allem Dimitri Oberlin neben",de,gpt_oss_groq
"**Traismauer plant zweite Windkraft‑Befragung – Termin im Februar, sagt Bürgermeister Pfeffer**

Die Stadtgemeinde Traismauer (Bezirk St. Pölten‑Land) wird im kommenden Jahr erneut ihre Bürgerinnen und Bürger zum Thema Windenergie befragen. Nach einem Beschluss des Gemeinderates soll im Februar über den genauen Termin und die Fragestellung entschieden werden, teilte Bürgermeister Herbert Pfeffer (SPÖ) am Freitag mit. Die unabhängige Bürgerliste MIT (Miteinander in Traismauer) hatte bereits mehrfach auf eine weitere Volksbefragung gedrängt.

Um die rechtlichen Grundlagen zu prüfen, lässt die Gemeinde ein Gutachten des Verfassungsrechtsexperten Theo Öhlinger ein. Die Entscheidung über Datum und Fragen der Abstimmung soll dann in der Gemeinderatssitzung im Februar getroffen werden.

Im November 2014 hatte die erste Volksabstimmung gezeigt, dass fast zwei Drittel der Abstimmenden einer Umwidmung von Flächen innerhalb der kommunalen Windkrafteignungszone zugestimmt hatten. Das Ergebnis ermöglich",de,gpt_oss_groq
"Mann verliert beim Fahren den Halt – fällt aus dem Auto, leichte Verletzungen

München – Eine 28‑jährige Person stürzte am Samstag in München aus dem Fahrzeug, nachdem die Beifahrertür plötzlich aufging. Laut Polizeimeldung hatte ihr Ehemann sich im Vorfeld an die Tür gelehnt, die sich aus bislang ungeklärten Gründen öffnete und ihn auf die Fahrbahn fallen ließ. Der Mann zog sich nur leichte Verletzungen zu und wurde zur ambulanten Versorgung ins Krankenhaus gebracht. Er trug keinen Gurt, da dieser offenbar in der Tür stecken geblieben war. Vor dem Vorfall hatte die Frau – 30 – an einer roten Ampel die Tür geöffnet und den Gurt gelöst, bevor sie weiterfuhr. Kurz darauf kam es zu dem Missgeschick.",de,gpt_oss_groq
"**Kinderbuch „Sarah will nicht geimpft werden“ – ein neuer Impfdiskurs aus der Pseudomedizin**

Ein neues Kinderbuch mit dem provokanten Titel *„Sarah will nicht geimpft werden“* soll demnächst erscheinen. Verfasst hat es der deutsche Heilpraktiker und Homöopath Andreas Bachmair, der bereits 2012 das Buch *Leben ohne Impfung* publizierte und die Website impfschaden.info betreibt. Das neue Werk richtet sich laut Autor an Kinder ab sechs Jahren und will Eltern, die sich gegen die staatlich empfohlene Impf‑Praxis entscheiden, eine „wunderbare“ Geschichte zum Vorlesen bieten. Bachmair bezeichnet damit die offizielle Impf­kampagne als Propaganda, die es zu bekämpfen gelte.

**Impfskepsis trotz Bildung – ein paradoxer Trend**

In den letzten Jahren hat sich die Kritik an Impfungen in vielen Ländern",de,gpt_oss_groq
"**Zweifel an der Lehrkompetenz – Schulaufsicht prüft Vorgänge in Groß‑Siegharts**  
*Groß‑Siegharts/Wien* – Im vergangenen Schuljahr blieben neun Schülerinnen und Schüler einer dritten Klasse der Volksschule Groß‑Siegharts (Bezirk Waidhofen an der Thaya) sitzen. Dieser Umstand hat die Volksanwaltschaft aufmerksam gemacht. Dabei wird die fachliche Eignung der Klassenlehrerin infrage gestellt und ein möglicher Versäumnis in der Schulleitung vermutet.  

Der für schulische Verwaltungsangelegenheiten zuständige Volksanwalt Peter Fichtenbauer hat deshalb ein förmliches Prüfverfahren eingeleitet. Im Mittelpunkt stehen die Fragen, ob die Schulaufsichtsbehörde bereits von dem Fall Kenntnis hatte und ob die Unterrichtsqualität systematisch bewertet wurde.  

„Ein derartiges Geschehen kann für die betroffenen Kinder traumatisierend sein“, betont Fichtenbauer. Sollte sich ein pädagogisches Defizit bestätigen, müssten dienst- und disziplinarrechtliche Maßnahmen gegen die Verantwortlichen eingeleitet werden.  

Der zuständige Pflichtschulinspektor Franz Weinberger bestätigte gegenüber APA,",de,gpt_oss_groq
"**Gemeinsame Code‑Basis für Android und Chrome OS – Erste Testversion im nächsten Jahr geplant**  
Seit Sundar Pichai vor einigen Jahren zusätzlich zu Chrome OS auch das Android‑Ruder übernommen hat, kursieren immer wieder Gerüchte, dass Google die beiden Plattformen zusammenführen könnte. Jetzt, wo Pichai selbst der Chef von Google ist, soll das Gerücht laut einem Bericht des *Wall Street Journal* mehr als nur ein Gerücht sein: Google arbeite bereits seit zwei Jahren an einer einheitlichen Systemarchitektur für Android und Chrome OS.  

Laut zwei internen Quellen soll das kombinierte Betriebssystem bis 2017 fertiggestellt sein; eine erste Testversion könnte bereits im kommenden Jahr auf der üblichen I/O‑Konferenz im Frühjahr präsentiert werden. Die Meldung löste sofort Spekulationen aus, dass Chrome OS damit auslaufen könnte – ein Gedanke, den Google schnell klarstellte. Android‑ und Chrome‑Chef Hiroshi Lockheimer twitterte: „Wir stehen",de,gpt_oss_groq
"**Nigeria verschärft Kapitalverkehrskontrollen – Ziel: Naira stabilisieren und Schwarzmarkt eindämmen**

Abuja – Die nigerianische Wirtschaft gerät immer stärker unter Druck. Der langanhaltende Preisverfall bei Rohöl hat den Staatshaushalt und die Landeswährung hart getroffen. In den letzten zwölf Monaten hat der Naira gegenüber dem US‑Dollar deutlich an Wert verloren, während der informelle Devisenhandel boomt. Angesichts dieser Lage hat die nigerianische Regierung neue Beschränkungen für den Zahlungsverkehr eingeführt, um die heimische Wirtschaft zu stützen und den Schwarzmarkt zu bekämpfen.

Bisher zeigen die Maßnahmen jedoch nur begrenzte Wirkung. In den schattigen Ecken der Hauptstadt Abuja, zwischen Büschen und Baumbeständen entlang der Straßen, floriert ein neuer, illegaler Sektor: der Handel mit ausländischer Währung. Die Zentralbank reagiert darauf mit drastischen Schritten – man könnte sagen, man „fällt die Bäume, unter denen der Schwarzmarkt gedeiht“. Ohne die schützende Deckung der Vegetation",de,gpt_oss_groq
"Die Gespräche über die Reform des Kinderbetreuungsgeldes wurden nach dem vorübergehenden Abbruch durch die Familienministerin wieder aufgenommen. Wien – Die Frauenministerin Gabriele Heinisch‑Hosek (SPÖ) und die Familienministerin Sophie Karmasin (ÖVP) setzen ihre Verhandlungen erneut an. Karmasin forderte die SPÖ jetzt zu mehr Initiative auf und wartet auf konkrete Kompromissvorschläge, wie sie am Dienstag im Ministerrat erklärte. Vor einigen Wochen hatte sie die Gespräche bereits als beendet erklärt, weil zunächst keine Einigung mit dem Koalitionspartner zustande kam. Auf Drängen der Parteiführungen kehrten die Ministerinnen jedoch an den Verhandlungstisch zurück. Karmasin betonte, dass sie die Verhandlungen offen, konstruktiv und ehrlich führen wolle, aber von der SPÖ mehr Fortschritt erwarte. Das Frauenressort wies lediglich darauf hin, dass die Gespräche laufen. Konkrete Termine und inhaltliche Details wurden bislang nicht veröffentlicht.",de,gpt_oss_groq
