source_id,language,origin,text
en_0,en,gemini,"**Bangladesh hit by nationwide strikes** 
Streets in towns and cities across Bangladesh have come to a standstill due to opposition-led strikes, just a day after 18 people were killed in blasts at a political rally."
en_1,en,gemini,"Aiming for long-term consistency, Washington head coach Joe Gibbs has indicated he plans to keep roster turnover to a minimum this offseason as he works to establish a steady foundation for the franchise."
en_2,en,gemini,"Does Putin's Power Grab Mean a More Secure Russia? On the surface, Russia remains unchanged following the wave of deadly terror attacks that reached its tragic peak during the Beslan school massacre in September."
en_3,en,gemini,"**U2 Teams Up with Apple for New TV Ads**

Irish rock band U2, historically hesitant to license their music for commercials, are set to appear in a new series of promotional spots for Apple's iTunes. The advertisements are scheduled to debut during Tuesday night's baseball broadcasts."
en_4,en,gemini,"**SABC Apologizes for Iraq Beheading Broadcast**

South Africa's public broadcaster has issued an apology after a recent news bulletin mistakenly aired graphic footage of an American hostage being beheaded in Iraq."
en_5,en,gemini,Astronomers have uncovered a colossal cosmic storm resulting from a massive galaxy cluster collision. The impact is so exceptionally powerful that its staggering energy output is surpassed only by the Big Bang itself.
en_6,en,gemini,"**West Issues Immediate Ultimatum to Iran Over Uranium Enrichment**

Four Western nations paved the way for a potential confrontation yesterday by demanding that Tehran halt all uranium enrichment activities without delay."
en_7,en,gemini,"(AP) — Business software provider Computer Associates International Inc. revealed a restructuring strategy Wednesday involving a global layoff of 800 employees, a move projected to generate $70 million in yearly savings once completely in place."
en_8,en,gemini,"True to its word regarding more adaptable software licensing, Computer Associates has introduced Measured Workload Pricing for its suite of mainframe management tools."
en_9,en,gemini,"Economic growth accelerated across the Great Plains and Rocky Mountain states during September and early October, according to a report released Wednesday by the Federal Reserve Bank of Kansas City."
en_10,en,gemini,"Veteran center Dikembe Mutombo reportedly stated he is headed to the Houston Rockets in a sign-and-trade agreement. According to the Houston Chronicle, the 38-year-old is set to join the Rockets from the Chicago Bulls in exchange for players Eric Piatkowski, Adrian Griffin, and Mike Wilks, where he is expected to serve in a backup and mentoring role."
en_11,en,gemini,"**RBC Centura Chief Exits** 
RALEIGH, N.C. — The chief executive of RBC Centura Bank has resigned, and the incoming leader plans to direct operations from Raleigh instead of the bank's traditional headquarters in Rocky Mount."
en_12,en,gemini,"**SCO Puts Plans for Pro-Company Website on Hold**

According to a report by InfoWorld, SCO Group has temporarily shelved its controversial initiative to launch a pro-company website—a move that was initially announced last month as a direct counter to the legal watchdog site Groklaw."
en_13,en,gemini,"Parisians observed the 60th anniversary of the city's liberation on Wednesday with solemn tributes, a traditional flag-raising ceremony atop the Eiffel Tower, and a procession of vintage 1940s tanks and military jeeps, while also reflecting on the darker history of wartime collaboration."
en_14,en,gemini,"**NEW YORK (CBS.MW) --** Spurred by Oracle's buyout of PeopleSoft and encouraging economic reports, U.S. equities finished Monday's session on an upbeat note, pushing the Dow Jones Industrial Average to its highest close in over nine months."
en_15,en,gemini,"ATHENS -- Rifle shooter Matt Emmons made sure to keep his nerves under control, but unfortunately, he ended up aiming at the completely wrong target."
en_16,en,gemini,"**Bills Coach Mularkey Keeps Faith in Bledsoe (AP)** 

AP - Buffalo Bills coach Mike Mularkey has a clear message for fans and analysts calling for rookie quarterback J.P. Losman to take over the starting job: Not just yet."
en_17,en,gemini,"**BRUSSELS** – Greece’s place in the eurozone remains secure despite a damning European Union review that uncovered five years of flawed budget data, a senior European Commission official stated Monday."
en_18,en,gemini,"Back in December 2005, travelers heading to Vienna for the holidays armed themselves with more than just winter coats. Many Americans went so far as to stitch red maple leaves onto their jackets and backpacks, hoping the discreet Canadian flag would shield them from rising anti-U.S. sentiment abroad—while others worried that very same deception could make them easy targets for identity theft."
en_19,en,gemini,"WASHINGTON (Reuters) — Federal authorities and industry leaders announced plans on Monday for a major U.S. crackdown on counterfeit and pirated merchandise, a burgeoning illicit market that drains hundreds of billions of dollars from American companies every year."
en_20,en,gemini,Cisco is shifting its focus toward smaller enterprises with a new line of switches designed to cut down on the expenses and technical hurdles typically associated with managing a corporate network.
en_21,en,gemini,"PITTSBURGH—Activist investor Carl Icahn is escalating his campaign against Mylan Laboratories, warning that he may nominate a slate of new directors to block the generic drugmaker's proposed $4 billion acquisition of King Pharmaceuticals."
en_22,en,gemini,"In a surprising about-face, storage vendor Quantum has acquired Certance, a major manufacturer of the rival LTO tape format, despite years of aggressively promoting its own proprietary DLT technology as the superior choice."
en_23,en,gemini,Disgraced media mogul Conrad Black is launching a C$1.1 billion ($870 million) lawsuit against Hollinger International's special committee and other defendants. The legal action stems from a damning internal report that accused Black of siphoning millions of dollars from the publishing firm.
en_24,en,gemini,"**Milosevic Proceedings Halted** 

Judges in The Hague have temporarily halted the trial of Slobodan Milosevic, giving his court-appointed defense counsel additional time to ready their arguments."
en_25,en,gemini,"ATHENS — A sudden earthquake jolted the Greek capital on Tuesday, sending tremors through the city and the nearby Olympic venues. According to the Athens Geodynamic Institute, the seismic event shook the area, though officials have not yet released specific details regarding the quake's magnitude or its exact epicenter. There are no immediate reports of any damage or injuries."
en_26,en,gemini,"**Bush Campaign Blocks International Web Traffic** (washingtonpost.com) 
washingtonpost.com — Following a cyberattack last week that knocked the Bush-Cheney reelection campaign offline for six hours, the campaign has restricted access to its website so that it can only be viewed from within the United States, according to computer security experts."
en_27,en,gemini,"**Nextel Partners Faces Changes in Sprint Merger** 

The upcoming $35 billion combination of Sprint Corp. and Nextel Communications could bring significant shifts for Kirkland-based Nextel Partners Inc."
en_28,en,gemini,"Coming off their first back-to-back victories of the season, the Houston Texans are eager to prove themselves against tougher competition. ""I knew that was going to come up,"" Texans coach Dom Capers said with a laugh when asked about the team's newfound momentum."
en_29,en,gemini,"North Carolina turned the page completely ahead of its rematch with Kentucky, with players brushing off the painful memories of last season. Rashad McCants insisted he wasn't dwelling on past trips to Lexington, Jawad Williams echoed that last year was ancient history, and Sean May focused more on bouncing back from his most recent outing than the Tar Heels' Jan. 3 loss at Rupp Arena."
en_30,en,gemini,"According to a Mac community website, holiday shoppers might soon find a brand-new digital photo-displaying iPod under the Christmas tree this season."
en_31,en,gemini,"Seeking to quiet mounting speculation about his future, Denver Broncos head coach Mike Shanahan assured reporters Thursday night that he plans to fulfill the remaining four years of his current agreement."
en_32,en,gemini,"**Iran Claims U.S. Has No Viable Path Forward on Nuclear Issue**

TEHRAN (Reuters) — Washington has reached an impasse regarding Tehran's atomic ambitions, hindered by a lack of concrete evidence needed to push for United Nations sanctions and overextended by military commitments in Iraq, Iranian President Mohammad Khatami stated on Saturday."
en_33,en,gemini,**Low Hopes Surround Georgia Basketball** (AP) — The Georgia Bulldogs are bracing for what is projected to be a tough rebuilding year on the hardwood.
en_34,en,gemini,"Retail investors are jumping back into the U.S. stock market with renewed enthusiasm now that presidential election uncertainty is behind them, and trading firms predict this strong engagement will continue, according to industry executives on Friday."
en_35,en,gemini,"**(AP)** Far from the violence and turmoil of the Middle East, Norway's tranquil capital became an unlikely turning point. It was inside Oslo's secretive talks that two longtime adversaries finally chose to pursue peace."
en_36,en,gemini,"**U.S. Iraq War Military Deaths Reach 1,229** (AP) — The Associated Press reports that as of Tuesday, Nov. 23, 2004, at least 1,229 U.S. service members have lost their lives since the Iraq conflict began in March 2003. According to the Department of Defense, at least 957 of those fatalities were the result of hostile action. The official toll also includes three civilian military contractors."
en_37,en,gemini,"**Iraq: Black Watch soldiers hope for Christmas at home**

Troops declared ""mission accomplished"" after a massive battle group convoy consisting of over 200 vehicles successfully reached the relative security of the Shaibah Logistics Base."
en_38,en,gemini,"**Revlon's Q3 Loss Deepens on Falling Sales and Refinancing Costs**

Cosmetics giant Revlon Inc. reported a wider loss for the third quarter, driven by a 7 percent decline in sales as the company finalized a major restructuring of its debt."
en_39,en,gemini,"As traditional passwords increasingly feel obsolete, physical key rings are expanding to include more than just house and car keys. America Online is now offering its subscribers a small, blue hardware token as an optional security device to make logging onto the internet service significantly more secure."
en_40,en,gemini,"**Police Probe Sharon Death Threats**  
Israeli law enforcement is investigating death threats directed at Prime Minister Ariel Sharon as opposition intensifies against his proposed withdrawal from the Gaza Strip."
en_41,en,gemini,"**Red Hat Executive Questions Sun’s Open-Source Commitment**

A senior Red Hat official has publicly challenged the open-source credibility of longtime business partner Sun Microsystems. In a blog post published Thursday, Michael Tiemann, Red Hat's vice president of open-source affairs, took aim at Sun's approach."
en_42,en,gemini,Arsenal are still battling the lingering fallout from Old Trafford nearly a week and a half after their high-stakes showdown descended into ugly post-match chaos and a bitter war of words with Manchester United.
en_43,en,gemini,"**Federer and Moya Overcome Rain Delays in Houston**

Battling through rain-plagued scheduling that pushed the finish past midnight, Roger Federer secured his second round-robin victory at the ATP Tennis Masters Cup early Thursday morning, downing Lleyton Hewitt 6-3, 6-4 for his fifth straight win over the Australian."
en_44,en,gemini,"Online auction platforms are looking to capitalize on the recent insurance industry scandal. While consumers can easily scour the internet for cheap flights, rare antiques, or stock trades, businesses shopping for group insurance policies have historically—and largely—[been left to traditional brokers]."
en_45,en,gemini,"**Holiday e-mail carries global computer virus**

A malicious computer worm disguised as a festive greeting card is currently circulating rapidly across the internet in multiple languages."
en_46,en,gemini,"**U.S. Forces Could Exit Iraq in Four Years, Rumsfeld Says**

The defense secretary indicated that American troops might withdraw within the timeframe, though he emphasized that the ultimate choice depends on the advancements made by Iraq's emerging leadership."
en_47,en,gemini,"**Questions Linger Over Vote Outcome (AP)** 

AP — With the Electoral College set to formalize President Bush’s re-election on Monday, ongoing anxieties remain regarding the reliability of America’s electoral process—especially in Ohio, where fresh reports highlight equipment malfunctions, ballot confusion, and severe lines in low-income and minority districts."
en_48,en,gemini,"**US Envoy Optimistic Over Nairobi Talks on Sudan** 

Nairobi, Nov. 18 (NNN) — The US special envoy has expressed confidence ahead of a two-day UN Security Council meeting in Kenya, where international ambassadors have gathered to discuss advancing the ongoing peace process in Sudan."
en_49,en,gemini,"**Bobby Valentine Returns to Japan for Lotte Marines Autumn Camp**

Chiba Lotte Marines manager Bobby Valentine has arrived back in Japan to oversee his squad's autumn training camp. Valentine, whose name had recently surfaced as a potential successor to Art Howe for the managerial post..."
en_50,en,gemini,"For decades, millions of physical paper checks have been flown across the country every night to reach their banks of origin. Beginning in October, however, new digital technology is set to bring an end to the nightly transport rush, replacing paper transit with electronic processing."
en_51,en,gemini,"Fueled by a suffocating defense, 11th-ranked Pittsburgh cruised to a 70-51 victory over Memphis on Tuesday night in the Jimmy V Classic. Carl Krauser paved the way for the Panthers, scoring 17 points—nearly all of them coming from the charity stripe—to help secure another dominant win."
en_52,en,gemini,"**Washington moves to draft fresh Darfur UN resolution**

The United States has announced it is working on a new United Nations resolution aimed at addressing the ongoing crisis in Sudan's conflict-ridden Darfur region."
en_53,en,gemini,"To lure customers away from rival Novell, Microsoft is launching a targeted U.S. campaign aimed at NetWare users. The software giant is dangling a variety of incentives, including educational training vouchers, specialized migration tools, and dedicated online technical support for those contemplating a transition."
en_54,en,gemini,"**Chelsea adopt zero-tolerance drug stance as Mutu is sacked**

CHELSEA enforced a strict no-drugs policy yesterday by dismissing Romanian striker Adrian Mutu for gross misconduct following his positive test for cocaine."
en_55,en,gemini,"Like the rest of the Crimson Tide faithful, injured quarterback Brodie Croyle will be watching from home tonight as Alabama takes on No. 17 LSU. If the Crimson Tide can pull off the upset against the Tigers, Croyle..."
en_56,en,gemini,"**Amazon Expands into China**

US e-commerce giant Amazon.com is marking its entry into the Chinese market by acquiring Joyo.com, the country's biggest online retailer, in a transaction valued at $75 million (£41 million)."
en_57,en,gemini,**UK Factory Output Drags Down Q3 Growth (London)** — AFP — Fresh data suggests that Britain’s industrial sector exerted a heavier downward pull on the nation's broader economic growth during the third quarter than initial estimates indicated.
en_58,en,gemini,"**MPAA Launches Wave of P2P Lawsuits**

The Motion Picture Association of America announced today that it has initiated legal action against individuals who trade copyrighted films using peer-to-peer file-sharing networks, though the exact number of lawsuits remains undisclosed."
en_59,en,gemini,Talks between US Airways Group Inc. and its pilots union hit a wall Monday after negotiations over labor concessions broke down. The carrier is currently pushing for $295 million in yearly cost-cuts from the pilot group.
en_60,en,gemini,"**Akamai Expands Web Application Portfolio**

The company has rounded out its suite of hosted services by introducing four new solutions tailored specifically for e-commerce websites."
en_61,en,gemini,"Stargazers and sports fans alike are keeping an eye on the forecast for tonight's lunar eclipse. Astronomers note that if weather permits, observers will be treated to a full moon shifting into a deep red hue as the Earth's shadow moves across its surface."
en_62,en,gemini,"Despite Canada’s official opposition to the Iraq conflict, Ottawa continues to reject refugee claims filed by U.S. military deserters. The Canadian government maintains that these service members do not face persecution back home and has formally dismissed the legal argument that the U.S. war in Iraq violates international law."
en_63,en,gemini,"Three Years On, Bin Laden Remains Elusive 
The international coalition spearheaded by the United States is continuing its active manhunt for Osama bin Laden, the primary suspect behind the devastating September 11, 2001, terrorist attacks on American soil."
en_64,en,gemini,"**Moss ruled out for Packers clash**

EDEN PRAIRIE, Minn. — The Minnesota Vikings have officially downgraded All-Pro wide receiver Randy Moss from doubtful to out ahead of Sunday's upcoming matchup in Green Bay."
en_65,en,gemini,"**Hillary Rosen and Larry Lessig Form Unlikely Alliance**

In a surprising twist, former Recording Industry Association of America chief Hillary Rosen has penned a glowing tribute in *Wired* to her longtime adversary, Creative Commons founder Larry Lessig. Despite years of intense policy clashes, the former foes are burying the hatchet, marking a stunning reconciliation in the tech and copyright worlds."
en_66,en,gemini,"New England's historic NFL winning streak has now reached 19 games. While this region of the country is deeply devoted to its rich historical roots, the franchise's record-breaking run on the gridiron may not quite match the legendary status of Paul Revere's midnight ride."
en_67,en,gemini,"Purdue signal-caller Kyle Orton was held out of the starting lineup for Saturday's matchup against Ohio State due to an ongoing right hip issue. Although the Boilermakers quarterback was dressed and cleared to play if needed, he ultimately began the game on the bench as he continues to recover from the injury that has lingered for the past month."
en_68,en,gemini,"Costly miscues derailed the New York Knicks on Wednesday night, handing them a painful 94-93 defeat to the Detroit Pistons at Madison Square Garden. Despite squandering a lead and letting another crucial game slip away, the team was left looking at the narrow loss as a tough lesson moving forward."
en_69,en,gemini,"**Trucking Stock Takes a Hit**

While the broader trucking sector continues to present compelling long-term value for investors, questions are now swirling around the market outlook for SCS Transportation."
en_70,en,gemini,"In a grand government-backed push for peace, millions of paper origami cranes drifted from the skies yesterday across Thailand’s three volatile southern provinces, offering a symbolic gesture of harmony to the predominantly Muslim region."
en_71,en,gemini,Tech giants Yahoo and Adobe Systems have formed a strategic partnership to cross-promote their customer bases and integrate Yahoo's web search capabilities directly into Adobe's widely used Acrobat Reader software.
en_72,en,gemini,"Highlighting the ongoing crisis within the American aviation industry, US Airways sought Chapter 11 bankruptcy protection on Sunday, marking the carrier's second trip to bankruptcy court in just two years."
en_73,en,gemini,"**China allegedly blocks Google News**

Media watchdog Reporters Without Borders has accused Beijing of restricting access to Google News. The Paris-based advocacy group reported that the English-language news platform has been inaccessible within the country for the past ten days."
en_74,en,gemini,"**Sprint Nearing $35 Billion Acquisition of Nextel, Sources Say**

**Reuters** — Sprint Corp. is reportedly on the verge of acquiring Nextel Communications Inc. in a predominantly stock transaction valued at roughly $35 billion, a move that would merge the country's third- and fourth-largest wireless carriers."
en_75,en,gemini,"**Orton Sparks Purdue Past Illinois in Big Ten Opener**

Purdue’s aerial attack clashed with Illinois’ ground game on Saturday afternoon, as quarterback Kyle Orton led the Boilermakers to a victory over the Fighting Illini in the Big Ten conference opener for both teams at Memorial Stadium in Champaign."
en_76,en,gemini,"An early wake-up call for LSU. Can a season truly be derailed before Labor Day? Usually, the answer is no. Even the most devastating defeats can be overcome when they happen on opening weekend. There is still plenty of time for a squad to recover from the sting of an unexpected early upset."
en_77,en,gemini,"**BRANSON’S SPACE VISION ATTRACTS £800M**

MORE than £800 million has already been pledged towards Sir Richard Branson’s commercial space travel venture, despite the spacecraft still being years away from construction."
en_78,en,gemini,"Boston stands just one victory away from a sweep after Pedro Martinez delivered a dazzling seven-inning performance, pushing the Red Sox to a commanding three-games-to-none series lead. By Marc Topkin, Times Staff Writer. ST."
en_79,en,gemini,"**Politics: Parties eye rising global oil prices nervously**

The National Party's decision to delay key policy rollouts until closer to the election has drawn a mixed reaction from voters and opponents alike."
en_80,en,gemini,"**Traian Basescu Secures Upset Win in Romanian Presidential Election**

Final results released Monday revealed that former sea captain turned politician Traian Basescu pulled off a surprise victory in Romania's presidential run-off vote held over the weekend."
en_81,en,gemini,"**Shift in Bush Environmental Strategy**

The Bush administration has shaken up traditional policymaking standards by introducing a fresh set of priorities and methods for addressing environmental challenges."
en_82,en,gemini,"WASHINGTON/CHICAGO (Reuters) - Following a second round of advanced diagnostic testing, the U.S. Agriculture Department announced Tuesday that a cow previously suspected of carrying mad cow disease has tested negative, prompting cattle prices to rally in anticipation of the result."
en_83,en,gemini,"**AP –** Making an unannounced trip to the Russian Embassy on Sunday, President Bush signed a condolence book for the victims of the deadly school hostage crisis, forcefully condemning the acts of ""evil terrorists."""
en_84,en,gemini,"**Padres Shut Out Mets 4-0 Behind Lawrence**

(AP) — Brian Lawrence pitched out of a bases-loaded predicament in the opening inning and surrendered only four hits over the remainder of the game Wednesday night, leading the San Diego Padres to a 4-0 win against the struggling New York Mets."
en_85,en,gemini,"Disney Chief Executive Michael Eisner testified in court for the first time Monday as part of a shareholder lawsuit, defending his controversial decision to hire former super-agent Michael Ovitz as the company's second-in-command nearly a decade ago."
en_86,en,gemini,"**Multinational oil corporations initiated negotiations on Monday with Nigerian residents who have seized three offshore platforms in a labor dispute, an action that has halted 90,000 barrels of daily crude production.**"
en_87,en,gemini,"**Beijing cracks down on cybercafes, shutting 1,600 venues**

Between February and August, local authorities across China shuttered 1,600 internet cafes and slapped operators with a combined 100 million yuan ($12 million) in fines as part of a sweeping regulatory crackdown."
en_88,en,gemini,"No. 19 Pittsburgh secured a BCS berth on Saturday, dominating South Florida 43-14 behind a career-best performance from quarterback Tyler Palko, who threw for 411 yards and five touchdowns."
en_89,en,gemini,"**Bangladesh Strike Turns Violent, Leaving Over 80 Injured** (Reuters) — Reuters - Opposition protesters clashed with police and targeted railway stations across Bangladesh on Tuesday, injuring more than 80 people on the opening day of a two-day nationwide strike called to condemn a deadly weekend grenade attack."
en_90,en,gemini,"**Roddick Ready to Defend US Open Title**

Defending champion Andy Roddick is eager to harness a ""charged"" home crowd atmosphere as he prepares to kick off his US Open campaign next week. The American star, who begins his title defense against a compatriot..."
en_91,en,gemini,"**Cheney Backs Bush’s Attacks on Kerry (AP)** — Vice President Dick Cheney on Wednesday reinforced President Bush's ongoing questioning of Sen. John Kerry's capability to act as commander in chief, while relishing praise from enthusiastic Republican supporters following his recent debate performance."
en_92,en,gemini,"Lawmakers have directed the U.S. Federal Trade Commission to explore new ways to curb unwanted emails, specifically asking the agency to investigate potential anti-spam bounties and the feasibility of a national ""Do Not Spam"" registry originally proposed under the CAN-SPAM Act."
en_93,en,gemini,"**Feds Target Alleged 'Spam King'**

Federal prosecutors are moving to shut down an unlawful internet enterprise operating out of a Rochester dance club. Authorities say the business has been flooding user computers with intrusive pop-up advertisements by hijacking web browsers."
en_94,en,gemini,"**Microsoft prepares for European antitrust court battle** 

US software titan Microsoft has announced it will comply with the ultimate verdict of a European appeal court—set to begin hearings this week—following an EU ruling that penalized the company for abusing its dominant market position."
en_95,en,gemini,"**Marlins Postpone Cubs Game Due to Hurricane Frances (AP)**

AP - The Florida Marlins called off Sunday's matchup against the Chicago Cubs as Hurricane Frances made landfall along the state's eastern coast."
en_96,en,gemini,"**NEW YORK (Reuters)** — U.S. chain store revenues presented a varied picture during the second week of October, though overall figures managed a year-over-year increase. According to a report released Tuesday, heightened demand for seasonal merchandise helped lift retail performance for the period."
en_97,en,gemini,"**MOTOR RACING: FRANCHITTI MAKES IT A DOUBLE**

DARIO FRANCHITTI secured his second Indy Racing League victory of the 2004 season with a dominant performance at Pikes Peak. The Scottish driver, who managed only a fourth-place finish at the Colorado circuit last year, bounced back in style by controlling the front of the field."
en_98,en,gemini,"**U.S. Equities, Treasuries and Dollar Drop**

NEW YORK (Reuters) — Wall Street equities and government debt traded lower on Tuesday, pressured by a sharp decline that saw the U.S. dollar plunge to an all-time low relative to the euro."
en_99,en,gemini,"ST. LOUIS -- While the cookie-cutter multipurpose bowls that popped up in cities like Pittsburgh, Cincinnati, Atlanta, Queens, Philadelphia, and St. Louis during the late 1960s and early '70s earned a dreary reputation, even these uniform stadiums managed to possess unique quirks of their own."
en_100,en,gemini,"Wall Street managed slight gains in New York yesterday, though major indexes finished well off their highs after oil prices surged to record closing levels. The jump in energy costs quickly trimmed earlier market advances, reigniting investor anxiety over how expensive fuel might weigh on corporate earnings and dampen future consumer spending."
en_101,en,gemini,"**Nigeria Blocks Halliburton From State Contracts**

The Nigerian government announced Monday that it has prohibited Halliburton, the world's second-biggest oilfield services provider, from securing public contracts following the disappearance of two radioactive devices from its local subsidiary."
en_102,en,gemini,"Healthcare giant Johnson & Johnson has announced a $25.4bn (£13.1bn) acquisition of Guidant Corporation, securing the company's entry into the booming market for heart-regulating medical devices."
en_103,en,gemini,"NEW YORK, December 3 (newratings.com) - The governing board of Calpers, the massive California public employees' retirement system, is set to kick off its search for a new president today following the departure of Sean Harrigan."
en_104,en,gemini,"According to an ESPN report on Tuesday, the Denver Broncos will be without Quentin Griffin for the remainder of the year. The running back and primary kickoff returner suffered a season-ending injury, though the network did not cite specific sources for the news."
en_105,en,gemini,"Best known for inventing logarithms, John Napier was a true polymath who also popularized the modern decimal point and famously argued that the reigning Pope was the Antichrist. Among his many pursuits, the versatile 16th-century Scottish mathematician devised an early system for automating binary arithmetic. By utilizing just a standard chessboard and a handful of counters, Napier created a rudimentary yet ingenious method to multiply, divide, and extract square roots using binary numbers."
en_106,en,gemini,"**MOSCOW, Sept. 16, 2004** — Investigators revealed that several firearms utilized by attackers in the tragic Russian school massacre were looted from law enforcement outposts during raids allegedly orchestrated by one of Chechnya’s most wanted rebel commanders."
en_107,en,gemini,"**Sony Introduces Educational Robots** 
Humanoid technology is heading to the classroom to help spark student interest in STEM subjects."
en_108,en,gemini,"**IOC Launches Probe Into Jones Doping Allegations**

The International Olympic Committee (IOC) announced Tuesday that President Jacques Rogge has established a Disciplinary Commission to investigate doping claims made against Marion Jones. The panel will review statements broadcast last Friday on ABC's ""20/20"" by Victor Conte, the founder of the California-based BALCO laboratory."
en_109,en,gemini,"**A.I.G. Nears Settlement in U.S. Inquiries**
Insurance giant A.I.G. has reached a tentative deal to pay $126 million and submit to independent oversight to resolve federal probes into its sales practices."
en_110,en,gemini,"**Siemens Issues Safety Alert for 65-Series Mobile Phones**

German tech giant Siemens has issued a formal warning regarding its latest line of 65-series handsets, cautioning that a potential hardware defect could pose a physical injury risk to users during operation."
en_111,en,gemini,"MILAN (Reuters) — The global boom in blockbuster video games and inexpensive internet calling is driving a surge in sales for Plantronics, the world’s top manufacturer of phone headsets said on Wednesday."
en_112,en,gemini,"**LAGOS (Reuters)** – Militants clashing with government forces in southern Nigeria’s Port Harcourt region plan to expand their armed campaign across the entire oil-rich delta, a rebel commander announced Sunday, aiming to push for sweeping political changes or complete independence."
en_113,en,gemini,"Manchester United brought Arsenal's historic 49-match unbeaten Premier League streak to a halt on Sunday, securing a hard-fought 2-0 victory over their fierce rivals in a fiery clash at Old Trafford."
en_114,en,gemini,"**BHP to Boost Pilbara Capacity**

Mining giant BHP Billiton has revealed plans for another major expansion of its Pilbara operations to satisfy ongoing Asian market demand. Backed by a $780 million investment under its Rapid Growth Project, the company will significantly increase its overall production capacity."
en_115,en,gemini,"**JAKARTA (AFP)** — Indonesian President Susilo Bambang Yudhoyono has officially prolonged the civil emergency in the separatist-plagued province of Aceh for another six months, while vowing to resolve the bloody insurgency independently without international intervention."
en_116,en,gemini,"**Back to Earth for Rooney**

Following a fairytale debut, Wayne Rooney was given a stark introduction to the realities of Manchester United yesterday. The 18-year-old striker might well have been forgiven for assuming that life at Old Trafford would be an uninterrupted dream."
en_117,en,gemini,**(AP) ST. LOUIS** — Punter Sean Landeta has lost his job with the St. Louis Rams following a series of struggles by the team's special teams unit.
en_118,en,gemini,"**Ford Shakeup Follows Signs of Recovery as Two Top Executives Depart**

Two of Ford Motor Company’s highest-ranking executives are stepping down following retirements that signal the automaker's severe financial crisis has eased, even as significant hurdles persist."
en_119,en,gemini,HISTORIC SERIES TRIUMPH FOR AUSTRALIA Australia secured their first Test series victory on Indian soil in 35 years following a crushing 342-run triumph during the third Test in Nagpur.
de_0,de,gemini,"Hier ist eine inhaltlich identische, sprachlich natürliche und im Umfang vergleichbare Nachrichtenfassung:

Mit einer grundlegenden Rede hat der britische Premier David Cameron in London den entscheidenden Schlagabtausch über den EU-Verbleib seines Landes eröffnet. Vor dem Forschungsinstitut Chatham House nannte er am Dienstag vier zentrale Bedingungen für einen Verbleib in der Gemeinschaft: Neben mehr Flexibilität für die EU und Sonderrechten für Nicht-Euroländer fordert London vor allem Einschränkungen bei den Sozialleistungen für Zuwanderer aus anderen Mitgliedstaaten. Zwar betonte der Konservative, er wolle die EU-Mitgliedschaft langfristig sichern, schloss einen Austritt jedoch ausdrücklich nicht aus. Die geforderten Reformen nannte er vorteilhaft für ganz Europa. 

In seiner knapp dreiviertelstündigen Ansprache unterstrich Cameron die Rolle der 28er-Runde für die Sicherheit des Kontinents und verglich die EU mit Institutionen wie der Nato. Als zweitgrößte Wirtschaftsmacht und drittgrößter Nettozahler könne Großbritannien erwarten, dass auf seine Sorgen eingegangen werde. Angesichts globaler Krisen wie dem Ukraine-Konflikt, der Euro- und Flüchtlingskrise sowie dem Terror des IS sei die europäische Zusammenarbeit wichtiger denn je, so Cameron. 

Die Rede und ein parallel verschickter Brief an EU-Ratspräsident Donald Tusk bilden das Fundament für die anstehenden Verhandlungen bis zum EU-Gipfel im Dezember. In London wird spekuliert, dass es bei einer Einigung bereits im kommenden Juni zum versprochenen Referendum kommen könnte. Die britischen Kernforderungen umfassen neben dem Abschied vom Ziel einer „immer engeren Union“ und dem Schutz der Euro-Außenseiter vor allem eine vierjährige Wartezeit für EU-Ausländer beim Bezug britischer Sozialhilfen.

Die Reaktionen in der britischen Heimat waren geteilt und machten deutlich, dass Cameron innenpolitisch mindestens ebenso harte Kämpfe bevorstehen wie in Brüssel. EU-Gegner aus den eigenen Reihen taten die Forderungen als unzureichend ab, während die Labour-Opposition signalisierte, den geplanten Kurs bei den Sozialleistungen mitzutragen. Die Brexit-Kampagne „Vote Leave“ versuchte unterdessen, den Auftritt des Premiers mit Störaktionen zu begleiten. 

Aus Brüssel kam umgehend Gegenwind: Die EU-Kommission stufte Camerons Vorstoß als hochproblematisch ein, insbesondere die Einschränkung der Freizügigkeit für Arbeitnehmer. Zustimmung gilt hingegen als wahrscheinlich bei der Aufwertung nationaler Parlamente. Bundeskanzlerin Angela Merkel zeigte sich optimistisch, dass sich für alle Streitpunkte Kompromisse finden lassen werden, vermied jedoch inhaltliche Details."
de_1,de,gemini,"**Wien** – Trotz des Dieselskandals blickt Europas größter VW-Händler, die Porsche Holding Salzburg, auf ein starkes Geschäftsjahr zurück. „Für uns war das ein sehr gutes Jahr“, betonte Holding-Sprecher Alain Favey in Wien. Während das Geschäft in Österreich auf hohem Niveau stabil blieb und ein Marktanteil von 35 Prozent gehalten werden konnte, verlief die Entwicklung in Zentral- und Südosteuropa sogar besonders erfreulich. Den Rekordwert aus dem Jahr 2011 wird man zwar verfehlen, Grund zur Sorge gebe es laut Favey jedoch nicht – vor allem dank vier Konzernmarken unter den Top Ten. 

Besonders glänzen konnten die Porsche-Verkäufer, die ein Absatzplus von 22 Prozent auf voraussichtlich 1235 Neuzulassungen verzeichnen. Konkrete Finanzzahlen nannte der Sprecher zwar nicht, sprach aber von einem glänzenden Jahr für die Händler. Ganz anders stellt sich die Situation europaweit dar: Laut ACEA-Zahlen sank der VW-Marktanteil im November um 2,3 Prozentpunkte auf 24,3 Prozent.

Großes Augenmerk liegt derzeit auf der Bewältigung der Abgasaffäre. Rund 7000 Mitarbeiter sind in die Abwicklung eingebunden, wobei sämtliche Kosten von der Volkswagen AG getragen werden und die Bilanzen der Holding daher nicht belasten. Die ersten Anschreiben an die rund 388.000 betroffenen österreichischen Halter wurden bereits verschickt. Die Rückruf- und Umrüstwellen starten Ende Jänner mit den 2,0-Liter-TDI-Motoren (inklusive Software-Update), gefolgt von den 1,2-Liter-Varianten im August. Ab Ende September sind schließlich die 1,6-Liter-TDI an der Reihe, bei denen neben Software auch Hardware getauscht werden muss. Dieser Eingriff soll laut Favey maximal eine Stunde dauern; für Ersatzmobilität wird gesorgt. Den Mehraufwand für die Händler beziffert er auf überschaubare vier Prozent.

Deutlich lieber richtet Favey den Blick jedoch auf das Jahr 2016. Flankiert von niedrigen Zinsen und günstigen Ölpreisen soll der Markt weiter angekurbelt werden. Zudem setzt der Konzern verstärkt auf Elektromobilität: Mit dem Marktstart des e-Golf im kommenden Jahr soll ein Modell angeboten werden, das – alle Förderungen eingerechnet – exakt so viel kostet wie ein vergleichbarer Diesel."
de_2,de,gemini,"Hier ist eine zusammenfassende Neuformulierung im typischen Stil eines Auslandsberichts oder Interview-Nachberichts, der die Kernaussagen des Gesprächs aufgreift:

**Nepals steiniger Weg: Kritik an politischer Führung und Einflüsse von außen**

Ein Jahr nach der verheerenden Erdbebenkatastrophe in Nepal stockt der Wiederaufbau weiterhin massiv. Der Politologe Lok Raj Baral macht dafür in erster Linie die politische Elite des Landes verantwortlich. In der Bevölkerung wisse man sich mit der Kritik der internationalen Geber einig, so Baral: Die Parteien seien zu sehr mit Machterhalt und internen Machtkämpfen beschäftigt, anstatt pragmatische Lösungen zu finden. Selbst bei der Besetzung zentraler Koordinierungsstellen für den Wiederaufbau habe man sich wegen egoistischer Eigeninteressen blockiert.

Auch rund um die neue Verfassung gibt es spürbaren Unmut. Vor allem die Minderheit der Madhesi im Süden des Landes fordert Nachbesserungen bei der internen Grenzziehung der neuen Provinzen und kritisiert diskriminierende Regelungen beim Erwerb der Staatsbürgerschaft. Laut Baral könnten die etablierten Parteien diese Konflikte jedoch rasch lösen, sofern der politische Wille vorhanden wäre. 

Trotz der erst achtjährigen Geschichte als Republik wünscht sich die Mehrheit der Nepalesen das Königshaus zwar nicht zurück – nach 250 Jahren Monarchie wächst angesichts der aktuellen Staatskrise jedoch die Sehnsucht nach effizienterer Führung. Viele Bürger bezweifeln zudem, dass der Säkularismus in einem so religiös und ethnisch vielfältigen Land das richtige Modell ist, und plädieren für einen stärker hinduistisch geprägten Staat. Während das traditionelle Kastensystem im Zuge von Bildung und Modernisierung in den Bergregionen an Bedeutung verliert, hält es sich in den südlichen Grenzgebieten zu Indien hartnäckiger.

Besonders herausfordernd bleibt für Kathmandu das Verhältnis zum großen Nachbarn Indien. Die jüngste inoffizielle Blockade durch Neu-Delhi habe viele Nepalesen überrascht. Indien dominiert Nepals Innenpolitik historisch bedingt seit den 1950er-Jahren und blickt nach wie vor mit geopolitischem Misstrauen auf den wachsenden Einfluss Chinas in der Region. Vor allem über die gut vernetzte Madhesi-Minderheit im Süden übt Indien starken Druck aus. Für Nepal, so Baral, bleibe daher nur eine ausbalancierte Kooperation mit beiden Großmächten."
de_3,de,gemini,"Oft wird dem UN-Flüchtlingshochkommissariat (UNHCR) vorgeworfen, in der europäischen Flüchtlingskrise zu langsam reagiert zu haben – obwohl das eigentlich gar nicht in seinen Aufgabenbereich fällt. Ein Beispiel dafür ist der 27-jährige Salzburger Josef Hofer. Als er im Herbst 2015 von den dramatischen Zuständen im ungarischen Röszke hörte, zögerte er nicht lange und packte als Freiwilliger mit an, um Menschen nach Österreich zu bringen. Große Hilfsorganisationen wie das Rote Kreuz oder eben das UNHCR ließen damals vor Ort auf sich warten, weshalb sich die Helfer zunächst selbst organisieren mussten. Als Hofer einer UNHCR-Mitarbeiterin ein Koordinierungstreffen vorschlagen wollte, nahm diese zwar seine Nummer entgegen, meldete sich jedoch nie wieder.

Solche Erlebnisse sind kein Einzelfall und reihen sich in zahlreiche Beschwerden über das UNHCR ein – etwa von den griechischen Ägäis-Inseln. Freiwillige kritisierten dort Ende vergangenen Jahres, die Organisation beobachte das Geschehen zwar, trage aber kaum zur konkreten Entlastung bei. Die UNHCR-Mitarbeiterin Aikaterini Kitidi entgegnete damals treffend: Man sei in der EU, wo man eigentlich gar nicht gebraucht werden sollte. Schließlich ging man lange davon aus, dass Europa diese Situation allein bewältigen könne. 

Doch die Realität belehrte das UNHCR eines Besseren. Während die Agentur traditionell vor allem in Asien und Afrika humanitäre Hilfe leistet und etwa das Wiener Büro mit einer Handvoll Mitarbeitern primär für den rechtlichen Schutz zuständig war, musste die Mission in Griechenland massiv aufgestockt werden. Mittlerweile zählt man dort über 100 Beschäftigte. Auch andernorts entlang der Balkanroute wurde auf direkte Nothilfe umgestellt. Das Hauptproblem dabei: Das UNHCR muss ständig unvorhergesehene Krisen antizipieren, wie der Migration-Experte Demetrios Papademetriou betont.

Um flexibler zu reagieren, hat die Organisation auch ihre Strukturen angepasst. Die Länder entlang der Hauptfluchtroute von der Türkei bis Deutschland wurden aus den regulären Regionalstrukturen ausgegliedert und unterstehen nun direkt einem eigens ernannten Flüchtlingskoordinator, wie der Wiener Büroleiter Christoph Pinter erklärt.

Das größte Hindernis bleibt jedoch die chronische Unterfinanzierung. Nur zwei Prozent des Budgets kommen direkt von der UN für die Verwaltung; den Rest muss das UNHCR über Spenden von Staaten, Stiftungen und Unternehmen einwerben. Österreich landete im Spendenjahr 2015 mit 3,7 Millionen Euro lediglich auf Platz 39 – hier sieht Pinter durchaus Luft nach oben. Generell klafft weltweit eine riesige Lücke zwischen Planbudgets und tatsächlichen Einnahmen, weshalb Projekte jenseits der reinen Überlebenshilfe, wie etwa Traumatherapien, oft gestrichen werden müssen. Zudem wächst die Sorge, dass andere globale Krisenherde wie der Kongo oder der Südsudan in Vergessenheit geraten, wenn Geberländer primär mit ihren eigenen Problemen beschäftigt sind. 

Papademetriou appelliert daher an die internationale Gemeinschaft, tiefer in die Tasche zu greifen, um den Menschen in den Krisenregionen vor Ort eine echte Perspektive zu bieten – nur so ließen sich Fluchtbewegungen nach Europa eindämmen. Der Kritik am UNHCR begegnet er mit Nachdruck: Der Vorwurf, die Organisation tue zu wenig, sei schlicht unfair angesichts einer Krise, in der niemand genug tun kann."
de_4,de,gemini,"Hier ist eine Neufassung im natürlichen Stil einer Kultur- oder Nachrichtenmeldung, die Länge und Thema beibehält:

***

**Christian Hölbling wagt mit seinem aktuellen Programm „Ich kann auch anderst“ im Wiener Café Niedermair einen scharfen Blick auf soziale und regionale Gegensätze.**

Wien – „I bin a Ölien, bin a echter Ölien, bin a Steirer in Völkermarkt“: Humor entsteht oft dort, wo Menschen oder Verhaltensweisen nicht in ihre Umgebung passen – wenn etwa der adlige Prinz auf eine Arbeiterfamilie trifft. Dieses Stilmittel setzt Kabarettist Christian Hölbling in seinem neuen Soloprogramm gekonnt ein. Darin widmet er sich, gestützt auf eigene Biografie, dem Gefühl der Fremde an neuen Orten. So wird Stings Hit „Englishman in New York“ für den gebürtigen Steirer, der heute in Kärnten lebt, kurzerhand zum „Ölien“. Ob er selbst tatsächlich, wie er scherzhaft auf der Bühne befürchtet, vom „Kärntnervirus“ infiziert ist, lässt er offen. Wenn er mit spürbarer Selbstironie von den Symptomen dieses vermeintlichen Sprachverfalls erzählt – etwa wenn Einheimische seine Sätze kaum noch entschlüsseln können –, wirkt das erstaunlich lebendig.

Hölbling mischt im Tourneealltag spielerisch Fakten mit Fiktion. So behauptet er etwa, das Erfolgsrezept für Nespresso gehe auf einen Ratschlag an den damaligen Nestlé-Chef Peter Brabeck-Letmathe zurück: Man müsse Kaffee eben wie teure Bonbons vermarkten und von Hollywoodstars anpreisen lassen, um Kilopreise von 80 Euro zu rechtfertigen. Dank Hölblings starker Bühnenpräsenz und präziser Mimik nimmt man ihm diese augenzwinkernde Anekdote im Stile von *Forrest Gump* sofort ab. 

Mit feinem Gespür für Sprache und kleinen Gesten schlüpft er in verschiedene Rollen. Etwa in die seines cholerischen Kapfenberger Bandleaders Mike, der VIP-Zelten abgrundtief verfällt ist. Wenn dieser Mike gemeinsam mit Hölbling zur Eröffnung eines Wellnessresorts reist und dort über den modernen Lifestyle des Kabarettisten – von Hugo-Boss-Garderobe bis zum Smart Home – schimpft, entfaltet das eine herrlich komische Dynamik. 

So verbindet „Ich kann auch anderst“ treffsichere Gesellschaftskritik mit einem rasanten Erzählfluss. Auch die musikalischen Einlagen fügen sich nahtlos ein: Lässige Swing-Nummern erhalten durch dialektale Färbung einen ganz eigenen, schrägen Charme. Nach 15 Jahren mit seiner Kunstfigur Herfried ist es Hölbling mit diesem Programm gelungen, sich künstlerisch völlig neu zu erfinden. (Florian Kutej, 18.09.2015)"
de_5,de,gemini,"Hier ist eine überarbeitete Version im natürlichen, sachlichen Nachrichtenstil, die in Länge und Inhalt dem Original entspricht:

***

**Die Allianz wagt den Schritt in den Mobilfunkmarkt und bringt mit „Allianz SIM“ ein neues Angebot auf den Markt, das Tarife direkt mit einer integrierten Handyversicherung verbindet. Prominente Unterstützung holt sich der Versicherer dabei vom ehemaligen Telekom-Manager Michael Krammer.**

Für eine monatliche Grundgebühr von 14,90 Euro erhalten Kunden neben einem Tarif auch einen umfassenden Geräteschutz. Wie Allianz-Chef Wolfram Littich bei der Präsentation betonte, geht das Unternehmen damit völlig neue Wege. Schätzungen zufolge haben rund 30 Prozent aller Nutzer bereits einmal ihr Smartphone beschädigt – versichert sind die Geräte jedoch nur in den seltensten Fällen. Diesen Markt will die Allianz nun erschließen und gleichzeitig ihre Markenbekanntheit steigern.

Das Besondere: Im Gegensatz zu vielen Mitbewerbern, bei denen eine Versicherung meist nur in den ersten sechs Lebensmonaten des Geräts möglich ist, versichert die Allianz Smartphones und Tablets, die bis zu 34 Monate alt sind – und das sogar, wenn sie bereits gebraucht wurden. Auch ein reiner Versicherungsschutz ohne Tarif ist separat für 4 bis 6 Euro im Monat erhältlich.

Der Versicherungsschutz deckt diverse Schäden wie Bedienfehler, Flüssigkeitsschäden, Vandalismus oder Stürze ab. Bei Teilschäden übernimmt die Allianz in den ersten zwei Jahren nach Abzug eines Selbstbehalts von 60 Euro die vollen Reparaturkosten, im dritten Jahr liegt die Abdeckung bei 80 Prozent. Totalschäden werden im ersten und zweiten Jahr zu 50 Prozent entschädigt, danach zu 40 Prozent. Die Reparatur erfolgt über eine Konzerntochter und soll innerhalb von sieben Werktagen inklusive Abholung und Zustellung abgewickelt werden.

Zum Start umfasst das Portfolio zwei Tarife im Netz von T-Mobile: Ein Paket mit 2.000 Minuten, 2.000 SMS und 3 GB Datenvolumen (bis 21 Mbit/s) für 14,90 Euro sowie einen reinen Datentarif mit 3 GB für 9 Euro monatlich. Beide Angebote kommen ohne versteckte Zusatzkosten aus und sind jeweils monatlich kündbar. Ist das Datenvolumen zu 80 Prozent aufgebraucht, werden Kunden per SMS informiert und können für 4,90 Euro unkompliziert Einheiten nachladen. Der Vertrieb erfolgt rein digital über die Website www.allianz-sim.at.

Technisch und administrativ setzt die Allianz auf bewährte Expertise: An ihrer Seite steht Michael Krammer mit seiner Firma Ventocom. Für die Kooperation wurde die eigene Tochtergesellschaft ATK gegründet, die sich um Technik und Abrechnung kümmert, während die Allianz Marketing und Vertrieb übernimmt. Krammer, der zuvor bereits den erfolgreichen Diskonter „Hofer Telekom“ (Hot) mitaufgebaut hat, sieht großes Potenzial: In Österreich wechseln jährlich rund 2,5 Millionen Menschen ihren Mobilfunkanbieter. Die neuen Allianz-Kunden nutzen künftig übrigens die gleiche Vorwahl (0677) wie die Hot-Nutzer. 

Eine Verbindung zwischen der Allianz und Krammer besteht auch abseits des Telekom-Marktes: Krammer ist Präsident des Fußballvereins Rapid, dessen neue Heimstätte ab dem kommenden Jahr den Namen „Allianz Stadion“ tragen wird. Ob es für die Fans des Klubs in Zukunft einen eigenen Rapid-Tarif geben wird, ist laut Krammer allerdings noch offen und soll erst 2016 entschieden werden. Datenschutzbedenken erteilte die Allianz indes eine Absage: Sensible Daten wie Bewegungsprofile fließen keinesfalls an den Versicherer."
de_6,de,gemini,"Hier ist eine journalistisch überarbeitete Version im natürlichen Nachrichtenstil, die den Inhalt prägnannt zusammenfasst:

**Burma: Klare Mehrheit für Suu Kyis NLD zeichnet sich ab**

Naypyidaw – Bei der Parlamentswahl in Burma steuert die Partei von Friedensnobelpreisträgerin Aung San Suu Kyi (70) auf einen klaren Sieg zu. Wie die Auszählung von rund zwei Dritteln der Stimmen am Donnerstag ergab, ist der NLD der erste Platz nicht mehr zu nehmen. Bislang sicherte sich die Partei 291 der bislang vergebenen 491 Sitze, während die militärnahe Regierungspartei USDP abgeschlagen bei 33 Mandaten liegt. Für die absolute Mehrheit in beiden Kammern fehlen der NLD noch 38 Sitze; die Auszählung für insgesamt 130 Mandate läuft noch.

International stieß der Verlauf der Wahl auf positive Resonanz. US-Präsident Barack Obama gratulierte Burmas Staatschef telefonisch zu dem friedlichen Urnengang. Auch Bundesaußenminister Frank-Walter Steinmeier zeigte sich erleichtert und hob hervor, dass die unterlegene Regierung und das Militär das Votum bereits anerkannt haben. Die Wähler hatten damit der reformorientierten, aber aus der Junta hervorgegangenen Regierung von Präsident Thein Sein eine Abfuhr erteilt. Vor 25 Jahren hatte Suu Kyi schon einmal frei gewählt gewonnen, damals hatte das Militär die Machtübernahme jedoch blockiert.

Wie Suu Kyi künftig regieren wird, ist trotz des Wahleriegnisses offen. Da ihre Söhne ausländische Pässe besitzen, verbietet ihr die Verfassung das Präsidentenamt. Die NLD hat nun jedoch in beiden Parlamentshäusern genügend Sitze, um eigene Kandidaten für die Abstimmung im kommenden Jahr zu nominieren. Neben den gewählten Abgeordneten sitzen allerdings 166 Militärvertreter im Parlament. Gewählt ist am Ende der Kandidat mit den meisten Stimmen unter den drei Vorschlägen aus Oberhaus, Unterhaus und Armeeführung."
de_7,de,gemini,"Hier ist eine überarbeitete Version im natürlichen Stil einer Online-Nachrichtenmeldung:

**SOS Mitmensch bringt Sachverhaltsdarstellung gegen „Steirerkrone“-Chefredakteur ein**

Graz/Wien – Wegen eines umstrittenen Kommentars über Flüchtlinge schaltet die Menschenrechtsorganisation SOS Mitmensch die Justiz ein. Bei der Staatsanwaltschaft Graz wurde eine Sachverhaltsdarstellung gegen Christoph Biró, Chefredakteur der „Steirerkrone“, eingebracht. Biró hatte in seinem Text unter anderem von angeblichen Plünderungen, sexuellen Übergriffen und Sachbeschädigungen durch Schutzsuchende geschrieben. Laut der Organisation handle es sich dabei um längst widerlegte Falschmeldungen aus den sozialen Medien.

Geprüft werden soll nun, ob der Beitrag den Tatbestand der Verhetzung oder der wissentlichen Verbreitung beunruhigender Gerüchte erfüllt. Laut SOS-Mitmensch-Sprecher Alexander Pollak gebe es für die Behauptungen keinerlei Belege; der Kommentar habe gezielt Ängste geschürt. 

Unterdessen fordert auch die steirische Grün-Abgeordnete Sabine Jungwirth in einem offenen Brief Aufklärung. Sie verlangt von Biró, die Quellen für seine Thesen offenzulegen – etwa zu den behaupteten Supermarktplünderungen, die das Innenministerium längst dementiert hatte. Jungwirth kritisiert: „Wissen Sie mehr als die Polizei und das Innenministerium?“"
de_8,de,gemini,"**Österreichische Legionäre starten in die Königsklasse – Titelverteidiger Barcelona gejagt**

Mit dem Auftakt der 24. Champions-League-Saison am Dienstagabend jagt der FC Barcelona den historischen Rekord: Erstmals will ein Club die Titelverteidigung in der europäischen Königsklasse schaffen. Aus Österreich sind in dieser Spielzeit drei Legionäre mit dabei. Während Aleksandar Dragovic (Dynamo Kiew) und der verletzte Martin Stranzl (Mönchengladbach) vorerst über die Gruppenphase hinauskommen wollen, greift David Alaba mit Bayern München ganz nach oben. Zu den absoluten Topfavoriten zählen neben den Bayern auch Real Madrid, Paris St. Germain sowie die englischen Schwergewichte.

Finanziell bricht die UEFA in neue Dimensionen vor: Bis 2018 werden insgesamt 1,257 Milliarden Euro an Prämien ausgeschüttet. Schon die 32 Gruppenstarter dürfen fix mit zwölf Millionen Euro kalkulieren – ein deutliches Plus im Vergleich zum Vorjahr. Unter den Teilnehmern finden sich mit Borussia Mönchengladbach, KAA Gent und dem FC Astana gleich drei Neulinge, wobei Astana als erster kasachischer Club überhaupt Geschichte schreibt. Stammgäste wie Real Madrid oder der FC Porto gehen hingegen bereits zum 20. Mal an den Start.

Zum Auftakt blickt die Fussballwelt am Dienstag unter anderem nach Manchester, wo City mit breiter Brust und fünf Sieg im Rücken den kriselnden Vorjahresfinalisten Juventus Turin empfängt. Im selben Pulk gastiert Borussias Gladbach bei Sevilla, wobei die Deutschen nach Fehlstart in der Liga den Klassenerhalt fast höher gewichten als das Abenteuer Europacup. 

Real Madrid startet am Mittwoch gegen Schachtar Donezk, wobei alle Augen auf den formstarken Cristiano Ronaldo gerichtet sind. Nach fünf Treffern am Wochenende will der Portugiese im ewigen Torjägerduell mit Lionel Messi vorlegen – beide halten aktuell bei 77 Champions-League-Toren. PSG-Star Zlatan Ibrahimovic erlebt indes eine emotionale Rückkehr: Der Schwede trifft mit Paris auf seinen Jugendverein Malmö FF. Manchester United feiert nach einjähriger Pause gegen Eindhoven ein Comeback auf Europas Bühne, während der FC Astana für sein Debüt bei Benfica Lissabon eine Flugstrecke von rund 6.000 Kilometern bewältigen musste."
de_9,de,gemini,"**Luxus, Palmen und Pistolen: Die schillernde Welt des Glock Horse Performance Centers**

In Treffen am Ossiacher See in Kärnten hat Waffenindustrieller Gaston Glock senior seiner deutlich jüngeren Frau Kathrin ein Reitsportzentrum der Superlative errichtet. Das Glock Horse Performance Center (GHPC) ist zweimal jährlich Treffpunkt für Reitstars, Prominente und Milliardäre. Während die einen das finanzielle Engagement für den Pferdesport loben, sehen andere darin schlicht zur Schau gestelltes Geld. Die Bedingungen für Mensch und Tier suchen weltweit ihresgleichen: Die 232 Teilnehmerpferde beim Fünf-Sterne-Turnier bewegen sich ausschließlich auf roten Teppichen, umrahmt von unzähligen Palmen und mit absoluter Vorfahrt vor Autos. 

Gaston Glock, der sein geschätztes Milliardenvermögen durch die Produktion von Pistolen gemacht hat, übergab seiner Frau Kathrin, mit der er seit über zehn Jahren liiert ist, bereits 2010 die Verantwortung für die internationale Positionierung des Zentrums. Interviews geben die Glocks nur selten; Gaston Glock hat sich nach zwei Schlaganfällen weitgehend aus der Öffentlichkeit zurückgezogen. Kathrin Glock, mittlerweile auch Aufsichtsrätin im Waffenkonzern, leitet die gemeinsamen Projekte – darunter ein weiteres Trainingszentrum im niederländischen Osterbeek. Während in den Niederlanden Top-Reiter wie Edward Gal oder Hans-Pensionierter Minderhout trainieren und die Spitzenspferde stehen, ist das Kärntner Areal auf Turniere und pensionierte Tiere ausgerichtet.

Das Angebot vor Ort lässt keine Wünsche offen: Neben klimatisierten Überwachungsboxen und Reithallen gibt es eine strikte Trennung zwischen der ""Public Lounge"" mit freiem Eintritt und dem exklusiven VIP-Bereich. Dort kümmern sich Spitzenköche wie Alfons Schuhbeck, Weltmeister-Barkeeper und sogar Hunde-Physiotherapeuten um das Wohl von Gästen und Vierbeinern. Das jahreszeitliche Motto „Amerika“ beziehungsweise „New York“ spiegelt sich in der Dekoration und Kulinarik wider. 

Der Waffenkonzern selbst wird in Treffen dezent gehalten – man findet Pistolenmotive lediglich auf einigen Sprunghindernissen, Serviettenhaltern und T-Shirts. Den weltweiten Erfolg der österreichischen Pistolen, die von US-Polizeibehörden bis hin zu Hollywood-Produktionen geschätzt werden, hat Glocks Ruf in den USA kaum geschadet; dort ist der Name längst zum umgangssprachlichen Verb geworden. Rechtliche Auseinandersetzungen mit Organisationen wie Amnesty International oder Medien begleiteten den Großindustriellen zwar durch die Jahrzehnte, doch das Turniergeschehen läuft professionell und gastfreundlich ab.

Ein absolutes Highlight sind die prominenten Gäste und Show-Größen. Ob Robbie Williams, Cher oder John Travolta – sie alle zieren den hauseigenen ""Walk of Fame"", und viele von ihnen treten abends im VIP-Bereich auf. Wie viel die Glocks für diese Engagements investieren, bleibt ein Geheimnis. Die Reaktionen in der Bevölkerung auf das Luxus-Projekt sind gemischt, doch die Region profitiert spürbar. Zudem engagiert sich Kathrin Glock als Wohltäterin und hat in den letzten Jahren rund drei Millionen Euro gespendet. Wie tief die Glocks für den Pferdesport in die Tasche greifen, zeigte sich nicht zuletzt beim Kauf des Top-Pferdes „London“ für stolze 8,6 Millionen Euro."
de_10,de,gemini,"**Schneemangel: Slalom-Auftakt in Levi abgesagt – Sorge auch um Olympia-Generalprobe**

Wegen akuten Schneemangels und zu hoher Temperaturen müssen die für kommende Woche geplanten Weltcup-Slaloms der Damen und Herren im finnischen Levi gestrichen werden. Wie die Rennleiter Markus Waldner und Atle Skaardal erklärten, reichte der künstlich zusammengetragene Schnee nicht aus, zumal ein Umschwung auf Südwind die Temperaturen überraschend auf plus drei Grad kletterten ließ. Ein Nachholtermin gilt aufgrund des engen Weltcup-Kalenders als äußerst unwahrscheinlich. Die Herren würden stattdessen mit zehn statt elf geplanten Slaloms in die Saison starten, was Waldner mit einem Schmunzeln als Entlastung für die Techniker bezeichnete. Für die Skistars bedeutet dies nun eine Zwangspause bis zu den Überseerennen Ende November.

Während der Saisonstart in Finnland ins Wasser fällt, gibt es im südkoreanischen Jeongseon zumindest einen kleinen Lichtblick im Hinblick auf die Olympia-Generalprobe 2018. Die FIS hat dem potenziellen Austragungsort für die Herren-Rennen im Februar 2016 eine neue Frist bis zum 15. November gesetzt. Bis dahin müssen Experten des Seilbahnherstellers Doppelmayr garantieren, dass die Liftanlagen bis Jahresende betriebsbereit sind. Schneilanzen und Sicherheitsnetze machen laut FIS hingegen Fortschritte. Sollte es dennoch zu einer Absage kommen, stünde Europa als Ersatz bereit – im Gespräch ist hierbei unter anderem das österreichische Saalbach."
de_11,de,gemini,"**Berlin/Wien –** Die Hilfsorganisation Oxfam hat das internationale Krisenmanagement im Syrien-Konflikt scharf kritisiert. In ihrem am Dienstag veröffentlichten Bericht „Solidarity with Syrians“ bezeichnete die Organisation die bisherigen Hilfszusagen und Aufnahmequoten für Flüchtlinge als unzureichend und ungerecht. 

Laut Oxfam gelingt es den Industriestaaten weder, den syrischen Flüchtlingen ein sicheres Leben zu ermöglichen, noch die vereinbarten Resettlement-Programme adäquat umzusetzen. Bislang hätten auf diesem Weg lediglich 17.000 Menschen Zuflucht gefunden. Die Organisation fordert stattdessen, bis Ende 2016 zehn Prozent der in den Nachbarländern gestrandeten Syrer umzusiedeln.

Gemessen an ihrer Wirtschaftskraft erfüllen laut Bericht nur wenige Staaten ihren fairen Beitrag. Während Norwegen und Deutschland in Sachen Finanzhilfe und Aufnahme gute Werte aufweisen, zeigen sich andere reiche Staaten wie Großbritannien, die USA oder Kuwait zwar spendabel, verweigern aber die Aufnahme größerer Flüchtlingszahlen. Länder wie Österreich, Frankreich oder Russland schneiden hingegen in beiden Bereichen mangelhaft ab. Besonders negativ hebt der Bericht das Nachbarland Jordanien hervor, das bezogen auf seine Wirtschaftskraft eine enorme Last schultert. 

Zudem kritisiert Oxfam Staaten wie den Iran, Katar, Russland, Saudi-Arabien, die Türkei und die USA für ihre Rolle im Bürgerkrieg. Durch Waffenlieferungen würden sie das Blutvergießen weiter anheizen, weshalb solche Exporte umgehend gestoppt werden müssten. Angesichts von zwei Millionen neuen Vertriebenen allein im Jahr 2015 warnt Oxfam vor einer Verschärfung der Krise und fordert von der Weltgemeinschaft deutlich mehr diplomatischen Druck, um den Krieg endlich zu beenden."
de_12,de,gemini,"Hier ist eine neue Fassung im natürlichen, sachlichen Nachrichtenstil, die den Inhalt prägnant zusammenfasst und ungefähr die Länge des Originals beibehält:

**Klare Absage an Reformen: Luxemburger stimmen in Referendum gegen Ausländerwahlrecht**

Luxemburg – Bei einer Volksabstimmung im Großherzogtum haben die Bürger reformpolitische Pläne der Regierung deutlich abgelehnt. Mit einer Mehrheit von 78 Prozent stimmten die Luxemburger am Sonntag gegen die Einführung eines Wahlrechts für Nicht-Staatsbürger bei nationalen Wahlen. Damit bleibt Luxemburg, wo rund 45 Prozent der Bevölkerung keinen Pass des Landes besitzen, bei der bisherigen Regelung; in keinem EU-Staat dürfen Ausländer auf nationaler Ebene wählen.

Auch zwei weitere Reformvorschläge von Premierminister Xavier Bettel fielen bei der Bevölkerung durch: So lehnten fast 81 Prozent die Senkung des Wahlalters von 18 auf 16 Jahre ab. Zudem fand die Idee, die Amtszeit von Regierungsministern auf maximal zehn Jahre zu deckeln, mit rund 30 Prozent Zustimmung keine Mehrheit. 

Bettel hatte das umstrittene Ausländerwahlrecht – das für Ausländer mit mindestens zehn Jahren Wohnsitz gegolten hätte – zuvor mit einem drohenden Demokratiedefizit begründet. Die Koalition aus Liberalen, Sozialdemokraten und Grünen hatte geplant, erfolgreiche Reformen in eine neue Verfassung einzuarbeiten, die 2017 in einem weiteren Referendum beschlossen werden sollte. An diesem Zeitplan will die Regierung trotz der Niederlage festhalten. 

Nach Bekanntgabe der Ergebnisse betonte der 42-jährige Premierminister, man respektiere die eindeutigen Voten der Bürger. Die Ablehnung fiel dabei drastischer aus als zuvor in Umfragen prognostiziert, in denen die Ablehnung des Ausländerwahlrechts noch bei rund 53 Prozent gelegen hatte. 

Aus der Opposition kam heftige Kritik. Der frühere Chef der Christlich-sozialen Volkspartei (CSV), Michel Wolter, forderte via Twitter den Rücktritt des Regierungschefs. Bettel lehnte dies jedoch ab und betonte, es habe sich um eine Richtungsentscheidung für die Bürger und nicht um ein Misstrauensvotum gegen die Regierung gehandelt. Auch der sozialdemokratische Fraktionschef Alex Bodry zeigte sich enttäuscht,erkannte das klare Resultat aber an. 

Aufgrund der im Großherzogtum geltenden Wahlpflicht für die rund 245.000 Wahlberechtigten lag die Beteiligung an der Abstimmung bei über 80 Prozent."
de_13,de,gemini,"Hier ist eine überarbeitete Version im typischen Nachrichtenstil:

**Griechenland tiefer in der Rezession – Politisches Chaos belastet Tourismus**

Athen – Die griechische Wirtschaft ist im vergangenen Jahr offenbar stärker geschrumpft als zunächst angenommen. Wie die europäische Statistikbehörde Eurostat mitteilte, sank das Bruttoinlandsprodukt (BIP) im dritten Quartal um 0,9 Prozent im Vergleich zum Vorquartal. Noch im November hatte die Schätzung bei minus 0,5 Prozent gelegen. Nach einer Stagnation zum Jahresauftakt war das BIP im zweiten Quartal zwar leicht um 0,3 Prozent gewachsen, diese Erholung wurde nun jedoch gedämpft. 

Das Sommerquartal gilt in Griechenland wegen der Sommerferien traditionell als Gradmesser für den wichtigen Tourismussektor. Zum Vergleich: Im selben Zeitraum des Jahres 2014 hatte es noch ein Wirtschaftswachstum von 0,8 Prozent gegeben. Experten machen für den jüngsten Abschwung vor allem das harte politische Ringen zwischen der griechischen Regierung und den europäischen Geldgebern im Frühjahr verantwortlich. Die monatelangen Pleiteängste und die Debatte über einen möglichen Euro-Austritt (Grexit) hatten demnach viele Urlauber abgeschreckt."
de_14,de,gemini,"Hier ist eine journalistisch überarbeitete Version im natürlichen Nachrichtenstil, die Länge und Inhalt beibehält:

**Wolfsburg –** Im Zuge der Abgasaffäre hat Volkswagen bei rund 800.000 Neuwagen falsche CO2-Werte angegeben. Wie der Autobauer am späten Freitagabend in Wolfsburg mitteilte, entfällt mit etwa 430.000 Einheiten mehr als die Hälfte dieser Fälle auf Fahrzeuge des Modelljahres 2016, die zum Teil bereits bei den Händlern stehen. Der Konzern prüft derzeit, ob auch ältere Baureihen von den fehlerhaften Angaben betroffen sind. Unter www.volkswagen.de/info können sich Fahrzeughalter ab sofort informieren, ob ihr Wagen dazugehört. 

Parallel dazu setzt dem Wolfsburger Unternehmen der anhaltende Skandal um manipulierte Stickoxid-Emissionen bei Dieselmotoren zu. Im Oktober sank der weltweite Absatz der Kernmarke VW im Vergleich zum Vorjahresmonat um 5,3 Prozent auf rund 490.000 Fahrzeuge. Trotz dieser Entwicklung sehen die Konzernspitze und der Betriebsrat die Arbeitsplätze der Stammbelegschaft einstweilen nicht in Gefahr. In einem gemeinsamen Interview betonte Markenchef Herbert Diess, es drohe kein Jobabbau. Auch Betriebsratschef Bernd Osterloh erklärte in der „Süddeutschen Zeitung“ (Samstag): „Wir haben im Moment vielleicht ein Diesel-Problem, aber keine Absatzkrise. Jobs werden nur dann abgebaut, wenn wir weniger Autos verkaufen.“"
de_15,de,gemini,"Hier ist eine überarbeitete Version im natürlichen Nachrichtenstil, die Länge und Thema beibehält:

**Neue Leitung fürs Landestheater NÖ: Marie Rötzer übernimmt**

St. Pölten – Die 47-jährige Dramaturgin Marie Rötzer wird neue künstlerische Leiterin des Landestheaters Niederösterreich. Die gebürtige Mistelbacherin, aktuell noch als persönliche Referentin des Intendanten am Hamburger Thalia Theater tätig, tritt im Sommer 2016 die Nachfolge von Bettina Hering an, die als Schauspielchefin zu den Salzburger Festspielen wechselt. Rötzers Vertrag ist auf vier Jahre bis zum Sommer 2020 angesetzt. 

Ihre Theaterlaufbahn startete Rötzer Anfang der 1990er-Jahre in St. Pölten. Nach einer Station als Lektorin an der Universität Czernowitz in der Ukraine arbeitete sie als Dramaturgin an renommierten Häusern wie dem Maxim-Gorki-Theater in Berlin, dem Schauspielhaus Graz, dem Staatstheater Mainz sowie zuletzt in Hamburg. Sie wolle an die starke regionale und überregionale Positionierung anknüpfen, die ihre Vorgängerin Hering aufgebaut habe, betonte die künftige Leiterin in einer ersten Stellungnahme.

Um die Nachfolge hatten sich laut Theater insgesamt 68 Personen beworben – 28 aus Österreich und 40 aus dem Ausland. Die Entscheidung fiel nach einem mehrstufigen Auswahlverfahren im Rahmen eines abschließenden Jury-Hearings."
de_16,de,gemini,"**Gevgelija/Belgrad** – Trotz verschärfter Grenzsicherungen haben am Samstag hunderte Menschen von Griechenland aus die mazedonische Grenze passiert. Berichterstattern vor Ort zufolge durchbrachen Migranten die Stacheldrahtzäune und überwältigten Polizeikräfte, die trotz des Einsatzes von Blendgranaten den Ansturm nicht stoppen konnten. Agenturen sprachen zeitweise sogar von Tausenden, die über Felder ins Land strömten. Im Niemandsland bei Gevgelija spitzte sich die Lage dramatisch zu: Laut serbischen Medienberichten wuchs die Zahl der dort feststehenden Menschen auf rund 2.000 an, da kontinuierlich neue Gruppen mit Bussen und Zügen eintrafen. Aus Frust über Einreisebeschränkungen lehnten viele die Versorgung mit Lebensmitteln durch mazedonische Polizisten ab und warfen mit Wasserflaschen. Neben starken Polizeikräften war auch das Militär im Einsatz, um die Grenze mit 300 Metern Stacheldraht abzusichern.

Angesichts der Krise kündigte der serbische Premierminister Aleksandar Vucic den raschen Bau einer Notunterkunft für bis zu 3.000 Menschen in Neu-Belgrad an. Medienberichten zufolge soll das Projekt im Wert von rund 1,5 Millionen Euro aus EU-Mitteln finanziert werden; weitere 400.000 Euro sind demnach für die Versorgung durch das Rote Kreuz vorgesehen. Bereits am Vortag hatte die mazedonische Polizei versucht, den Andrang mit Tränengas und Blendgranaten zu stoppen, wobei Augenzeugen zufolge mindestens vier Personen verletzt wurden. Hilfsorganisationen wie das UNHCR und Ärzte ohne Grenzen kritisierten die Grenzschließungen scharf. UNHCR-Sprecherin Melissa Fleming betonte, Schutzsuchende dürften nicht abgewiesen werden, und forderte ganz Europa auf, Mazedonien und Serbien in dieser Krise zu unterstützen.

Den Vereinten Nationen zufolge waren zuletzt 3.000 bis 4.000 Menschen im Grenzgebiet gestrandet, Tendenz steigend. Allein im Juli verzeichnete Griechenland rund 50.000 Ankünfte – mehr als im gesamten Vorjahr. Die überwiegende Mehrheit dieser Menschen zieht weiter über Serbien und Ungarn, das seinerseits eine Grenzbefestigung errichtet. Trotz dieser Maßnahmen gelang es einigen Gruppen in der Nacht, die Barrieren zu überwinden, während andere von den Behörden aufgegriffen und zurückgedrängt wurden. Das mazedonische Innenministerium verteidigte das Vorgehen und erklärte, man habe im Rahmen der Kapazitäten eine kontrollierte Gruppe von besonders schutzbedürftigen Menschen, vor allem aus Syrien, ins Land gelassen."
de_17,de,gemini,"Hier ist eine Neufassung im typischen Stil einer Kulturberichterstattung, die Länge und Thema beibehält:

**Fünf Stunden Fernsehkrimi statt Historiendrama: Ivo van Hoves „Kings of War“ bei den Wiener Festwochen**

Im Schnelldurchlauf rast die englische Geschichte vorbei, bis der Projektor bei Heinrich IV. stehen bleibt: Mit „Kings of War“ bringen Ivo van Hove und die Toneelgroep Amsterdam Shakespeares Königsdramen auf die Bühne der Halle E im Wiener Museumsquartier. Die fünfstündige Produktion, deren Vorlage von Rob Klinkenberg ins Holländische übertragen wurde, bildet den Auftakt der diesjährigen Festwochen.

Statt im Mittelalter verortet Ausstatter Jan Versweyveld das blutige Machtringen zwischen den Häusern Lancaster und York in einem modernen „War Room“, der stark an Churchills Hauptquartier erinnert. Kaum ist Heinrich IV. gestorben, rollt der rote Teppich für den Nachfolger. Heinrich V. (Ramsey Nasr) funktioniert tadellos als streitbarer Stratege, auch wenn er beim romantischen Dinner mit der französischen Prinzessin eher unbeholfen wirkt. Ganz anders sein Nachkomme Heinrich VI. (Eelco Smits): Der zierliche, weinerliche Herr hat das Charisma eines Buchhalters, schlüpft vor der Hochzeitsnacht lieber in den Pyjama und wird zur leichten Beute für intrigante Lords. 

Van Hoves Regiekonzept offenbart sich rasch als eine Mischung aus modernem Büro und stylisher Lounge. Es gibt Fließwasser, Computer und eine Empore, auf der vier Posaunisten gemeinsam mit einem Countertenor (Komposition: Eric Sleichim) für feierliche Klänge sorgen. Die eigentlichen Intrigen spielen jedoch im Verborgenen: Aseptisch weiße Korridore, durch die eine Live-Kamera streift, zeigen das unsichtbare Getriebe der Macht. Hier wird getötet, gelauert und gestorben.

Zwar bietet der Abend gediegene Unterhaltung, und dank Nahaufnahmen entgeht dem Publikum keine Regung. Doch wirkt Shakespeares Stoff oft auf das Format einer modernen Fernsehserie reduziert, gewürzt mit einer Portion Alltagspsychologie. Wenn in schicken Polstermöbeln Zigaretten geraucht werden, verkommt das große Finale – Richards mörderischer Weg an die Macht (gespielt von Hans Kesting) – bisweilen zur selbstbezogenen Stadttheater-Nummer. Das Wiener Publikum zeigte sich von dieser postmodernen Geschichtsbetrachtung dennoch durchgehend angetan."
de_18,de,gemini,"Hier ist eine umformulierte Version im natürlichen Nachrichtenstil, die Länge und Thema beibehält:

**Moskau –** Der russische Konjunkturmotor stottert weniger stark als befürchtet. Nach Einschätzung der Weltbank dürfte die Wirtschaftsleistung im laufenden Jahr um 2,7 Prozent schrumpfen; zuvor war die Organisation noch von einem Minus von 3,8 Prozent ausgegangen. Grund für die Korrektur nach oben sind neben einem stabileren Rubel vor allem die wieder angezogenen Ölpreise, nachdem diese zuvor monatelang im Sinkflug waren. Für den Exportstaat ein entscheidender Faktor, bestreitet Moskau doch rund 40 Prozent seiner Staatseinnahmen über den Erdölverkauf. Zudem dämpft sich laut den Experten die Inflation. Neben den westlichen Sanktionen im Ukraine-Konflikt belasten vor allem die Nachwehen der Rohstoffkrise das Land. 

Das russische Wirtschaftsministerium teilt den moderateren Pessimismus und prognostiziert einen Rückgang des Bruttoinlandsprodukts (BIP) von 2,8 Prozent. Unabhängige Ökonomen blicken dagegen meist düsterer auf das Jahr 2015: Der Internationale Währungsfonds (IWF) rechnet gar mit einem Einbruch um 3,4 Prozent. 

Den Blick nach vorn gerichtet, rechnet Weltbank-Expertin Birgit Hansl jedoch bald wieder mit schwarzen Zahlen. So soll die Wirtschaft 2016 um 0,7 Prozent und im Jahr darauf um 2,5 Prozent wachsen. Voraussetzung dafür sei allerdings, dass die Regierung in ihren Haushaltsplänen für die kommenden Jahre wichtige Strukturreformen anpacke, betonte Hansl optimistisch."
de_19,de,gemini,"Hier ist eine überarbeitete Version im natürlichen, sachlichen Nachrichtenstil, die in Länge und Inhalt dem Original entspricht:

**Vorarlberg verfehlt Quote bei minderjährigen Flüchtlingen deutlich**

Bregenz – Bis auf Niederösterreich und Salzburg schafft es derzeit kein Bundesland, die vorgegebenen Quoten für unbegleitete minderjährige Flüchtlinge (UMF) zu erfüllen. Während im Erstaufnahmezentrum Traiskrichen noch immer über 1.000 Jugendliche ausharren, hinkt Vorarlberg bei der Unterbringung stark hinterher. Wie die „Vorarlberger Nachrichten“ in ihrer Montagsausgabe berichten, fehlen im Ländle 113 Plätze, womit die Quote nur zu knapp 60 Prozent erfüllt wird. Noch schlechter schneiden laut dem Bericht lediglich Kärnten mit rund 51 und Tirol mit rund 56 Prozent ab. 

Der Vorarlberger Kinder- und Jugendanwalt Michael Rauch übte scharfe Kritik an der Landespolitik. Salzburg erfülle die Vorgaben etwa nur deshalb, weil rund 200 Jugendliche in einer Kaserne untergekommen seien. Man könne sich nicht öffentlich als Musterknabe bei der Quotenerfüllung feiern lassen, wenn man bei den minderjährigen Flüchtlingen nur bei 60 Prozent liege, so Rauch. 

Landesrätin Katharina Wiesflecker (Grüne) wies die Vorwürfe zurück und betonte, dass man die Quote bereits im kommenden Frühjahr wieder erreichen werde. Noch im Dezember habe man fast 90 Prozent der geforderten Plätze bereitgestellt. Durch den abrupten Geburtstag von rund 50 Jugendlichen am Jahresanfang sei man jedoch massiv zurückgefallen. 

Unterdessen brachte Flüchtlingskoordinator Christian Konrad in den „VN“ ins Gespräch, die Kriterien bei der Suche nach Quartieren für junge Flüchtlinge zu überarbeiten. Denkbar seien etwa Erleichterungen bei der Bauordnung oder den Barrierefreiheitsrichtlinien, betonte Konrad, strich jedoch gleichzeitig hervor, dass die hohen Betreuungsstandards keinesfalls herabgesetzt werden dürften."
de_20,de,gemini,"**Uniqa stellt sich um: Konzern verschmilzt Versicherungen und halbiert Vorstandsposten**

**Wien** – Der Uniqa-Konzern baut seine Strukturen grundlegend um und will sich damit für künftige Herausforderungen rüsten. Bis spätestens zum ersten Quartal 2017 werden alle operativen Inlandsversicherungen zusammengelegt, wie das Unternehmen am Mittwochabend bekannt gab. Durch die Verschmelzung der Raiffeisen Versicherung, der Salzburger Landes-Versicherung und der FinanceLife mit der Hauptgesellschaft Uniqa Österreich sinkt die Gesamtzahl der Vorstandsmandate im Konzern – inklusive der Holding – massiv von 22 auf 10 Personen. Die Umsetzung steht allerdings noch unter dem Vorbehalt behördlicher Freigaben.

An der Spitze der börsennotierten Holding (Uniqa Insurance Group AG) steuern ab 1. Juni 2016 nur noch drei statt bisher fünf Vorstände die Geschäfte: Neben CEO Andreas Brandstetter und CFO/CRO Kurt Svoboda zieht Erik Leyers als neuer COO in das Gremium ein. Ihre Verträge laufen bis Mitte 2020. Die bisherigen Holding-Vorstände Hannes Bogner und Thomas Münkel verlassen das Unternehmen auf eigenen Wunsch, während sich Wolfgang Kindl künftig ganz auf den Chefposten der Uniqa International AG konzentriert. 

Auch die Vorstände der operativen Töchter wurden neu aufgestellt und personell eng miteinander verzahnt. Den Vorstand von Uniqa Österreich leitet ab Juni Hartwig Löger, unterstützt von Klaus Pekarek, Peter Eichler, Andreas Kößl sowie den Doppelmandataren Kurt Svoboda und Erik Leyers. Letztere beide sowie Eichler und Kößl übernehmen gleichzeitig auch Vorstandssitze in der International-Sparte, deren Gremium von Wolfgang Kindl angeführt wird.

Zusätzlich präsentierte der Versicherer solide Bilanzzahlen für das abgelaufene Jahr: Gestützt auf einen um fast zwölf Prozent gestiegenen Vorsteuergewinn (EGT) von 422,8 Millionen Euro erhöht Uniqa die Dividende von 42 auf 47 Cent je Aktie. Das Konzernergebnis kletterte sogar um 14,2 Prozent auf 331,1 Millionen Euro. Für das laufende Jahr 2016 dämpfte der Konzern jedoch die Erwartungen – bedingt durch hohe Investitionen könnte sich das Ergebnis im Jahresvergleich halbieren. Der endgültige, geprüfte Geschäftsbericht wird am 14. April veröffentlicht."
de_21,de,gemini,"Hier ist eine sprachlich glattgezogene, natürlich fließende Version im typischen Stil eines astronomischen Monatsberichts:

Astronomische Aussichten für den März: Der Monat beginnt am 2. mit dem Letzten Viertel des Mondes im Sternbild Schlangenträger in Nachbarschaft zum Saturn. Eine zarte Altlichtsichel zeigt sich am 7. tief in der Morgendämmerung im Ostsüdosten, bevor am 9. Neumond herrscht – die damit verbundene totale Sonnenfinsternis bleibt bei uns allerdings unsichtbar. Bereits am 10. lässt sich die junge Mondsichel tief in der Abenddämmerung im Westen entdecken; zudem passiert der Mond im Walfisch seine Erdnähe. Das Erste Viertel wird am 15. im Stier erreicht, gefolgt von einer Begegnung mit Jupiter am 21. Der Vollmond am 23. steht in der Jungfrau und bringt eine hierzulande ebenfalls unsichtbare partielle Halbschatten-Mondfinsternis. In den Folgetagen zieht der Mond weiter: Am 25. erreicht er in der Jungfrau den erdfernsten Punkt, am 28. und 29. trifft er auf Mars sowie am 29. und 30. auf Saturn.

Die Planeten bieten ein abwechslungsreiches Bild: Merkur verbirgt sich den gesamten Monat über. Venus lässt sich noch bis zum 13. tief in der Morgendämmerung im Ostsüdosten aufspüren und wechselt in dieser Zeit vom Steinbock in den Wassermann. Mars zeigt sich in der zweiten Nachthälfte – anfangs noch tief im Südosten, später höher im Süden – und wandert von der Waage in den Skorpion. Jupiter dominiert als präsentes Gestirn die gesamte Nacht im Löwen. Saturn ist in der späteren zweiten Nachthälfte im Schlangenträger auszumachen, zunächst tief im Südosten, später im Südsüdosten.

Die Tage werden unterdessen spürbar länger: Die helle Tageslänge wächst von 11 Stunden und vier Minuten zu Monatsbeginn auf 12 Stunden und 50 Minuten am 31. März an. Die bürgerliche Dämmerung nach Sonnenuntergang dauert jeweils 1 Stunde und 8 Minuten. Die astronomische Hauptsache ereignet sich am 20. März um 5:30 Uhr: Mit dem Übertritt der Sonne in das Tierkreiszeichen Widder ist die Tagundnachtgleiche erreicht – der astronomische Frühling beginnt.

Hinweise für Sternfreunde: Die mitgelieferte Sternkarte gilt für den 1. um 21:16 Uhr sowie den 31. um 19:18 Uhr (der Kreis mit „J“ markiert Jupiter, der Bogen zeigt die Milchstraße). Das Freiluftplanetarium Sterngarten Georgenberg in Wien-Liesing lädt am Samstag, den 19. März, um 11:30 Uhr zum Frühlingstagundnachtgleichen-Mittag mit Erklärungen an der Tierkreisscheibe und – bei passendem Wetter – der Beobachtung des Mittagssondurchgangs ein. Bereits am Samstag, den 5. März, um 19:00 Uhr findet im Stadtlokal in der Wiener Walfischgasse ein Vortrag zum Thema „An der Grenzfläche von Licht und Gravitation“ mit einem Exkurs zu Gravitationswellen statt (Referent: R. Vucsina). Nähere Informationen erhalten Interessierte telefonisch unter 01 889 35 41 oder direkt beim Astronomischen Büro."
de_22,de,gemini,"Hier ist eine Formulierung im natürlichen Nachrichtenstil, die das Thema aufgreift und etwa dieselbe Länge hat:

Die britische Polizei hat ihre permanente Überwachung der ecuadorianischen Botschaft in London beendet. Wie Scotland Yard am Montag mitteilte, steht das Gebäude nicht mehr rund um die Uhr unter Bewachung; stattdessen werde der verdeckte Einsatz ausgebaut. Eine dauerhafte Präsenz sei nach rund drei Jahren nicht mehr verhältnismäßig. Wikileaks-Gründer Julian Assange hält sich dort seit Juni 2012 auf, um einer schwedischen Festnahme wegen Vergewaltigungsvorwürfen zu entgehen. Der 44-Jährige weist die Anschuldigungen zurück und befürchtet eine Weitergabe an die USA. Die bisherige Polizeipräsenz hatte die britischen Steuerzahler umgerechnet mehr als 16 Millionen Euro gekostet."
de_23,de,gemini,"**Khol fordert von Regierung mehr Reformen und rügt Kanzler Faymann**

Wien – Der Chef des ÖVP-Seniorenbundes, Andreas Khol, hat die Regierungsarbeit nach den ersten sechs Monaten grundsätzlich positiv bewertet, gleichzeitig aber dringende Reformen bei Pensionen, im Pflege- und im Gesundheitssystem eingefordert. Zwar könne sich die Bilanz – etwa bei der Steuerreform – sehen lassen, betonte Khol am Dienstag vor Medienvertretern. Er kritisierte jedoch scharf, dass rund 230.000 Bezieher von Ausgleichszulagen von der Negativsteuer für Pensionisten ausgeschlossen wurden. Zudem sei es für ihn unverständlich, dass der Seniorenrat zuvor monatelang vergeblich um ein Gespräch mit Bundeskanzler Werner Faymann (SPÖ) gebeten hatte. Um diesen Missstand zu bekämpfen, kündigte Khol Musterprozesse bei Höchstgerichten an. 

Die Koalition müsse nun dringend an ihrem Image arbeiten, mahnte der Seniorenbund-Obmann. Positiv wertete er hingegen den jüngsten Kurswechsel in der Regierung, bei dem die Partner konstruktiver aufeinander zugegangen seien. Bei der von der ÖVP geforderten Abschaffung der kalten Progression sprach sich Khol gegen jährliche Verhandlungen aus; stattdessen befürwortet er eine automatische Anpassung der Steuerstufen an die Teuerung, finanziert durch Einsparungen in der Verwaltung.

Im Pensionsbereich urgierte Khol die rasche Umsetzung des lange ausstehenden Bonus-Malus-Modells sowie ein verlässliches Pensionsmonitoring. Die Wiener Seniorenbund-Chefin Ingrid Korosec forderte zudem Nachbesserungen im Gesundheitssystem. So müsse das Konzept der Erstversorgungszentren massiv ausgebaut und dürfe nicht auf ein einzelnes Pilotprojekt in Wien beschränkt bleiben. Sie forderte von Bürgermeister Michael Häupl (SPÖ) mehr Einsatz für neue Hausarzt-Verträge, die vor allem auf Vorsorge und längere Öffnungszeiten setzen müssten."
de_24,de,gemini,"**„Satire muss wehtun dürfen“**

Wien – Anlässlich eines Auftritts bei den Wiener Journalismustagen äußerte sich „Spiegel“-Chefredakteur Klaus Brinkbäumer im Gespräch mit dem *STANDARD* zu aktuellen Herausforderungen seines Mediums. Dabei verteidigte er den Satiriker Jan Böhmermann, kritisierte Bundeskanzlerin Angela Merkel und sprach über die geplante Bezahlschranke für Spiegel Online.

Geplant sei, noch in diesem Jahr erste Tests mit kostenpflichtigen Inhalten zu starten. Brinkbäumer vermeidet jedoch den Begriff „Paywall“, da dieser zu abweisend klinge. Stattdessen setze man auf nutzerfreundliche Modelle: Tagesaktuelle Nachrichten sollen frei verfügbar bleiben, während exklusiver und hochwertiger Journalismus künftig etwas kosten soll. Als Vorbild dient hierbei weniger *Bild.de* als vielmehr die *New York Times*, die den digitalen Wandel früh verstanden habe. Auch den Einsatz technischer Mittel gegen Adblocker hält Brinkbäumer für denkbar, um den Qualitätsjournalismus langfristig abzusichern.

Kritik äußerte Brinkbäumer am Umgang der Politik mit der Satire-Affäre um Jan Böhmermann. „Satire darf alles“, so der Chefredakteur. Die Meinungs- und Kunstfreiheit dürfe nicht dort enden, wo es unangenehm werde, weshalb er auch das Verhalten von Kanzlerin Merkel, die sich auf die Seite des türkischen Präsidenten Erdoğan gestellt hatte, scharf verurteilte. Zum Abzug des Türkei-Korrespondenten Hasnain Kazim betonte er, dass dies aufgrund akuter Gefahren und fehlender Akkreditierungen unumgänglich gewesen sei, der *Spiegel* aber dennoch weiterhin kritisch über die Türkei berichten werde.

Ebenfalls angesprochen wurde der kürzlich geleakte „Spiegel“-Innovationsreport. Brinkbäumer sieht in dem internen Papier keinen Skandal, sondern ein leidenschaftliches Dokument zur Weiterentwicklung des Medienhauses. Eine offene, angstfreie Fehlerkultur sei in Zeiten des Umbruchs gesund und notwendig. Den oft beschworenen internen Konflikt zwischen Print- und Onlineredaktion wies er indes zurück: Das Verhältnis sei von Vertrauen und enger Zusammenarbeit geprägt."
de_25,de,gemini,"Hier ist eine sprachlich überarbeitete Version im natürlichen Nachrichtenstil, die den Inhalt und Umfang des Originals beibehält:

***

**Vater sein ohne Belehren: Wolf Wondratscheks Raoulito-Gedichte**

Ursprünglich als streng limitierte Liebhaberausgabe mit 444 Exemplaren geplant, war der Lyrikband eigentlich schnell vergriffen. Doch weil sich nicht nur einige Fehler eingeschlichen hatten, sondern auch die Nachfrage groß war, legten Autor Wolf Wondratschek und sein Verlag kurzerhand weitere 500 Stück nach. Im Zentrum steht der Band *For a Life without a Dentist* – ein Wunsch, den sich vermutlich die meisten Leser, aber wohl kaum die Zahnärzteschaft zu eigen machen. Den Titel hat sich der in Wien und München lebende Dichter von einem 1984er-Gemälde des verstorbenen Künstlers Martin Kippenberger geborgt.

Das Buch versammelt 42 Gedichte, die Wondratschek teils für sich selbst, vor allem aber für seinen am 27. Juli 1991 geborenen Sohn Raoul verfasst hat. Das erste Stück entstand am Tag der Geburt. In diesem Moment seien schließlich zwei Menschen auf die Welt gekommen, blickt der Autor zurück: sein Sohn und er selbst in einer völlig neuen, unerwarteten Rolle als Vater. Das Werk fungiert dabei als eine Art lyrisches Pendant zu seinem Roman *Das Geschenk* (2011). Darin beschreibt er sein Alter Ego Chuck, einen älteren Draufgänger – Wondratschek war selbst 49, als sein Sohn zur Welt kam –, der im fortgeschrittenen Alter noch Vater wird. Ein FAZ-Rezensent charakterisierte diese Haltung treffend als: „Vater ja, angepasst niemals!“

Obwohl die beiden ab dem fünften Lebensjahr des Sohnes nicht mehr in einem gemeinsamen Haushalt lebten, beschreibt Wondratschek das Verhältnis als äußerst eng. Das gängige Vorurteil, ein uneheliches Kind ohne den klassischen bürgerlichen Rahmen müsse scheitern, lässt er nicht gelten. Vielmehr hält er ein „ungeschütztes“ Kind für spannender als ein behütetes. Statt Geld steckte der Vater zu Anlässen wie Geburtstag oder Weihnachten stets ein Gedichtblatt in den Umschlag – ganz ohne pädagogischen Zeigefinger. Schließlich funktioniere Beziehung am besten durch absichtslose Gesten. 

Wondratschek lehnt es strikt ab, den Besserwisser zu mimen. Während manche Väter Spaziergänge für erzieherische Gespräche nutzen, ging es ihm stets um das Gegenteil: Er wollte seinem Sohn nichts beibringen, sondern ihm das Gefühl vermitteln, dass ihm das eigene Leben wichtig sein muss. 

Inzwischen hat Raoulito Medientechnik studiert und Verlags-Volontariate absolviert, ohne sich bereits endgültig festgelegt zu haben – für den Vater kein Problem. Ein Kind müsse nicht früh wissen, wohin der berufliche Weg führt. Wondratschek misst seinen Sohn ohnehin nicht an Titeln oder Karriere, sondern an Neugier und Empathie. Zum Abschied hat der Autor der Redaktion übrigens ein exklusives, bislang unveröffentlichtes Gedicht überlassen, das im Infokasten zu finden ist."
de_26,de,gemini,"Hier ist eine neu formulierte Version im professionellen Nachrichtenstil, die in Länge und Inhalt dem Original entspricht:

***

**New York – Mit dem geplanten Kauf von EMC will der US-Konzern Dell seine Marktposition stärken und vor allem Konkurrenten wie Hewlett-Packard Paroli bieten.** 

Wie das Unternehmen mitteilte, soll jede EMC-Aktie mit 24,05 Dollar in bar sowie einem Wertpapier vergütet werden, das an die Softwaretochter VMware gekoppelt ist. Insgesamt beläuft sich das Angebot demnach auf 33,15 Dollar je Aktie, was einem Aufschlag von knapp zwanzig Prozent gegenüber dem Schlusskurs vom Freitag entspricht. Über die Transaktion war im Vorfeld bereits tagelang spekuliert worden. 

Gründer Michael Dell hatte sein Unternehmen erst vor zwei Jahren mit Unterstützung von Finanzinvestoren für 25 Milliarden Dollar von der Börse genommen. Für den aktuellen Mega-Deal benötigen Dell und sein erneut beteiligter Partner Silver Lake Medienberichten zufolge frisches Bankkapital in Höhe von rund 40 Milliarden Dollar. Nach Vollzug der Übernahme werden Dell und seine Partner voraussichtlich 70 Prozent an EMC halten, die Leitung des fusionierten Konzerns soll Michael Dell übernehmen.

Der komplexe Aufbau der Transaktion ist vor allem der Tatsache geschuldet, dass ein Gros des EMC-Wertes auf dessen 80-Prozent-Anteil an VMware entfällt. VMware gilt in der Branche als äußerst wachstumsstark und sorgt dafür, dass Rechenzentren durch virtuelle Technologien effizienter arbeiten. Der Datenspeicherspezialist EMC sieht sich hingegen wachsendem Konkurrenzdruck ausgesetzt. Die VMware-Aktie soll auch künftig an der New Yorker Börse gehandelt werden. Der Abschluss der Transaktion ist für Mitte nächsten Jahres geplant, wobei die Zustimmung der Aufsichtsbehörden und Aktionäre noch aussteht.

Zudem hält die Vereinbarung laut einem Bericht der „Financial Times“ eine Klausel bereit, wonach EMC bis zum Abschluss weitere Offerten einholen darf. Damit soll offenbar der aktivistische Investor Elliott Management beschwichtigt werden, der seit längerem eine Abspaltung von VMware gefordert hatte. Dem Technologieblog „Recode“ zufolge signalisierte der Finanzinvestor inzwischen Unterstützung für den Dell-Deal. Laut „Financial Times“ soll nun unter anderem bei Microsoft und Cisco ausgelotet werden, ob dort generelles Interesse an einer Übernahme besteht. 

Bereits beim damaligen Börsenrückzug hatte Michael Dell mit erbittertem Widerstand eines Großinvestors zu kämpfen: Der Milliardär Carl Icahn hatte sich damals einen monatelangen, öffentlich ausgetragenen Disput mit dem Management geliefert, bevor der Kaufpreis schließlich erhöht wurde. Für EMC löst der Verkauf zudem eine personelle Zukunftsfrage: Der langjährige Vorstandschef Joe Tucci, der das Unternehmen seit 2001 führt, will sich im Alter von 68 Jahren ohnehin bald zurückziehen.

Mit der Vereinbarung zeichnet sich der bislang größte Zusammenschluss der Tech-Branche in diesem Jahr ab. Bisher hielt diesen Rekord die im Mai angekündigte Übernahme des Chipherstellers Broadcom durch den US-Rivalen Avago für 37 Milliarden Dollar."
de_27,de,gemini,"Hier ist eine überarbeitete Version im typischen Stil einer Nachrichtenagentur (wie APA oder dpa), die in Länge und Inhalt dem Original entspricht:

**ÖAW-Präsident Zeilinger fordert mehr Geld für die Wissenschaft**

**Wien –** Der Präsident der Akademie der Wissenschaften (ÖAW), Anton Zeilinger, schlägt Alarm: Angesichts massiver finanzieller Engpässe könne es „so nicht weitergehen“. Im Vorfeld der Bundespräsidentenwahl betonte Zeilinger am Freitag anlässlich der ÖAW-Jahresfeier, er erwarte sich vom künftigen Staatsoberhaupt starken Rückenwind für die Forschung. Als oberster Schirmherr der Akademie spiele der Bundespräsident eine wichtige Rolle – insbesondere bei der Vertretung internationaler und europäischer Wissenschaftsprojekte.

Dringenden Handlungsbedarf ortet Zeilinger vor allem beim Wissenschaftsfonds FWF, der seit Jahren unter Budgetkrisen leidet. Erst kürzlich hatte die Junge Kurie der Akademie vor den Folgen für den Forschungsstandort gewarnt. Zeilinger forderte die Politik auf, diese Sorgen ernst zu nehmen, um vor allem dem Nachwuchs Perspektiven zu bieten. Er habe zwar Verständnis für höhere Sicherheitsausgaben im Finanzrahmen, kritisierte jedoch, dass die Mittel für die Wissenschaft nicht im selben Maße gestiegen seien. „Damit sichern wir uns zwar ab, wissen aber bald nicht mehr, was wir überhaupt noch schützen sollen“, warnte Zeilinger und verwies auf die schwindende Geduld in der Forschungsgemeinschaft.

Positives berichtete der ÖAW-Chef indes von der jahrelang diskutierten Akademiereform, die nun kollegial abgeschlossen wurde. Mit neuen Satzungen und Geschäftsordnungen wird die Trennung von Gelehrtengesellschaft und Forschungsträgerorganisation vollzogen. Die beiden Fachklassen kümmern sich künftig um wissenschaftliche Aktivitäten, sind aber nicht mehr für die Institutsverwaltung zuständig. Dennoch bleibt die ÖAW durch den Präsidenten und einen neu besetzten Akademierat, der nun strenger von den Instituten getrennt ist, klammerartig verbunden. 

Gescheitert ist das Präsidium hingegen mit dem Plan, die bisherigen Kategorien der wirklichen und korrespondierenden Mitglieder zu einer einzigen zusammenzuführen; die dafür nötige Zweidrittelmehrheit wurde knapp verfehlt. Zudem wurde die Umbenennung der Jungen Kurie in „Junge Akademie“ beschlossen, der Public Corporate Governance Kodex umgesetzt und die Kontrollbefugnisse des Finanzchefs gestärkt.

„Das Thema ist abgehakt, jetzt können wir uns den wesentlichen Aufgaben widmen“, so Zeilinger. Dazu zähle die weitere Internationalisierung der Akademie, die etwa durch Kooperationen wie zuletzt mit Kuba vorangetrieben werde. Zudem will sich die ÖAW verstärkt aktuellen gesellschaftlichen Debatten öffnen. Noch in diesem Jahr sollen zwei Studien zu den Themen „Digitaler Stillstand“ und „Mobilität“ vorgelegt werden."
de_28,de,gemini,"Hier ist eine überarbeitete Version im natürlichen Nachrichtenstil, die etwa die gleiche Länge hat und das Thema präzise erfasst:

**Großangelegte Razzien: Über 60 Festnahmen bei internationalem Schlag gegen Kinderpornografie**

Bei einer länderübergreifenden Operation gegen Missbrauchsdarstellungen im Netz sind in Amerika, Spanien und mehreren Staaten Lateinamerikas mindestens 60 mutmaßliche Täter gefasst worden. Wie die mexikanische Sicherheitsbehörde CNS am Sonntag mitteilte, richtete sich die Aktion gegen ein internationales Netzwerk zur Verbreitung von Kinderpornografie. Im Zuge der koordinierten Durchsuchungen konnten zudem vier Minderjährige aus akuter Gefahr befreit werden – darunter drei Mädchen im Alter von neun, 14 und 15 Jahren in Mexiko. An dem Großeinsatz, der maßgeblich von US-FBI und südamerikanischen Behörden gelenkt wurde, waren Ermittler in insgesamt zwölf Ländern beteiligt, darunter Spanien, die USA, Brasilien, Kolumbien und Argentinien."
de_29,de,gemini,"Hier ist eine sprachlich überarbeitete Version im typischen Nachrichtenton:

**Wirtschaftskammer-Chef fordert mehr Anreize für Jobsuchende**

Wien – Trotz rund 376.500 Arbeitslosen in Österreich Ende Juli gäbe es laut Wirtschaftskammer-Präsident Christoph Leitl genügend Beschäftigungsmöglichkeiten. In einem Interview mit dem „Volksblatt“ zeigte er sich überzeugt, dass jeder, der arbeiten möchte, auch einen Job finden kann – wenngleich vielleicht nicht im Traumberuf oder direkt im Heimatort. 

Kritisch äußerte sich Leitl zur Mindestsicherung: Es störe ihn, dass Bezieher durch zusätzliche Transferleistungen netto oft auf ein Einkommen kommen, das mit einem Bruttolohn von 1.700 Euro vergleichbar sei. Das nehme den Menschen den Anreiz zur Arbeit. Mit Blick auf die Wirtschaft betonte Leitl zudem, Österreich müsse bei Lohn- und Produktionskosten seine Komfortzone verlassen, um im globalen Wettbewerb gegen die starke Konkurrenz aus Asien und Amerika bestehen zu können."
de_30,de,gemini,"Hier ist eine überarbeitete Version im typischen Stil eines Wirtschaftsressorts, die Länge und Thema beibehält:

***

**Österreich bleibt im internationalen Standortvergleich im Mittelfeld gefangen. Vor allem die hohe Abgabenlast auf Arbeit sorgt bei Wirtschaftsführern weiterhin für deutliche Kritik.**

Wien – Im renommierten Wettbewerbsindex der Lausanner Managementhochschule IMD kommt Österreich auch in diesem Jahr nicht über ein mittelmäßiges Ergebnis hinaus. Zwar ging es im weltweiten Ranking um zwei Ränge nach oben auf Platz 24, im innereuropäischen Vergleich hinkt die Alpenrepublik jedoch spürbar hinterher. Besonders beim Steuersystem orten die Studienautoren massiven Handlungsbedarf: Unter den 61 analysierten Staaten belegt Österreich hier den vorletzten Platz. Sowohl Arbeitnehmer als auch Betriebe ächzen unter einer international überdurchschnittlichen Steuerlast, erläutert IMD-Chefökonom Christos Cabolis im Gespräch mit der APA. Auch bei der Staatsverschuldung rangiert das Land im hinteren Drittel, wenngleich internationale Manager hier eine leichte Trendwende zum Positiven registrieren.

Das IMD-Ranking stützt sich zu einem Drittel auf die Einschätzung von rund 5.400 Führungskräften weltweit, der Rest fliesst aus harten Wirtschaftsdaten ein. Insgesamt fließen 340 Kriterien aus den Bereichen Konjunktur, Verwaltung, Unternehmenseffizienz und Infrastruktur in die Bewertung ein. 

Gerade bei der Infrastruktur kann Österreich traditionell punkten. Chefökonom Cabolis relativiert daher die Fundamentalkritik am Steuersystem: Die hohen Abgaben spiegelten sich schliesslich in einer exzellenten Infrastruktur wider. So sei die Zufriedenheit mit öffentlichen Leistungen und Investitionen – etwa in Logistik und Verkehr – zuletzt gestiegen. Dennoch hat sich das Image des Standorts in den Chefetagen über das vergangene Jahrzehnt merklich eingetrübt: Noch 2007 stand Österreich auf Platz elf, und auch beim konkurrierenden Index des Weltwirtschaftsforums ging es in den letzten Jahren von Rang 14 auf 23 bergab.

An der globalen Spitze bleibt indes vieles beim Alten: Die Top-Vier-Plätze sind seit sechs Jahren fest in Hand derselben Akteure. Nach den USA im Vorjahr führen nun Hongkong und die Schweiz das Feld an. Innerhalb der EU führen Schweden, Dänemark, Irland und die Niederlande das Image-Ranking an, während osteuropäische Staaten wie Lettland oder die Slowakei aufholen. 

Einzelne Platzverschiebungen dürften freilich nicht überbewertet werden, betont Cabolis, da das Ranking stets relativ zur weltweiten Konkurrenz berechnet wird. Dennoch geben die Indizes ein verlässliches Barometer für die Stimmung unter Investoren ab. Südamerika bleibt derweil Sorgenkind: Chile führt den Kontinent als bester Vertreter auf Rang 36 an, das krisengeschüttelte Venezuela bildet das Schlusslicht der globalen 61er-Liste. Der Gesamtindex zeige zudem, dass die weltweite Wohlstands- und Leistungsungleichheit in den vergangenen zwanzig Jahren zwar stark gewachsen, das Tempo dieses Anstiegs mittlerweile aber abgeflacht sei."
de_31,de,gemini,"Hier ist eine in Ton und Länge vergleichbare Neufassung im typischen Nachrichtienstil:

**Linz – Wegen islamfeindlicher Facebook-Einträge geraten zwei Linzer FPÖ-Gemeinderäte massiv unter Druck. Die Sozialistische Jugend und die Grünen fordern den sofortigen Rücktritt der Mandatare, während die Justiz nun prüft, ob der Tatbestand der Verhetzung vorliegt.**

Auslöser war ein Bericht der Tageszeitung „Österreich“, die Auszüge eines Social-Media-Disputs öffentlich gemacht hatte. Darin hatte FPÖ-Gemeinderätin Susanne Walcher einen Vorstoß von Wirtschaftskammerpräsident Christoph Leitl zu einem aufgewerteten Integrationsjahr spöttisch kommentiert. Sie schrieb unter anderem von einem „notgeilen jungen Muselmanen“, der im Kindergarten kleine Mädchen betreue oder Omas im Pflegeheim bade. Parteikollege Markus Kraz setzte nach, man könne sie auch in Tierheimen einsetzen, dort gebe es wenigstens „liebe Schafe“. 

Die Reaktionen ließen nicht lange auf sich warten. Philipp Stadler, Chef der Linzer Sozialistischen Jugend, verlangte den Rücktritt des Duos und bot ihnen ironisch die Teilnahme an einer „Werteschulung für Menschlichkeit“ an. Die Linzer Grün-Klubobfrau Ursula Roschger nannte die Äußerungen „abstoßend und verwerflich“. Sie forderte nicht nur den Rücktritt, sondern nahm auch die Landes-FPÖ in die Pflicht, ihre Ortspartei zu kontrollieren. Zudem warf sie SPÖ-Bürgermeister Klaus Luger vor, bei der Bildung der Stadtkoalition wissentlich mit der FPÖ paktiert zu haben.

Der Linzer FPÖ-Fraktionschef Günther Kleinhanns versuchte unterdessen, die Wogen zu glätten, stellte sich aber im Kern schützend vor seine Mitarbeiter. Die Wortwahl sei zwar unsachlich gewesen, erfülle jedoch juristisch keine Verhetzung, da es sich um einen nicht-öffentlichen Beitrag gehandelt habe. Zugleich zeigte er Verständnis für die Entgleisung: Die Aussagen würden lediglich emotionale Stimmungen besorgter Eltern widerspiegeln, denen die Politik mehr Aufmerksamkeit schenken müsse. Die Staatsanwaltschaft prüft die Causa indes weiter."
de_32,de,gemini,"**Brüsseler Balkan-Gipfel: 100.000 neue Plätze und schärfere Kontrollen**

BRÜSSEL – Angesichts der anhaltenden Flüchtlingskrise haben sich die Staats- und Regierungschefs der am stärksten betroffenen Staaten bei einem Sondergipfel in Brüssel auf einen 17-punkteplan verständigt. Ziel ist es, die Situation entlang der Balkanroute durch gemeinsame Anstrengungen besser zu bewältigen und humanitäre Notlagen bei Kälte und Regen zu verhindern. 

EU-Kommissionspräsident Jean-Claude Juncker betonte die Notwendigkeit engerer Absprachen: Die Nachbarländer müssten kooperieren, statt gegeneinander zu arbeiten. Der ab Montag greifende Aktionsplan umfasst acht Bereiche. Unter anderem sollen die unkontrollierten Weiterreisen von Gruppen – das sogenannte Durchwinken – gestoppt werden. Zudem ist bis Jahresende die Schaffung von insgesamt 100.000 neuen Unterkünften geplant: Die Hälfte davon soll in Griechenland entstehen, weitere 50.000 Plätze sind für den Winter im Bereich zwischen Griechenland und Österreich vorgesehen, unterstützt durch das UNHCR und internationale Finanzhilfen.

Um die Migrationsströme zu ordnen, wird die Registrierung mithilfe biometrischer Daten ausgebaut. Gleichzeitig sollen Rückführungen abgewiesenem Asylsuchender – verstärkt auch mit Unterstützung der EU-Grenzschutzagentur Frontex – intensiviert und neue Abkommen mit Herkunftsländern wie Afghanistan oder Pakistan geschlossen werden. Das Grenzmanagement wird unter anderem durch engere Kontrollen an den Binnengrenzen sowie eine engere Kooperation mit der Türkei verschärft. Zudem sollen hunderte Polizisten aus anderen EU-Staaten, etwa zur Unterstützung nach Slowenien, entsandt werden. Die Einhaltung der Maßnahmen wird wöchentlich überprüft.

Kritik und offene Fragen gab es jedoch bei der Umsetzung. So blieb zunächst unklar, wie die Unterbringung der 50.000 Menschen in Griechenland konkret erfolgen soll; der griechische Migrationsminister sprach von einer Kombination aus Mietwohnungen und kleineren Strukturen, während Premierminister Alexis Tsipras an der Fertigstellung von Registrierungszentren und Kapazitäten auf dem Festland festhielt. Zuvor war Athen mehrfach vorgeworfen worden, zu wenig zur Kontrolle der Grenzen beizutragen.

In Berlin wurden die Beschlüsse verhalten bewertet. Bundesminister mahnten an, dass die vereinbarten Plätze schnell Realität werden müssten und die Koordinationchefsache bleiben müsse. Österreichs Innenministerin Johanna Mikl-Leitner äußerte sich hingegen zufrieden und sprach von einem wichtigen Schritt in die richtige Richtung."
de_33,de,gemini,"Hier ist eine überarbeitete Version im natürlichen Nachrichtenstil, die den Inhalt prägnant und flüssig zusammenfasst:

**Rom (Reuters) –** Mit einem neuen Dekret greift die italienische Regierung ihrer angeschlagenen Finanzbranche erneut unter die Arme. Der am Freitag verabschiedete Erlass soll es den Banken erleichtern, an ausstehende Gelder zu kommen. Laut Ministerpräsident Matteo Renzi wird sich die Schuldeneinforderung dadurch drastisch von bisher sechs bis acht Jahren auf nur noch sechs bis acht Monate verkürzen. Ziel der Maßnahme sei es, die tiefen Probleme des Sektors nachhaltig zu bewältigen.

Konkret erhalten die Institute schnelleren Zugriff auf Sicherheiten von Firmenkrediten; Privatkredite und Hypotheken bleiben hingegen unangetastet. Darüber hinaus ist eine Entschädigung für rund die Hälfte jener 10.000 Kleinanleger vorgesehen, die im Zuge der Rettung von vier Regionalbanken im Vorjahr erhebliche Verluste erlitten hatten – ein Fall, der für Renzi seinerzeit heftige Kritik zur Folge hatte. 

Italiens Banken leiden unter einer anhaltenden Belastung durch faule Kredite im Volumen von rund 360 Milliarden Euro, die sich infolge der Wirtschaftskrise angesammelt haben. Erst kürzlich hatte die Branche daher bereits unter Federführung der Regierung einen milliardenschweren Hilfsfonds ins Leben gerufen."
de_34,de,gemini,"Hier ist eine Zusammenfassung im typischen Stil einer Nachrichtenmeldung, die Länge und Inhalt des Originals beibehält:

**Österreicher fordern von der Kirche mehr Sozialarbeit und weniger Mission**

**Die Bedeutung von Ostern schrumpft, die Kirche hat in Krisenzeiten für die Mehrheit keine passenden Antworten, und von Gläubigen wird vor allem eins erwartet: Hilfe für Schwache statt Missionierung. Das zeigt eine aktuelle Umfrage.**

Wien/Linz – Die Erwartungen der Bevölkerung an die katholische Kirche haben sich spürbar verschoben. Einer in der Karwoche veröffentlichten Market-Umfrage für den „Standard“ zufolge wünschen sich die Menschen von der Kirche vor allem mehr Einsatz für sozial Benachteiligte, Obdachlose und Flüchtlinge. Auf wenig Gegenliebe stößt hingegen die traditionelle Kernaufgabe der Glaubensverbreitung: Nur noch 19 Prozent der Befragten fordern, dass die Kirche den Menschen stärker den Weg zu Gott weisen solle. Mehr als die Hälfte (53 Prozent) spricht sich sogar explizit gegen die Bekehrung Andersgläubiger aus. Auch der Erhalt von Kirchengebäuden oder die Jugendarbeit rangieren auf der Wunschliste weit hinten.

Generell wird der Kirche ein massiver Veränderungsbedarf attestiert. Auf die Frage, ob die Institution in schwierigen Zeiten die richtigen Antworten liefere, reagiert die große Mehrheit skeptisch: Lediglich ein Prozent („ganz bestimmt“) und 15 Prozent („eher schon“) stimmen dem zu. Mehr als 80 Prozent verneinen dies ganz oder teilweise, wobei die radikale Ablehnung mit 24 Prozent niedriger liegt als noch zu Beginn des Jahrzehnts. Zudem ist der Eindruck, dass sozial Schwache in der Kirche eine Heimat finden, laut Umfrage von 83 auf 68 Prozent gesunken.

Auch das Verhältnis zum Osterfest ist von Säkularisierung geprägt. Während traditionelle Symbole wie der Osterhase von 81 Prozent als sympathisch wahrgenommen werden, feiert nur noch jeder zweite Österreicher die Auferstehung Jesu Christi als Kern des Festes. Hier zeigt sich ein deutlicher Generationenkonflikt: Bei den Über-50-Jährigen feiern noch 63 Prozent die Auferstehung, bei den unter 29-Jährigen ist es nur noch gut jeder Dritte. Neun Prozent der Befragten gaben zudem an, christliche Feste generell abzulehnen – eine Haltung, die besonders unter Wählern der Grünen überdurchschnittlich oft vertreten ist."
de_35,de,gemini,"Hier ist eine journalistisch aufbereitete, natürlich klingende Zusammenfassung im gleichen Stil:

**ORF-Budget 2016 wird zur ""Herausforderung"" – Grünes Licht für Küniglberg-Anleihe**

Wien – Der ORF steht vor einem seiner wirtschaftlich schwierigsten Jahre. Wie Finanzdirektor Richard Grasl am Donnerstag nach einer Stiftungsratssitzung in Wien miterklärte, belasten vor allem gesetzliche Steueränderungen, die Kosten für das neue Frühfernsehen sowie finanzielle Rückstellungen das kommende Budget. Letztere waren wegen einer Klage des Zentralbetriebsrats zur Anrechnung von Vordienstzeiten nötig geworden; laut Generaldirektor Alexander Wrabetz seien diese aber ausreichend dotiert. 

Das laufende Jahr 2015 schließt der öffentlich-rechtliche Sender hingegen positiv ab: Dank rechtzeitig eingeleiteter Gegenmaßnahmen werde trotz eines schwierigen Werbe- und Finanzmarkts ein ausgeglichenes Ergebnis erwartet, so der kaufmännische Direktor.

Mit großer Mehrheit segnete der Stiftungsrat unterdessen die Teilfinanzierung des Großprojekts am Küniglberg durch eine Privatplatzierungs-Anleihe ab. Ab kommender Woche startet die Platzierung am Markt, am 23. Oktober soll feststehen, wie viele Papiere gezeichnet wurden und wie hoch der Zinssatz ausfällt. Stiftungsrat Thomas Zach wertete den Beschluss als erfreulichen Meilenstein für das Standortprojekt. Die Anleihe richtet sich allerdings exklusiv an Groß- und institutionelle Investoren.

Mit dem Erlös will der ORF einen Teil der rund 300 Millionen Euro schweren Sanierungs- und Ausbaukosten am Küniglberg – darunter den geplanten Newsroom-Zubau – finanzieren. Nach Prüfung verschiedener Optionen, wie etwa Leasing, habe sich die Anleihe als beste Lösung erwiesen. Die Abwicklung der Transaktion übernimmt die UniCredit Bank Austria."
de_36,de,gemini,"Hier ist eine natürlich formulierte, journalistische Version im gleichen Stil:

**Krähen halten Tokios Polizei in Atem**

Tokio – Eine Serie rätselhafter Sachbeschädigungen hat in Japan die Ermittler auf den Plan gerufen. Wie die Zeitung „Yomiuri Shimbun“ berichtete, hatten sich in der Stadt Matsue Dutzende Autofahrer gemeldet, deren Scheibenwischer manipuliert worden waren. Die Polizei leitete daraufhin eine großangelegte Fahndung ein, setzte rund 50 Beamte für Tag- und Nachtpatrouillen ein und wertete Überwachungskameras aus. Die vermeintlichen Vandalen entpuppten sich jedoch schnell als gefiederte Diebe: Krähen hatten es auf die Gummikanten abgesehen, um damit ihre Nester zu polstern. Gegen die tierischen Täter stand die Polizei am Ende ratlos da: Verhaften lassen sich die Vandalen schließlich nicht."
de_37,de,gemini,"Hier ist eine umgeschriebene, natürlich wirkende Nachrichtenfassung in ähnlicher Länge und im typischen Stil von Sport- und Nachrichtenportalen:

***

**Keine unbefristeten Verträge: Mainz 05 gewinnt richtungsweisenden Rechtsstreit um Ex-Torhüter Müller**

Im Profifußball dürfen Verträge von Spielern auch in Zukunft befristet werden. Das Landesarbeitsgericht Rheinland-Pfalz hat am Mittwoch im langjährigen Rechtsstreit zwischen dem FSV Mainz 05 und dem ehemaligen Torhüter Heinz Müller zu Gunsten der Vereine entschieden und damit eine Branchenkrise abgewendet.

Der 37-jährige Müller war im Sommer 2014 nach Ablauf seines zweijährigen Arbeitspapiers aussortiert worden und hatte daraufhin geklagt. Er wollte gerichtlich feststellen lassen, dass sein Kontrakt in ein unbefristetes Arbeitsverhältnis übergegangen sei. In erster Instanz hatte das Arbeitsgericht Mainz dem Torhüter noch recht gegeben und argumentiert, Fußballprofis müssten wie reguläre Arbeitnehmer behandelt werden – ein Urteil, das im deutschen Profifußball die Angst vor Zuständen wie nach dem „Bosman-Urteil“ und dem Zusammenbruch des Transfersystems ausgelöst hatte. Die Clubs hatten vor chaotischen Zuständen und aufgeblähten Kadern gewarnt.

Das Landesarbeitsgericht hat das erstinstanzliche Urteil nun jedoch komplett kassiert und Müllers Klage abgewiesen. Die Richter befanden, dass die Entscheidung des damaligen Trainers Thomas Tuchel, den Torhüter auszusortieren, im freien Ermessen des Coaches lag. Auch die Tatsache, dass Müller dadurch die Chance auf Einsätze und mögliche Vertragsverlängerungen verwehrte wurde, sei rechtlich nicht zu beanstanden. 

Bei der Deutschen Fußball Liga (DFL) und den Vereinen sorgte das revidierte Urteil für spürbare Erleichterung. Ob Müller und sein Anwalt den Weg zum Bundesarbeitsgericht antreten und Revision einlegen, ist noch offen. Das Gericht hat diese ausdrücklich zugelassen, die Seite des Spielers will das Urteil zunächst eingehend prüfen."
de_38,de,gemini,"Hier ist eine überarbeitete Version im natürlichen Nachrichtenstil, die in Länge und Inhalt dem Original entspricht:

Hamburg – Nach seiner fristlosen Entlassung geht der Publizist Matthias Matussek juristisch gegen den Axel-Springer-Verlag vor. Wie die „Süddeutsche Zeitung“ berichtet, reicht der ehemalige „Welt“-Kolumnist eine Kündigungsschutzklage ein. Auslöser für den Rauswurf waren umstrittene Facebook-Beiträge Matusseks im Anschluss an die Terroranschläge von Paris. Unter anderem hatte er geschrieben, der Terror werde die Debatte über offene Grenzen und unregistrierte junge Männer im Land in eine „neue frische Richtung bewegen“ – versehen mit einem Smiley. „Welt“-Chefredakteur Jan-Eric Peters hatte den Post daraufhin als „durchgeknallt“ bezeichnet. Nach einer weiteren Eskalation des internen Streits zog die Zeitung am 17. November die Konsequenzen und trennte sich von dem Autor."
de_39,de,gemini,"Hier ist eine umgeschriebene Version im typischen Stil einer Nachrichten- oder Medienreportage, die Länge und Thema beibehält:

**Frauen-Onlinemagazin scheitert vorerst an Paywall**

Wien/Berlin – Die Geschichten klingen vielversprechend: Ein Porträt über Palästinas einzige Brauerin oder Einblicke in den harten Alltag homosexueller Menschen in Belarus. Mit solchen Beiträgen will Pauline Tillmann mit ihrem Onlinemagazin *Deine Korrespondentin* Schlagzeilen machen. „Wir wollen faszinierende Frauen rund um den Globus vor die Linse und in den Fokus rücken“, erklärt die 32-jährige Gründerin. Derzeit liefern acht freie Journalistinnen im wöchentlichen Rhythmus Berichte aus Regionen wie Indien, Afrika oder Nahost. Pro veröffentlichter Story zahlt das Portal ein Honorar von 100 Euro – und bietet damit eine Bühne für Ecken-und-Kanten-Themen, die in klassischen Medien oft durchs Raster fallen.

Bevor Tillmann das Projekt an den Start brachte, berichtete sie von 2011 bis Anfang 2015 als ARD-Auslandskorrespondentin aus St. Petersburg über Russland und die Ukraine. Doch die Arbeit vor Ort reichte ihr bald nicht mehr aus: Sie wollte nicht nur berichten, sondern als Verlegerin eigene Akzente setzen. Den entscheidenden Impuls gab eine dreimonatige USA-Reise, bei der sie sich intensiv mit der Zukunft des Medienmarkts auseinandersetzte. „Die Branche befindet sich im Umbruch, das ist die absolute Pionierzeit – und da wollte ich unbedingt mitmischen“, so Tillmann.

Nachdem im März eine erfolgreiche Crowdfunding-Kampagne den Grundstock gelegt hatte, folgte im Sommer der Testlauf für ein Bezahlmodell. Fünf Euro monatlich sollten die Leser für die exklusiven Inhalte berappen. Das Ergebnis glich einer Bruchlandung: Lediglich zehn Abonnements kamen zustande – zu wenig für ein tragfähiges Geschäftsmodell. 

Ab diesem Donnerstag fällt die Paywall daher wieder; sämtliche Artikel sind künftig frei abrufbar. „Ich hatte gehofft, dass der Markt in Deutschland reif für Paid Content ist, aber das war ein Irrtum“, zieht Tillmann Bilanz. Es gebe im Netz noch schlicht zu viele hochwertige Gratis-Angebote. 

An ein Ende des Projekts ist jedoch nicht zu denken. Im Gegenteil: Die Reichweite soll erst einmal ausgebaut werden, ein neuer Anlauf mit Bezahlschranke ist in ein bis zwei Jahren geplant. Mittlerweile zeigt sich auch die Investorenszene interessiert. Für frisches Kapital in Höhe von 12.000 Euro überlässt Tillmann Anteile von fünf Prozent an ihrem Unternehmen; im Paket enthalten sind ein Mentoring und ein Platz in einem Cowworking-Space. 

Zusätzlich setzt die Gründerin künftig auf Stiftungsgelder, Events und Kooperationen. Denkbar sei etwa, dass Regionalzeitungen Artikel des Portals lizenzieren. Ganz nach ihrem eigenen Motto, das den Geist der Gründerzeit widerspiegelt: „In Deutschland wird oft zu viel geredet – man muss einfach machen.“"
de_40,de,gemini,"Hier ist eine textgleiche, aber sprachlich überarbeitete Version im natürlichen und professionellen Nachrichtenstil:

***

Das geplante Tabakgesetz sorgt in Österreich für massiven Unmut. Trafikanten, Raucher und Dampfer laufen Sturm gegen die Reformpläne der Bundesregierung und überhäufen das Parlament mit kritischen Stellungnahmen. Begleitet wird der Protest von einer breit angelegten Online-Kampagne, bei der neben bissigen Kommentaren auch Internet-Memes und eigens produzierte Hip-Hop-Songs eingesetzt werden. 

Im Zentrum der Kritik stehen zahlreiche Verschärfungen. Trafikanten stören sich vor allem an geplanten Verboten von Kautabak, dem Aus für den Online-Tabakversand sowie größeren Schockbildern auf den Verpackungen. Angeregt durch Interessenvertretungen, machen die Betroffenen nun von ihrem Recht auf individuelle Stellungnahmen Gebrauch – ein sonst eher unüblicher Massenansturm auf das Parlament. Fast täglich gehen Dutzende teils sehr emotionale Schreiben ein. So schimpft eine Bürgerin über die „verlogenen“ Pläne, während ein 65-Raucher seine noch immer intokaute Lungenkapazität ins Feld führt und die Politik kritisiert. Auch das kommende Gastro-Rauchverbot erhitzt die Gemüter: Gastronomen und Gäste warnen vor „amerikanischen Verhältnissen“ und sehen ihre persönlichen Freiheitsrechte massiv beschnitten.

Ebenfalls auf den Barrikaden sind die Nutzer von E-Zigaretten. Ihnen stößt sauer auf, dass der Gesetzesentwurf den Tabakwaren gleichgestellt werden soll. Damit würden künftig auch für sie strenge Rauchverbote gelten, zudem droht das Aus für den Online-Handel mit Dampf-Zubehör. Die Vorgaben gehen auf eine EU-Richtlinie zurück, die von den Mitgliedstaaten bis Mai 2016 umgesetzt werden muss. 

Die gut vernetzte Dampfer-Community, angeführt hierzulande vom Österreichischen Dampferclub, reagiert mit kreativen Mitteln. Im Netz kursieren Rapsongs gegen die Brüsseler EU-Politik, und via Memes wird für den Konsum geworben. Viele Nutzer argumentieren in ihren Parlaments-Eingaben, die E-Zigarette habe ihnen beim Rauchstopp geholfen. Unter dem Motto „Dampf rettet Leben“ fordern sie vehement eine Kursänderung der Regierung."
de_41,de,gemini,"Hier ist eine umformulierte Version im typischen Nachrichtenstil:

**Muse kommen im Mai in die Wiener Stadthalle – Tickets ab Freitag erhältlich**

Wien – Rock-Fans können sich auf spektakuläre Live-Effekte freuen: Die britische Band Muse tritt am 9. Mai 2016 in der Wiener Stadthalle auf. Wie der Veranstalter mitbekannt gab, spielen die Musiker auf einer speziellen 360-Grad-Bühne direkt in der Hallenmitte. Passend zum jüngsten Album „Drones“ ist zudem der Einsatz kleiner Kameradrohnen während der Show geplant. Zuletzt war das Trio rund um Sänger Matthew Bellamy im Juni beim Festival „Rock in Vienna“ auf der Donauinsel zu erleben. Der Vorverkauf für das Konzert in der Stadthalle beginnt am kommenden Freitag, den 18. September."
de_42,de,gemini,"Hier ist eine Formulierung im natürlichen Nachrichtenstil, die den Inhalt prägnant zusammenfasst und in Länge und Thema dem Original entspricht:

**Keine Auslieferung serbischer Nationalisten an UN-Tribunal**

Belgrad/Den Haag – Ein Gericht in Belgrad hat am Mittwoch die Überstellung von drei serbischen Ultranationalisten an den UN-Kriegsverbrechertribunals in Den Haag abgelehnt. Zur Begründung hieß es, die bestehende Auslieferungspflicht Serbiens beziehe sich lediglich auf schwere Vorwürfe wie Völkermord und Verbrechen gegen die Menschheit, nicht jedoch auf den aktuellen Anklagepunkt der Missachtung des Gerichts. Das UN-Tribunal hatte die drei Parteigänger des radikalen Politikers Vojislav Šešelj beschuldigt, Zeugen im Prozess gegen Šešelj bedroht, erpresst und bestochen zu haben, um Aussagen gegen ihn zu verhindern. Die entsprechenden Vorwürfe waren im Dezember publik geworden. Šešelj selbst war im März in erster Instanz überraschend von allen Kriegsverbrechervorwürfen freigesprochen worden; das Berufungsverfahren läuft derzeit. Die serbische Regierung hatte im März dennoch Schritte zur Auslieferung der drei Parteimitglieder eingeleitet."
de_43,de,gemini,"Hier ist eine redigierte, natürlich klingende Programmübersicht im typischen Stil von TV-Magazinen:

**TV-Tipps des Tages: Europapolitik, Frauenrechte und prominente Gäste in der Wildnis**

Los geht es um 11:05 Uhr im *ORF 2* mit dem **Europastudio**: Paul Lendvai debattiert mit internationalen Journalisten über die Zukunft der EU ohne die Briten. Um 13:05 Uhr widmet sich das *ORF 2*-**Panorama** dem Weltfrauentag und zeigt eine historische Reportage aus dem Jahr 1978 zur Gleichberechtigung, gefolgt vom Magazin *Heimat, fremde Heimat* mit Beiträgen über Migrantinnen und Essstörungen.

Kulturinteressierte kommen am Nachmittag auf *Arte* auf ihre Kosten: **Metropolis** (16:50 Uhr) reist unter anderem nach Breslau, Paris und ins Museum nach ’s-Hertogenbosch. Am Abend zeigt *ORF 3* ab 19:25 Uhr in **Erlebnis Bühne** ein Porträt der Operndiva Christa Ludwig im Gespräch mit Hermi Löbl, gefolgt von „Ariadne auf Naxos“.

Aktuelle politische Brennpunkte stehen abends im Fokus: Bei **Anne Will** (21:45 Uhr, ARD) diskutieren Politiker wie Heiko Maas, Sebastian Kurz und Katja Kipping über das anhaltende Flüchtlingsdrama vor dem EU-Gipfel. Zeitgleich widmet sich die Talkrunde **Im Zentrum** (22:00 Uhr, ORF 2) der österreichischen Flüchtlingspolitik im europäischen Kontext – unter anderem mit Vizekanzler Reinhold Mitterlehner.

Spät abends zeigt *ORF 2* (ab 23:05 Uhr) zum Weltfrauen-Schwerpunkt bewegende Dokumentationen, darunter den Film „Wenn Frauen Frieden machen“ über ein israelisch-palästinensisches Unternehmensprojekt sowie Porträts über Vivienne Westwood und Coco Chanel. Das Kulturmagazin **Titel, thesen, temperamente** (23:05 Uhr, ARD) blickt unter anderem auf Juli Zehs neuen Roman und Pekings Pop-Szene. 

Ein echtes Highlight für Nachtschwärmer läuft schließlich ab 23:15 Uhr auf *Dmax*: In **Stars am Limit** entführt Abenteurer Bear Grylls den damaligen US-Präsidenten Barack Obama in die raue Wildnis."
de_44,de,gemini,"Hier ist eine neu formulierte Version im typischen Nachrichtenstil, die Länge und Thema beibehält:

**Kittel holt Giro-Etappensieg und Gesamtführung**

Arnheim – Marcel Kittel hat beim Giro d'Italia seine Dominanz in den Sprintentscheidungen unterstrichen. Einen Tag nach seinem Auftakterfolg gewann der deutsche Radprofi auch die dritte Etappe von Nijmegen nach Arnheim. Nach 190 Kilometern verwies der 27-Teilnehmer vom Team Etixx den Italiener Elia Viviani mit deutlichem Vorsprung auf den zweiten Platz. 

Dank der gewonnenen Zeitgutschriften löste Kittel zudem den bisherigen Spitzenreiter Tom Dumoulin aus den Niederlanden ab und übernahm das Rosa Trikot. Für Kittel ist es das zweite Mal nach 2014, dass er beim Giro die Gesamtwertung anführt – damals hatte er das Rennen nach Etappensiegen in Nordirland krankheitsbedingt aufgeben müssen. „Ich bin stolz, das Rosa Trikot zu tragen“, sagte der Etappensieger.

Aus österreichischer Sicht verlief der Tagesabschnitt vor Hunderttausenden Zuschauern erfreulich. Matthias Brändle (IAM) machte im Gesamtklassement einen weiteren Platz gut und verbesserte sich auf Rang sieben (23 Sekunden Rückstand). Sein Landsmann Georg Preidler (Giant) fuhr als Tages-21. über den Zielstrich und kletterte in der Gesamtwertung vom zwölften auf den zehnten Platz (26 Sekunden zurück). 

Nach drei Etappen in den Niederlanden führt der 99. Giro d'Italia ab Dienstag über die Alpen weiter nach Italien.

**Ergebnis 3. Etappe (Nijmegen–Arnheim, 190 km):**
1. Marcel Kittel (GER/Etixx) 4:23:45 Std.
2. Elia Viviani (ITA/Sky) gleicher Zeit
3. Giacomo Nizzolo (ITA/Trek)
4. André Greipel (GER/Lotto)
5. Alexander Porsew (RUS/Katjuscha)
6. Kristian Sbaragli (ITA/Dimension Data)
*Ferner:* 21. Georg Preidler (AUT/Giant), 86. Matthias Brändle (AUT/IAM) alle gl. Zeit – 168. Stefan Denifl (AUT/IAM) +6:03 Min. – 178. Riccardo Zoidl (AUT/Trek) +7:39.

**Gesamtwertung:**
1. Marcel Kittel (GER/Etixx) 9:13:10 Std.
2. Tom Dumoulin (NED/Giant) +0:09 Min.
3. Andrey Amador (CRC/Movistar) +0:15
4. Tobias Ludvigsson (SWE/Giant) +0:17
5. Moreno Moser (ITA/Cannondale) +0:21
6. Bob Jungels (LUX/Etixx) +0:22
7. Matthias Brändle (AUT/IAM) +0:23
*Ferner:* 10. Georg Preidler (AUT/Giant) +0:26 – 171. Riccardo Zoidl (AUT/Trek) +8:16 – 178. Stefan Denifl (AUT/IAM) +8:38."
de_45,de,gemini,"Hier ist eine umformulierte Version im typischen Stil einer Nachrichtenmeldung, die Länge und Inhalt beibehält:

**Linz: Überraschende Bewegung in der Debatte um die „Aphrodite vom Bauernberg“**

In der jahrelangen Kontroverse um die NS-Leihgabe der Aphrodite zeichnet sich in Linz eine unerwartete Wende ab. Der Gemeinderat hat am Donnerstagabend einen Dringlichkeitsantrag deutlich angenommen, der die Einsetzung einer Arbeitsgruppe zur Prüfung einer Rückkehr vorsieht. Bemerkenswert ist dabei der Kurswechsel der bisher strikten Gegner: Sowohl SPÖ als auch Grüne stimmten dem Antrag zu, wodurch die politischen Fronten erstmals aufweichen.

Die Statue war 1942 von Adolf Hitler an die Stadt Linz geschenkt und 2008 unter dem damaligen Bürgermeister Franz Dobusch ins Stadtmuseum Nordico verbannt worden, nachdem Kunststudenten auf die Hintergründe aufmerksam gemacht hatten. Der Abguss – das Original des Bildhauers Wilhelm Wandschneider stand einst in der Berliner Reichskanzlei – soll nun von hochrangigen Experten unter die Lupe genommen werden. Laut Vizebürgermeister Bernhard Baier (ÖVP) gehören dem Gremium Kulturdirektor Julius Stieber, Nordico-Leiterin Andrea Bina und Stadtarchiv-Chef Walter Schuster an, unterstützt von weiteren Fachleuten. Sie sollen nicht nur über eine Wiederaufstellung im öffentlichen Raum beraten, sondern auch flankierende Projekte für eine kritische Erinnerungskultur entwickeln.

In der Causa drängt die Zeit: Die behördliche Verwahrungsfrist des Bundesdenkmalamts läuft am 15. Mai aus, und eine Aufforderung zur Wiederaufstellung liegt bereits im Rathaus vor. Ob das Bundesdenkmalamt angesichts der neu gegründeten Arbeitsgruppe einer Verlängerung der Frist zustimmt, ist derzeit noch unklar."
de_46,de,gemini,"Hier ist eine naturalistische, im Nachrichtenton gehaltene Version in ähnlicher Länge:

„Vom ‚Großvater-Typ‘ bis zum Manager: Die Plakate zur Hofburg-Wahl lassen Wien-Touristen oft ganz anders reagieren, als von den Parteizentralen geplant. Was Urlauber, die weder die Kandidaten noch meist die Slogans kennen, beim Anblick der Werbeflächen in der Wiener Innenstadt empfinden, hat *DER STANDARD* in einer Umfrage herausgefunden.“"
de_47,de,gemini,"**Wegen zu langer Wartezeit soll ein 58-jähriger Mann in einer Wiener Spitalsambulanz einen Sicherheitsmitarbeiter mit Pfefferspray attackiert haben. Vor Gericht traf er auf eine verständnisvolle Richterin – zu einem Urteil kam es vorerst dennoch nicht.**

Wien – Schon zu Prozessbeginn ließ Richterin Martina Krainz durchklingen, dass sie die Gefühlslage des Angeklagten durchaus nachvollziehen kann. „Sie waren also in der Ambulanz, da war Ihnen sicher ein bisschen fad beim Warten, und dann sind Sie grantig geworden“, formulierte sie ihre Vermutung, wie es zu dem Vorfall kommen konnte. Dem 58-jährigen Heinrich S. wird zur Last gelegt, im Krankenhaus einen Security-Mann besprüht und sich später gegen die Beamten gewehrt zu haben. Auf die Frage nach seinen Vorstrafen antwortet der Angeklagte fatalistisch: „Mit der jetzt sind es 23.“ 

Er zeigt sich teilschuldig: Den Sicherheitsmann habe er tatsächlich attackiert, die Polizisten hingegen nicht. Ganz im Gegenteil – die Beamten hätten seinen Kopf im Warteraum mehrfach gegen den Boden geschlagen, so seine Darstellung. Warum er trotz Waffenverbots einen Pfefferspray bei sich trug, will die Richterin von dem unter Sachwalterschaft stehenden Mann wissen. „Den habe ich davor im Bus gefunden. Ich wusste nicht, dass der unter das Waffenverbot fällt“, rechtfertigt er sich. Krainz kontert trocken: „Was soll er sonst sein? Ein Kochzubehör?“ Laut seiner Anwältin Katrin Ehrbar hatte S. an jenem Abend zwar Alkohol und Tabletten konsumiert, will aber klarer Sinne gewesen sein.

Gegen zwei Uhr nachts war er wegen einer Handverletzung in die Ambulanz gekommen – um diese Uhrzeit hatten schließlich keine Kassenarztpraxen mehr geöffnet. Nach einer Viertelstunde Wartezeit, von insgesamt mindestens einer Stunde, beschwerte er sich bei einem Pfleger. Dieser fühlte sich bedroht und holte den Sicherheitsdienst. Der betroffene Security-Mitarbeiter schildert als Zeuge, S. sei zunächst unauffällig gewesen, habe ihm dann aber den Mittelfinger gezeigt. Nach einer Ermahnung habe er sich weggedreht, dann ein Zischgeräusch gehört und den Pfefferspray im Gesicht gespürt. Danach soll der 58-Jährige noch ein Messer gezückt und Stichbewegungen angedeutet haben, woraufhin die Polizei gerufen wurde. Als diese eintraf, sei S. laut Zeugenaussage bereits wieder ruhig gewesen, wurde jedoch trotzdem an der Wand fixiert.

Die Befragung des Pflegers verläuft recht humorvoll. Da vorherige Verhandlungen zu einer Stunde Verspätung geführt hatten, entschuldigt sich die Richterin bei ihm. Als der Zeuge abwinkt („Kein Problem“), scherzt Krainz: „Wobei, andererseits, ich habe auch schon so lange im Spital warten müssen, also nehme ich das wieder zurück.“ 

Ein anwesender Polizist berichtet schließlich von der Amtshandlung und einer widerspenstigen Leibesvisitation auf der Inspektion. Dabei soll es zu einer kuriosen Situation gekommen sein: Obwohl zwei Beamte den Beschuldigten an der Wand hielten, habe dieser es geschafft, dem Zeugen den Pfefferspray aus einer mit Druckknopf gesicherten Gürteltasche zu entwenden. Zudem sei er am Kopf getroffen worden, sodass seine Brille zu Boden flog. 

Ein Urteil gibt es vorerst nicht. Richterin Krainz will zur lückenlosen Klärung des Vorfalls noch weitere Polizisten als Zeugen laden und hat den Prozess vertagt."
de_48,de,gemini,"**Wien – Innenministerin Johanna Mikl-Leitner (ÖVP) hat per Weisung angeordnet, den Großteil der Asylverfahren in Österreich vorerst auf Eis zu legen. Damit macht sie Ernst mit ihrer Ankündigung aus der vergangenen Woche, den Druck auf EU-Ebene zu erhöhen und das heimische System zu entlasten. Neu eintreffende Flüchtlinge müssen sich künftig auf deutlich längere Wartezeiten einstellen, wie das Innenministerium am Freitag mitbekanntgab.**

Konkret werden alle verfügbaren Kräfte des Bundesamtes für Fremdenwesen und Asyl (BFA) gebündelt, um beschleunigt jene Fälle abzuarbeiten, die unter die sogenannte Dublin-Verordnung fallen. Das bedeutet: Asylanträge werden zwar entgegengenommen und die Betroffenen in der ohnehin stark überlasteten Grundversorgung untergebracht, die inhaltliche Prüfung wird jedoch nach hinten gereiht – es sei denn, ein anderer EU-Staat ist für das Verfahren zuständig. 

Im Jahr 2014 traf dies auf rund ein Viertel der knapp 23.000 Anträge zu. In rund 80 Prozent dieser Dublin-Fälle wurden die Betroffenen in ihr Erstaufnahmeland – meist Ungarn oder Italien – zurückgeschickt. Mikl-Leitner begründete den Schritt damit, dass Österreich zum bevorzugten Zielland für Flüchtlinge geworden sei. Vor allem der im Europavergleich sehr zügige Familiennachzug habe dazu geführt, dass Österreich zum „Asylexpress“ mutiert sei. 

Kritik kam umgehend von Hilfsorganisationen. Herbert Langthaler von der Asylkoordination nannte den Stopp inhuman, da vor allem Menschen aus Kriegsgebieten wie Syrien oder dem Irak, die oft unter Lebensgefahr geflohen seien, nun jegliche Hoffnung auf ein Wiedersehen mit ihren Familien in Sicherheit genommen werde. Zudem bezweifelte Langthaler, dass die Maßnahme rechtlich gedeckt sei, da solche Eingriffe nur bei einem massiven Zustrom vorgesehen seien.

Auch Rechtsexperten melden Bedenken an. Asylrechtler Georg Bürstmayr verwies im Gespräch mit der Tageszeitung „Standard“ auf das Allgemeine Verwaltungsverfahrensgesetz (AVG), wonach Behörden innerhalb von sechs Monaten entscheiden müssen. Sollte die Weisung rechtswidrig sein, stehe gar der Verdacht des Amtsmissbrauchs im Raum, so Bürstmayr.

Mikl-Leitner wies die Kritik am Samstag zurück. Sie habe keine Anweisung zum Nichtstun erteilt, sondern lediglich Prioritäten gesetzt. Angesichts der enormen Antragszahlen lasse die personelle und kapazitive Situation operativ keine andere Handlungsweise mehr zu. Es handle sich um eine „Entscheidung der Vernunft“.

Politischen Gegenwind gab es von der Opposition. Grünen-Menschenrechtssprecherin Alev Korun warf der Ministerin vor, rechtsstaatliche Verfahren auszuhebeln, und forderte sie auf, die Agenden abzugeben. Niki Scherak (NEOS) sprach von einer „Bankrotterklärung“ für das Land, die unweigerlich zu noch mehr Zeltstädten in der Grundversorgung führen werde. Die FPÖ forderte unterdessen schärfere Maßnahmen wie temporäre Grenzkontrollen, während die Sozialistische Jugend (SJ) und die Jungen Grünen den sofortigen Rücktritt der Innenministerin forderten. Bereits laufende Verfahren sind von dem Stopp laut Ministerium übrigens nicht betroffen."
de_49,de,gemini,"Hier ist eine Neufassung im typischen Agentur- und Nachrichtenstil (ähnliche Länge, gleicher Inhalt):

**Washington – Bei einem US-Luftangriff auf ein Ausbildungslager der Terrororganisation Al-Kaida im Jemen sind nach Pentagon-Angaben Dutzende Extremisten getötet worden. Das Lager in einer Bergregion des Bürgerkriegslandes sei von mehr als 70 Kämpfern genutzt worden, teilte das US-Verteidigungsministerium am Dienstag mit. Zwar würden die genauen Auswirkungen des Angriffs noch ausgewertet, erste Erkenntnisse bestätigten jedoch zahlreiche Todesopfer unter den Terroristen. Die Attacke sei ein schwerer Schlag gegen die Gruppierung Al-Kaida auf der Arabischen Halbinsel (AQAP), die den Jemen als Ausgangbasis für Anschlagsdrohungen gegen US-Bürger missbrauche. AQAP ist in dem krisengeschüttelten Land stark präsent. Im Jemen bekämpfen sich seit einem Jahr Truppen von Präsident Hadi und ein von Saudi-Arabien angeführtes Militärbündnis auf der einen sowie schiitische Huthi-Rebellen auf der anderen Seite, die weite Teile im Norden und Westen kontrollieren.**"
de_50,de,gemini,"Hier ist eine Version im natürlichen, flüssigen Nachrichtenstil, die in Länge und Inhalt dem Original entspricht:

Welche Romane liegen zurzeit auf Ihrem Nachttisch, an welchen Orten greifen Sie am liebsten zum Buch und von wem holen Sie sich Lesetipps? Erst vergangene Woche haben wir unseren neuen Community-Buchklub ins das Leben gerufen. Aus drei nominierten Werken hat sich Ernest Hemingways Klassiker „Der alte Mann und das Meer“ durchgesetzt – am 15. Oktober besprechen wir diese bekannte Novelle. Das Ganze ist zwar noch ein Testlauf, aber unsere Vorfreude ist riesig. Bevor es richtig losgeht, interessiert uns brennend: Was haben Sie in der letzten Zeit gelesen? Welche Bücher, Artikel oder Blogs finden Sie besonders lesenswert oder anregend? Bei welcher Lektüre beißen Sie sich gerade die Zähne aus, und welches Buch konnten Sie gar nicht mehr aus der Hand legen? Wann und wo schmöckern Sie am liebsten? Schreiben Sie uns fleißig in die Kommentare. Und nicht vergessen: In zwei Wochen findet bereits das erste Treffen unseres Buchklubs statt. Bis dahin wünschen wir Ihnen eine gute Zeit und viel Lesevergnügen! (kub, 1.10.2015)"
de_51,de,gemini,"**Porto-Novo –** Bei den Präsidentschaftswahlen im westafrikanischen Benin hat sich am Sonntag ein Rekordergebnis abgezeichnet: 33 Kandidaten hatten sich um die Nachfolge von Staatschef Thomas Boni Yayi beworben, der nach zwei Amtszeiten nicht mehr antreten durfte. Als aussichtsreichster Anwärter galt Regierungschef Lionel Zinsou. Der 61-jährige Deutsch-Beniner, einziger Kandidat des Regierungsbündnisses, war im Wahlkampf mit dem Versprechen angetreten, massiv in den Agrarsektor zu investieren und neue Jobs zu schaffen. 

Benin zählt zu den ärmsten Staaten der Region und leidet stark unter Korruption sowie massiver Jugendarbeitslosigkeit; die Wirtschaft stützt sich vor allem auf den Export von Baumwolle. Beobachter berichteten zudem, dass sich zahlreiche einflussreiche Persönlichkeiten aus Politik, Religion und traditionellen Stammesstrukturen im Wahlkampf für Empfehlungen bezahlen ließen. Neben dem Favoriten Zinsou galten vor allem vier prominente Wirtschafts- und Finanzexperten als schärfste Konkurrenten: der Baumwoll-Milliardär Patrice Talon, der Lebensmittelgroßhändler Sebastien Ajavon, Ex-Regierungschef Pascal Koupaki sowie der frühere IWF-Afrika-Direktor Abdoulaye Bio Tchane.

Von den knapp elf Millionen Einwohnern waren rund 4,7 Millionen Bürger zur Stimmabgabe aufgerufen. Vor den Wahllokalen, die bis 18.00 Uhr MEZ geöffnet blieben, bildeten sich gebietsweise lange, aber friedliche Warteschlangen. Um einen ordnungsgemäßen Ablauf in dem zwischen Togo und Nigeria gelegenen Land zu garantieren, hatte allein die Afrikanische Union rund 40 Wahlbeobachter entsandt. Mit offiziellen Ergebnissen wird innerhalb der nächsten fünf Tage gerechnet; sollte im ersten Wahlgang kein Kandidat die absolute Mehrheit erreichen, ist für den 20. März eine Stichwahl angesetzt."
de_52,de,gemini,"**Salzburg vor Play-off-Hinspiel in Minsk stark ersatzgeschwächt**

Red Bull Salzburg steht vor dem Hinspiel im Europa-League-Play-off am Donnerstag (18.00 Uhr MESZ/live auf Puls 4) bei Dinamo Minsk vor großen personellen Herausforderungen. Nach dem verpassten Einzug in die Champions League will der österreichische Meister im Duell mit den Weißrussen zumindest die Gruppenphase der Europa League fixieren, reist jedoch mit einem stark dezimierten Kader an.

Neben den Langzeitverletzten Omer Damari und Kapitän Jonatan Soriano fielen kurz vor dem Abflug am Mittwoch auch Abwehrchef Martin Hinteregger (Schambeinentzündung), Marco Djuricin (Knöchelverletzung) und Harvard Nielsen (Erkältung) aus. Trainer Peter Zeidler muss seine Startelf daher auf einigen Positionen umbauen: Paulo Miranda ersetzt Hinteregger in der Innenverteidigung, während im Sturm voraussichtlich Dimitri Oberlin neben Jordi Reyna auflaufen wird.

Während Salzburg in der heimischen Bundesliga zuletzt aufwind spürte, präsentiert sich der Gegner aus Minsk in herausragender Verfassung. Die Weißrussen sind in der Liga seit Anfang Juni ungeschlagen, feierten zuletzt sieben Siege in Folge und schoben sich bis auf drei Punkte an Tabellenführer BATE Borissow heran. Gefährlichster Akteur ist der montenegrinische Angreifer Fatos Beqiraj. Allerdings muss Dinamo das ""Heimspiel"" wegen UEFA-Stadionauflagen rund 350 Kilometer entfernt im Stadion von Dinamo Brest austragen.

Minsks serbischer Trainer Vuk Rasovic schob den ""Bullen"" die Favoritenrolle zu. Zeidler warnte jedoch davor, den Gegner zu unterschätzen: „Wir brauchen zwei hochkonzentrierte Leistungen, um unser Saisonziel zu erreichen.“ Das Rückspiel findet am 27. August in Salzburg statt."
de_53,de,gemini,"**Traismauer plant neuerliche Windkraft-Volksbefragung**

In Traismauer (Bezirk St. Pölten-Land) kommt es zu einer Neuauflage der Bürgerbefragung zum Thema Windkraft. Wie Bürgermeister Herbert Pfeffer (SPÖ) am Freitag ankündigte, wird der genaue Termin sowie die genaue Fragestellung im Februar vom Gemeinderat beschlossen. Zuvor soll noch ein rechtliches Gutachten des Verfassungsrechtlers Theo Öhlinger eingeholt werden. 

Die Initiative geht auf die unabhängige Bürgerliste MIT (Miteinander in Traismauer) zurück, die hartnäckig eine zweite Befragung gefordert hatte. Bereits im November 2014 hatte sich eine klare Mehrheit von fast zwei Dritteln für die Umwidmung von Teilflächen in einer Windkrafteignungszone ausgesprochen, womit bis zu fünf Windräder möglich wären. 

Weil die Bürgerliste jedoch nicht locker ließ und Unterschriften sammelte, schaltete sie schließlich die Bezirkshauptmannschaft St. Pölten ein. Diese verwies auf die nö. Gemeindeordnung: Demnach muss eine Volksbefragung stattfinden, wenn eine entsprechende Initiative von mehr als zehn Prozent der Wahlberechtigten unterstützt wird und auf ihrem Anliegen beharrt. 

Obwohl der Gemeinderat im Dezember 2015 – gestützt auf das erste Votum und die Stimmen von SPÖ und Grünen – das Umwidmungsverfahren für die Gebiete Seelackenberg und Reutbühel gestartet hatte, treibt die Bürgerliste den Widerstand voran. Laut Sprecherin Elisabeth Wegl wurde diese Woche zudem eine Sachverhaltsdarstellung bei der Volksanwaltschaft eingebracht. MIT fordert nun, sämtliche Schritte für die Windkraftprojekte bis zur neuen Volksbefragung sofort zu stoppen."
de_54,de,gemini,"Hier ist eine sprachlich natürliche, im typischen Nachrichtenstil gehaltene Variante, die Länge und Thema beibehält:

**Münchnerin verliert während der Fahrt Ehemann aus dem Auto**

München – In München hat eine Autofahrerin am Wochenende ihren Ehemann während der Fahrt auf der Straße verloren. Laut Polizeiangaben vom Montag stürzte der 28-Jährige am Vortag aus dem Wagen, nachdem er sich gegen die Beifahrertür gelehnt hatte und diese plötzlich aufsprang. Wie es dazu kommen konnte, ist noch unklar. Der Mann zog sich leichte Verletzungen zu und wurde im Krankenhaus ambulant versorgt. Zuvor hatte sich der Gurt des 28-Jährigen in der Tür verklemmt, weshalb er an einer roten Ampel die Tür geöffnet und ihn gelöst hatte. Er blieb daraufhin ungegurtet. Kurz nach der Weiterfahrt durch seine 30-jährige Frau kam es dann zu dem ungewöhnlichen Unfall."
de_55,de,gemini,"Hier ist eine journalistisch aufbereitete, eigenformulierte Version im natürlichen Nachrichten- und Kommentarstil, die thematisch und in der Länge dem Original entspricht:

***

**Die Illusion vom Schutz: Warum Impfskepsis zur Gefahr wird**

Immer mehr Eltern entscheiden sich bewusst gegen den Piks für ihren Nachwuchs und fallen dabei auf die Demagogie von Pseudomedizinern herein. Ein aktuelles Kinderbuch mit dem Titel *„Sarah will nicht geimpft werden“*, verfasst vom deutschen Homöopathen Andreas Bachmair, befeuert diesen Trend. Bachmair, der bereits 2012 das Werk *„Leben ohne Impfung“* herausbrachte und die Plattform impfschaden.info betreibt, richtet sich damit gezielt an Kinder ab sechs Jahren. Er bewirbt die Geschichte als Vorlesebuch gegen angebliche Impfpropaganda – wohl wissend, dass Impfgegner oft mit gesellschaftlichem Gegenwind zu kämpfen haben. 

Dass dieser Gegenwind berechtigt ist, zeigt sich an der wachsenden Verbreitung irrationaler Ideologien. Impfungen zählen zu den größten Errungenschaften der modernen Medizin und haben historisch mehr Leben gerettet als fast jede andere Therapie. Dennoch wächst die Skepsis – paradoxerweise besonders in bildungsnahen Schichten. Forscher der Medizinischen Universität Wien wiesen nach, dass gerade Akademiker in Österreich und Deutschland wissenschaftliche Fakten oft ignorieren.

Das psychologische Motiv ist nachvollziehbar: Eltern wollen ihre Kinder beschützen. Wenn Impfgegner jedoch gezielt Ängste schüren, lassen sich viele von der Illusion leiten, durch den Verzicht auf Impfungen das Risiko zu minimieren. Dabei blenden sie völlig aus, welche Gefahren von den eigentlichen Infektionskrankheiten ausgehen. Der enorme Erfolg von Impfungen ist hierbei ihr größtes Problem: Die einst bedrohlichen Krankheiten sind aus dem alltäglichen Bewusstsein verschwunden, während vermeintliche Nebenwirkungen dramatisiert werden.

Diese Unkenntnis gipfelt bisweilen in absurden Verschwörungstheorien. Ein prominentes Beispiel ist der deutsche Biologe Stefan Lanka, der die Existenz von Viren rundweg leugnet und Impfungen als Pharma-V Verschwörung darstellt. Erst kürzlich musste Lanka nach einem juristischen Streit mit dem Mediziner David Bardens eine ausgelobte Prämie von 100.000 Euro für den wissenschaftlichen Nachweis von Masernviren auszahlen. Für seine antiwissenschaftliche Propaganda erhielt Lanka im Oktober zudem den Negativpreis „Das Goldene Brett“.

Die Konsequenzen mangelnden Wissens sind gravierend. Krankheiten wie Masern, Mumps oder Polio können zu schweren Komplikationen bis hin zum Tod führen. Obwohl die Medizin die Werkzeuge zu ihrer Ausrottung besitzt, greifen immer mehr Menschen zu fragwürdigen Alternativen. Dabei vergessen sie, dass Impfen keine reine Privatsache ist. Personen, die aus gesundheitlichen Gründen nicht geimpft werden können – wie Säuglinge oder immungeschwächte Menschen –, sind auf die sogenannte Herdenimmunität angewiesen. Wenn jedoch die Zahl der Verweigerer steigt, bricht dieser Schutz zusammen. Während in Europa die Fallzahlen wieder steigen, fordern vermeidbare Masernepidemien weltweit nach wie vor Menschenleben – wie aktuell Hunderte Tote in der Demokratischen Republik Kongo.

Um diesem Trend entgegenzuwirken, braucht es massive Aufklärungsarbeit. Staatliche Kampagnen verfehlen oft ihr Ziel, weil sie als Bevormundung wahrgenommen werden. Solange grundlegende Mechanismen von Medizin und Immunität in der Bevölkerung nicht verstanden werden, greifen die Mythen der Impfgegner. 

Es ist eine Tragödie, dass der gut gemeinte Wunsch nach Schutz durch mangelnde Information ins Gegenteil verkehrt wird. Im Buch von Andreas Bachmair ärgert sich die kleine Sarah darüber, dass sie wegen fehlender Impfungen nicht mit zu den Pfadfindern darf. Wüsste sie jedoch, welchen lebensgefährlichen Erregern sie ohne Impfschutz ausgesetzt ist, würde sie ihre Prioritäten vermutlich schnell überdenken."
de_56,de,gemini,"**Volksanwaltschaft prüft Volksschule in Groß-Siegharts nach neun negativen Schulstufen**

Groß-Siegharts/Wien – Neun negative Jahresbeurteilungen in einer dritten Volksschulklasse in Groß-Siegharts (Bezirk Waidhofen a.d. Thaya) sorgen für Aufsehen und rufen die Volksanwaltschaft auf den Plan. Volksanwalt Peter Fichtenbauer hat ein Prüfverfahren eingeleitet, da Zweifel an der pädagogischen Eignung der Lehrerin bestehen und der Verdacht von Mängeln in der Schulverwaltung im Raum steht. Es müsse geklärt werden, ob die Schulaufsicht informiert war und ob die Unterrichtsqualität überprüft wurde. Ein derartiger Vorfall sei für die betroffenen Kinder traumatisierend, betonte Fichtenbauer. Sollten sich pädagogische Defizite bestätigen, seien dienstrechtliche Konsequenzen unumgänglich.

Der zuständige Pflichtschulinspektor Franz Weinberger bestätigte gegenüber der APA acht Fälle. Die betroffene Klasse in Groß-Siegharts sei bereits seit dem Schuleintritt extrem leistungsschwach gewesen. Weinberger wies darauf hin, dass in der ersten und zweiten Schulstufe eine sogenannte Umstufung möglich gewesen wäre, was von den Eltern jedoch trotz entsprechender Empfehlungen abgelehnt worden sei. Im Halbjahr der dritten Klasse habe es dann acht angekündigte negative Noten gegeben. Vier Familien hätten daraufhin eingelenkt und eine freiwillige Wiederholung beantragt. Lediglich eine Familie sei mit dem letztlich positiven oder negativen Ausgang in den verbleibenden Fällen nicht einverstanden gewesen."
de_57,de,gemini,"**Google plant angeblich Verschmelzung von Android und Chrome OS**

Bereits seit Jahren wird spekuliert, dass Google seine beiden Betriebssysteme Android und Chrome OS zusammenlegen könnte. Wie das *Wall Street Journal* unter Berufung auf Insider berichtet, macht Konzernchef Sundar Pichai diesen Schritt nun tatsächlich wahr. Demnach arbeiten Entwickler seit rund zwei Jahren an einer gemeinsamen technologischen Basis. Eine erste Betaversion wird dem Vernehmen nach für das kommende Jahr erwartet, die offizielle Fertigstellung ist für 2017 anvisiert. 

Berichte über ein bevorstehendes Aus für Chrome OS wies Android- und Chrome-Chef Hiroshi Lockheimer umgehend via Twitter zurück. Das Unternehmen stehe weiterhin voll hinter dem Laptop-System und den Chromebooks, betonte er. Tatsächlich wäre eine komplette Einstellung überraschend: Obwohl der globale Marktanteil bei Laptops laut Marktforschern von IDC bei nur rund drei Prozent liegt, sind Chromebooks vor allem im US-Bildungssektor sowie im Geschäftskundenbereich enorm erfolgreich. 

Experten gehen daher eher von einer architektonischen Vereinheitlichung aus, die verschiedene Geräteklassen bedienen soll. Dies würde nicht nur Entwicklungsaufwand sparen, sondern auch die jeweiligen Vorzüge beider Systeme vereinen. Spannend dürfte dabei sein, wie sich die Neuerung auf den oft schleppenden Update-Zyklus von Android auswirkt – im Gegensatz dazu erhalten Chromebooks herstellerunabhängig alle sechs Wochen Aktualisierungen. 

Erste Anzeichen für eine Annäherung gibt es längst: So lassen sich vereinzelt bereits Android-Apps unter Chrome OS ausführen, und künftig soll der Play Store ohnehin alle Plattformen vom Smartphone bis zum Desktop versorgen. Auch bei neueren Google-Projekten wie dem IoT-Betriebssystem Brillo, der Chromecast-Software oder dem tastaturbasierten Android-Tablet Pixel C fließen die Technologien beider Welten bereits hörbar ineinander."
de_58,de,gemini,"Hier ist eine überarbeitete Version im natürlichen Nachrichtenstil, die den Inhalt prägnant und flüssig zusammenfasst:

**Abuja/Wien –** Nigerias Wirtschaft steckt in der Krise: Wegen des anhaltend niedrigen Ölpreises geraten der Staatshaushalt und die Landeswährung massiv unter Druck. In den vergangenen zwölf Monaten hat der Naira gegenüber dem US-Dollar dramatisch an Wert verloren, während der illegale Devisenhandel boomt. Um das Ruder herumzureißen, hat die Regierung den Zahlungsverkehr drastisch verschärft. 

Banken dürfen Fremdwährungen seit Kurzem nur noch annehmen, wenn deren legaler Ursprung nachgewiesen ist, und den Naira nur noch bei triftigen Gründen – wie etwa für Auslandsreisen – in harte Währung tauschen. Zudem wurde das tägliche Abgeltungslimit für Kontoinhaber auf umgerechnet rund 270 Euro gedeckelt. 

Die drakonischen Maßnahmen zeigen jedoch absurde Nebenwirkungen. Weil Devisen durch die strengen Kontrollen extrem knapp geworden sind, blüht der Schwarzmarkt erst recht auf. Die Schattenwirtschaft hat sich dabei buchstäblich verlagert: Da Händler ihre Geschäfte bevorzugt im Schatten von Straßenbäumen abwickeln, greift die Zentralbank in der Hauptstadt Abuja mittlerweile zu radikalen Mitteln wie Macheten und Kettensägen, um die Treffpunkte des illegalen Devisenhandels zu beseitigen.

Experten blicken mit Sorge auf die Entwicklung. Das Problem ist gewaltig: Schätzungen der Organisation Global Financial Integrity zufolge fließen jährlich rund 15,7 Milliarden US-Dollar an Schwarzgeldern durch das Land – Gelder, die oft in die Terrorfinanzierung oder illegale Auslandstransfers fließen. Kritiker warnen allerdings, dass die neuen Kapitalverkehrskontrollen das ohnehin schwache Wirtschaftswachstum weiter abwürgen und ausländische Investoren abschrecken könnten. Ob die Strategie der Regierung aufgeht, ist somit völlig offen."
de_59,de,gemini,"Hier ist eine neu formulierte Version im natürlichen Nachrichtenstil und in ähnlicher Länge:

**Wien –** Nachdem die Gespräche zum Kinderbetreuungsgeld vorübergehend auf Eis lagen, verhandeln Frauenministerin Gabriele Heinisch-Hosek (SPÖ) und Familienministerin Sophie Karmasin (ÖVP) wieder miteinander. Auslöser für die Wiederaufnahme war Druck von der Regierungsspitze, nachdem Karmasin die Verhandlungen zuvor mangels Fortschritten abgebrochen hatte. Vor dem Ministerrat betonte die ÖVP-Ministerin am Dienstag, sie gehe die Gespräche zwar konstruktiv und offen an, erwarte nun aber Kompromissbereitschaft und konkrete Vorschläge von der SPÖ. Das Frauenressort gab sich indes wortkarg und bestätigte lediglich, dass wieder verhandelt werde. Weder zu den genauen Inhalten noch zu kommenden Terminen wurden vorerst Details genannt."
de_60,de,gemini,"Hier ist eine überarbeitete Version im natürlichen, sachlich-prägnanten Nachrichtenenstil, die in Länge und Inhalt dem Original entspricht:

Nico Rosberg glaubt weiter fest an seine Chance auf den Formel-1-Weltmeistertitel, benötigt im Endspurt jedoch Schützenhilfe. Vor dem Großen Preis von Russland in Sotschi hofft der Mercedes-Pilot auf Unterstützung der Ferrari-Rivalen, um Teamkollege Lewis Hamilton noch abzufangen. „Es ist wichtig für mich, dass sie zwischen uns ins Ziel kommen“, betonte Rosberg mit Blick auf Sebastian Vettel und Kimi Räikkönen. Als WM-Zweiter hat der Deutsche bei fünf verbleibenden Rennen bereits 48 Punkte Rückstand auf den Titelverteidiger und kann den Titel aus eigener Kraft nicht mehr erreichen. „Jetzt brauche ich Glück, aber im Sport ist alles möglich“, so Rosberg.

Vettel, der als WM-Dritter nur elf Zähler hinter Rosberg liegt, zeigt sich von einer Zweckbündnis-Idee allerdings wenig begeistert. „Wir sind am besten beraten, unser eigenes Ding zu machen“, erklärte der Heppenheimer am Donnerstag. Mit Blick auf die 59 Punkte Rückstand auf Hamilton und den jüngsten Aufschwung samt Sieg in Singapur rechnet sich auch der Ferrari-Star noch eigene Chancen aus. 

Die Vorentscheidung im Kampf um die Team-Weltmeisterschaft könnte indes bereits am Sonntag fallen. Holen Hamilton und Räikkönen beziehungsweise Rosberg zusammen drei Punkte mehr als das Ferrari-Duo, ist den Silberpfeilen die Titelverteidigung kaum noch zu nehmen. Genau diese Konstellation könnte das teaminterne Duell bei Mercedes weiter verschärfen. Da Rosberg auf Ausfälle oder Patzer seines Stallgefährten angewiesen ist, stellt sich die Frage, wie aggressiv er in den verbleibenden Rennen agieren wird. Von den Fehlern des Vorjahres in Sotschi, als er sich durch ein verfrühtes Manöver in der Startrunde die Reifen ruinierte, will er sich jedoch nicht beeinflussen lassen: „Ich will einfach nur gewinnen.“

Hamilton selbst zeigt sich von den taktischen Spielereien seiner Verfolger unbeeindruckt. „Ich denke nicht weiter über dieses Wochenende hinaus. Worauf ich mich konzentriere, ist der dritte WM-Titel“, sagte der 30-jährige Brite. Mit bereits acht Saisonsiegen hat er beste Karten, sodass selbst eine vereinte Konkurrenz für ihn nur ein kalkulierbares Risiko darstellt."
de_61,de,gemini,"Hier ist eine überarbeitete Version im Stil einer professionellen Nachrichtenmeldung:

**General Motors investiert Milliarden in Schwellenländer**

Washington – Mit einer Fünf-Milliarden-Dollar-Investition (rund 4,5 Milliarden Euro) setzt der US-Autobauer General Motors (GM) verstärkt auf die Zukunftsmärkte in den Entwicklungsländern. Wie das Unternehmen am Dienstag bekannt gab, soll eine gänzlich neue Chevrolet-Modellreihe speziell für Kunden in Staaten wie China, Indien und Brasilien entwickelt werden. Für das Vorhaben spannt sich GM mit dem chinesischen Partner SAIC Motor zusammen. 

Die Produktion der neuen Autos soll bereits 2019 anlaufen. Mittelfristig peilt der Konzern ein jährliches Volumen von bis zu zwei Millionen Fahrzeugen an, die in Fabriken in China, Mexiko, Indien und Brasilien gefertigt werden sollen. GM-Manager Dan Ammann begründete den Schritt mit den langfristigen Aussichten: Bis zum Jahr 2030 werde in den Schwellenländern mit einem massiven Wachstum der Automobilnachfrage gerechnet, an dem Chevrolet gezielt teilhaben wolle."
de_62,de,gemini,"Nach schweren Finanzproblemen gibt es beim finnischen Smartphone- und Tablet-Anbieter Jolla ein bittersweetes Ende für ein ambitioniertes Projekt. Wie das Unternehmen im eigenen Blog mitteilte, werden zwar noch einige der per Crowdfunding vorbestellten Jolla-Tablets ausgeliefert, das Vorhaben selbst ist jedoch endgültig gestoppt worden. Damit gehen zahlreiche Unterstützer leer aus, für die nun laut einem Bericht von *Heise* noch eine Lösung gefunden werden soll.

Die Crowdfunding-Kampagne für das Tablet war im November 2014 gestartet und hatte ihre finanziellen Ziele damals deutlich übertroffen. In der Folge kam es jedoch offenbar zu massiven Produktions- und Ablaufproblemen, wodurch sich die Auslieferung immer weiter hinzog und letztlich scheiterte. 

Wie es für das aus Nokia hervorgegangene Unternehmen nun weitergeht, ist nach den jüngsten Turbulenzen ungewiss. Jolla kündigte lediglich an, sich künftig auf die Lizenzierung des eigenen Betriebssystems Sailfish OS konzentrieren zu wollen. Offen blieb vorerst, ob es in Zukunft einen neuen Tablet-Anlauf geben wird und ob die verbliebenen Kunden ihr Geld oder das versprochene Gerät noch erhalten."
de_63,de,gemini,"Hier ist eine umformulierte Version im natürlichen Nachrichtenstil, die in Länge und Inhalt dem Original entspricht:

**New York als Testgebiet – Google plant kostenloses High-Speed-WLAN für Metropolen**

Erst kürzlich hat Google seine Initiative „Sidewalk Labs“ vorgestellt, die das urbane Leben smarter machen soll. Nun nimmt das erste Großprojekt konkrete Formen an: Der Tech-Konzern will flächendeckendes Gratis-WLAN in Städten etablieren, wobei New York als Testfeld dient. Dort existiert mit „LinkNYC“ bereits ein ähnliches Vorhaben, das Google nun massiv ausweiten will. Dafür holt sich Sidewalk Labs mit der Control Group und Titan zwei der wichtigsten Partner hinter LinkNYC an Bord und fasst sie in der neuen Tochtergesellschaft „Intersectio“ zusammen. 

„Unser Ziel ist es, Städte in vollständig vernetzte Orte zu verwandeln, in denen man kilometerweit gehen kann, ohne jemals das kostenlose High-Speed-WLAN zu verlieren“, beschreibt Sidewalk-Labs-Chef Dan Doctoroff die Vision. Um dies umzusetzen, sollen vorhandene Infrastrukturen wie ausgediente Telefonzellen oder Bushaltestellen mit Access Points ausgerüstet werden. 

Mit diesem Schritt treibt Google seine Bemühungen um weltweite Internetverfügbarkeit weiter voran. In den USA agiert der Konzern über Angebote wie Google Fiber und Project Fi bereits als eigener Netzwerkanbieter, während entlegene Regionen über Drohnen und Ballons erreicht werden sollen. Dahinter steckt ein klares Kalkül: Je besser und verbreiteter der Internetzugang ist, desto häufiger werden auch Google-Dienste genutzt. 

Ob für das neue Projekt auch auf Googles eigene Netzwerke zugegriffen wird, lässt Doctoroff offen. Zumindest in New York wolle man zunächst jedoch mit anderen Partnern zusammenarbeiten, so der ehemalige Vizebürgermeister der US-Metropole."
de_64,de,gemini,"Hier ist eine sprachlich überarbeitete Version im natürlichen, sachlich-analytischen Nachrichtenstil, die Länge und Thema beibehält:

Nach der Enthauptung eines Arbeitgebers am Freitag nahe Lyon ringen die Behörden um eine Erklärung für die Tat von Yassin S. Der 35-jährige Familienvater hatte seinen Chef auf einem Firmenparkplatz getötet, ein Selfie mit dem abgetrennten Kopf angefertigt und anschließend einen Anschlag auf ein Gaswerk versucht. Während seine Ehefrau fassungslos reagierte, standen anfangs private Motive im Raum. Zwar war der französische Staatsbürger mit nordafrikanischen Wurzeln 2006 wegen Kontakten zum Salafismus ins Visier der Polizei geraten, doch er galt im Geheimdienstregister lediglich als Fall der niedrigen Gefahrenstufe 13 von 16; die Überwachung wurde 2008 eingestellt – wie sich nun zeigt, zu früh. Offenbar waren die Sicherheitsbehörden angesichts der Fülle an Verdächtigen schlicht überlastet. Wie am Sonntag bekannt wurde, hatte zudem eine ehemalige Nachbarin die Polizei mehrfach auf das auffällige Verhalten des Mannes hingewiesen, ohne dass dies Konsequenzen hatte. Demnach war S. oft monatelang verschwunden, um danach optisch und charakterlich verändert zurückzukehren: Mit Bart und traditionellem Gewand mied er den Blickkontakt zu Frauen, grüßte Nachbarn nicht mehr und empfing mutmaßliche Mitglieder der Muslimbruderschaft. Am Sonntag soll der bei seiner Festnahme leicht verletzte Täter in ersten Verhandlungen die Tat gestanden und als Einzeltäter bezeichnet haben. Allerdings verschickte er eines der makabren Tatort-Bilder über eine kanadische Nummer offenkundig nach Syrien, wo die IS-Miliz solche Aufnahmen für Propaganda nutzt. Ein früherer Fitnesstrainer berichtete zudem gegenüber der Zeitung „Le Parisien“, S. habe ihm 2010 erzählt, er sei in Syrien gewesen, um eine Koranschule zu besuchen. Der sportliche und meist höfliche Mann habe jedoch zu extremen Wutausbrüchen geneigt und deshalb die brutale Kampfsportart Free Fight erlernen wollen. Der Trainer zeigte sich von der Tat wenig überrascht: S. sei wie im Krieg gewesen und habe auf ihn einen stark indoktrinierten Eindruck gemacht. Als das Fitnessstudio schließlich säkulare Regeln einführte und religiöse Symbole untersagte, blieb S. gänzlich fern."
de_65,de,gemini,"Während der traditionelle Buchhandel weltweit unter dem Druck des Online-Shoppings leidet, boomt in China ein überraschendes Gegenmodell: Rund um die Uhr geöffnete Buchhandlungen erfreuen sich rasant wachsender Beliebtheit. Raubkopien, einst ein großes Problem, spielen im Zeitalter von E-Books und aggressiven Internet-Rabatten kaum noch eine Rolle. Stattdessen setzen immer mehr Läden auf den 24-Stunden-Betrieb – mit beachtlichem Erfolg.

Den Grundstein dafür legte im April 2014 die Pekinger Buchhandlung Sanlian Taofen (STB). Was anfangs viele als reinen PR-Coup zum Welttag des Buches abtat, erwiesen sich als Volltreffer. Vor allem junge Menschen nutzen die Nachtstunden zum Stöbern, Lesen und Kaffeetrinken, wenn tagsüber die Zeit fehlt. Laut Geschäftsführer Zhang Zuozhen tätigen rund 60 Prozent der Nachtkunden auch Käufe. Die Umsätze stiegen um mehr als die Hälfte, die Gewinne haben sich sogar verdoppelt. Allein in der Nachtschicht erzielt das Geschäft im Schnitt rund 2.200 Euro Umsatz – genug, um Personal und Gratis-Marketing mühelos zu finanzieren.

Mittlerweile hat das Konzept landesweit Nachahmer gefunden. Bis Mitte Juli zählte China bereits 15 solcher 24-Stunden-Läden – von Hangzhou über Changsha und Kanton bis nach Xiamen. Auch Ketten wie das taiwanesische Vorbild Eslite expandieren in diesem Segment.

Als besonders reizvoll gilt ein neuer Ableger, der am 20. Juli an historischer Stätte in Peking eröffnete: nahe dem Kaiserpalast, in originalgetreu rekonstruierten Gebäuden aus dem 15. Jahrhundert. Initiator Yu Huagang, Chef des staatlichen Antiquariats Cathay Bookshop, machte aus dem Projekt einen echten Publikumsmagneten. Neben neuen und alten Büchern, Schreibwaren und traditionellem Handwerk bietet der Laden auch Einblicke in alte Buchdruck- und Restaurierungskunst sowie Tee-Ecken. Den Erfolg bewies Yu gleich zu Beginn selbst: Er übernahm die erste Nachtschicht persönlich und verkaufte in den ersten Nächten Bücher im Wert von umgerechnet bis zu knapp 3.000 Euro – ein Start, der alle Erwartungen übertraf."
de_66,de,gemini,"Hier ist eine naturalistische Neuformulierung im typischen Stil einer Medien- oder Nachrichtenmeldung:

**NZZ.at zieht Jahresbilanz: Print-Erlöse nach wie vor leichter zu lukrieren als Digital-Abos**

Wien – Zum einjährigen Bestehen des österreichischen Ablegers der *Neuen Zürcher Zeitung* zieht die Redaktion eine durchwachsene, aber letztlich zuversichtliche Bilanz. Nach Anlaufschwierigkeiten und technischen Problemen nach dem Start am 21. Jänner 2015 habe erst ein Relaunch im vergangenen Herbst den gewünschten Aufschwung gebracht, heißt es vom rein auf Bezahlinhalte setzenden Portal. Bis kommenden Sommer peilt man nun eine kritische Masse an Abonnenten an. Dass im Dezember zudem ein erstes Print-Magazin herausgebracht wurde, könnte Schule machen – zumal Chefredakteur Michael Fleischhacker bei einer Diskussionsrunde am Dienstagabend betonte, dass sich Inhalte auf Papier nach wie vor unkomplizierter zu Geld machen lassen als im Netz. Eine schwarze Null schreibt NZZ.at im ersten Jahr naturgemäß noch nicht, was in der Branche zu diesem Zeitpunkt jedoch üblich sei."
de_67,de,gemini,"Hier ist eine umgeschriebene, natürlich klingende Nachrichtenfassung, die Länge und Thema beibehält:

**New York –** Forscher haben womöglich das legendäre Schiff des britischen Entdeckers James Cook entdeckt. Wie das Rhode Island Projekt für Meeresarchäologie (RIMAP) mitteilte, wurden in der Bucht von Newport im US-Bundesstaat Rhode Island insgesamt neun Fundorte mit den Überresten von 13 Schiffen lokalisiert. Diese waren während des Amerikanischen Unabhängigkeitskrieges kurz vor der Schlacht von Rhode Island versenkt worden. An einer dieser Stellen stießen die Taucher auf das Beiboot der 1778 gesunkenen „Lord Sandwich 2“ – dem finalen Namen des Schiffs, das einst als „Earl of Pembroke“ gebaut und als „Endeavour“ weltberühmt wurde. Da in unmittelbarer Nähe des Bootes fünf Wracks liegen, vermuten die Archäologen die Endeavour unter ihnen. Bevor die Arbeiten fortgesetzt werden, müssen jedoch Spenden gesammelt werden, um einen Hangar zur fachgerechten Lagerung der Fundstücke zu errichten.

Mit der Endeavour war James Cook zwischen 1768 und 1771 zu seiner historischen Erstexpedition in den südwestlichen Pazifik aufgebrochen. Im Jahr 1770 erreichte er mit dem Schiff die Küste Australiens. Zwar waren vor ihm schon andere Europäer dort gewesen, doch Cooks Ankunft markierte den Wendepunkt: Im Gegensatz zu früheren Entdeckern folgte darauf die dauerhafte europäische Besiedlung des Kontinents. Nach ihrer Rückkehr wurde die Endeavour verkauft und in „Lord Sandwich 2“ umgetauft. Während des Unabhängigkeitskrieges nutzte die britische Krone sie als Truppentransporter und Gefängnisschiff, ehe sie 1778 gezielt versenkt wurde – allerdings nicht vom Gegner, sondern von den Briten selbst, um der anrückenden französischen Marine den Weg zu versperren."
de_68,de,gemini,"**Fifa wählt neuen Präsidenten: Zwischen Machtpoker und Reformhoffnung**

Die Fifa sucht ihren neuen Chef – und steht in Zürich vor einer Schichetvende. Wenn der Kongress an diesem Freitag den Nachfolger von Joseph S. Blatter bestimmt, läuft alles auf ein Kopf-an-Kopf-Rennen hinaus. Von den ursprünglich fünf Bewerbern haben nach Einschätzung von Beobachtern nur zwei echte Chancen: Uefa-Generalsekretär Gianni Infantino (45) und der asiatische Verbandschef Scheich Salman bin Ibrahim al-Khalifa (50). Die übrigen drei Kandidaten – Prinz Ali bin al-Hussein aus Jordanien, der Franzose Jérôme Champagne und der Südafrikaner Tokyo Sexwale – gehen lediglich als Außenseiter ins Rennen. 

Beide Top-Favoriten gaben sich bei ihrer Ankunft in der Schweiz siegesgewiss. Die Machtverhältnisse bei der Abstimmung scheinen vorab abgesteckt: Infantino gilt die geschlossene Unterstützung der 53 europäischen Delegierten sicher, während der Scheich auf fast alle 44 Stimmen aus Asien bauen kann. Zu den entscheidenden „Königsmachern“ dürften daher die Delegierten aus Afrika werden, um deren Gunst beide Lager buhlen. Infantino wird zudem ein stark Rückhalt in Nord- und Mittelamerika (Concacaf) nachgesagt, während das Verhalten der südamerikanischen und ozeanischen Verbände noch als völlig offen gilt.

Im Zürcher Hallenstadion beginnt der Kongress am Morgen, die eigentliche Wahl wird am Nachmittag erwartet. Zieht sich das Prozedere in die Länge, muss die Wahl dennoch vor Mitternacht beendet sein – schließlich muss die Arena für ein Eishockeyspiel am Samstag umgebaut werden. 

Wichtiger noch als die Personalie gilt vielen Beobachtern jedoch das geplante Reformpaket, das vor der Präsidentenwahl von den 207 stimmberechtigten Mitgliedern mit einer Dreiviertelmehrheit abgesegnet werden soll. Interimspräsident Issa Hayatou appellierte eindringlich an die Verbände, diese Chance auf einen echten Neustart zu nutzen. Die Zustimmung gilt als wahrscheinlich, zumal der nord- und mittelamerikanische Verband bereits am Vortag weitreichende Anti-Korruptions-Maßnahmen beschlossen hatte. Die Concacaf ist besonders krisengeschüttelt: Ihre letzten drei Präsidenten gehören zu den Hauptverdächtigen im globalen Fifa-Skandal.

Unterdessen gehört die Ära Blatter endgültig der Vergangenheit an. Die Berufungskommission hatte die Sperren von Joseph S. Blatter und Uefa-Chef Michel Platini am Mittwoch zwar überraschend von acht auf sechs Jahre verkürzt – begründet wurde dies mildernd mit den langjährigen Verdiensten der Funktionäre. Tränen weinte dem 79-jährigen Schweizer jedoch niemand nach; die Fifa drängt mit Macht auf einen unbelasteten Neuanfang. 

Blatters Sprecher kündigte dennoch an, den Internationalen Sportgerichtshof (CAS) anzurufen, um gegen die Entscheidung vorzugehen. Auch Platini will vor dem CAS versuchen, seine Sperre kippen zu lassen, um rechtzeitig zur Heim-EM im Sommer an die Uefa-Spitze zurückzukehren. Eine offizielle Verabschiedung auf dem Kongress bleibt dem langjährigen Fifa-Patriarchen Blatter indes verwehrt; die Amtsübergabe an den neuen Präsidenten erfolgt durch Interimschef Hayatou. Für den dringend benötigten Neustart des Weltverbandes spielt das freilich keine Rolle mehr."
de_69,de,gemini,"Hier ist eine sprachlich überarbeitete Version im natürlichen Nachrichtenstil, die dem Original in Länge und Inhalt entspricht:

**VwGH-Entscheidung: Streit um Rektorwahl an Med-Uni Innsbruck von 2009 endgültig beendet**

Innsbruck – Der Verwaltungsgerichtshof (VwGH) hat eine Beschwerde des Arbeitskreises für Gleichstellungsfragen zur Rektorwahl an der Medizinischen Universität Innsbruck aus dem Jahr 2009 endgültig abgewiesen. Das gab der Universitätsrat der Hochschule am Donnerstag bekannt. Die damals unterlegene Bewerberin Margarethe Hochleitner hatte geltend gemacht, aufgrund ihres Geschlechts übergangen worden zu sein. Der Universitätsrat hatte im April 2009 den inzwischen verstorbenen Herbert Lochs aus einem Dreiervorschlag zum Rektor gekürt, womit die ebenfalls berücksichtigte damalige Vizerektorin Hochleitner das Nachsehen hatte.

Nachdem das Wissenschaftsministerium eine erste Beschwerde des Arbeitskreises abgewiesen hatte, befasste sich die Bundesgleichbehandlungskommission mit dem Fall und stellte eine geschlechtsspezifische Diskriminierung fest. Eine daraufhin eingeschaltete Schiedskommission lehnte die Beschwerde im Zuge einer erneuten Prüfung jedoch ab. Auch mit einer parallel angestrengten Schadenersatzklage wegen Diskriminierung blieb Hochleitner erfolglos: Sowohl das Landesgericht als auch das Oberlandesgericht wiesen ihre Forderungen ab."
de_70,de,gemini,"Hier ist eine überarbeitete Version im natürlichen Nachrichtenstil, die den Inhalt prägnant und flüssig zusammenfasst:

**Lage an den Grenzen: Weniger Andrang in der Steiermark, mehr Zuzug nach Kärnten**

Während sich die Situation am steirischen Grenzübergang Spielfeld zum Wochenbeginn weiter entspannt hat, verzeichnet Kärnten einen starken Anstieg der Flüchtlingszahlen. Wie bereits am Sonntag blieb der Andrang in Spielfeld auch am Montag deutlich unter dem Niveau der Vorwochen. Am Vortag wurden rund 3.500 Menschen versorgt, was etwa der Hälfte des Höchststands entspricht; am Montagmittag warteten vor Ort lediglich gut 1.000 Personen auf ihre Weiterreise. 

Ganz anders stellt sich die Lage in Kärnten dar: Dort treffen seit Samstag täglich rund 3.200 Schutzsuchende ein – doppelt so viele wie in den Wochen zuvor. Neben den bewährten Zugverbindungen aus Slowenien (1.600 Personen täglich) rollen seit dem Wochenende zusätzlich Busse mit weiteren 1.600 Menschen durch den Karawankentunnel. Die Hälfte von ihnen findet in Kärntner Transitquartieren Platz, der Rest wird direkt weitergebracht. 

Verantwortlich für diese Verlagerung und den Rückgang in der Steiermark sind laut Polizei neben neuen Busrouten in Kärnten vor allem strengere Einreisebestimmungen auf der Balkanroute. Seit Mitte vergangener Woche lassen Mazedonien, Serbien und Kroatien nur noch Menschen aus Syrien, dem Irak und Afghanistan passieren. Zusammen mit dem winterlichen Wetter könnte dies zu einer dauerhaften Entlastung in Spielfeld führen. Auch in Bad Radkersburg war die Lage am Montagmittag mit rund 370 wartenden Personen ruhig. Die Versorgung der Menschen erfolgt unverändert durch das Rote Kreuz und zahlreiche Helfer in beheizten Zelten."
de_71,de,gemini,"Hier ist eine sprachlich überarbeitete Version im natürlichen Nachrichtenstil, die in Länge und Inhalt dem Original entspricht:

**Wien-Brigittenau: CO-Alarm nach Einsatz mobiler Klimaanlagen**

Wegen des Verdachts auf eine Kohlenmonoxidvergiftung sind am Donnerstagabend vier Menschen in Wien-Brigittenau ins Krankenhaus eingeliefert worden. Wie die Feuerwehr am Freitag mitteilte, hatten mobile Klimaanlagen in einer Wohnung der Jägerstraße einen Unterdruck erzeugt. Dies führte dazu, dass die Abgase der Gastherme während des Duschens nicht über den Schornstein abziehen konnten. Der Wohnungsinhaber hatte daraufhin über Übelkeit und Kopfschmerzen geklagt und die Rettung gerufen. Vor Ort lösten die CO-Sensoren der Sanitäter sofort Alarm aus, woraufhin auch die Feuerwehr anrückte. Die Einsatzkräfte trennten die Wohnung vom Stromnetz und legten die Therme still. Vier betroffene Personen mussten schließlich vom Rettungsdienst in eine Klinik gebracht werden."
de_72,de,gemini,"Hier ist eine überarbeitete Version im typischen Stil eines aktuellen Radio- oder Online-Nachrichtenberichts:

***

**Wirtschaftsdelegationen in Moskau: Mitterlehner und Seehofer werben für Entspannung**

Um die heimischen Wirtschaftsbeziehungen zu stärken, haben Österreichs Vizekanzler Reinhold Mitterlehner und Bayerns Ministerpräsident Horst Seehofer nacheinander Moskau besucht. Beide Politiker warben bei ihren Gesprächen offen für ein Ende der EU-Sanktionen gegen Russland.

Mitterlehner zog nach Abschluss seines zweitägigen Arbeitsbesuchs eine durchweg positive Bilanz. Zum Ausklang wurde es in der Residenz des russischen Premiers Dmitri Medwedew sogar sehr herzlich: Nach einem kurzen Gespräch überreichte Medwedew dem österreichischen Gast den russischen Freundschaftsorden. 

Im Zentrum der politischen Gespräche stand jedoch die Wirtschaft – insbesondere das geplante Pipeline-Projekt Nord Stream 2. Mitterlehner betonte, Österreich wolle künftig unabhängiger von den Transitwegen durch die Ukraine sein, auch wenn der bestehende Vertrag bis 2019 als gesichert gilt. Medwedew sicherte zu, das Projekt gemeinsam voranzutreiben, und schlug vor, osteuropäische Bedenken durch finanzielle Kompensationen für eventuelle Transitausfälle auszuräumen. Für die Umsetzung hat die österreichische OMV, deren Chef Rainer Seele die Delegation begleitete, bereits ein starkes Eigeninteresse als Projektgesellschafterin.

Deutliche Kritik übte Mitterlehner sowohl an Kiew als auch an der EU. Die Sanktionen hätten politisch nichts gebracht, der Wirtschaft beider Seiten aber massiv geschadet, beklagte er. Österreich könne zwar nicht im Alleingang ausscheren, werde sich aber in Brüssel für eine Aufhebung der Strafmaßnahmen starkmachen, sobald das Minsker Abkommen dies erlaube. Medwedew zeigte sich erfreut über diese Töne und betonte, Russland werde abwarten, ob sich in der EU etwas bewege.

Kaum war Mitterlehner abgereist, landete bereits Horst Seehofer in der russischen Hauptstadt. Trotz zum Teil scharfer Kritik aus den eigenen Reihen ließ es sich der bayerische Ministerpräsident nicht nehmen, zu Gesprächen mit Präsident Wladimir Putin zusammenzukommen. Der Kreml wies Spekulationen zurück, das Treffen sei als Affront gegen Kanzlerin Angela Merkel gedacht. Es gehe vielmehr darum, den Gesprächsfaden trotz der politischen Restriktionen nicht abreißen zu lassen, hieß es. Dass Seehofer die EU-Sanktionen ebenfalls kritisch sieht, dürfte dem Treffen in Moskau dabei kaum geschadet haben."
de_73,de,gemini,"Hier ist eine Neufassung im typischen Sportjournalismus-Stil, die Länge und Inhalt des Originaltexts beibehält:

**Rapid Wien hat die heftige Europacup-Schmach von Valencia gut verdaut und im Titelrennen der Bundesliga ein starkes Zeichen gesetzt.** 

Drei Tage nach dem 0:6 in Spanien feierten die Hütteldorf einen verdienten 2:0 (1:0)-Auswärtserfolg bei Sturm Graz. Matchwinner für die Wiener war Doppeltorschütze Philipp Schobesberger (12., 71.), der Rapid nach Punkten wieder an Tabellenführer Salzburg heranbrachte. Während Rapid damit im dritten Liga-Spiel des Jahres den dritten Sieg einfuhr und im Frühjahr weiter ohne Gegentor bleibt, wartet Sturm auch nach dem vierten Pflichtspiel 2016 auf den ersten vollen Erfolg. 

Vor 12.500 Zuschauern in der UPC-Arena begannen die Hausherren zwar druckvoll. Ein Fernschuss von Daniel Offenbacher, den Rapid-Keeper Richard Strebinger über die Latte lenkte, blieb jedoch die beste Phase der Steirer (5.). Die Gäste aus Wien schlugen dagegen eiskalt zu: Thanos Petsos schickte Schobesberger auf die Reise, der etwas überraschend zum 1:0 durch die Beine von Sturm-Torhüter Michael Esser vollendete (12.). Kurz darauf vergab derselbe Spieler die Chance auf den zweiten Treffer, als er das lange Eck verfehlte (18.). 

Sturm mühte sich zwar um eine Antwort, agierte im Spielaufbau aber zu harmlos und ideenlos. Die besten Möglichkeiten zum Ausgleich vergaben ein abgefälschter Schuss von Klem (27.) sowie Sascha Horvath, dessen Versuch von der Strafraumgrenze nur die linke Stange traf (70.). 

Praktisch im direkten Gegenzug machte Rapid den Sack zu. Nach einem perfekten Steilpass von Mario Pavelic umspielte Schobesberger Goalie Esser und schob zum 2:0-Endstand ein (71.). Der eingewechselte Philipp Prosenik ließ kurz darauf im Konter sogar noch das dritte Tor liegen (77.), was den insgesamt ungefährdeten Auswärtssieg der Wiener jedoch nicht mehr gefährdete. 

Sturm Graz, bei dem Trainer Franco Foda auf ein 4-1-4-1-System gesetzt hatte, muss nach der zweiten Heimniederlage der Saison den Blick nach unten richten. Der Tabellenvierte hat bereits zwölf Punkte Rückstand auf die Spitze und acht Zähler Rückstand auf den drittplatzierten Ligarivalen Austria Wien. Rapid hingegen baut seine Serie gegen die Steirer aus – die Grazer sind nun schon seit acht Pflichtspielen sieglos gegen die Grün-Weißen. Bei noch 13 ausbleibenden Runden bleiben die Wiener voll auf Kurs im Meisterschafts- und Europacuprennen."
de_74,de,gemini,"Hier ist eine Neufassung im typischen Feuilleton- und Nachrichtenstil, die Länge und Thema beibehält:

Auf den Filmfestspielen von Venedig präsentiert sich das Programm auf den ersten Blick harmonisch, doch hinter der sommerlichen Idula auf dem Lido verbergen sich ganz unterschiedliche Schicksale und Vertriebswege. So mancher US-Beitrag läuft hier lediglich außer Konkurrenz, angetrieben von einer Festival-Logik, die Venedig als idealen Startpunkt für das direkt anschließende Filmfest im kanadischen Toronto nutzt. 

Zu den prominentesten Werken dieser Art gehört Thomas McCarthys ""Spotlight"". Der Film widmet sich jener Recherche des *Boston Globe*, die Anfang der 2000er Jahre den systematischen Missbrauchsskandal in der katholischen Kirche aufdeckte. Benannt nach dem legendären Rechercheteam der Zeitung, erinnert das kluge Drehbuch stilistisch an den Watergate-Klassiker ""Die Unbestechlichen"". Die Spannung resultiert dabei nicht aus einem ungeklärten Rätsel, sondern aus dem langen Weg gegen eine Mauer des Schweigens und den Einfluss der Kirche in Boston. McCarthy vermeidet jedes billige Heldenpathos und setzt stattdessen auf starkes Ensemblekino. Herausragend besetzt ist der Film unter anderem mit Michael Keaton als Teamleiter, Mark Ruffallo als unermüdlichem Reporter und Liev Schreiber als neuem Chefredakteur.

Eine kurze Erwähnung findet der *Boston Globe* zudem in Scott Coopers Gangsterdrama ""Black Mass"". Darin schlüpft Johnny Depp in die Rolle des berüchtigten Bostoner Gangsters Whitey Bulger, der jahrelang heimlich mit dem FBI zusammenarbeitete. Mit streng nach hinten gekämmtem Haar und eisigem Blick liefert Depp eine bedrohliche, wenn auch gewöhnungsbedürftige Performance als skrupelloser Verbrecher ab.

Weitaus fesselnder gerät der Blick auf toxische Männlichkeit im brasilianischen Wettbewerbsbeitrag ""Neon Bull"" von Gabriel Mascaro. Der Film entführt in das brutale Milieu der ""Vaquejadas"", einer traditionellen Rodeo-Variante. Die kraftvollen, distanzierten Bilder von Kameramann Diego Garcia fangen die physische Wucht aus Schweiß und Gewalt sinnlich ein, während sie gleichzeitig die Brücke zu den modernen Träumen der Figuren schlagen – etwa wenn ein raubeiniger Cowboy davon träumt, als Modeschöpfer zu arbeiten.

Neben dem US-Kino spiegeln auch andere Beiträge die globale Verwertungskette wider: Cary Fukunagas Kindersoldaten-Drama ""Beasts of No Nation"" etwa wird kurz nach Venedig direkt von Netflix vertrieben. Alexander Sokurows essayistischer Louvre-Film ""Francofonia"" wiederum mag auf den ersten Blick wie ein gehobener Arte-Spätfilm wirken, bleibt trotz geschichtsträchtiger Kulisse visuell jedoch überraschend starr."
de_75,de,gemini,"Hier ist eine in Tonfall und Länge vergleichbare Neufassung im typischen Nachrichtenstil:

**Wien –** Bundespräsident Heinz Fischer hat den Vorstoß von EU-Kommissionschef Jean-Claude Juncker zur Verteilung von 160.000 Flüchtlingen in Europa ausdrücklich unterstützt. In einem am Donnerstag ausgestrahlten Interview mit dem US-Sender CNN bezeichnete Fischer feste Quoten als fair und notwendig. Es entspreche der Wirtschaftskraft und Bevölkerungsgröße Österreichs, wenn das Land rund 2,5 bis drei Prozent der Schutzsuchenden aufnehme – das wären laut EU-Plan etwa 3.640 Menschen. Den größten Anteil tragen demnach Deutschland und Frankreich. 

Angesprochen auf Umfragehöchstwerte der FPÖ betonte Fischer, dass die Regierungslinie von SPÖ und ÖVP auch von den Grünen mitgetragen werde. Österreich verfolge einen humanen Kurs, der das Potenzial habe, rechtspopulistische Tendenzen zu überwiegen. Fischer zeigte sich zuversichtlich, dass das Land diese Krise meistern werde, und zog Parallelen zum Ungarn-Aufstand 1956 sowie dem Prager Frühling 1968, betonte jedoch das diesmal weitaus größere globale Ausmaß des Leids. 

Lob sprach der Bundespräsident der Zivilbevölkerung sowie den ÖBB für ihren Einsatz aus. Zugleich betonte er die Notwendigkeit, Fluchtursachen an der Wurzel zu packen und Kriege unter anderem in Syrien zu stoppen. Zu seiner umstrittenen Reise in den Iran erklärte Fischer gegenüber CNN, er habe diesen Schritt intensiv überlegt. Der iranische Präsident Hassan Rohani habe auf ihn jedoch den Eindruck eines dialogbereiten Partners gemacht, was in der aktuellen Situation von großer Bedeutung sei."
de_76,de,gemini,"Hier ist eine umformulierte Version im natürlichen Nachrichtenstil und mit ähnlicher Länge:

**Weihnachten außerhalb der Zelle: Vatileaks-Angeklagter unter Hausarrest**

Vatikanstadt – Der einzige Häftling im Vatikan darf die Feiertage in Freiheit verbringen – zumindest eingeschränkt. Wie Vatikansprecher Federico Lombardi am Mittwoch laut Kathpress mitteilte, wurde der spanische Geistliche Lucio Angel Vallejo Balda aus der Gendarmeriezelle entlassen. Er befindet sich demnach bereits seit Dienstag in einer anderen Unterkunft innerhalb des Kleinstaates unter Hausarrest. Vallejo, der als Sekretär der Wirtschaftspräfektur des Heiligen Stuhls tätig war, saß seit Anfang November in Untersuchungshaft. Er ist einer von fünf Angeklagten im laufenden Vatileaks-2-Prozess und war der einzige Insasse des vatikanischen Gefängnisses. Die Anklage wirft ihm vor, geheime Dokumente an zwei italienische Journalisten weitergereicht zu haben. Seit Anfang Dezember läuft das Verfahren vor einem vatikanischen Gericht, bei dem ihm eine mehrjährige Haftstrafe droht."
de_77,de,gemini,"Hier ist eine umgeschriebene Fassung im natürlichen Nachrichtenstil, die dem Original in Länge und Thema entspricht:

**Wien – Das Zentrum für Soziale Innovation (ZSI) beteiligt sich an einem EU-weiten Projekt, das Forschung und Gesellschaft enger vernetzen soll.** 

Die Beziehung zwischen Wissenschaft und Öffentlichkeit ist von einem Widerspruch geprägt: Einerseits prägen technische Errungenschaften zunehmend unseren Alltag, andererseits wird die Forschung selbst immer spezieller und für Laien kaum noch nachvollziehbar. Um dieser Entfremdung entgegenzuwirken, hat die Europäische Kommission das Konzept „Responsible Research and Innovation“ (RRI) ins Leben gerufen. Insgesamt 26 europäische Institutionen arbeiten an dem geförderten Projekt, das Politik, Wirtschaft, Forschende und die Bevölkerung mit praktischen Hilfsmitteln ausstatten soll, um eine nachhaltigere Forschung zu ermöglichen.

Der Begriff der „Tools“ (Werkzeuge) ist allerdings nicht unumstritten. Er klinge etwas technokratisch, obwohl es eigentlich um einen tiefgreifenden Wandel von Denkweisen und Praktiken gehe, erklärt Ilse Marschalek vom ZSI, die das Projekt in Österreich koordiniert. Zudem gebe es Kritik, dass das Konzept zwar auf dem Papier existiere, aber oft noch der Bezug zur praktischen Umsetzung fehle.

**Gemeinsame Verantwortung statt Vorwürfe**

Wenn Forschende mit RRI konfrontiert werden, reagieren sie laut Marschalek oft abwehrend mit der Frage, ob ihre Arbeit bisher etwa nicht verantwortungsvoll gewesen sei. Darum gehe es jedoch nicht: Vielmehr soll die Verantwortung künftig auf mehrere Schultern verteilt werden – von der Wissenschaft über die Politik bis hin zur Wirtschaft. 

Nachdem in den vergangenen anderthalb Jahren zahlreiche Workshops und Gespräche stattgefunden haben, steht nun die konkrete Entwicklung von Arbeitshilfen an. Wie diese genau aussehen werden, ist noch offen; im Gespräch sind Trainingsmodule, Infovideos oder Leitfäden, mit denen Forschende ihre eigene Arbeit besser reflektieren können. Letztlich ziele das Projekt auf einen Paradigmenwechsel ab, so Marschalek: weg vom traditionellen Elfenbeinturm, hin zu einer Wissenschaft, die gemeinsam mit der Gesellschaft und für sie agiert.

Dazu brauche es nicht nur ein Umdenken in den Köpfen der Forschenden, sondern auch in der Vergabe von Fördermitteln, ergänzt ZSI-Mitarbeiterin Katharina Handler. Es müsse kritisch hinterfragt werden, wofür Gelder eingesetzt werden und welche gesellschaftlichen Gruppen davon profitieren. Angesichts rasanter Fortschritte in Bereichen wie Nano- und Gentechnik sei ein neues Nachdenken über Technikakzeptanz dringend nötig, betont Marschalek. Da Hightech längst unseren Alltag bestimmt, wächst auch das Bedürfnis der Menschen, sich stärker einzubringen und mitzureden.

**Parallelen in Österreich**

Eine ähnliche Initiative verfolgt hierzulande das Wissenschaftsministerium mit „Responsible Science“. Durch einen verstärkten Dialog soll das Vertrauen in die Forschung gestärkt werden – ein wichtiges Anliegen in Österreich, das im Europavergleich traditionell als eher wissenschaftskeptisch gilt."
de_78,de,gemini,"Hier ist eine natürliche und dem Nachrichtenstil entsprechende Formulierung:

Amtlichen Schätzungen zufolge werden sich die Kosten für die Versorgung in den kommenden zwei Jahren auf 7,4 Milliarden Euro belaufen. Aus rechtlichen Gründen kann der vollständige Artikel, der auf Agenturmeldungen beruht, gegenwärtig nicht mehr bereitgestellt werden."
de_79,de,gemini,"Hier ist eine sprachlich überarbeitete Version im natürlichen Nachrichtenstil:

**ÖBB planen Einstieg in den Carsharing-Markt**

Wien – Die ÖBB wollen künftig überschüssige Dienstwagen an ihre Kunden vermieten. Der konzerneigene Fuhrpark umfasst rund 600 Fahrzeuge, die künftig Teil des Mobilitätsangebots werden sollen, erklärte ÖBB-Chef Christian Kern gegenüber dem „Kurier“. Eine Aufstockung der Flotte durch Zukäufe ist nicht vorgesehen. Im Vergleich zu klassischen Carsharing-Anbietern müssen Nutzer allerdings Abstriche bei der Flexibilität machen: Die Fahrzeuge müssen zwingend zum jeweiligen Anmietbahnhof zurückgebracht werden. Aktuell läuft ein interner Testlauf, bei dem Bahn-Mitarbeiter das Buchungssystem erproben. Noch im Sommer wollen die ÖBB zudem auf dem florierenden Markt für Fernbusse Fuß fassen."
de_80,de,gemini,"Hier ist eine redigierte Fassung im typischen Stil einer Nachrichtenagentur:

**Vom „Maestro“ zum Sündenbock: Alan Greenspan wird 90**

Fast zwanzig Jahre lang galt er als mächtigster Notenbanker der Welt, doch die Finanzkrise hat sein Vermächtnis schwer beschädigt. Zum heutigen Sonntag begeht der langjährige Chef der US-Zentralbank Fed, Alan Greenspan, seinen 90. Geburtstag. 

Um die Jahrtausendwende wurde der damalige Fed-Chef noch als „größter Zentralbanker der Weltgeschichte“ gefeiert. Jahrelang genoss er an den Märkten Kultstatus, galt als unfehlbares Orakel und genoss parteiübergreifende Unterstützung. Seine Karriere an der Spitze der Federal Reserve hatte 1987 begonnen. Gleich zu Beginn musste er sich beim historischen Börsencrash am „Schwarzen Montag“ bewähren – und stoppte die Panik erfolgreich mit massiven Geldspritzen.

Es folgten Jahre des beispiellosen wirtschaftlichen Aufschwungs. Greenspan schien Konjunktur und Inflation mühelos zu steuern. Selbst nach den Terroranschlägen von 2001 reagierte er mit Zinssenkungen, die den nächsten Abschwung verhinderten. Die Märkte verließen sich blind auf seine „magische Hand“ in der Gewissheit, dass die Notenbank im Ernstfall eingreifen würde.

Im Jahr 2006 trat Greenspan ab, die Aufarbeitung der Krise überließ er seinem Nachfolger Ben Bernanke. Doch aus heutiger Sicht gilt die jahrelange Niedrigzinspolitik unter Greenspan als Brandbeschleuniger für die Spekulationsblasen, die 2007 zum Kollaps des US-Immobilienmarktes und der weltweiten Finanzkrise führten. Fehler weist der 90-Jährige bis heute von sich – er habe schließlich rechtzeitig vor Überhitzungen gewarnt."
de_81,de,gemini,"Hier ist eine überarbeitete Version im natürlichen Nachrichtenstil, die den Inhalt und die Länge des Originals beibehält:

**Erfolgreicher Abschluss auf der Mariahilfer Straße: Budget um eine halbe Million unterschrieben**

Wien – Mit einer kleinen technischen Panne ist am Freitag die Umgestaltung der Wiener Mariahilfer Straße zu Ende gegangen. Beim symbolischen Verlegen des letzten Pflastersteins versagte der Vakuumsauger, der Stein löste sich und zerbrach. Erst der zweite Anlauf saß – ein Zwischenfall, der symbolhaft für die gesamte Entstehungsgeschichte der neuen Begegnungszone steht. 

Vor allem Verkehrsstadträtin Maria Vassilakou (Grüne) zeigte sich bei der finalen Präsentation sichtlich erleichtert. Das Projekt war jahrelang von heftigem Gegenwind begleitet worden. Besonders Wirtschaft und Opposition hatten die Pläne zur Fußgängerzone vehement kritisiert, und auch der damalige Koalitionspartner SPÖ zögerte zunächst. Erst eine knappe Volksbefragung in den Bezirken Mariahilf und Neubau brachte die Wende. Die Strapazen der vergangenen zwei Jahre seien spurlos an ihr vorübergegangen, scherzte Vassilakou mit Blick auf das ein oder andere neue graue Haar. 

Trotz der holprigen Vorgeschichte zieht die Stadt eine durchgehend positive Bilanz. Nicht nur der Zeitplan wurde eingehalten, auch finanziell blieb man im grünen Bereich: Laut Projektkoordinator Peter Lux wird das Budget von 25 Millionen Euro voraussichtlich um rund 500.000 Euro unterboten; die endgültige Abrechnung läuft noch. Vassilakou sprach von einem „gelungenen Projekt“, das sie glücklich mache. Man habe viel gelernt, etwa dass ein Testabschnitt zu Beginn als Anschauungsobjekt hilfreich gewesen wäre. 

Die „Mahü“ soll jedoch kein Einzelfall bleiben. Laut der Stadträtin gibt es in den Bezirken zahlreiche Wünsche nach ähnlichen Reformen, um die Lebensqualität durch Verkehrsberuhigung und Grünflächen zu steigern. An die Dimensionen der Mariahilfer Straße werde ein künftiges Projekt allerdings nicht heranreichen.

Gefeiert wird das Ende der Bauarbeiten erst am Samstag mit einem großen Straßenfest. Neben Prominenten wie den Song-Contest-Teilnehmern „The Makemakes“ und der Band „Tagtraeumer“ erwartet die Besucher ein buntes Programm mit Kletterwand, Kinderanimation und einer Rüttelplatte. Für die Feierlichkeiten wird die gesamte Meile für den Verkehr gesperrt, was auch zu Umleitungen beim Bus 13A führt.

Kritik kommt indessen vom ÖAMTC. Es sei verfrüht, jetzt schon in uneingeschränkten Jubel auszubrechen, ließ der Autofahrerclub via Aussendung verlauten. Weder die Verkehrsabläufe auf der neuen Begegnungszone noch die Folgen für die angrenzenden Grätzel ließen sich zum jetzigen Zeitpunkt seriös bewerten, weshalb man vor einer schnellen Kopie des Konzepts in anderen Bezirken warnt."
de_82,de,gemini,"Hier ist eine umgeschriebene Fassung im natürlichen Nachrichtenstil, die in Länge und Inhalt dem Original entspricht:

**Freiheit nach 55 Tagen im Hungerstreik. Jerusalem** – Nach einem lebensgefährlichen Protest im Gefängnis darf ein prominenter palästinensischer Häftling nach Hause. Wie das israelische Fernsehen am Montag berichtete, hat Israel der Freilassung von Khader Adnan, einem führenden Mitglied des Islamischen Jihad, noch vor Ende des Ramadans zugestimmt. Im Gegenzug beendet der 37-Jährige seinen nunmehr 55 Tage währenden Hungerstreik. Wegen seines kritischen Gesundheitszustands wird Adnan derzeit in einem israelischen Krankenhaus medizinisch versorgt. 

Zuvor hatten Beobachter gewarnt, dass ein Tod des in den Autonomiegebieten sehr populären Häftlings neue Unruhen im Nahostkonflikt hätte auslösen können. Israel hatte den Islamisten vor rund einem Jahr im Westjordanland festgenommen – im Zuge einer Razzia nach der Entführung und Tötung dreier israelischer Jugendlicher durch militante Palästinenser. Adnan befand sich seither ohne offizielle Anklage in sogenannter Verwaltungshaft. Diese umstrittene Maßnahme erlaubt es den Behörden, Verdächtige aus Sicherheitsgründen für sechs Monate oder länger gefangen zu halten, ohne ihnen den Prozess zu machen. Bereits im Februar 2012 hatte Adnan einen 66-tägigen Hungerstreik erst nach einer ähnlichen Vereinbarung abgebrochen."
de_83,de,gemini,"Hier ist eine Version im natürlichen, sachlich-journalistischen Nachrichtenstil:

**Protest gegen Open-Air-Toilette in San Francisco**

San Francisco – Ein neues Freiluft-Pissoir am Rande eines beliebten Parks sorgt in San Francisco für heftigen Streit. Obwohl sich im Vorfeld viele Anwohner für das in den USA neuartige, offene Modell starkgemacht hatten, geht nun die „Chinese Christian Union“ gemeinsam mit weiteren Bürgern gerichtlich dagegen vor. In der Klageschrift wird moniert, dass die lediglich durch ein Gitter sichtgeschützte Anlage anstößig sei und die Privatsphäre verletze. Zudem bemängeln die Kläger eine starke Geruchsbelästigung sowie unhygienische Zustände, da vor Ort keine Händewaschmöglichkeiten existieren. Auch sei das Pissoir gegenüber Frauen und Menschen mit Behinderungen diskriminierend; die Initiatoren fordern daher den sofortigen Abbau. 

Die Stadtverwaltung hatte das Urinal im Zuge einer Parksanierung zusätzlich zu herkömmlichen Sanitäranlagen errichten lassen, um dem weitverbreiteten Wildpinkeln entgegenzuwirken. Ein Einlenken lehnt die Stadt jedoch ab. Ein Sprecher der Justizbehörde zeigte sich befremdet über die Klage: Angesichts der Tatsache, dass der Dolores Park seit Jahren für seine bunte Gegenkultur mit nackten Sonnenanbetern und Drogenkonsum bekannt sei, sei es überraschend, dass man sich ausgerechnet an einem öffentlichen Pissoir störe."
de_84,de,gemini,"Hier ist eine sprachlich überarbeitete Fassung im Stil einer modernen Nachrichten- oder Hintergrundanalyse, die Länge und Thema beibehält:

Der Erfolg der FPÖ ist längst kein isoliertes Phänomen mehr. Ob Geert Wilders in den Niederlanden mit einem knappen, aber euphorischen „Fantastic“ oder Italiens Lega-Chef Matteo Salvini mit einem schlichten „Trionfo“: Nach Norbert Hofers starkem Abschneiden bei der Bundespräsidentenwahl blickt Europas rechte Szene voller Bewunderung nach Österreich. Doch im Gegensatz zur Ära Jörg Haiders steht die FPÖ heute nicht mehr allein da. In ganz Europa erleben rechtspopulistische Kräfte einen Höhenflug. Ihr gemeinsames Erfolgsrezept in Zeiten von Wirtschaftskrise und Zuwanderung ist das Versprechen einer Rückkehr in nationale Sicherheit. 

Die Zahlen sprechen für sich: Ungarns Fidesz regiert ebenso mit absoluter Mehrheit wie die PiS in Polen. Auch die Dänische Volkspartei erzielt starke Ergebnisse, und der französische Front National wurde bei der Europawahl 2014 stärkste Kraft in Frankreich. In Staaten wie Schweden, Finnland, Großbritannien und den Niederlanden haben sich Rechtspopulisten fest jenseits der Zehn-Prozent-Hürde etabliert. Selbst Deutschland, das lange als immun galt, hat dieser Strömung nicht standgehalten: Die AfD feierte teils drastische Wahlerfolge in den Bundesländern – gipfelnd in 24,2 Prozent in Sachsen-Anhalt –, womit ihr der Einzug in den Bundestag gesichert schien.

Was diese Bewegungen heute schlagkräftiger macht als früher, ist ihre europaweite Vernetzung. Während osteuropäische Parteien teilweise noch an historischen Nationalkonflikten laborieren, haben die westlichen Rechten ihre alten Gräben zugeschüttet. Sie einen sich im Kampf gegen gemeinsame Feindbilder: den Islam, die Europäische Union und zunehmend auch die Globalisierung samt internationaler Konzerne. Viele dieser Parteien – die FPÖ fungiert hier als Vorbild – haben wirtschaftsliberalen Ballast abgeworfen und bedienen stattdessen antikapitalistische Töne. So war es im österreichischen TV-Duell bezeichnenderweise nicht die linke Seite, sondern Norbert Hofer, der am schärfsten gegen das Freihandelsabkommen TTIP agitiert. 

Die europäischen Rechtsparteien haben ihre Programmatik passgenau auf die Sorgen vieler Bürger zugeschnitten. Die Angst vor unkontrollierter Zuwanderung vermischt sich dabei mit tiefen Abstiegsängsten. Angesichts stagnierender Arbeitsmärkte und einer prekarisierten Berufswelt greift diese Verunsicherung längst weit in die bürgerliche Mitte aus."
de_85,de,gemini,"Hier ist eine inhaltlich identische, sprachlich überarbeitete Version im natürlichen Stil einer Sportnachrichten-Agentur oder Tageszeitung:

Gianni Infantino ist der neue Mann an der Spitze des Fußball-Weltverbandes. Der Schweizer setzte sich am Freitag beim außerordentlichen Fifa-Kongress in Zürich im entscheidenden zweiten Wahlgang mit 115 zu 88 Stimmen gegen den favorisierten Scheich Salman bin Ibrahim al-Khalifa aus Bahrain durch. 

Die Wahl in Zürich entwickelte sich wie erwartet zu einem wahren Marathon, der sich über mehr als fünf Stunden hinzog. Nach dem Verzicht des Südafrikaners Tokyo Sexwale brachte bereits der erste Durchgang eine knappe Führung für Infantino (88:85 Stimmen). Da die absolute Mehrheit verpasst wurde, kam es erstmals seit 1974 zu einer Stichwahl. Um Punkt 18 Uhr stand die Überraschung fest: Der 45-jährige Europäer, der als Ersatz für den gesperrten Michel Platini angetreten war, machte das Rennen. Den entscheidenden Pusch erhielt Infantino dabei durch die Stimmen der abgeschlagenen Mitbewerber Prinz Ali bin Al Hussein und Jérôme Champagne, deren Lager fast geschlossen zu ihm wechselten. Der sichtlich bewegte Sieger kündigte an, ein Präsident für alle 209 Mitgliedsverbände sein zu wollen und den Ruf der Fifa gemeinsam wiederherzustellen.

Bereits vor der Kür des neuen Chefs hatte der Verband den Weg für einen Neustart geebnet. Unter dem Druck von Justizbehörden, Politik und Sponsoren sowie nach einem dramatischen Einbruch der Finanzen – 2015 musste die Fifa erstmals seit Jahren rote Zahlen schreiben – stimmten 89 Prozent der Delegierten für ein weitreichendes Reformpaket. Amtszeiten wie die des langjährigen Machthabers Joseph Blatter gehören damit der Vergangenheit an. 

Die Statutenänderungen, die unter anderem mehr Transparenz, eine Gewaltenteilung und Frauenquoten vorsehen, treten in 60 Tagen in Kraft. Künftig wird das allmächtige Exekutivkomitee durch ein breiter aufgestelltes „Fifa-Council“ ersetzt, das rein strategisch agiert. Das operative Milliardengeschäft wandert zum Generalsekretariat. Der neue Präsident verliert dadurch an direkter Macht und ist nicht mehr allein zeichnungsberechtigt. Ob der Neustart gelingt, dürfte vor allem von der Besetzung des einflussreichen Generalsekretärs abhängen, den der Präsident künftig zwar vorschlägt, vom Rat aber absegnen lassen muss. Ein Risiko bleibt indes bestehen: Im neuen Führungsgremium sitzen weiterhin viele jener Funktionäre, die die jahrelange Krise des Verbandes mitzu verantworten haben."
de_86,de,gemini,"Hier ist eine überarbeitete Version im natürlichen, sachlichen Nachrichtenstil, die in Länge und Inhalt dem Original entspricht:

Im Umgang mit der anhaltenden Flüchtlingskrise zeigen sich auch im Profifußball immer mehr Vereine solidarisch. So hat der österreichische Bundesligist Austria Wien angekündigt, ab sofort jeden Freitag um 15 Uhr ein geregeltes Training für Flüchtlinge in der vereinseigenen Akademie anzubieten, das von eigenen Coaches geleitet wird. „Das zeigt, dass wir über unseren Tellerrand hinausblicken und mehr darstellen als einen reinen Fußballverein“, erklärte Austria-Vorstand Markus Kraetschmer. Ergänzend dazu trugen die „Veilchen“ am Mittwochabend ein Benefizspiel beim Zweitligisten FAC aus, dessen Einnahmen vollständig der Betreuung unbegleiteter minderjähriger Flüchtlinge zugutekommen. 

Auch in Deutschland beziehen prominente Clubs und Sportler klar Position. Unter dem Hashtag #stehtauf rufen Schalke 04 und bekannte Gesichter wie Gerald Asamoah und Hans Sarpei zu mehr Mitgefühl auf. „Wir attackieren Menschen, die absolut nichts besitzen und Schutz suchen? Jeder sollte einmal in sich gehen und nachdenken“, appelliert Asamoah in einem am Dienstag veröffentlichten Videoclip des Vereins, an dem sich Spieler, Trainer und Vorstand beteiligen. 

Zudem demonstriert die deutsche Fußball-Nationalmannschaft geschlossen Solidarität. Unter der Führung von Kapitän Bastian Schweinsteiger beziehen die Weltmeister in einem Video deutlich Stellung gegen Gewalt und Fremdenhass und werben stattdessen für ein tolerantes Deutschland. In dem kurzen Spot halten fünf Nationalspieler nacheinander Schilder mit Kernwerten hoch: Schweinsteiger steht für Hilfsbereitschaft, Jérôme Boateng für Respekt, İlkay Gündogan für Integration, Mesut Özil für Weltoffenheit und Toni Kroos für Fairplay. Zum Abschluss zeigt das Quintett gemeinsam die Botschaft: „Gegen Gewalt und Fremdenhass.“"
de_87,de,gemini,"Hier ist eine Version in eigenen Worten, die den ironischen, kritischen Ton des Originals beibehält, ungefähr gleich lang ist und wie ein typischer meinungsstarker Medienkommentar klingt:

Wo Michael Jeannée über den Anstand wacht, bleibt kein Stein auf dem anderen – und genau um dieses Thema soll es heute gehen. Doch bevor wir uns dem guten Benehmen widmen, gibt es erfreuliche Post aus der Rubrik Zähneknirschen: Das freiheitliche Magazin *Zur Zeit* musste – wenn auch nicht ganz freiwillig, sondern per Gerichtsurteil im Namen der Republik – eine handfeste Falschbehauptung richtigstellen. 

Im Mai des Vorjahres hatte das Blatt die Journalistin Colette M. Schmidt noch als „Märchen-tante“ verunglimpft und ihr vorgeworfen, mit allen Mitteln die Existenz unbescholtener, rechts stehender Bürger ruinieren zu wollen. Zur Untermauerung diente der Redaktion damals ein vermeintlich todsicheres Indiz: Schmidt sei eine Patchwork-Mutter, und es sei ja allgemein bekannt, dass dieser Frauentyp die systematische Existenzvernichtung quasi im Blut habe. Da die im Gerichtssaal herbeifantasierten Opfer jedoch beim besten Willen nicht aufzutreiben waren, verurteilte das Wiener Landesgericht für Strafsachen das Magazin wegen übler Nachrede zu einer Entschädigung. 

Für das rechte Blatt eine herbe Schmach, die man jedoch nicht auf sich sitzen lassen wollte. Unter einem Foto der Journalistin wurde enthüllt: Colette M. Schmidt, geboren 1971 in Kanada. Womit für die Redaktion alles gesagt war – was Gutes kann schließlich nicht aus dem Ausland kommen!

Doch nun zum eigentlichen Thema: Gutes Benehmen ist wieder gefragt. Allerdings nicht überall, glaubt man dem selbsternannten Knigge der Boulevardpresse, Michael Jeannée. Als echtes Schreckgespenst der feinen Brüsseler Finanzwelt galt einst der griechische Ex-Minister Yanis Varoufakis. Er sprach Klartext über die dortigen Sanierungsmethoden und zeigte sich auch noch stolz auf die Verachtung, die ihm dafür entgegengebracht wurde. Das rief den Benimm-Experten der *Krone* auf den Plan, der Varoufakis prompt als „üble, jämmerliche und unsympathische Figur“ und „notorischen Falschspieler“ titulierte. Ob Varoufakis seine Kollegen jemals ähnlich beschimpft hat, ist unwahrscheinlich – aber wo Jeannée den Ton angibt, wächst eben kein Gras mehr.

Noch mehr Fett weg als der Brüsseler Motorrad-Schreck bekam wenig später *Falter*-Herausgeber Armin Thurnher, der Varoufakis in einem Leitartikel unter dem Titel „Schlechtes Benehmen wieder gefragt“ verteidigt hatte. Vielleicht geschah das nicht ganz zu Unrecht: Thurnher kritisierte zwar das dünnhäutige Gehabe der EU-Granden, räumte aber gleichzeitig ein, Varoufakis hätte die Eurozone retten können, wenn er seine Positionen nur mit besseren Manieren vorgetragen hätte. Eine etwas naive Hoffnung, wie selbst Thurnher mit einem Zitat von Karl Marx einsieht – wonach bloße Empörung noch keinen echten Widerstand ersetzt.

Ob die Aufregung um Varoufakis nun tatsächlich das Resultat einer geeinten Bourgeoisie war oder doch nur an seinen mangelnden Manieren lag, konnte am Ende ohnehin nur einer endgültig klären: Michael Jeannée. Der lebt seit Jahren von der kreativen Masche, den *Falter* beharrlich als „Bolschewikenblattl“ zu beschimpfen. Seine jüngste Kolumne leitete er dementsprechend mit den Worten ein: „Sie werden das Wiener Bolschewikenblattl Falter und seinen Chefredakteur Armin Thurnher nicht kennen“ – und unterstellte seinem Publikum damit eine fast schon beleidigende Amnesie. In Jeannées Fall darf man eine solche Gedächtnislücke allerdings ausnahmsweise als wohltuend empfinden."
de_88,de,gemini,"Hier ist eine naturalistische, journalistische Umformulierung im gleichen Stil und mit ähnlicher Länge:

Beim Start seines neuen Streaming-Dienstes Apple Music setzt der iPhone-Konzern auf eine maximale Bitrate von 256 kbps – und bleibt damit seiner bisherigen iTunes-Linie treu. Wie unter anderem das Tech-Portal *TheNextWeb* anmerkt, hinken die Kalifornier damit der gesamten Konkurrenz hinterher. Ob Spotify, Google Play Music, Tidal oder Deezer: Sie alle übertragen Musik mit 320 kbps. Sogar die inzwischen von Apple übernommene Marke „Beats“ hatte diesen Wert einst als Branchenstandard bezeichnet. 

Warum Apple ein niedrigeres Niveau wählt, bleibt zunächst unklar. Zwar ist wissenschaftlich umstritten, ob Hörer den Unterschied zwischen 256 und 320 kbps im Alltag überhaupt wahrnehmen können, zudem spielen Faktoren wie der genaue Codec eine Rolle (hierzu schweigt sich Apple noch aus). Dennoch sorgt die Entscheidung für Kritik: Medien wie *Mashable* werten Apple Music als unausgegoren. Zwar schont die geringere Datenrate das mobile Datenvolumen, allerdings hätte man dies auch den Nutzern selbst überlassen können."
de_89,de,gemini,"**Uni-Zugangsregeln begünstigen Akademikerkinder**

**Wien –** Die Einführung von Zulassungsbeschränkungen an österreichischen Universitäten hat den Anteil von Studierenden aus Akademikerhaushalten in den betroffenen Fächern steigen lassen. Das geht aus einer aktuellen Studie hervor, die am Dienstag bei einer Tagung der Arbeiterkammer (AK) vorgestellt wurde. Die Untersuchung nahm die Entwicklung in Studiengängen wie Human- und Veterinärmedizin, Psychologie, Publizistik und Biologie unter die Lupe. Ausgelöst durch ein EUGH-Urteil, waren solche Hürden hierzulande ab 2005 eingefügt worden.

Besonders deutlich zeigt sich der Trend in der Humanmedizin: Lag der Anteil der Akademikerkinder zwischen 2000 und 2004 noch bei maximal 41 Prozent, kletterte er danach auf über 50 Prozent (aktuell 54,5 Prozent). Ein wesentlicher Faktor dabei ist der Zuzug aus dem Ausland, insbesondere aus Deutschland, wo der Akademikeranteil unter Studierenden generell höher ist – in der Bundesrepublik liegt er laut Ministeriumsangaben bei 68 Prozent, in der Schweiz bei 57 Prozent. Zwar dämpfen feste Quoten von 75 Prozent für Inländer und 20 Prozent für EU-Bürger diesen Effekt, ganz ausgleichen können sie ihn jedoch nicht.

Ähnliche Beobachtungen machten die Forscher in der Veterinärmedizin, wo seit 2005 Eignungstests gelten. Hier sprang der Anteil der Akademikerkinder von 34 auf 46 Prozent im darauffolgenden Jahr. Auch in der Biologie schlug die Regelung direkt an: Als 2005 Beschränkungen eingeführt wurden, stieg der Wert um rund acht Prozentpunkte auf 43 Prozent; nach ihrer Aufhebung im Jahr 2007 fiel er umgehend wieder unter die 40-Marke. In Publizistik und Psychologie trugen ebenfalls vor allem Studierende aus dem Ausland mit höherem sozioökonomischem Hintergrund zu diesem Anstieg bei. Neuere Beschränkungen aus dem Jahr 2013 blieben in dieser Analyse noch außen vor.

Wie stark das Elternhaus den Bildungsweg prägt, belegt eine zweite, von der AK in Auftrag gegebene Untersuchung der Linzer Ökonomen Rene Böheim und Christina Judmayr. Für ihre Studie analysierten sie Daten von mehr als 190.000 Geschwisterpaaren. Das Ergebnis: Wer Geschwister mit maximal Pflichtschulabschluss hat, schafft nur mit einer Wahrscheinlichkeit von drei Prozent den Sprung an die Universität. Mit 44 Prozent ist ein Lehrabschluss oder eine berufsbildende mittlere Schule weitaus wahrscheinlicher, während 39 Prozent ebenfalls nicht über den Pflichtschulabschluss hinauskommen. Umgekehrt machen Geschwister von Akademikern zu 77 Prozent mindestens Matura.

Im internationalen Vergleich ähnelt der österreichische Befund damit stark den Werten aus Skandinavien, während die soziale Herkunft in Deutschland und den USA noch stärkere Auswirkungen zeigt. Obwohl die Daten keine Rückschlüsse darauf zulassen, ob diese Unterschiede biologisch oder sozial bedingt sind, verweisen die Studienautoren auf das Schulsystem: Da eine frühe Trennung von Kindern in unterschiedliche Schultypen die Bildungsungleichheit verstärkt, spiele die Struktur des Bildungssystems eine zentrale Rolle für die Chancengleichheit.

Die Österreichische HochschülerInnenschaft (ÖH) sieht sich durch die Ergebnisse in ihrer Kritik bestätigt. Vizerevisor Florian Kraushofer sprach von einer „protektiven Elitenpolitik“ und forderte abermals die Abschaffung sämtlicher Zugangsbeschränkungen, die aus Sicht der Studierendenvertretung den Zugang für Nicht-Akademikerkinder langfristig erschweren. 

Die Universitätenkonferenz (uniko) betonte hingegen, die Daten müssten differenziert betrachtet werden. Während sich im Bereich der Medizin zweifellos eine soziale Reproduktion der Ärzteschaft zeige, ließen die bisherigen ministeriellen Evaluierungen darüber hinaus keine generellen Hinweise auf negative strukturelle Folgen für die soziale Mischung erkennen, so uniko-Präsident Heinrich Schmidinger."
de_90,de,gemini,"**Wien/Brüssel – Bundeskanzler Werner Faymann (SPÖ) hat sich nach Abstimmung mit EU-Kommissionspräsident Jean-Claude Juncker gegen Grenzzäune in Europa ausgesprochen. Zuvor hatte Innenministerin Johanna Mikl-Leitner (ÖVP) technische Sperren an der Grenze zu Slowenien ins Gespräch gebracht und den Begriff „Zaun“ verwendet. Faymann betonte jedoch in der „ZiB 2“, dass es innerhalb des Schengen-Raums keine Zäune geben werde – weder zu Ungarn noch zu Slowenien. Technische Hilfsmittel würden zudem keinen einzigen Flüchtling abhalten; wer das behaupte, täusche die Bevölkerung. Sinnvoll seien vor allem Maßnahmen direkt in den Krisenregionen.**

Während Mikl-Leitner die Planung der technischen Vorrichtungen auf rund zehn Tage schätzte und betonte, es gehe um eine kontrollierte Abwicklung samt „Tor“, beteuerten sowohl Faymann als auch Vizekanzler Reinhold Mitterlehner (ÖVP), man wolle keine Abschottung. Bundespräsident Heinz Fischer zeigte indes bei einem Auslandsbesuch Verständnis für die Innenministerin und verwies auf die ausgelasteten Kapazitäten Österreichs. Verteidigungsminister Gerald Klug (SPÖ) nannte Alternativen wie Container oder Absperrgitter, mahnte jedoch, die Menschlichkeit nicht zu vernachlässigen.

Der Ansturm an den Grenzen hält indes an: Allein am Mittwochabend harren rund 6.000 Schutzsuchende im steirischen Spielfeld aus, wie die Polizei mitteilte. Der Großteil wurde in Rot-Kreuz-Zelten untergebracht, ein nächtlicher Abtransport in Transitquartiere war geplant. Angesichts der Lage denkt nun auch Slowenien über schärfere Grenzkontrollen nach, falls vereinbarte EU-Beschlüsse ausbleiben. 

Faymann und Juncker forderten in ihrem Telefonat die rasche Umsetzung der Ergebnisse des Balkan-Gipfels, insbesondere die Schaffung von zehntausenden neuen Unterkünften, um eine humanitäre Krise zu verhindern. Die EU-Kommission will die Fortschritte bereits an diesem Donnerstag in einer ersten Videokonferenz überprüfen."
de_91,de,gemini,"Hier ist eine naturalistische, im Nachrichtenton gehaltene Version des Textes:

**„Happy Birthday“ ist frei: Gericht schwächt Warner Music**

Das weltbekannte Geburtstagslied „Happy Birthday to You“ ist offiziell Allgemeingut. Das hat ein Bundesgericht in Los Angeles am Dienstag entschieden und damit eine schwere Niederlage für die Warner Music Group besiegelt. Laut Richter George King besitzt der US-Musikriese mit seiner Tochter Warner/Chappell Music keine gültigen Urheberrechte an dem Song. 

Warner hatte sich die Rechte im Jahr 1988 gesichert und damit zuletzt jährlich rund zwei Millionen Dollar (ca. 1,79 Millionen Euro) eingenommen. Zwar hatte die Firma Clayton F. Summy das Urheberrecht bereits 1935 angemeldet, doch nach Ansicht des Gerichts galt dies damals lediglich für eine bestimmte Klavier-Arrangement-Melodie, nicht jedoch für den Text – die Melodie selbst war ohnehin längst gemeinfrei. 

„Nach 80 Jahren ist *Happy Birthday* endlich frei“, konstatierte Klägeranwalt Randall Newman nach dem Urteil. Geklagt hatten im Jahr 2013 drei Dokumentarfilmer. Komponiert worden war das Stück ursprünglich 1893 von den Schwestern Mildred und Patty Hill unter dem Titel „Good Morning to You“, ehe der weltberühmte Geburtstagstext später hinzukam. In Deutschland war der Song übrigens laut der Gema noch bis Ende 2016 urheberrechtlich geschützt."
de_92,de,gemini,"Hier ist eine in Tonfall und Länge vergleichbare Neufassung im typischen Nachrichtenstil:

**WhatsApp vergrößert Gruppen auf bis zu 256 Mitglieder**

WhatsApp stockt die maximale Teilnehmerzahl für Gruppenchats drastisch auf: Ab sofort können bis zu 256 Nutzer in einer Runde kommunizieren – zuvor lag das Limit bei 100 Mitgliedern. Wie das Technik-Blog *Gadgets* berichtete, steht die Erweiterung nach einem Update der Android- und iOS-App zur Verfügung. 

Beobachter vermuten hinter dem Schritt einen möglichen Strategiewechsel des Messengers. So könnte WhatsApp durch die größeren Gruppen vermehrt als Konkurrenz zu etablierten Business-Diensten wie Slack positioniert werden, um künftig auch für die Unternehmenskommunikation attraktiv zu werden. Experten spekulieren zudem, dass der Mutterkonzern Facebook den Dienst langfristig für kommerzielle Großgruppen monetarisieren könnte. 

Bereits jetzt nutzen zahlreiche Medienhäuser – darunter DER STANDARD – den Messenger zur Verbreitung von Nachrichten. Der anhaltende Erfolg schlägt sich auch in beeindruckenden Nutzerzahlen nieder: Mittlerweile verzeichnet WhatsApp weltweit mehr als eine Milliarde Anwender, die täglich rund 42 Milliarden Nachrichten versenden – doppelt so viele wie weltweit via SMS verschickt werden."
de_93,de,gemini,"Hier ist eine sprachlich überarbeitete Version im natürlichen Nachrichtenstil, die das Thema und die Länge beibehält:

**Hundstorfer kritisiert Hofers Burschenschafts-Vergangenheit**

Im österreichischen Präsidentschaftswahlkampf nimmt SPÖ-Kandidat Rudolf Hundstorfer seinen FPÖ-Rivalen Norbert Hofer wegen dessen ideologischer Wurzeln ins Visier. Während die FPÖ mit dem Slogan „Aufstehen für Österreich“ wirbt, verweist Hundstorfer auf Hofers Mitgliedschaft in der Burschenschaft „Marko-Germania zu Pinkafeld“. 

Unter Berufung auf Analysen des Dokumentationsarchivs des österreichischen Widerstandes (DÖW) kritisiert der SPÖ-Politiker das dortige Verständnis der Nation. Laut einer Festschrift der Verbindung aus dem Jahr 1994 werde die Eigenstaatlichkeit Österreichs als „geschichtswidrige Fiktion“ abgelehnt, die seit 1945 in den Köpfen der Bürger verankert worden sei. Zwar bekenne sich die Burschenschaft formal zum Staat, berufe sich zugleich aber auf ein deutsches Vaterland jenseits der Landesgrenzen. Für Hundstorfer ist es unbegreiflich, dass ein Mitglied einer solchen Vereinigung das höchste Amt im Staat anstreben will.

Zudem stößt sich der SPÖ-Kandidat an weiteren Passagen der Festschrift. Darin wird der gesellschaftliche Pluralismus als Gefahr bezeichnet; die Verbindung sehe sich als „Trutzburg“ gegen die liberale Gesellschaft. Auch die dort geforderte Abkehr von der „Ideologie der Masse“ zugunsten einer neuen Elitenbildung wertet Hundstorfer als bezeichnend für den Hintergrund seines Mitbewerbers."
de_94,de,gemini,"Hier ist eine neu formulierte Version im professionellen Nachrichtenstil, die den Inhalt prägnant und flüssig zusammenfasst:

***

**Peter Zeidler übernimmt Traineramt bei Red Bull Salzburg**

Beim österreichischen Serienmeister FC Red Bull Salzburg ist die Nachfolge von Adi Hütter geklärt: Neuer Cheftrainer wird Peter Zeidler. Der 52-jährige Deutsche hat einen Vertrag bis Sommer 2017 unterschrieben. 

Zeidler ist im Verein bestens bekannt. Seit September 2012 betreute er das Ausbildungsteam des FC Liefering und führte die jungen Spieler in der abgelaufenen Saison auf den starken zweiten Tabellenplatz der Ersten Liga. Sportdirektor Christoph Freund begründete die interne Lösung: „Peter Zeidler kennt unsere Vereinsphilosophie in- und auswendig und hat unseren Weg in Liefering über Jahre erfolgreich mitgeprägt. Wir sind von seiner fachlichen Qualität absolut überzeugt.“

Der neue Chefcoach blickt seiner neuen Aufgabe mit großer Vorfreude entgegen. „Es ist eine spannende und reizvolle Herausforderung, diesen Klub zu trainieren. Ich brenne darauf, mit der Mannschaft und dem Betreuerstab loszulegen“, so Zeidler, der seine erste Übungseinheit am kommenden Samstag leiten wird; zuvor stehen ab Donnerstag medizinische Leistungstests an.

Auch im Trainerteam gibt es Veränderungen: Da Zsolt Löw zum deutschen Schwesterklub RB Leipzig wechselt, rücken Richard Kitzbichler und der bisherige U15-Coach Gerhard Struber als Co-Trainer an Zeidlers Seite. Die Nachfolge von Zeidler beim FC Liefering tritt indes Thomas Letsch an, der bislang für die U18 verantwortlich war und künftig gemeinsam mit Co-Trainer René Aufhauser die Geschicke des Zweitligisten leitet.

*(red, 21.6.2015)*

**Zur Person: Peter Zeidler**
* **Geburtsdatum/-ort:** 8. August 1962 in Schwäbisch-Gmünd (Deutschland)
* **Wichtigste Stationen:** U.a. VfB Stuttgart (Nachwuchs), Co-Trainer bei 1899 Hoffenheim unter Ralf Rangnick, Tours FC (Frankreich) sowie ab 2012 FC Liefering.
* **Größte Erfolge:** Regionalliga-Meistertitel und Aufstieg mit Liefering (2013) sowie zweimalige Top-Plätze in der Ersten Liga (Plätze 3 und 2)."
de_95,de,gemini,"Hier ist eine zeitgemäße, natürliche Nachrichtenversion, die Länge und Thema beibehält:

Wer das Finale der fünften „Game of Thrones“-Staffel am 14. Juni noch vor sich hatte, musste im Netz extrem wachsam sein. Pünktlich zum Serienende glichen Twitter, Facebook und Nachrichtenportale einem Minenfeld aus Enthüllungen. Glücklicherweise gibt es zahlreiche Tools, um dem ungewollten Verrat von Handlungsdetails zu entgehen. 

Für den Google Chrome-Browser empfiehlt sich etwa die Erweiterung „Silencer“. Damit lassen sich Beiträge auf Facebook und Twitter basierend auf bestimmten Keywords ausblenden. Über sogenannte „Mute Packs“ lässt sich das Ganze sogar bequem für ganze Serien einrichten. Ähnlich arbeitet „Spoiler Alert“: Die Chrome-Extension deckt Spoiler – sogar auf Wikipedia – mit einer Warnblende ab, benötigt dafür allerdings eine Registrierung. 

Auch plattformübergreifende Helfer wie die App „Spoiler Shield“ für iOS, Android und Chrome filtern Handlungsstränge zu mehr als 50 Serien und Sportereignissen aus den Social-Media-Feeds. Wer Twitter direkt nutzt, kann störende Begriffe oder Accounts ohnehin in den Einstellungen von Clients wie TweetDeck blockieren. 

Gegen generellen Social-Media-Lärm hilft zudem die Erweiterung „Facebook Purity“ für Chrome und Firefox, während „CommentBlocker“ gezielt nervige Spoiler in den Kommentarspalten besuchter Webseiten stoppt. 

*(Autorin: Birgit Riegler, 15.6.2015)* 

Wie schützen Sie sich im Netz vor lästigen Spoilern? Welche Apps, Erweiterungen oder Tricks nutzen Sie? Schreiben Sie es uns in die Kommentare!"
de_96,de,gemini,"Hier ist eine überarbeitete Version im natürlichen Nachrichtenstil, die in Länge und Inhalt dem Original entspricht:

**ORF-Korrespondent Raimund Löw startet mit „Inside Asia“ eine neue Gesprächsreihe, die ab kommendem Donnerstag in ORF 3 zu sehen ist. Das Konzept verspricht eine Debatte frei von Zensur und Tabus.**

Wien – Eine Diskussion zwischen chinesischen Experten und ausländischen Journalisten ohne Einschränkungen – was ORF-Peking-Korrespondent Raimund Löw für das neue Format ankündigt, ist in der Volksrepublik normalerweise undenkbar. Ein derart offener politischer Meinungsaustausch sei äußerst ungewöhnlich, erklärte Löw im Gespräch mit dem „Standard“. Die vierteljährlich geplante Sendung „Inside Asia“ startet am Donnerstag, dem 25. Juni, um 21.05 Uhr in ORF 3.

Angesichts der massiven Einschränkungen – im Pressefreiheit-Ranking von „Reporter ohne Grenzen“ belegt China Platz 176 von 180, begleitet von inhaftierten Journalisten und staatlicher Kontrolle – war die Suche nach Teilnehmern laut Löw ein Drahtseilakt. Als Auslandskorrespondenten sei man zwar nicht der lokalen Zensur unterworfen, doch der Druck nehme zu und der Generalverdacht schwinge stets mit. 

Für die Premiere konnten dennoch hochkarätige Gäste gewonnen werden: Neben dem Pekinger Wirtschaftsprofessor Shi Shiwei und dem Politikwissenschaftler Liu Liqun diskutieren die österreichische Botschafterin Irene Giner-Reichl sowie der „Standard“- und „Welt“-Korrespondent Johnny Erling.

In Anlehnung an das EU-Format „Inside Brüssel“ widmet sich „Inside Asia“ den großen geopolitischen Fragen der Region. Im Fokus stehen Themen wie Chinas wirtschaftlicher und gesellschaftlicher Wandel, das Verhältnis zu den USA und Europa sowie asiatische Lösungsansätze für globale Herausforderungen vom Umweltschutz bis zum Terrorismus. Auch die Nachwirkungen des Zweiten Weltkriegs in Asien 75 Jahre nach Kriegsende sollen beleuchtet werden. *(omark, 22.6.2015)*"
de_97,de,gemini,"Hier ist eine umformulierte Version im typischen Nachrichtenstil, die Länge und Thema beibehält:

**New York –** Mit einer drastischen Titelseite zur US-Waffendebatte hat die „New York Daily News“ heftige Reaktionen ausgelöst. Anlass für das provokante Cover am Donnerstag war der blutige Amoklauf von San Bernardino mit 16 Toten. „Gott bringt das nicht in Ordnung“, titelte das Boulevardblatt in riesigen Lettern. Dazu war zu lesen, dass sich Feiglinge, die der Waffenkrise ein Ende bereiten könnten, hinter bedeutungslosen Phrasen verstecken, während die Opfer in ihrem Blut liegen. Die Zeitung stellte dem vier Tweets von US-Politikern und Präsidentschaftsbewerbern gegenüber, die den Hinterbliebenen standardmäßig ihre Gebete zusicherten – eine in den USA übliche, aber zunehmend umstrittene Floskel. 

Das Aufmacherblatt stieß im Netz und bei anderen Medien auf geteiltes Echo. Viele Kommentatoren und Politiker unterstützten den Vorstoß und forderten angesichts der Serie von Schießereien konsequentes Handeln statt leerer Glaubensbekundungen. Kritiker warfen der Zeitung hingegen vor, sich in unangebrachter Weise über religiöse Gefühle und Gebete lustig zu machen. Die traditionsreiche „New York Daily News“ gehört dem Verleger Mortimer Zuckerman, erscheint in einer Auflage von rund 300.000 Exemplaren und gilt im Vergleich zur „New York Times“ als volksnaher."
de_98,de,gemini,"Hier ist eine umformulierte Version im natürlichen Nachrichtenstil, die Länge und Thema beibehält:

Der angebliche Super-GAU in der IT-Welt war offenbar nur ein PR-Gag: Entgegen erster Berichte hat der Unternehmer Marco Marsala seine Firma nicht versehentlich mit einem einzigen Befehl komplett gelöscht. Wie er der italienischen Zeitung *La Repubblica* verriet, handelte es sich dabei um eine bewusste Inszenierung, um Aufmerksamkeit für sein Startup zu generieren, das Outsourcing-Dienstleistungen für Server-Management anbietet. Völlig frei erfunden sei die Anekdote allerdings nicht – Marsala will von einem ähnlichen Vorfall aus der Vergangenheit bei einem Bekannten gehört haben. Zahlreiche Medien, darunter auch der *WebStandard*, hatten zuvor über das angebliche Missgeschick berichtet. In Internetforen reichte die Bandbreite der Reaktionen von echtem Mitgefühl bis hin zu offener Schadenfreude. Ob sich die Aktion für Marsala gelohnt hat, ist jedoch fraglich: Statt neuer Kunden erntet der Gründer nun vor allem Kritik als Internet-Troll."
de_99,de,gemini,"Hier ist eine sprachlich überarbeitete Version im natürlichen Nachrichtenstil, die den Inhalt und die Länge des Originals beibehält:

**Geheime Kammern gesucht: Wissenschaftler scannen vier Pyramiden bis Ende 2016**

Kairo – Mit modernster Technik wollen ägyptische Forscher gemeinsam mit internationalen Experten das Innere der großen Pyramiden nach bisher unentdeckten Hohlräumen durchsuchen. Ein Team aus Frankreich, Kanada und Japan setzt dabei auf Infrarot-Scans und hochempfindliche Detektoren, um einige Meter tief in das antike Gemäuer vorzudringen. Wie Altertümer-Minister Manduh al-Damati bekannt gab, konzentriert sich das bis Ende 2016 angesetzte Projekt auf vier Monumente: die Cheops- sowie die Chephren-Pyramide in Gizeh und zwei etwas weniger bekannte, aber ebenso imposante Bauwerke im südlich von Kairo gelegenen Dahschur. Die Cheops-Pyramide – benannt nach dem Pharao, der um 2638 bis 2613 v. Chr. regierte – ist das größte Bauwerk dieser Art und das einzige erhaltene der Sieben Weltwunder der Antike. Namensgeber der Mittleren Pyramide ist Chephren, der von ca. 2558 bis 2532 v. Chr. herrschte. Bei den beiden Anlagen in Dahschur handelt es sich um die Knickpyramide und die Rote Pyramide, die im 27. Jahrhundert vor unserer Zeitrechnung unter Pharao Snofru entstanden und in ihrer Größe sogar die Mykerinos-Pyramide übertreffen. Laut Damati könnte dieselbe Technologie eventuell auch bei einer erneuten Untersuchung von Tutanchamuns Grab zum Einsatz kommen. Der vor rund 3.300 Jahren lebende Pharao, berühmt durch seine goldene Totenmaske, war nach Ansicht vieler Experten der Sohn Echnatons. Da Nofretetes Grab beziehungsweise ihre Mumie bis heute verschollen ist, spekulieren Archäologen – wie etwa der Brite Nicholas Reeves in einer jüngeren Studie –, ob sie womöglich in einer versteckten Seitenkammer des Tutanchamun-Grabes ruht. *(APA, red, 26.10.2015)*"
de_100,de,gemini,"Hier ist eine neu formulierte Version im typischen Nachrichtenstil, die Länge und Thema beibehält:

**Siemens streicht und verlagert Tausende Stellen in Deutschland**

Wegen anhaltender Schwierigkeiten in der Sparte für Prozessindustrie und Antriebe klettert der Dax-Konzern Siemens zu einem großen Umbau. Weltweit stehen rund 2.500 Arbeitsplätze auf der Kippe, wie das Unternehmen am Mittwoch in München bekannt gab. Gut 2.000 davon entfallen auf Deutschland, wobei der Schwerpunkt auf bayerischen Standorten liegt. Etwa die Hälfte der betroffenen Jobs soll ganz wegfallen, der Rest an andere Orte verlagert werden. Als Hauptgrund nannte Siemens den verschärften Wettbewerb in den Branchen Öl, Gas, Metall und Bergbau. Besonders stark trifft es die Werke in Nürnberg (ca. 750 Stellen), Ruhstorf bei Passau (ca. 700), Bad Neustadt an der Saale (ca. 350) und Erlangen (gut 150). In Berlin sind zudem 20 bis 30 Arbeitsplätze betroffen. 

Die IG Metall kündigte umgehend massiven Widerstand an. Bayerns Bezirkschef Jürgen Wechsler warf dem Management vor, reflexartig und ohne neue Ideen auf Marktveränderungen zu reagieren. Von der einst versprochenen Ruhe im Konzern sei unter Chef Joe Kaeser nichts zu spüren. Die betroffene Division stellt unter anderem Großantriebe für die Rohstoffindustrie her. Infolge des drastischen Preisverfalls beim Öl halten sich Kunden derzeit stark mit Aufträgen zurück, was bereits im Vorjahr zu einem Chefwechsel in der Sparte geführt hatte. Die Division, die weltweit rund 46.000 und in Deutschland etwa 16.000 Menschen beschäftigt, erzielt einen Jahresumsatz von rund neun Milliarden Euro.

Kaeser hat seit seinem Amtsantritt im Zuge diverser Restrukturierungen bereits rund 13.000 Arbeitsplätze abgebaut. Gleichzeitig betonte Siemens, den Umbau zum digitalen Industriekonzern weiter voranzutreiben. Dank höherer Investitionen, etwa in Forschung und Entwicklung, rechnet das Unternehmen in den kommenden Jahren weltweit mit mindestens 25.000 Neueinstellungen jährlich, davon rund 3.000 in Deutschland."
de_101,de,gemini,"Hier ist eine Neufassung im natürlichen, sachlichen Nachrichtenstil, die in Länge und Inhalt dem Original entspricht:

**Geplante Öffi-Reform für Floridsdorf: Straßenbahnnetz soll für Krankenhaus Nord umgebaut werden**

Passend zum Bau des neuen Krankenhauses Nord in Floridsdorf zeichnet sich im Norden Wiens eine umfassende Reform des Straßenbahnnetzes ab. Laut übereinstimmenden Insiderinformationen stehen vier Tram-Linien vor großen Änderungen, um das künftige Großspital optimal anzubinden. Eine offizielle Bestätigung der Wiener Linien steht jedoch noch aus – Kritiker vermuten dahinter vor allem Einsparungsabsichten.

Die medizinische Versorgung im 21. Bezirk gilt seit Langem als verbesserungswürdig. Das künftige Krankenhaus Nord soll diesen Missstand beheben, auch wenn sich der Zeitplan der Stadt in der Vergangenheit mehrfach verschoben und das Budget deutlich erhöht hat. Neben dem Bau des Spitals ist vor allem eine funktionierende Verkehrsanbindung entscheidend. Frühere Forderungen nach einer U6-Verlängerung wurden zwar verworfen, nun greifen die Verantwortlichen jedoch zu einer Neuordnung des Tramnetzes. 

Wie aus dem Umfeld der Verkehrsbetriebe durchsickerte, wurden lokale Entscheidungsträger bereits eingeweiht. Demnach sind folgende Änderungen geplant: Die Linie 25 soll künftig nicht mehr an der U-Bahn-Station Floridsdorf enden, sondern über die Brünner Straße direkt am Krankenhaus Nord vorbei bis zur Hanreitergasse geführt werden. Die bisher dort verkehrende Linie 30 wird im Zuge dessen eingestellt. 

Zudem ist ein Tausch der nördlichen Linienäste vorgesehen: Die Linie 26 soll ab der U6-Station Floridsdorf künftig die Strecke der wegfallenden Linie 30 bis nach Stammersdorf übernehmen. Der vom Schottenring kommende 31er wird dagegen umgeleitet und bedient künftig den bisherigen Nordwestast des 26ers nach Strebersdorf – eine Strecke, die historisch bereits als Linie 32 bekannt war und möglicherweise auch wieder so benannt wird.

Kritiker bemängeln allerdings, dass durch den Wegfall des 30ers und die veränderten Streckenführungen weniger Züge im Einsatz sein könnten. Sie befürchten spürbar längere Wartezeiten und eine generelle Ausdünnung der Intervalle, besonders auf dem Weg nach Strebersdorf. Laut internen Stimmen könnten finanzielle Einsparungen ein wesentlicher Grund für die Reform sein. Ein offizieller Beschluss wird daher erst für die Zeit nach der Wiener Gemeinderatswahl erwartet.

Wiener-Linien-Sprecher Answer Lang bestätigte grundsätzlich, dass Anpassungen im 21. Bezirk geprüft werden. Es gebe das klare Bekenntnis, das Straßenbahnnetz gemeinsam mit dem neuen Zentrum rund um das Krankenhaus Nord weiterzuentwickeln. Man befinde sich dazu in guten Gesprächen mit Bezirksvorsteher Georg Papai, wollte die konkreten Details der kolportierten Pläne zum jetzigen Zeitpunkt jedoch weder bestätigen noch dementieren."
de_102,de,gemini,"Hier ist eine journalistisch überarbeitete Version im natürlichen Nachrichtenstil, die den Inhalt und die Länge des Originals beibehält:

**Wien/Graz – Nach seiner heftigen Kritik an FPÖ-Chef Heinz-Christian Strache im Zuge der Amokfahrt von Graz zeigt sich Sturm-Graz-Profi Marko Stankovic von den Reaktionen überrumpelt. „Schämen Sie sich“, hatte der Kicker am Samstag auf Facebook geschrieben, nachdem Strache dort die Herkunft des Täters thematisiert hatte.**

Im Gespräch mit dem *STANDARD* äußerte sich der verletzte Spieler am Montag zu den Hintergründen. Auf die Frage, ob er mit einem derartigen Medienecho gerechnet habe, antwortete Stankovic: „Mir war klar, dass man als Bundesliga-Spieler im Fokus steht. Aber diese Dimension hat mich dann doch überrascht.“ Bereuen tue er seinen Post keineswegs: „Ich habe niemanden beleidigt und wollte nur meine Meinung kundtun.“ Er sei in diesem Moment stark emotionalisiert gewesen, da seine Frau die schrecklichen Ereignisse in der Herrengasse hautnah miterleben musste und nur knapp entkommen war. „Vielleicht habe ich deshalb dünnhäutiger reagiert.“

Negative Kommentare im Netz lese er zwar nicht, aus seinem direkten Umfeld habe er jedoch generationsübergreifend viel Zuspruch erhalten. Stolz mache ihn das nicht, betonte der Fußballer, der sich selbst als politisch desinteressiert beschreibt: „Es ging mir nicht darum, gegen die FPÖ zu schießen.“ Vielmehr habe ihn gestört, dass bei der Tragödie sofort die Herkunft des Täters debattiert wurde, anstatt Mitgefühl zu zeigen: „Für Parteipolitik ist da kein Platz.“

Zu seiner Rolle als Vorbild befragt, meinte Stankovic, es sei zwar wichtig, nicht negativ aufzufallen, da Jugendliche zu Sportlern aufsehen, das Ganze dürfe man aber auch nicht übertreiben. Auf seine eigenen Wurzeln angesprochen – seine Eltern stammen aus Serbien –, erklärte er, in Österreich nie Diskriminierung erlebt zu haben. Auch die oft diskutierte Herkunft mancher Nationalspieler sieht er pragmatisch: „Unsere Namen enden auf ‚-vic‘, na und? Wir spielen für Österreich, weil wir alle Österreicher sind.“"
de_103,de,gemini,"Hier ist eine inhaltlich identische, frisch formulierte und auf etwa dieselbe Länge gekürzte Version im professionellen, aber flüssigen Tonfall eines Magazin-Interviews:

***

**Vom politischen Wunderkind zum Werbe-Manager: Niko Pelinka über den Silicon-Valley-Spirit, YouTube-Stars und warum er dem ORF keine Träne nachweint.**

Wien – Mit 20 Jahren war er Pressesprecher einer Ministerin, mit 23 lenkte er den SPÖ-Freundeskreis im ORF-Stiftungsrat und fädelte die Wrabetz-Wiederwahl ein. Als er Ende 2011 dessen Büroleiter werden sollte, liefen die Redakteure Sturm – ein Intermezzo, das Niko Pelinka heute als heilsamen, wenngleich lehrreichen Fehltritt verbucht. Mittlerweile, mit 28, steuert er seit gut drei Jahren die Fäden der Kobza-Werbeholding (Lowe GGK, McCann, FCB) und mischt bei Medienprojekten wie R9 oder dem „Biber“ mit. Zudem holte er kürzlich mit Partnern wie Eveline Steinberger-Kern den „Innovation Club“ aus der Taufe, um heimische Manager mit dem Silicon Valley zu vernetzen. Das Gespräch dazu führten wir – passend zu seinem Faible für globale Perspektiven – kurz nach einem Studienaufenthalt an der Hult International Business School in Schanghai.

STANDARD: Sie waren kürzlich mit hochkarätigen heimischen Köpfen wie ORF-Chef Wrabetz im Silicon Valley. Was kann sich unsere Kommunikationsbranche da abschauen?  
Pelinka: Nicht nur unsere Branche, die ohnehin im permanenten Wandel ist. Europas gesamte Wirtschaftsmuskeln und Entscheidungsträger – von Banken bis zum Gesundheitswesen – müssen begreifen, wie radikal die digitale Transformation alles umkrempelt. Wer künftig den Ton angibt, entscheidet sich genau hier.  

STANDARD: Sie haben dazu quasi ein missionarisches Business-Reisebüro gegründet.  
Pelinka: Zusammen mit Eveline Steinberger-Kern und Markus Wagner rufen wir den „Innovation Club“ ins Leben. Wir organisieren themenspezifische Touren nach Kalifornien – etwa für Medizintechnik oder Mobilität –, veranstalten heimische Vernetzungs-Events und wollen künftig sogar Trainee-Plätze in der Bay Area vermitteln. Das ist ein rein gemeinnütziger Impuls für den Wissensaustausch.  

STANDARD: Wenn das nebenbei auch das eigene Agenturgeschäft ankurbelt, wird es niemanden stören.  
Pelinka: Das ist nicht der primäre Zweck. Es geht um Innovationsgeist in der Gesellschaft. Aber natürlich: Wer dort war, erkennt den Handlungsbedarf. Und wer seine Schlüsse zieht, investiert am Ende auch eher in moderne Dienstleistungen.  

STANDARD: Was nehmen Sie speziell für die Werbewelt mit?  
Pelinka: Alles wandelt sich rasant, und Prognosen sind schwierig. Aber im Valley lernt man einen extrem positiven Zugang. Während Europa oft verunsichert und pessimistisch abwägt, probiert man dort Dinge einfach direkt am Kunden aus.  

STANDARD: Sie leiten eine Gruppe aus klassischen Werbe- und PR-Agenturen. Wie passt das zur schnelllebigen Digitalwelt?  
Pelinka: Wir gründen alle ein bis zwei Jahre neue Einheiten, weil die Spezialisierung enorm steigt. Ein aufwendig produzierter Werbespot, der einfach online gestellt wird, verpufft bei jungen Zielgruppen völlig. Man muss die Spielregeln neuer Kanäle akzeptieren – oder wird unsichtbar.  

STANDARD: Deswegen auch das YouTube-Netzwerk „Diego5“? Wie wirbt man dort eigentlich richtig?  
Pelinka: Reine Präsenz reicht nicht. Man wird als Unternehmen im Grunde selbst zum Medium, statt sich nur klassischer Plattformen zu bedienen. Ein starkes internationales Beispiel dafür ist etwa „Coke TV“.  

STANDARD: Kann man mit der Vermarktung von YouTube-Stars in Österreich überhaupt Geld verdienen?  
Pelinka: Im Moment noch nicht primär – das ist ein langfristiges Projekt. Wir sind Österreichs erstes Multichannel-Network und agieren im Grunde wie eine Talentagentur für die Creators. Diese Leute haben enorme Deutungshoheit in wichtigen Zielgruppen. Unsere Aufgabe ist es, sie mit werbetreibenden Marken sinnvoll zusammenzubringen.  

STANDARD: Klingt nach fließenden Grenzen zur Schleichwerbung.  
Pelinka: Kooperationen müssen klar gekennzeichnet sein, das hat sich in der Community längst etabliert – oft schneller als jedes Gesetz es regeln könnte. Wir bewegen uns hier im Feld des „Branded Entertainment“. Die klassische Trennlinie zwischen PR, Marketing und Inhalt existiert schlicht nicht mehr.  

STANDARD: Sie investieren also langfristig, ohne sofortigen Profitdruck?  
Pelinka: Das ist im Grunde ein sehr amerikanischer Ansatz. Auch soziale Netzwerke haben erst extrem spät über Monetarisierung nachgedacht, weil sie dank Venture Capital vorher massiv Communitys aufgebaut haben. Das gefällt mir: Selbst im extrem kapitalistischen Silicon Valley steht das schnelle Geld oft erst an zweiter Stelle.  

STANDARD: Nun drängt die Kobza-Group aber nicht nur ins Netz, sondern wächst auch geografisch Richtung Deutschland. Was ist der Plan?  
Pelinka: Unser Fokus ist ohnehin längst der deutschsprachige Raum. Mit Diego5 und unserer Partnerin Sandra Thier sind wir bereits in Berlin vertreten und betreuen große deutsche Kunden. Ich kann mir gut vorstellen, dass wir dieses Modell auch für andere Agenturen unserer Gruppe ausrollen.  

STANDARD: Kommen wir noch einmal auf Ihre eigene Biografie zurück: War das geplatzte Engagement als Wrabetz-Büroleiter 2011 im Nachhinein ein Glücksfall?  
Pelinka: Auf persönlicher Ebene und bezogen auf die Lebensqualität: absolut. Und erfahrungsmäßig gilt auch hier das Valley-Prinzip: Man muss den Mut haben, Dinge auszuprobieren. Wenn meine Bewerbung damals ein Fehler war, habe ich verdammt viel daraus gelernt und bin daran gewachsen.  

STANDARD: Der politische ORF ist also für Sie kein Thema mehr?  
Pelinka: Null, das Kapitel ist komplett abgeschlossen. Die Welt ist viel zu groß und bietet zu viele spannende Aufgaben.  

STANDARD: Dennoch macht das öffentlichkeitsnahe Geschäft bei den Kobza-Agenturen einen ordentlichen Anteil aus.  
Pelinka: Tatsächlich machen wir schätzungsweise nicht einmal 20 Prozent unseres Umsatzes mit der öffentlichen Hand – das ist für eine Gruppe unserer Größe im internationalen Vergleich absolut im Rahmen, wenngleich strategisch nicht unser Hauptfokus."
de_104,de,gemini,"**Überraschende Unterstützung für Apple im iPhone-Streit: Ehemann eines Opfer kritisiert FBI-Pläne**

Im juristischen Streit zwischen dem FBI und Apple um die Entsperrung des iPhones eines San-Bernardino-Attentäters bekommt der Technologiekonzern prominenten Rückhalt. Salihin Kondoker, dessen Frau den Terroranschlag schwer verletzt überlebte, hat sich per Gerichtseingabe auf die Seite von Apple gestellt. Wie das Portal *Buzzfeed* berichtet, wendet er sich gegen den Zwang zur Bereitstellung einer Entschlüsselungssoftware. 

Kondoker bezweifelt, dass sich auf dem Diensttelefon des Attentäters überhaupt relevante Ermittlungsspuren finden. Da es sich um ein Arbeitsgerät der lokalen Behörde handelte, sei bekannt gewesen, dass die Verwaltung Zugriff auf den Standort sowie iCloud- und Mobilfunkdaten hatte. Für die Planung der Bluttat sei das Smartphone daher kaum genutzt worden – zumal die Attentäter ihre privaten Handys nach der Tat gezielt zerstörten. 

Zunächst hatte Kondoker Sorge, Apples Blockade könnte die Aufklärung gefährden. Mittlerweile befürchtet er jedoch, dass ein richterlicher Zwang zur Umgehung der Sicherheitsvorkehrungen einen gefährlichen Präzedenzfall für die Massenüberwachung unschuldiger Bürger schafft. Die Skepsis bezüglich des Nutzens des Geräts teilen auch der lokale Polizeichef und FBI-Direktor James Comey. Letzterer pocht dennoch auf den Zugriff, um den Opfern und Hinterbliebenen gerecht zu werden."
de_105,de,gemini,"Hier ist eine naturalistische, journalistische Zusammenfassung im typischen Nachrichtenstil:

**Wien – Mit einer Gedenkfeier im Parlament haben die Spitzen der österreichischen Republik am Montagabend ein starkes Zeichen gegen die Terroranschläge von Paris gesetzt. Neben der Politik gedachten auch Vertreter der Zivilgesellschaft und der französische Botschafter der Opfer.**

Nationalratspräsidentin Doris Bures (SPÖ) betonte in ihrer Eröffnungsrede in der Säulenhalle, dass das Parlament wie kein anderer Ort für die Werte der Demokratie stehe, die von den Attentätern so grausam bekämpft würden. Gleichzeitig warnte sie davor, sich bei sicherheitspolitischen Entscheidungen von Angst leiten zu lassen. 

Auch Bundespräsident Heinz Fischer mahnte, die europäischen Grundwerte im Anti-Terror-Kampf hochzuhalten. Der Terror richte sich nicht gegen eine bestimmte Religion oder Nationalität. Fischer warnte eindringlich davor, Flüchtlinge zu Sündenböcken zu machen: Sie dürften nicht doppelt zu Opfern werden – einmal durch den Fanatismus der Täter und nun durch pauschale Verurteilungen im Nachhinein.

Vizekanzler Reinhold Mitterlehner (ÖVP) hob hervor, dass der Anschlag der Gesellschaft als Ganzes gegolten habe. Bei der schwierigen Debatte über die Balance zwischen Freiheit und staatlicher Überwachung müsse nun sehr sensibel vorgegangen werden. Langfristig brauche es in der Region einen Waffenstillstand und demokratische Prozesse, um dem „Islamischen Staat“ (IS) die Basis zu entziehen.

Bundeskanzler Werner Faymann (SPÖ) forderte einen geschlossenen Zusammenhalt und betonte, man lasse sich nicht einschüchtern. Gerade im Umgang mit den Menschen, die vor dem Terror geflüchtet seien, müsse Europa beweisen, dass es die Menschenrechte ernst nehme. 

Musikalisch umrahmt wurde die Veranstaltung von Mitgliedern der Wiener Philharmoniker. Abseits der offiziellen Gedenken mahnte unterdessen die IG Autoren, Europa dürfe sich durch den Terror nicht spalten lassen; der Bau neuer Grenzzäune und die Abschottung seien der falsche Weg."
de_106,de,gemini,"Hier ist eine überarbeitete Version im natürlichen Nachrichtenstil, die Länge und Thema beibehält:

**Salzburg –** Trotz des jüngsten Todes seines künstlerischen Leiters Gerhard Eder präsentiert sich das Gratisfestival „Jazz & The City“ in seiner 16. Ausgabe gewohnt hochkarätig und vielseitig – das umfangreiche Programm trägt noch Eders Handschrift. Den Auftakt am Donnerstag macht die internationale Vielfalt der modernen afrikanischen Musik. Den Anfang bestreitet der tunesische Oud-Spieler und Sänger Dhafer Youssef, der orientalische Traditionen mühelos mit westlichem Rock, Jazz und Improvisation verknüpft. Ein weiteres Highlight folgt mit dem 75-jährigen Schlagzeuger Tony Allen, einst Mitbegründer des Afrobeats an der Seite von Fela Kuti. Nach Kollaborationen mit Größen wie Damon Albarn oder Charlotte Gainsbourg stellt er sein aktuelles, polyrhythmisches Album „Film of Life“ (2014) vor. 

Das Wochenende bringt dann echte Hochkaräter der Jazzgitarre nach Salzburg. Am Samstag treffen mit Gitarrist John Scofield und Saxofonist Joe Lovano zwei langjährige Weggefährten aufeinander, die mit ihrem Quartett das neue Album „Past Present“ präsentieren – eine gelungene Mischung aus Fusion, Funk und modernem Jazz. Vor eine schwere Wahl stellt Fans zur gleichen Zeit ein Auftritt in den Kavernen: Bill Frisell, ebenfalls Meister seines Fachs, gastiert erstmals in Österreich und widmet sich mit „Music For Strings“ einer Hommage an die US-Protestikone Woody Guthrie, unterstützt von einem Streichertrio. Zum Abschluss am Sonntag treffen im Duo der österreichische Avantgarde-Gitarrist Christian Fennesz und der norwegische Trompeter Arve Henriksen aufeinander und verbinden atmosphärische Melodien mit elektronischem Rauschen."
de_107,de,gemini,"Hier ist eine neu formulierte Version im natürlichen Nachrichtenstil, die das Thema und die Länge des Originals beibehält:

US-amerikanische Großkonzerne wie Apple, Microsoft, Google oder der Pharmariese Pfizer lassen weiterhin gigantische Geldsummen im Ausland, um dem heimischen Fiskus zu entkommen. Anfang 2015 hatten US-Unternehmen außerhalb des Finanzsektors nach Berechnungen der Ratingagentur Moody’s liquide Mittel in Höhe von 1,73 Billionen Dollar (rund 1,6 Billionen Euro) angehäuft – ein historischer Höchstwert und ein Plus von vier Prozent gegenüber dem Vorjahr. Diese Summe übersteigt sogar das kombinierte Vermögen der 70 reichsten Menschen der Welt, wie das „Forbes“-Magazin errechnete. 

Laut Moody’s-Analyst Richard Lane wird der Löwenanteil dieser Cash-Reserven vom Technologie-Sektor gehalten, gefolgt von der Gesundheits-, Pharma- und Energiebranche. Untersuchungen der US-Notenbank Federal Reserve zeigen, dass börsennotierte Konzerne ihre flüssigen Mittel seit dem Abklingen der Finanzkrise 2008 kontinuierlich aufgestockt haben. 

Ein Hauptgrund dafür ist die US-Steuerpolitik. Rund 64 Prozent der Reserven – etwa 1,1 Billionen Dollar – parkten zum Jahreswechsel im Ausland. Werden Auslandsgewinne in die Vereinigten Staaten repatriiert, verlangt der Fiskus dafür Steuern von bis zu 35 Prozent. Dies schafft einen starken Anreiz für international aufgestellte Unternehmen, ihre Erlöse dort zu belassen, wo sie erwirtschaftet wurden. 

Diese Praxis sowie die hohen US-Steuersätze auf Auslandserträge sind in den Vereinigten Staaten ein anhaltendes Politikum. Um den Abgaben zu entgehen, verlegen immer mehr Konzerne ihren Sitz ins Ausland oder nutzen entsprechende Steuerstrukturen bei Fusionen. Kleine Oasen wie die Bermudas oder die Cayman Islands, aber auch europäische Staaten wie Irland und Luxemburg locken mit niedrigen Steuersätzen. Besonders für Tech- und Pharmakonzerne ist dies unkompliziert, da sie Gewinne über Patente und geistiges Eigentum flexibel dorthin verschieben können, wo die steuerlichen Bedingungen am günstigsten sind.

Die Liste der US-Firmen mit den größten Barreserven führen laut Moody’s Apple, Microsoft, Google, Pfizer und Cisco an. Unangefochtener Spitzenreiter ist Apple: Allein der iPhone-Konzern verfügte zuletzt über 193,5 Milliarden Dollar in seiner Kriegskasse – mehr, als fast jeder andere industrielle US-Wirtschaftssektor insgesamt aufbringen kann. 

Zwar sichern hohe Liquiditätsreserven die Handlungsfähigkeit bei Übernahmen und halten Budgets für Forschung und Entwicklung flexibel, doch das aktuelle Ausmaß geht Experten zu weit. So ist es kaum überraschend, dass die prallen Kassen Begehrlichkeiten wecken. Der bekannte Wall-Street-Investor Carl Icahn hatte Apple über Monate hinweg massiv unter Druck gesetzt, um höhere Ausschüttungen an die Aktionäre durchzusetzen. Solche Interventionen sind keine Seltenheit und oft von Erfolg gekrönt: Laut Moody’s erreichten die Dividendenzahlungen und Aktienrückkäufe der US-Konzerne im Jahr 2014 ebenfalls Rekordwerte."
de_108,de,gemini,"Hier ist eine redaktionell überarbeitete Version im natürlichen Nachrichtenstil, die Länge und Thema beibehält:

**Zürich – Ein extrem massereiches Schwarzes Loch in einer fernen Galaxie stellt Astronomen vor Rätsel und lässt etablierte Theorien zur Galaxienentwicklung wanken. Wie ein internationales Forschungsteam unter Leitung der ETH Zürich im Fachjournal «Science» berichtet, weist das Objekt namens CID-947 ein völlig unerwartetes Größenverhältnis zu seiner Heimatgalaxie auf.**

Das mithilfe des Keck-Observatoriums auf Hawaii und weiterer Teleskope entdeckte Schwarze Loch liegt in einer Galaxie, deren Licht uns aus der Frühzeit des Universums erreicht – rund zwei Milliarden Jahre nach dem Urknall. Während supermassereiche Schwarze Löcher normalerweise etwa ein Tausendstel der Masse ihrer Wirtsgalaxie ausmachen, sprengt CID-947 diesen Rahmen: Mit fast zehn Milliarden Sonnenmassen bringt es schlanke zehn Prozent der gesamten Galaxienmasse auf die Waage.

Bisher gingen Astronomen davon aus, dass Schwarze Löcher und ihre Heimatgalaxien Hand in Hand wachsen, da sie sich aus demselben Gasreservoir speisen. Zudem nahm man an, dass die Energie des Schwarzen Lochs die Sternbildung in der Umgebung bremst. Im Fall von CID-947 lief die Entwicklung jedoch offenbar drastisch anders: Das Objekt ist extrem schnell gewachsen, hat sein Wachstum inzwischen aber abgeschlossen – während ringsherum munter weiter Sterne entstehen.

Die Forscher vermuten in CID-947 einen Vorläufer jener massiven Systeme, die man heute im nahen Universum findet. Um die Mechanismen der galaktischen Evolution weiter zu entschlüsseln, setzen die Wissenschaftler nun auf kommende Beobachtungen mit dem chilenischen Gross-Teleskop Alma."
de_109,de,gemini,"Hier ist eine für den Nachrichtenkontext aufbereitete, sprachlich geglättete Version, die Länge und Duktus des Originals beibehält:

**Verteidigungsministerium: Juristin nach Verfassungskritik als „Nazi“ diffamiert**

Wien – Die langjährige Mitarbeiterin des Verteidigungsministeriums, Monika Donner, sieht sich massiven Anschuldigungen aus den eigenen Reihen ausgesetzt. Nachdem die Juristin zuvor noch für ihre Kompetenz und Loyalität gelobt worden war, wurde sie in der Vorwoche bei der Staatsanwaltschaft angezeigt – mit dem Vorwurf, nationalsozialistisches Gedankengut verbreitet zu haben. Im Gespräch mit dem *STANDARD* spricht Donner von einer gezielten Nötigung und Mobbing gegen eine Transgender-Person. 

Der Auslöser für die Anzeige war ein Auftritt Donners in der Puls-4-Sendung „Gültige Stimme“ am 18. Mai. Darin hatte sie kritisiert, dass abweichende Meinungen in der Gesellschaft zu Unrecht schnell in die rechtsextreme Ecke gedrückt werden. Genau das sei nun ihr selbst widerfahren, so die frühere Panzeroffizierin, die nach einem juristischen Kampf auch ohne geschlechtsangleichende Operation als Frau im Dienst bleiben kann. 

Hintergrund des Disziplinarverfahrens ist offenbar eine sicherheitspolitische Analyse, die Donner intern, an das Parlament sowie als E-Book („God bless you, Putin“) veröffentlicht hatte. Darin widerspricht sie der offiziellen Darstellung einer zehnjährigen Vorwarnzeit bei militärischen Konflikten. Am Beispiel der Panzertruppe rechnete sie vor, dass mit lediglich 40 Kampfpanzern die geforderte Einsatzbereitschaft nicht gewährleistet sei.

Zudem deckte die Juristin aus ihrer Sicht gravierende Mängel im Bundesheer auf: Die aktuelle Organisation verstoße gegen die Bundesverfassung, da diese ein Milizheer vorschreibe und kein zunehmend auf den Berufsstand gestütztes System. Donner fordert eine Rückkehr zu den Dimensionen der 1980er-Jahre mit rund 240.000 Soldatinnen, Soldaten und Reservisten im kostengünstigen Milizformat.

Die heftigen Angriffe auf ihre Person wertet Donner im *STANDARD*-Interview auch als taktisches Manöver im Zuge einer geplanten Ministeriumsreform. Ihr Referat soll demnächst direkt dem Ministerium unterstellt werden. Gegen diese Umstrukturierung gibt es auch von anderer Seite Kritik: Ex-Generalstabschef Edmund Entacher warnte im Magazin *Profil* bereits vor einer Schwächung der militärischen Zuverlässigkeit."
de_110,de,gemini,"Hier ist eine überarbeitete Version im natürlichen, sachlichen Nachrichtenstil, die in Länge und Inhalt dem Original entspricht:

**Milliardenflüsse an die BayernLB und offene U-Ausschuss-Akten**

**Wien –** Die bayerische Landesbank (BayernLB) hat erhebliche Finanzmittel aus ihrem früheren Engagement bei der Hypo Alra Adria zurückerhalten. Wie Finanzminister Hans Jörg Schelling in einer Anfragebeantwortung an den FPÖ-Abgeordneten Erwin Angerer darlegte, flossen insgesamt mehr als 2,3 Milliarden Euro nach München. Konkret handelte es sich um rund eine Milliarde Euro nach der Verstaatlichung, 890 Millionen Euro davor sowie 360 Millionen Euro an Zinsen. Durch einen Vergleich erhalten die Bayern zudem eine weitere Garantiesumme von 1,23 Milliarden Euro, womit sich die Gesamtsumme auf über 3,5 Milliarden Euro beläuft. Verschiedene Gläubigergruppen kritisieren dies als Benachteiligung, da sich dadurch ihre eigenen Forderungen schmälern.

**Öffentliche Befragung von Wolfgang Peschorn**
Im Untersuchungsausschuss steht am Donnerstag die Zeugenaussage von Finanzprokuratur-Präsident Wolfgang Peschorn an. Im Mittelpunkt stehen jene Arbeitsunterlagen, die der Jurist Ende 2009 für die Notverstaatlichung erarbeitet hatte. Entgegen ursprünglicher Planungen wird dieser Teil der Befragung nun doch medienöffentlich stattfinden. Die Dokumente waren von der Behörde zunächst unter die Geheimhaltungsstufe 2 gestellt worden, was einen Ausschluss der Öffentlichkeit erfordert hätte. Nach einem Antrag der Neos stimmten jedoch das Bundeskanzleramt und das Finanzministerium als Auftraggeber einer Herabstufung zu, worüber die Parlamentsdirektion Ende letzter Woche informiert wurde.

**Fatale Änderungen in letzter Minute**
Bei den betroffenen Dokumenten handelt es sich um sogenannte Term-Sheets, die am 14. Dezember 2009 – dem Tag der Notverstaatlichung – kurz nach Mitternacht fixiert wurden. Sie enthielten wichtige Gewährleistungsklauseln und Absicherungen für den Ankauf der Hypo-Anteile von der BayernLB. Diese Schutzbestimmungen wurden im weiteren Verlauf jedoch wegverhandelt – ein Schritt, der sich im Nachhinein als folgenschwer und fatal erwies."
de_111,de,gemini,"Hier ist eine neue Fassung im natürlichen, sachlichen Nachrichtenstil, die in Länge und Inhalt dem Original entspricht:

**Ex-Nationalspieler Stuart Pearce wagt mit 53 Jahren noch einmal ein Comeback auf dem Rasen. Der 78-malige englische Auswahlspieler hat sich dem Amateurklub Longford AFC angeschlossen, der in den britischen Medien oft als schlechteste Mannschaft des Landes bezeichnet wird. Longford ziert abgeschlagen das Tabellenende der Gloucester Northern Senior League Division Two: Nach 18 Saisonspielen steht das Team sieglos da und hat bereits 179 Gegentore hinnehmen müssen. pic.twitter.com/KjiPIxPY4I „So habe ich früher auch einmal angefangen, und ich hoffe, den jungen Spielern helfen zu können, ihr Selbstvertrauen auf und neben dem Platz zu stärken“, erklärte Pearce bei seiner Präsentation im Trikot mit seiner gewohnten Rückennummer drei. Dass der prominente Neuzugang schon jetzt spürbare Wirkung zeigt, bestätigte Manager Nick Dawe: „Vor einem Jahr schaute uns noch ein einzelner Mann mit seinem Hund zu, und jetzt blicken Hunderte auf das Debüt von Stuart Pearce.“ Zuletzt war der frühere Profi als Trainer aktiv – in der Saison 2014/15 betreute er den Zweitligisten Nottingham Forest, zuvor war er jahrelang Coach der englischen U21-Nationalmannschaft. (APA, 29.1.2016)**"
de_112,de,gemini,"Hier ist eine neu formulierte Version im natürlichen Nachrichtenstil, die das Thema und die Länge des Originaltextes beibehält:

**Wien/St. Pölten** – Als Niederösterreich im vergangenen November verkündete, seinen gesamten Strombedarf nun zu 100 Prozent aus grünen Quellen zu decken, war die Freude groß. Landeshauptmann Erwin Pröll (ÖVP) feierte das Bundesland als internationale Modellregion, selbst Medien wie der „Guardian“ berichteten. Während das Burgenland diesen Meilenstein bereits 2013 erreicht hatte, peilt das vergleichbare Oberösterreich dieses Ziel erst für 2030 an. Doch wie grün ist Niederösterreich im Alltag wirklich? Ein WWF-Bericht vom Herbst zeichnet ein differenziertes Bild: Im bundesweiten Energiewende-Index landete das größte Bundesland hinter Vorarlberg und Wien auf dem dritten Platz.

Der WWF-Index, der Bereiche wie Politik, Effizienz und Verkehr bewertet, lobte vor allem die konsequente Ausbaulager und ambitionierte Effizienzstrategien der Landespolitik sowie Förderungen für Gebäudesanierungen. Negativ schlagen hingegen ein steigender Strombedarf und massive Ausgaben für den Straßenbau zu Buche – hier belegt Niederösterreich den letzten Platz im Bundesländervergleich. 

Umweltlandesrat Stephan Pernkopf (ÖVP) verteidigte im Gespräch mit „Der Standard“ den Kurs: Der wachsende Strombedarf sei eine Begleiterscheinung des starken Wirtschaftsstandorts, zudem steige parallel auch die Energieeffizienz. Man wolle bestehende Anlagen optimieren und Erneuerbare weiter ausbauen. Beim Verkehr räumte er ein, dass bundesländerübergreifender Handlungsbedarf bestehe.

Kritik wies Pernkopf auch an den jüngsten Debatten über steigende Ökostromkosten zurück. Die Arbeiterkammer hatte zuvor kritisiert, dass die Belastung für einen Durchschnittshaushalt (3500 kWh) von 103 auf fast 120 Euro steigen soll, und ein Ende der Kostensteigerungen gefordert. Pernkopf hielt dem entgegen, dass die Gesamtstrompreise seit 2012 gesunken seien. Zudem blieben die Investitionen im Land und sicherten Arbeitsplätze. Seit 2002 hat Niederösterreich 2,8 Milliarden Euro in den Ökostromausbau geflossen; der Großteil stammt aus Großwasserkraft (59 Prozent) und Windkraft (26 Prozent), gefolgt von Biomasse, Kleinwasserkraft und Photovoltaik. Nächstes großes Ziel: Bis 2050 soll die Hälfte des gesamten Energiebedarfs – inklusive Wärme und Verkehr – aus erneuerbaren Quellen stammen."
de_113,de,gemini,"Hier ist eine naturalistische, im Nachrichtenton gehaltene Version:

Tragischer Brand in Wien-Ottakring: Am Freitagabend hat ein Feuer in einer Wohnung das Leben eines 59-jährigen Mannes gefordert. Die Feuerwehr war durch Anrainer alarmiert worden und entdeckte während der Löscharbeiten in der Hasnerstraße den toten Mieter. Nach Angaben der Polizei gibt es bislang keine Anzeichen für ein Verbrechen; dennoch wurde zur Klärung der genauen Todesursache eine Obduktion angeordnet."
de_114,de,gemini,"Hier ist eine überarbeitete Version im natürlichen Nachrichtenstil, die den Inhalt prägnant und flüssig zusammenfasst:

**Tech-Giganten mischen den Anleihenmarkt auf**

Wer in den USA heutzutage eine große Unternehmensanleihe herausgibt, kommt an den Tech-Konzernen kaum noch vorbei. Firmen wie Apple und Oracle haben ihre Cash-Bestände seit 2008 auf mittlerweile rund eine halbe Billion US-Dollar verdreifacht und sind zu mächtigen Akteuren am Anleihenmarkt aufgestiegen. Da ihre internen Investment-Einheiten – wie etwa bei Apple in Reno (Nevada) – oft bis zu 20 Prozent einer Neuemission aufkaufen, machen sie etablierten Fondsriesen wie Blackrock oder Vanguard ernsthafte Konkurrenz. Bei Emittenten sind die Tech-Giganten besonders deshalb geschätzt, weil sie die Papiere meist fest bis zur Fälligkeit im Bestand halten. 

Ein Hauptgrund für diesen massiven Bond-Kauf ist steuerlicher Natur: Ein Großteil der flüssigen Mittel parkt im Ausland, um bei einer Heimführung saftige US-Steuern zu vermeiden. So steckte Apple laut Bloomberg zuletzt rund 90 Prozent seiner Barreserven von knapp 194 Milliarden Dollar in entsprechende Auslandstöchter und legte das Geld stattdessen in Anleihen an. 

Am Markt blickt man jedoch mit Sorge auf diese Entwicklung, da die enorme Nachfrage der Tech-Konzerne plötzlich wegbrechen könnte. Drohende Auslöser dafür wären etwa politische Sonderregeln, für die sich die Unternehmen seit Jahren im US-Kongress starkmachen, um ihre Milliarden steuergünstig ins Inland zu holen. Sollten zudem die Renditen spürbar steigen, könnten sich Apple & Co. schnell wieder von den Unternehmenspapieren abwenden und vermehrt auf US-Staatsanleihen setzen."
de_115,de,gemini,"Hier ist eine sprachlich überarbeitete Version im natürlichen Nachrichtenstil, die in Länge und Inhalt dem Original entspricht:

Die britische Großbank HSBC bleibt entgegen früheren Überlegungen in London. Das Direktorium habe sich einstimmig gegen eine Verlegung des Konzernsitzes nach Hongkong ausgesprochen, teilte Europas größtes Geldhaus am Sonntag mit. Als Gründe nannte die Bank Londons Status als globales Finanzzentrum sowie die hohe Konzentration von Fachkräften vor Ort. Die britische Metropole bleibe der ideale Standort für ein weltweites Institut. Unberührt von der Entscheidung bleibt der Fokus auf Asien: Die Expansionsstrategie in China und Südostasien wird weiterverfolgt. Die Debatte über einen möglichen Wegzug war nach der Finanzkrise durch den Ärger von Aktionären über steigende Bankensteuern in Großbritannien ausgelöst worden. Im Frühjahr hatte HSBC daraufhin eine Standortprüfung eingeleitet, bei der Hongkong als Gründungsstadt als aussichtsreichster Kandidat galt. Nachdem die britische Regierung im Sommer jedoch die Sonderabgaben gesenkt hatte und Experten die Kosten eines Umzugs auf bis zu 2,5 Milliarden Dollar beziffert hatten, verlor die Option an Fahrt. Die Bank, die wegen der schwächelnden Konjunktur in China ohnehin auf einen strengen Sparkurs setzt, legt die Pläne damit zu den Akten."
de_116,de,gemini,"Hier ist eine in Stil und Länge vergleichbare Nachrichtenfassung:

**Schwere Attacke in Kabul: Dutzende Tote und Verletzte bei Taliban-Anschlag**

Kabul – Bei einem verheerenden Anschlag der Taliban in Kabul sind am Dienstag mindestens 28 Menschen ums Leben gekommen, vorwiegend Zivilisten. Nach Angaben des Gesundheitsministeriums erlitten zudem über 320 Personen Verletzungen, viele von ihnen schweben in Lebensgefahr. 

Die Explosion eines mit Sprengstoff beladenen Fahrzeugs ereignete sich nahe eines Regierungsgebäudes, in dem eine für den Personenschutz wichtiger Persönlichkeiten zuständige Einheit des Geheimdienstes NDS untergebracht ist – nur wenige Hundert Meter vom Präsidentenpalast entfernt. Nach der Detonation drangen Bewaffnete auf das stark gesicherte Areal vor und lieferten sich stundenlange Gefechte mit den Sicherheitskräften. Die radikalislamischen Taliban bekannten sich zu der Tat.

Es handelt sich um den schwersten Angriff in der Hauptstadt seit Beginn der vor einer Woche ausgerufenen Taliban-Frühjahrsoffensive. Afghanistans Präsident Ashraf Ghani verurteilte die Bluttat scharf als „feigen Terroranschlag“, betonte jedoch, er werde den Willen der Sicherheitskräfte im Anti-Terror-Kampf nicht brechen. Angesichts der jüngsten Offensive hat sich die Sicherheitslage in dem Land am Hindukusch drastisch verschärft."
de_117,de,gemini,"Hier ist eine überarbeitete Version im natürlichen Nachrichtenstil, die den Inhalt und die Länge des Originals beibehält:

**Wien-Wahl: ORF und Puls 4 planen gemeinsame Elefantenrunde**

Für die Wiener Landtagswahl am 11. Oktober spannen der ORF und der Privatsender Puls 4 zusammen: Am Montag, den 5. Oktober, übertragen sie eine gemeinsame 90-minütige Elefantenrunde live aus den Sofiensälen. Hintergrund ist der Wunsch von Bürgermeister Michael Häupl (SPÖ), der im Vorfeld nur für ein einziges gemeinsames TV-Duell der heimischen Sender zur Verfügung steht. Durch die Sendung vor Live-Publikum führen Puls-4-Infochefin Corinna Milborn und ORF-Wien-Chefredakteur Paul Tesarek. ATV, das sich im Juni wegen unterschiedlicher Auffassungen über die Gleichberechtigung ausgeklinkt hatte, setzt indes auf ein eigenes Format. 

Lange Zeit galt vor allem die Werberegelung als Knackpunkt für die Kooperation, da dem ORF Unterbrecherwerbung untersagt ist. Auf Nachfrage hieß es nun, dass auch Puls 4 ohne Werbeunterbrechung senden werde. Darüber hinaus prüft der ORF aktuell noch ein exklusives Duell zwischen Häupl und FPÖ-Herausforderer Heinz-Christian Strache, da beide Seiten grundsätzlich dazu bereit wären; offizielle Bestätigungen stehen dazu noch aus.

Bereits davor blickt der ORF auf die Landtagswahl in Oberösterreich am 27. September. Zwischen dem 1. und 17. September strahlt ORF Oberösterreich im Rahmen von „Bundesland heute“ (19:00 Uhr) sechs rund 20-minütige Duelle der Spitzenkandidaten von ÖVP, FPÖ, SPÖ und Grünen aus – den Auftakt machen Landeshauptmann Josef Pühringer (ÖVP) und FPÖ-Chef Manfred Haimbuchner. Die große Elefantenrunde folgt am 20. September zur gewohnten „Pressestunde“-Zeit um 11:05 Uhr, zu der neben den Landtagsparteien auch die NEOS eingeladen sind. ORF 2 zeigt diese Runde bundesweit, während ORF III im Anschluss eine journalistische Nachbetrachtung ausstrahlt."
de_118,de,gemini,"Hier ist eine sprachlich überarbeitete Version im natürlichen Nachrichtenstil, die Länge und Thema beibehält:

Der weltweite Podcast-Hit „Serial“ wechselt ins Fernsehen: Wie US-Medien berichten, hat sich das Studio Fox 21 die Rechte gesichert, um den Übererfolg aus Radio und Netz für den Bildschirm zu adaptieren. Unterstützt wird das Projekt von den Filmemachern Christopher Miller und Phil Lord („Lego Movie“). In dem gefeierten Podcast rollt die US-Journalistin Sarah Koenig in ihrer ersten Staffel den Mord an der Schülerin Hae Min Lee aus dem Jahr 1999 auf – ein Fall, für den der Ex-Freund der Getöteten bis heute unschuldig im Gefängnis sitzt. Millionen Menschen verfolgten damals die akribischen Recherchen. 

Anders als im Original soll es sich bei der TV-Umsetzung jedoch um keine klassische True-Crime-Dokumentation handeln. Stattdessen wird die Serie einen Blick hinter die Kulissen gewähren und die journalistische Arbeit von Koenig und ihrem Produzententeam um Julie Snyder beleuchten. „Serial“ feierte nicht nur in den USA, wo jede Episode im Schnitt drei Millionen Hörer erreichte, immense Erfolge, sondern begeisterte auch das europäische Publikum. Noch im Herbst soll die zweite Staffel starten, die sich dem Fall des US-Deserteurs Bowe Bergdahl widmet. Eine dritte Staffel ist bereits für das Frühjahr 2016 angekündigt."
de_119,de,gemini,"Hier ist eine umformulierte Version im typischen Stil einer österreichischen Nachrichtenmeldung:

**Mordprozess in Innsbruck: 20 Jahre Haft für 25-Jährigen – Urteil noch nicht rechtskräftig**

In Innsbruck ist der Prozess um den gewaltsamen Tod eines 39-jährigen Tirolers am Donnerstag mit einem Schuldspruch zu Ende gegangen. Die Geschworenen sprachen den 25-jährigen Angeklagten mit großer Mehrheit des Mordes schuldig; er wurde zu einer Freiheitsstrafe von 20 Jahren verurteilt. Das Urteil ist allerdings noch nicht rechtskräftig. Der gebürtige Slowake war beschuldigt worden, den Mann im vergangenen Dezember in dessen Haus in Mühlbachl im Wipptal mit zahlreichen Messerstichen getötet zu haben.

Zum Prozessauftakt hatte der Angeklagte die Tat bestritten. Er räumte zwar ein, das Opfer am Tatabend besucht zu haben, will das Haus nach einer halben Stunde aber wieder verlassen haben. Laut Anklage und Plädoyers soll der mutmaßliche Täter, der sich in finanziellen Schwierigkeiten befand, vom Opfer für sexuelle Dienste bezahlt worden sein. 

Im Laufe der dreitägigen Verhandlung wurden zehn Gutachten präsentiert. Die Beweislast stützte sich vor allem auf DNA-Spuren: Am Tatort wurden insgesamt 14 Spuren des Beschuldigten gesichert, darunter blutige Fingerabdrücke an der Haustür sowie blutverschmierte Fußspuren im Haus, die laut Sachverständigen exakt zu den Vergleichsdaten des 25-Jährigen passten. 

Die Verteidigung kritisierte hingegen Mängel bei den Ermittlungen. Unter anderem verwies der Anwalt darauf, dass nicht alle Spuren und gefundenen Haare ausgewertet wurden. Zudem argumentierte er, dass die blutigen Fußabdrücke theoretisch auch vom Opfer stammen könnten, da die beiden eine ähnliche Zehenstellung aufwiesen.

Der Angeklagte befand sich seit dem 18. Dezember in U-Haft. Entdeckt worden war die Bluttat zwei Tage zuvor von einer Verwandten, die mit einem Zweitschlüssel nach dem allein lebenden Mann gesehen hatte, nachdem dieser morgens unerwartet nicht erreichbar gewesen war."
en_0,en,gpt_oss_groq,Strikes have brought much of Bangladesh to a standstill after opposition activists staged protests across numerous towns and cities. The unrest follows an incident the previous day in which explosions at a political rally claimed 18 lives.
en_1,en,gpt_oss_groq,"Seeking continuity, Washington Redskins head coach Joe Gibbs says he anticipates only minimal roster moves this offseason and aims to build a culture centered on stability for the team."
en_2,en,gpt_oss_groq,"Can Putin’s power grab actually make Russia safer? On the surface, the nation looks much the same as it did after the series of terrorist attacks that culminated in the Beslan school massacre in September."
en_3,en,gpt_oss_groq,"U2 will appear in Apple’s new iTunes commercials that run during Tuesday’s baseball games, marking a rare on‑screen appearance for the usually advertising‑averse Irish band."
en_4,en,gpt_oss_groq,"South Africa’s public broadcaster, the SABC, has issued an apology after a news segment inadvertently aired graphic footage of an American man who was beheaded in Iraq. The network said the clip was broadcast by mistake and expressed regret for the distress caused to viewers."
en_5,en,gpt_oss_groq,"**A Cosmic Tempest: The Clash of Galaxy Clusters**  
Astronomers report the discovery of a “perfect cosmic storm” – a colossal collision of galaxy clusters whose combined energy release rivals everything in the universe except the Big Bang itself."
en_6,en,gpt_oss_groq,"Four Western nations have issued an ultimatum to Iran, calling for an immediate halt to its uranium enrichment program and setting a deadline for compliance."
en_7,en,gpt_oss_groq,Computer Associates International Inc. said on Wednesday it will trim its global workforce by 800 employees as part of a restructuring effort. The cuts are expected to lower the software firm’s annual expenses by about $70 million once the plan is fully carried out.
en_8,en,gpt_oss_groq,"Computer Associates (CA) has delivered on its pledge to shift to more adaptable software pricing by rolling out a Measured Workload Pricing model for its mainframe management tools. This new approach lets customers pay based on actual usage, offering greater flexibility and cost control for mainframe operations."
en_9,en,gpt_oss_groq,The Kansas City Fed reported that economic activity kept gaining momentum throughout September and the start of October across the Great Plains and Rocky Mountain states that fall within its Tenth District.
en_10,en,gpt_oss_groq,"Dikembe Mutombo, 38, has finalized a sign‑and‑trade that moves him from the Chicago Bulls to the Houston Rockets. In return, Houston will send Eric Piatkowski, Adrian Griffin and Mike Wilks to Chicago, the Houston Chronicle reports. Mutombo is expected to serve as a backup big man and provide veteran mentorship in Houston."
en_11,en,gpt_oss_groq,"RBC Centura’s chief executive has resigned, and the incoming leader will base operations in Raleigh instead of the bank’s current headquarters in Rocky Mount. The shift signals a move of the bank’s executive functions to the state capital."
en_12,en,gpt_oss_groq,"Infoworld says that SCO’s short‑lived plan to launch a pro‑SCO site aimed at the Groklaw audience, which was announced last month, has now been shelved."
en_13,en,gpt_oss_groq,
en_14,en,gpt_oss_groq,"Oracle’s purchase of PeopleSoft ignites a surge of deal‑making. NEW YORK (CBS.MW) — U.S. stocks closed higher on Monday, with the Dow Jones Industrial Average climbing to its loftiest level in more than nine months, buoyed by better‑than‑expected economic data and upbeat merger sentiment."
en_15,en,gpt_oss_groq,
en_16,en,gpt_oss_groq,"**Mularkey Confirms Bledsoe Will Remain Bills' Starter**

Head coach Mike Mularkey has a clear response for anyone urging the team to hand the starting job to rookie quarterback J.P. Losman. The Bills aren't planning to make the switch just yet, with veteran Drew Bledsoe set to retain his role as the primary signal‑caller."
en_17,en,gpt_oss_groq,"BRUSSELS — A European Commission official said on Monday that Greece’s place in the euro area remains secure, even though a recent audit uncovered serious flaws in the country’s five‑year budget records."
en_18,en,gpt_oss_groq,
en_19,en,gpt_oss_groq,"WASHINGTON (Reuters) — U.S. officials announced Monday that the government will intensify efforts to combat the surging market for counterfeit and pirated products, a trade that drains hundreds of billions of dollars from American companies each year. Industry leaders said the new crackdown aims to curb the illicit sales that are hurting businesses nationwide."
en_20,en,gpt_oss_groq,"Cisco is zeroing in on the small‑business market, rolling out a line of switches designed to simplify network management and cut expenses for companies that rely on Cisco infrastructure."
en_21,en,gpt_oss_groq,"CARL ICahn, the biggest shareholder in Mylan Laboratories, is intensifying his campaign to block the drug‑maker’s $4 billion bid for King Pharmaceuticals. Icahn says the proposed takeover would not benefit shareholders and is urging Mylan’s board to replace several directors with candidates who would reject the deal. He warned that, without a change in leadership, he will push for a formal vote to overturn the acquisition."
en_22,en,gpt_oss_groq,"Quantum Acquires LTO Competitor Certance  
After years of touting the advantages of its DLT magnetic‑tape technology, Quantum has moved to purchase Certance, a major supplier of the competing LTO tape format."
en_23,en,gpt_oss_groq,"Former newspaper tycoon Conrad Black said he will sue Hollinger International’s special committee and other defendants, demanding C$1.1 billion (roughly $870 million). The lawsuit comes in response to a recent report that accused Black of extracting millions of dollars from the company."
en_24,en,gpt_oss_groq,"The Hague International Criminal Tribunal has halted the proceedings against former Yugoslav leader Slobodan Milosević, granting his defense team additional time to ready their arguments."
en_25,en,gpt_oss_groq,"Athens experienced a mild earthquake on Tuesday, with shaking felt even around the city’s Olympic facilities. The Athens Geodynamic Institute confirmed the tremor but did not release further specifics, such as its magnitude or exact epicenter, and reported no damage."
en_26,en,gpt_oss_groq,"The Bush‑Cheney re‑election campaign has blocked all foreign traffic to its website after a cyber‑attack knocked the site offline for six hours last week, security analysts say."
en_27,en,gpt_oss_groq,"Sprint’s $35 billion plan to merge with Nextel Communications may have repercussions for Kirkland‑based Nextel Partners Inc., the deal could trigger a reshuffling of the partner’s operations and financial arrangements. Analysts say the consolidation might alter the company’s role in the combined carrier’s network and could lead to strategic adjustments for the partner firm."
en_28,en,gpt_oss_groq,"STAT CENTER – After finally posting consecutive wins, the Texans are now eager for a tougher test. “I figured that would happen,” coach Dom Capers said with a laugh."
en_29,en,gpt_oss_groq,
en_30,en,gpt_oss_groq,"A Mac‑focused website predicts that photo‑capable iPods could be a popular holiday present, with many likely to be found tucked under Christmas trees this season."
en_31,en,gpt_oss_groq,"Denver Broncos head coach Mike Shanahan moved to quash speculation about his future on Thursday night, confirming that he plans to fulfill the remaining four years of his contract."
en_32,en,gpt_oss_groq,"Iran claims the United States has run out of avenues to tackle its nuclear programme, saying Washington cannot muster sufficient evidence to push for UN sanctions and is too entangled in Iraq to consider a military option, President Mohammad Khatami said on Saturday."
en_33,en,gpt_oss_groq,"Outlook grim for Georgia basketball, with analysts warning that the team is headed for a disappointing season."
en_34,en,gpt_oss_groq,"**Company: Ameritrade Holding Corp** – As the lingering doubts surrounding the recent presidential election fade, retail investors are once again pouring into the U.S. stock market with renewed vigor. Several brokerage firms reported on Friday that this fresh wave of enthusiasm appears poised to endure."
en_35,en,gpt_oss_groq,
en_36,en,gpt_oss_groq,"**U.S. Military Fatalities in Iraq Reach 1,229, AP Tracks Daily Count**  
The Associated Press reports that, as of Tuesday, Nov. 23, 2004, the death toll for U.S. service members deployed in Iraq has risen to at least 1,229 since the conflict began in March 2003. The Department of Defense says 957 of those deaths were caused by hostile action, a figure that also includes three civilian employees attached to the military."
en_37,en,gpt_oss_groq,"In Iraq, the Black Watch’s “Christmas Soldiers” declared their mission complete as a convoy of more than 200 vehicles rolled into the relative safety of Shaibah Logistics Base."
en_38,en,gpt_oss_groq,Revlon's third‑quarter loss deepened as the cosmetics company saw sales slip 7 % while it wrapped up a sweeping refinancing program.
en_39,en,gpt_oss_groq,"In the age of digital identities, traditional passwords are starting to feel outdated. Think about the everyday clutter on your key ring: the house keys, the car keys, the remote fob that lets you unlock doors from thirty feet away. Now there’s a fresh, blue token designed for logging into America Online’s internet service. While it’s optional, adopting it could be a smart move if you want a more secure and convenient way to get online."
en_40,en,gpt_oss_groq,"Israeli police have opened an inquiry into death threats aimed at Prime Minister Ariel Sharon, a move coming as criticism of his plan to withdraw from Gaza continues to grow."
en_41,en,gpt_oss_groq,"A senior Red Hat official has publicly questioned Sun Microsystems’ commitment to open‑source development. In a blog entry posted Thursday, Michael Tiemann, Red Hat’s vice president for open‑source affairs, criticized Sun’s track record and urged the company to demonstrate genuine support for the community."
en_42,en,gpt_oss_groq,
en_43,en,gpt_oss_groq,"Roger Federer and David Moya braved a late‑night rain‑delay to claim their Masters Cup victories, with play finally concluding after midnight. Earlier on Thursday, Federer wrapped up his second‑round‑robin match at the ATP Tennis Masters Cup in Houston, overcoming Lleyton Hewitt 6‑3, 6‑4 for the fifth straight win against the Australian."
en_44,en,gpt_oss_groq,
en_45,en,gpt_oss_groq,"A new computer virus disguised as an e‑Christmas card is circulating online, appearing in a variety of languages."
en_46,en,gpt_oss_groq,"Defense Secretary Donald Rumsfeld projected that American forces could be out of Iraq within four years, but warned the ultimate timetable will depend on how well the fledgling Iraqi government performs."
en_47,en,gpt_oss_groq,"As the Electoral College gets ready to confirm President Bush’s second term on Monday, questions about the reliability of America’s voting process remain unanswered.  In Ohio, officials continue to uncover problems ranging from malfunctioning voting machines and confused voters to cramped, understaffed polling places in low‑income and minority neighborhoods."
en_48,en,gpt_oss_groq,"**U.S. Representative Optimistic Ahead of UN Security Council Meeting on Sudan**

Nairobi, Nov. 18 (NNN) – Diplomats from the United Nations Security Council will convene in Kenya’s capital for a two‑day session dedicated to Sudan’s peace efforts. The U.S. envoy expressed confidence that the talks will produce tangible steps toward ending the conflict."
en_49,en,gpt_oss_groq,"Bobby Valentine has returned to Japan to join the Lotte Marines for their autumn training camp. The former manager, whose name surfaced in recent talks about a potential vacancy left by Art Howe, will be on hand as the club prepares for the upcoming season."
en_50,en,gpt_oss_groq,"**Cancelled checks and float set to vanish**

Each night, countless cashed checks traverse the nation, returning to the issuing banks for settlement. Beginning this October, new technology will begin to curb those nightly journeys, gradually eliminating the traditional float system."
en_51,en,gpt_oss_groq,
en_52,en,gpt_oss_groq,"Washington is working on a fresh United Nations resolution aimed at addressing the ongoing crisis in Sudan’s embattled Darfur region, officials said. The United States said the draft will be presented to the UN soon in an effort to curb the violence and humanitarian suffering that continue to plague the area."
en_53,en,gpt_oss_groq,"Microsoft launches a migration push aimed at NetWare customers. In the United States the company will provide training vouchers, migration tools and online technical support to anyone looking to move away from NetWare."
en_54,en,gpt_oss_groq,"Chelsea has reinforced its strict anti‑drug stance, terminating Romanian forward Adrian Mutu for gross misconduct after he tested positive for cocaine. The club’s zero‑tolerance policy was applied yesterday, resulting in Mutu’s immediate dismissal."
en_55,en,gpt_oss_groq,"Alabama’s offense is in for a challenge. With starting quarterback Brodie Croyle sidelined by injury, most Tide supporters will be on edge as the Crimson Tide host the 17th‑ranked LSU Tigers tonight. A victory would not only boost the team’s momentum but also bring Croyle closer to a return to the field."
en_56,en,gpt_oss_groq,"Amazon steps into the Chinese market as the U.S. e‑commerce giant agrees to buy Joyo.com, China’s leading online retailer, for about $75 million (¥41 million)."
en_57,en,gpt_oss_groq,"Britain’s industrial production turned out to be a heavier brake on Q3 economic expansion than initially thought, according to recent data. The sector’s sluggish output has now been identified as a key factor dampening overall growth."
en_58,en,gpt_oss_groq,"The Motion Picture Association of America announced Monday that it has started filing a wave of lawsuits against individuals who distribute movies through peer‑to‑peer file‑sharing networks, though it did not reveal the exact number of cases filed."
en_59,en,gpt_oss_groq,"Negotiations between US Airways Group Inc. and its pilots’ union fell apart on Monday, ending talks over proposed labor cuts. The carrier had been demanding about $295 million in yearly concessions from its pilots."
en_60,en,gpt_oss_groq,"Akamai expands its web‑application portfolio, adding four new hosted solutions aimed at e‑commerce sites."
en_61,en,gpt_oss_groq,"Sky‑watchers and baseball enthusiasts alike are gearing up for a striking lunar eclipse. With clear skies, observers should see the full Moon take on a deep, ruby hue as Earth’s shadow sweeps across its face, astronomers explain."
en_62,en,gpt_oss_groq,"American war‑deserters are meeting a mixed response in Canada. Although Ottawa has long criticized the Iraq invasion, the government is rejecting the refugees’ claims, contending that the soldiers have not been persecuted and dismissing the argument that the war was illegal."
en_63,en,gpt_oss_groq,"**Bin Laden Remains at Large Three Years After 9/11**  
The U.S.-led counter‑terrorism coalition continues its search for Osama bin Laden, who is identified as the primary architect of the September 2001 attacks on American cities."
en_64,en,gpt_oss_groq,"EDEN PRAIRIE, Minn. — The Vikings have confirmed that All‑Pro wideout Randy Moss, previously listed as doubtful, will miss Sunday’s matchup in Green Bay."
en_65,en,gpt_oss_groq,"**Hillary Rosen’s Unexpected Admiration for Larry Lessig**

In a recent Wired column, former RIAA chief Hillary Rosen surprised readers by revealing an unlikely admiration for Larry Lessig—her longtime rival and the founder of Creative Commons. Rosen, who once led the Recording Industry Association of America, candidly discusses the “love‑hate” dynamic that has defined their professional relationship, noting that her respect for Lessig’s work on open‑license culture has grown over the years. The piece highlights how even staunch opponents can develop an unexpected appreciation for each other’s contributions to the digital media landscape."
en_66,en,gpt_oss_groq,"The New England squad pushed its NFL‑record run to 19 consecutive wins. Still, in a corner of the nation steeped in colonial lore, that streak is unlikely to be hailed with the same fanfare as Paul Revere’s legendary midnight ride."
en_67,en,gpt_oss_groq,"Purdue quarterback Kyle Orton was a healthy scratch for Saturday’s game against Ohio State. Though he was listed as eligible, the senior has been hampered by a right‑hip injury for the past month and did not see any playing time."
en_68,en,gpt_oss_groq,"The Knicks’ miscues proved costly Wednesday night, as they squandered a late lead and fell 94‑93 to the Detroit Pistons at Madison Square Garden. While the defeat will be chalked up as a learning experience, it does little to soften the sting of another blown momentum spell."
en_69,en,gpt_oss_groq,"**Trucking Company Slips as Valuations Remain Attractive**  
While many carriers are trading at compelling long‑term price points, the recent dip in a major trucking firm’s shares has investors asking: how does SCS Transportation fit into the picture?"
en_70,en,gpt_oss_groq,"Hundreds of thousands of paper cranes were dropped over Thailand’s three conflict‑ridden southern provinces yesterday in a lavish, government‑backed initiative meant to promote peace in the predominantly Muslim region. The colourful display was presented as a symbolic gesture of reconciliation, aiming to ease longstanding tensions."
en_71,en,gpt_oss_groq,"Yahoo and Adobe have partnered to integrate web‑search capabilities into Adobe’s widely used Acrobat Reader, allowing users to access Yahoo’s search results directly from the PDF program while also cross‑promoting each company’s customer bases. The collaboration aims to boost the functionality of Acrobat Reader and expand Yahoo’s reach among Adobe users."
en_72,en,gpt_oss_groq,"US Airways files for bankruptcy again

In yet another indication of the challenges confronting the country's major carriers, US Airways filed for Chapter 11 protection on Sunday, marking its second bankruptcy filing since 2002."
en_73,en,gpt_oss_groq,"Reporters Without Borders has warned that China is restricting access to Google News. The Paris‑based organization says the English‑language news portal has been offline for about ten days, indicating a possible block imposed by Chinese authorities."
en_74,en,gpt_oss_groq,"**Sprint Nears Agreement to Acquire Nextel, Sources Say**  
*Reuters* – According to industry insiders, Sprint Corp. is on the verge of finalizing a deal to purchase Nextel Communications Inc. for roughly $35 billion. The transaction, which would be largely settled in stock, aims to merge the nation’s third‑largest mobile carrier with its rival, creating a combined entity that could better compete in the increasingly consolidated telecom market. Both companies expect the merger to broaden network coverage and enhance service offerings for customers. Further details are pending as the parties work through regulatory approvals and shareholder votes."
en_75,en,gpt_oss_groq,
en_76,en,gpt_oss_groq,"**LSU gets an early reality check**

Could a football season be derailed before Labor Day? In most cases, the answer is no. Even a disappointing loss on the opening weekend of September can be overcome. There’s plenty of time for a squad to rebound from a setback they were favored to avoid."
en_77,en,gpt_oss_groq,"More than $800 million has already been pledged to fund Sir Richard Branson’s Virgin Galactic space‑flight program—even though the spacecraft is still in the design phase. Investors and partners are committing the money now, betting on the company’s plans to launch commercial trips to sub‑orbital space within the next few years."
en_78,en,gpt_oss_groq,"Pedro Martínez delivered a stellar seven‑inning performance, bringing Boston within a comfortable 3‑0 series lead as the Red Sox edge closer to a sweep. By Marc Topkin, Times Staff Writer."
en_79,en,gpt_oss_groq,"**Politics: Parties Watch Rising Global Oil Prices With Concern**  
The revelation that the National Party will postpone major policy declarations until the campaign period has drawn a mixed response from across the political spectrum."
en_80,en,gpt_oss_groq,"Traian Băsescu, a former sea captain who entered politics, clinched an unexpected win in Romania’s presidential runoff on Sunday, according to the final results released yesterday."
en_81,en,gpt_oss_groq,
en_82,en,gpt_oss_groq,"**Tests Confirm No Mad Cow, Beef Prices Jump**  
WASHINGTON/CHICAGO (Reuters) — The U.S. Department of Agriculture announced Tuesday that a cow previously flagged for possible mad‑cow disease tested negative in a follow‑up series of advanced analyses, prompting a sharp rise in cattle market prices."
en_83,en,gpt_oss_groq,"President Bush paid an unanticipated stop at the Russian embassy on Sunday, signing a condolence book for the victims of the school hostage crisis and denouncing the “evil terrorists” responsible for the attack. He conveyed his sorrow and anger over the tragedy, offering solidarity to the families and the Russian government."
en_84,en,gpt_oss_groq,"Padres Shut Out Struggling Mets 4-2 (AP) – Brian Lawrence dodged a bases‑loaded scare early and surrendered only four hits over the rest of the night, guiding San Diego to a 4‑0 win over a faltering New York squad."
en_85,en,gpt_oss_groq,Disney’s former chief executive Michael 
en_86,en,gpt_oss_groq,"Oil companies have entered negotiations with Nigerian villagers who have seized three offshore platforms over a jobs dispute, a standoff that has halted about 90,000 barrels of oil a day. The talks began on Monday."
en_87,en,gpt_oss_groq,"Chinese authorities have shut down 1,600 internet cafés across the country and imposed total fines of about 100 million yuan (roughly $12 million) on the owners. The closures and penalties were carried out by local governments between February and August of this year."
en_88,en,gpt_oss_groq,"Pittsburgh Secures BCS Spot as Tyler Palko Throws for a Personal Best

Tyler Palko racked up a career‑high 411 passing yards and five touchdowns, guiding the No. 19 Panthers to a dominant 43‑14 victory over South Florida on Saturday and clinching a BCS bowl berth."
en_89,en,gpt_oss_groq,"More than 80 people were wounded on Tuesday, the opening day of a two‑day strike in Bangladesh, after opposition supporters clashed with police and targeted railway stations nationwide. The demonstrations were organised to denounce a fatal grenade blast that occurred over the weekend."
en_90,en,gpt_oss_groq,"Andy Roddick is eager to soak up the “electric” vibe of the US Open, saying he’ll make the most of playing on home soil as he sets out to defend his title next week. The former champion kicks off his campaign against fellow American …"
en_91,en,gpt_oss_groq,"Vice President Dick Cheney on Wednesday reiterated President George W. Bush’s recent, pointed doubts about Senator John Kerry’s ability to serve as commander‑in‑chief. Cheney’s comments came as the Republican leader basked in the applause of GOP supporters who praised his performance in the debate."
en_92,en,gpt_oss_groq,"Congress has urged the Federal Trade Commission to explore ways to curb unwanted emails, including reviving a “Do Not Spam” registry that was originally introduced with the CAN‑SPAM Act. The FTC is now reviewing possible incentives for violators, such as bounty‑type penalties, as part of its effort to strengthen spam‑prevention measures."
en_93,en,gpt_oss_groq,"Federal prosecutors are moving to dismantle a so‑called “spam empire” that runs out of a Rochester dance club. The operation is accused of flooding users’ computers with intrusive pop‑up ads by hijacking web browsers, prompting the government to seek its shutdown."
en_94,en,gpt_oss_groq,"Microsoft prepares for an EU antitrust appeal  
The U.S. software leader said it will respect any decision issued by the European Court of Appeal, which begins hearing this week on the bloc’s ruling that Microsoft abused its market dominance."
en_95,en,gpt_oss_groq,**Frances Delays Third Cubs‑Marlins Matchup (AP)** — The Florida Marlins have pushed back their Sunday contest with the Chicago Cubs after Hurricane Frances began moving onto Florida’s Atlantic shoreline.
en_96,en,gpt_oss_groq,"U.S. chain retailers posted higher sales in the second week of October versus a year earlier, buoyed by seasonal shopping activity, the latest report showed on Tuesday."
en_97,en,gpt_oss_groq,"**Motor racing: Dario Franchitti clinches back‑to‑back wins** – The Scot delivered a dominant performance in the second Indy Racing League event of 2004, conquering the Pikes Peak circuit with a commanding lead. After finishing fourth at the Colorado venue last season, Franchitti turned the tables this weekend, steering his car to the front for the majority of the race and securing his second consecutive victory."
en_98,en,gpt_oss_groq,"U.S. equities, the dollar and Treasury yields dip  
New York (Reuters) – American stocks and bond prices slipped on Tuesday as the greenback fell to a fresh historic low against the euro."
en_99,en,gpt_oss_groq,"ST. LOUIS — While the term “cookie‑cutter stadium” has become a dismissive label for the wave of multipurpose arenas that popped up in cities like Pittsburgh, Cincinnati, Atlanta, Queens, Philadelphia and St. Louis during the late 1960s and early ’70s, even these seemingly identical venues can boast distinct character. Busch Stadium, for example, has cultivated an atmosphere that sets it apart from its peers."
en_100,en,gpt_oss_groq,Blue‑chip shares in New York barely nudged upward yesterday. A surge in oil prices that pushed the commodity to a record‑high close erased earlier market gains and revived worries that steep energy costs could curb consumer spending and dent corporate earnings.
en_101,en,gpt_oss_groq,"Nigeria has suspended all government contracts with Halliburton, the world’s second‑largest oil‑service provider, after two radioactive sources were stolen from the company's Nigerian subsidiary, officials announced on Monday."
en_102,en,gpt_oss_groq,"Johnson & Johnson disclosed yesterday a $25.4 billion (about £13.1 billion) acquisition of Guidant Corporation, securing the medical‑device maker a foothold in the rapidly expanding"
en_103,en,gpt_oss_groq,
en_104,en,gpt_oss_groq,"Denver’s Broncos have lost versatile backup running back and kickoff returner Quentin Griffin for the remainder of the season, ESPN reported Tuesday, citing unnamed sources."
en_105,en,gpt_oss_groq,"**Napier’s Chessboard Calculator**

When most people hear the name Napier they think of logarithms, and rightly so. The Scottish scholar was a true polymath: he championed the decimal‑point system and even claimed that the 1593 pope was the Antichrist. Less widely known, however, is his pioneering work in binary computation. By adapting a simple chessboard and a handful of counters, Napier devised one of the earliest mechanical devices for binary arithmetic, enabling the multiplication, division and even extraction of square roots of binary numbers."
en_106,en,gpt_oss_groq,
en_107,en,gpt_oss_groq,"Sony is dispatching its humanoid robots to classrooms, aiming to spark students’ curiosity in science and technology. The devices will serve as interactive tools to promote STEM learning."
en_108,en,gpt_oss_groq,"The International Olympic Committee said on Tuesday that President Jacques Rogge has created a disciplinary panel to look into comments aired on ABC’s “20/20” on Friday. The remarks, made by Victor Conte, who runs the California‑based BALCO lab, concerned allegations of doping involving athlete Marion Jones. The newly formed commission will examine the statements and determine whether any violations of IOC rules have occurred."
en_109,en,gpt_oss_groq,"AIG has reached a provisional settlement in its U.S. investigations, agreeing to a payment of roughly $126 million and to the appointment of an independent monitor to oversee the resolution of the insurance‑sales probe."
en_110,en,gpt_oss_groq,"Siemens has issued an alert about its newest 65‑series smartphones, warning that a design defect could cause injuries to users during normal operation. The company advises customers to stop using the devices until a fix is provided."
en_111,en,gpt_oss_groq,"**Plantronics Rides Gaming Boom and Low‑Cost VoIP Calls**

Milan (Reuters) – The surge in popular video‑game titles and the rise of inexpensive internet‑based phone calls are driving up sales of Plantronics’ headsets, the chief executive of the world’s top telephone‑headset manufacturer said on Wednesday."
en_112,en,gpt_oss_groq,"LAGOS (Reuters) – A commander of the insurgents battling government forces around Port Harcourt said on Sunday that the rebels are preparing to expand their uprising throughout the oil‑rich Niger Delta, demanding political reforms or greater autonomy."
en_113,en,gpt_oss_groq,"Manchester United broke Arsenal’s remarkable 49‑game Premier League unbeaten run with a 2‑0 win at Old Trafford on Sunday, clinching a hard‑fought victory in what proved to be a gritty “Battle of the Titans.”"
en_114,en,gpt_oss_groq,"**BHP Billiton plans further Pilbara expansion** – Australian iron‑ore giant BHP Billiton said it will widen its Pilbara mining footprint to keep pace with steady demand from Asian markets. The company’s $780 million “Rapid Growth” initiative will boost overall output at the Western Australian hub,"
en_115,en,gpt_oss_groq,"Indonesia’s president, Yudhoyono, has turned down any outside assistance in resolving the Aceh insurgency, affirming that the nation will tackle the violence on its own. At the same time, the government has officially prolonged the state of emergency in the troubled province for another six months."
en_116,en,gpt_oss_groq,"**Rooney’s fairy‑tale debut meets reality**

After a first appearance that seemed straight out of a storybook, 18‑year‑old Wayne Rooney got a sobering introduction to the true demands of Manchester United yesterday. The young striker could have easily believed that his meteoric rise would continue unchecked, but the rigors of top‑flight football quickly reminded him that talent alone isn’t enough."
en_117,en,gpt_oss_groq,St. Louis Rams Cut Punter Sean Landeta (AP) — Inconsistent play on special teams was a key factor in the Rams’ decision to part ways with veteran punter Sean Landeta.
en_118,en,gpt_oss_groq,"Turnaround Gains Traction as Two Ford Leaders Depart  
Two of Ford Motor Co.’s top executives have stepped down, a development viewed as evidence that the automaker’s severe financial woes are easing, even as significant hurdles lie ahead."
en_119,en,gpt_oss_groq,"Australia clinched a landmark series triumph in India, their first on Indian soil in 35 years, after a dominant 342‑run victory in the third Test at Nagpur."
de_0,de,gpt_oss_groq,"**London – Der britische Premierminister legt vier Kernforderungen an die EU vor**

In einer programmatischen Ansprache hat David Cameron am Dienstag vor dem Londoner Think‑Tank Chatham House die nächste Verhandlungsrunde über das künftige Verhältnis Großbritanniens zur Europäischen Union eingeleitet. Dabei stellte er vier Punkte heraus, die seiner Meinung nach die Basis für ein dauerhaftes Zusammenarbeiten bilden – gleichzeitig ließ er aber die Möglichkeit eines Austritts ausdrücklich offen.

Cameron betonte, dass die britische Mitgliedschaft nicht nur dem eigenen Land, sondern der gesamten Union zugute käme. In seiner knapp 45‑minütigen Rede hob der konservative Premierminister die Bedeutung der 28‑köpfigen Gemeinschaft für Europas wirtschaftliche und sicherheitspolitische Stabilität hervor. „Die EU ist kein Selbstzweck, sondern ein zentrales politisches Instrument – vergleichbar mit der NATO oder den Vereinten Nationen“, sagte er. Als zweitgrößte Volkswirtschaft und zweitgrößter Beitragszahler fordere Großbritannien, dass seine Bedenken ernst genommen würden"
de_1,de,gpt_oss_groq,"**Porsche‑Holding blickt nach einem erfolgreichen Jahr 2015 auf ein arbeitsreiches 2016**

*Salzburg –* Das Porsche Holding Salzburg, größter VW‑Händler Europas, lässt die turbulente VW‑Affäre und den anstehenden e‑Golf hinter sich und richtet den Fokus auf das kommende Jahr. „2015 war für uns ein starkes Jahr“, betont Sprecher Alain Favey. „Besonders in Zentral‑ und Südosteuropa lief die Entwicklung stabil, und auch in Österreich halten wir das hohe Niveau.“  

Trotz des guten Geschäfts wird 2016 das Rekordhoch von 2011 nicht übertreffen, räumt Favey ein. Dennoch bleibt der österreichische Marktanteil mit rund 300 000 verkauften Fahrzeugen bei soliden 35 %. Für die Porsche‑Händler bedeutet das ein erfreuliches Jahr – das Absatzvolumen soll um rund 22 % steigen, was etwa 1 235 Neuzulassungen von Porsche‑Modellen entspricht.  

Im europäischen Vergleich verliert Volkswagen im November laut ACEA‑Daten 2,3 Prozentpunkte und liegt bei 24,3 % Markt"
de_2,de,gpt_oss_groq,**Politikwissenschaftler Lok Raj Baral wir
de_3,de,gpt_oss_groq,"**UN‑HCR gerät wegen verspätetem Eingreifen in der europäischen Flüchtlingskrise in die Kritik – obwohl es nicht zu seinen Kernaufgaben gehört**

Die weltweite Flüchtlingsbewegung hat die Europäische Union vor enorme Herausforderungen gestellt. Dabei wird dem Flüchtlingshilfswerk der Vereinten Nationen (UNHCR) häufig vorgeworfen, zu spät und zu wenig zu handeln – ein Vorwurf, der jedoch kaum dem eigentlichen Mandat der Organisation entspricht.

Ein Beispiel liefert Josef Hofer, 27, aus Salzburg. Der Behindertenbetreuer engagierte sich während der Hochphase der Krise freiwillig in der sogenannten österreichischen Willkommenskultur. Im Herbst 2015 reiste er nach Budapest, um eigenständig Flüchtlinge nach Österreich zu bringen. Als er von den katastrophalen Zuständen im ungarischen Grenzort Röszke hörte – dort wurden im September tausende Schutzsuchende unter menschenunwürdigen Bedingungen von den Behörden festgehalten – schloss er sich einer Gruppe von Helfern an, weil es an professioneller Unterstützung mangelte. Große Organisationen wie das Rote Kreuz, Ärzte ohne Grenzen oder das UNH"
de_4,de,gpt_oss_groq,"**Christian Hölbling präsentiert „Ich kann auch anders“ – ein frischer Blick auf Herkunft, Identität und Gesellschaft**

Wien – Der Kabarettist Christian Hölbling startet mit seinem neuen Programm „Ich kann auch anders“ einen weiteren Kapitel seiner Karriere und setzt dabei auf das bewährte Prinzip: Humor entsteht, wenn Menschen nicht in ihr Umfeld passen. Ob ein Prinz in einer Arbeiterfamilie oder ein Steirer, der nach Völkermarkt zieht – die Diskrepanz zwischen Habitus und Situation liefert ihm stets das komische Material.

In „Ich kann auch anders“ beobachtet Hölbling scharfsinnig die kleinen, aber feinen Verschiebungen, die im Alltag vorkommen. Dabei greift er häufig auf eigene Erlebnisse zurück: Der „Engländer in New York“ ist für ihn kein fremder Ausländer, sondern ein Österreicher aus der Steiermark, der nun in Kärnten lebt. Auf der Bühne lässt er das Publikum rätseln, ob er tatsächlich vom „Kärntner‑Virus“ befallen ist – einer humorvollen Metapher für das schleichende Erlöschen der regionalen"
de_5,de,gpt_oss_groq,"**Allianz startet eigenen Mobilfunk‑Deal – Smartphone‑Versicherung inklusive**

Für 14,90 € im Monat erhalten Kunden nicht nur einen Handy‑Tarif, sondern auch eine Geräteversicherung. An der Spitze des Projekts steht Michael Krammer, ehemaliger Chef von Telering und Orange. Am Montag stellte die Allianz ihr neues Angebot „Allianz SIMvor“ vor und betritt damit erstmals den Mobilfunksektor.

Das Konzept: Die SIM‑Karte kommt ohne Handy, dafür ist eine umfassende Versicherung für das Gerät im Preis inbegriffen. Allianz‑Chef Wolfram Littich erklärte vor der Presse, dass sogar gebrauchte Geräte geschützt werden können. Versichert sind Schäden durch Fehlbedienung, Bruch, Wassereinwirkung, Sabotage, Vandalismus und vorsätzliche Zerstörung Dritter. Bei Teil­schäden wird ab einem Selbstbehalt von 60 € die Reparatur in den ersten beiden Vertragsjahren zu 100 % übernommen, im dritten Jahr zu 80 %. Bei Totalschäden erhalten Kunden bis zu 50 % des Neupreises (nach zwei Jahren 40 %). Das defekte Gerät wird abgeholt, repariert – in der Regel innerhalb"
de_6,de,gpt_oss_groq,"**Zwei‑Drittel der Stimmen ausgewertet – NLD führt klar**  
Naypyidaw – Nach der Auszählung von etwa 66 % der abgegebenen Stimmen liegt die Nationale Liga für Demokratie (NLD) von Friedensnobelpreisträgerin Aung San Suu Kyi (70) nach der Parlamentswahl in Myanmar unangefochten an der Spitze. Für die absolute Mehrheit in beiden Kammern fehlen ihr jedoch noch 38 Sitze. Insgesamt stehen 130 Parlamentssitze noch offen, weil die Wahlkommission die Auszählung nicht abgeschlossen hat.

US‑Präsident Barack Obama gratulierte in einem Telefonat dem burmesischen Präsidenten zum reibungslosen und friedlichen Wahlablauf. Auch Bundesaußenminister Frank‑Walter Steinmeier äußerte sich positiv und hob hervor, dass sowohl die regierende Partei als auch das Militär das Ergebnis bislang akzeptiert haben. „Ich begrüße ausdrücklich die Glückwünsche von Präsident Thein Sein an die Wahlsieger“, sagte Steinmeier.

Vor 25 Jahren, bei den letzten freien Wahlen, hatte Suu Kyi ebenfalls gewonnen – das Militär weiger"
de_7,de,gpt_oss_groq,"**SOS Mitmensch fordert Prüfung von Birós Flüchtlings‑Kommentar**

Graz – Die Menschenrechtsorganisation SOS Mitmensch hat der Staatsanwaltschaft in Graz ein Dossier zu dem umstrittenen Beitrag des Steirerkrone‑Chefredakteurs Christoph Biró übermittelt. In seinem Artikel wirft Biró Asylsuchende mutmaßlich zu Plünderungen, sexuellen Übergriffen und Sachbeschädigungen an – Behauptungen, die seit längerem in sozialen Netzwerken kursieren und bereits vielfach widerlegt wurden.  

SOS Mitmensch prüft nun, ob Birós Äußerungen nach dem Strafgesetzbuch als Hassrede oder als vorsätzliche Verbreitung falscher, alarmierender Gerüchte zu werten sind. Der Kommentar habe laut dem Verband Angst und Misstrauen gegenüber Schutzsuchenden geschürt, doch für die genannten Vorwürfe liefe bislang kein Beweis, betont Sprecher Alexander Pollak in einer Pressemitteilung.  

Auch die steirische Landtagsabgeordnete Sabine Jungwirth (Grüne) hat in einem offenen Schreiben an Biró die Offenlegung seiner"
de_8,de,gpt_oss_groq,"**Österreichische Legionäre in der Champions League – Alaba will Titel holen, drei Neulinge im Startfeld**

Wien – Die 24. Ausgabe der Champions League startet am Dienstagabend mit den gewohnten Favoriten um den Titel. Der FC Barcelona hofft, als einziger Klub die Königsklasse im Mai 2016 im Mailänder San Siro noch einmal zu verteidigen. Aus Österreich gehen dieses Jahr drei Expatriates in die Gruppe: Aleksandar Dragović bei Dynamo Kiew, der verletzte Martin Stranzl bei Borussia Mönchengladbach und David Alaba beim FC Bayern, der als ernstzunehmender Herausforderer für den spanischen Rekordmeister gilt. Auch Real Madrid unter neuem Trainer Rafael Benítez sowie die englischen Topclubs aus Manchester und London zählen zu den angesagten Kandidaten. Paris Saint‑Germain will mit kräftigem Geldschub ebenfalls um den europäischen Thron mitspielen.

Finanziell bleibt die Champions League ein Blockbuster: Bis 2018 soll die UEFA insgesamt 1,257 Mrd. € an Pr"
de_9,de,gpt_oss_groq,"**Glock‑Sportzentrum in Kärnten: Wo Reiten auf Stars trifft**

Das von Gaston Glock senior für seine Ehefrau Kathrin errichtete Pferdesportzentrum am Ossiacher See ist mittlerweile zu einem Wahrzeichen der internationalen Reitszene geworden. Zwei‑mal im Jahr lockt das Glock Horse Performance Center (GHPC) nicht nur Spitzenreiter im Spring‑ und Dressurreiten, sondern auch Hollywood‑Stars, Sänger und Milliardäre. Auf der Bühne des GHPC standen bereits Größen wie Robbie Williams, Cher oder der TV‑Koch Alfons Schuhbeck, während das Publikum zwischen begeisterten Reitsportfans und prominenten VIP‑Gästen wechselt.

**Ein exklusiver Ort mit außergewöhnlichem Ambiente**

Der 232‑Pferde‑Komplex ist nicht nur wegen seiner sportlichen Infrastruktur, sondern auch wegen seines außergewöhnlichen Designs bekannt. Der rote Teppich, der den Weg von den Boxen über den Trainingsplatz bis zum Turnierfeld markiert, wird flankiert von Palmen, die in regelmäßigen Abständen"
de_10,de,gpt_oss_groq,"**Damen‑ und Herren‑Slalom in Levi gestrichen – keine Aussicht auf Nachholung**

Levi/Jeongseon/Wien – Wie bereits 2007 und zuletzt 2011 fällt auch dieses Jahr der Slalom in Levi wegen zu wenig Schnee aus. Selbst im finnischen Lappland ist das Wetter zurzeit zu warm und die Schneedecke dünn. Kurz vor dem Saisonstart wurden zwar ein paar Schneehaufen auf die Piste gebracht, doch das reicht nicht, um die Rennen zu starten. Ein Ersatztermin ist derzeit nicht absehbar.

Der Wind drehte nach Süden, wodurch die Prognosen plötzlich umschlugen: Auf dem Papier waren noch minus drei Grad geplant, am Hang herrschten jedoch bereits plus drei Grad, erklärte Rennleiter Markus Waldner gegenüber der APA. Auch Atle Skaardal, Chef der Damen‑Rennabteilung, zeigte sich enttäuscht. „Unter diesen Bedingungen wäre es weder für die Athleten, noch für die Fans und das Resort fair, die Rennen durchzuführen“, sagte er.

Eine Verlegung der Slaloms erscheint kaum möglich, weil der Weltcup‑Kalender bereits sehr voll ist."
de_11,de,gpt_oss_groq,"**Oxfam fordert mehr Geld und konsequentere Umsiedlung von syrischen Flüchtlingen**

Berlin/Wien – Die Entwicklungs- und Nothilfewerk­schaft Oxfam hat am Dienstag scharf die bislang unzureichende Hilfe der internationalen Gemeinschaft für syrische Flüchtlinge, sowohl im Land selbst als auch in den Nachbarstaaten, kritisiert. In ihrem aktuellen Bericht *Solidarity with Syrians* bemängelt die Organisation, dass die bislang geleistete Unterstützung nur oberflächlich und wenig glaubwürdig sei.

Oxfam hat analysiert, inwieweit Industrieländer finanzielle Beiträge leisten und Aufnahmeplätze für Schutzsuchende bereitstellen sowie Anstrengungen zur Beendigung des syrischen Krieges unternehmen. Das Ergebnis: Die vorhandenen Mittel reichen bei weitem nicht aus, um den Vertriebenen ein würdevolles und sicheres Leben zu ermöglichen. Viele zugesagten Resettlement‑Programme wurden bislang nicht umgesetzt – bislang konnten lediglich rund 17 000 Syrer über diesen Weg in sichere Länder übertreten.

Die Hilfsorganisation drängt darauf, dass bis Ende 2016 mindestens zehn Prozent der in den Nachbarländern lebenden Flüchtlinge umgesiedelt werden. Der Bericht zeigt zudem, dass nur wenige Staaten im"
de_12,de,gpt_oss_groq,"**Luxemburg lehnt Ausländerwahlrecht ab – 78 % sagen Nein**

Im kleinen Großherzogtum hat das Volk am Sonntag klar abgestimmt: Das geplante Wahlrecht für ausländische Einwohner bei nationalen Parlamentswahlen wird nicht eingeführt. In einem Referendum sprachen sich 78 % der Stimmberechtigten gegen den Regierungsentwurf von Premierminister Xavier Bettel aus.

Damit bleibt das Wahlrecht in allen EU‑Staaten ausschließlich für Staatsbürger erhalten. Auch die Idee, das Mindestwahlalter von 18 auf 16 Jahre zu senken, fand nur wenig Anklang – knapp 81 % der Wähler lehnten den Vorschlag ab. Ein weiteres Vorhaben, die Amtszeit von Ministern auf zehn Jahre zu begrenzen, erhielt lediglich rund ein Drittel der Stimmen.

„Die Bürger haben ein klares Signal gegeben, das wir respektieren“, erklärte Bettel nach Auszählung der Stimmen. Der 42‑jährige Liberale hatte das Vorhaben mit dem hohen Anteil von Ausländern in Luxemburg begründet: Rund 45 % der rund 550.000 Einwohner seien keine Staatsbürger. Er wollte das Wahlrecht auf Personen"
de_13,de,gpt_oss_groq,"**Politisches Gerangel treibt die Wirtschaft weiter nach unten** – Griechenland steckt tiefer in der Rezession, als zunächst angenommen wurde. Laut den neuesten Zahlen der EU‑Statistikbehörde Eurostat schrumpfte das Bruttoinlandsprodukt im dritten Quartal im Vergleich zum Vormonat um 0,9 %. Noch im November hatten die Eurostat‑Analysten aufgrund vorläufiger Schätzungen lediglich einen Rückgang von 0,5 % erwartet. Im zweiten Quartal war sogar ein leichtes Wachstum von 0,3 % zum Vorquartal verzeichnet worden, während das Jahresbeginn‑Quartal noch keinerlei Zuwachs zeigte. Das dritte Quartal gilt in Griechenland traditionell als wichtiger Indikator, weil hier die Ergebnisse der Sommersaison im Tourismus nachwirken. Im Vergleich: Im dritten Quartal 2014 wuchs die Wirtschaft laut Eurostat noch um 0,8 %. Für den diesjährigen Rückgang ist vor allem das politische Tauziehen zwischen der linksliberalen Koalition und den europäischen Geldgebern verantwortlich, das im Frühjahr eskalierte. Die Gefahr einer Staatspleite und die anhaltenden Diskussionen um einen möglichen"
de_14,de,gpt_oss_groq,"Weltweit sind bislang rund 800 000 Fälle von manipulierten CO₂‑Werten bei Fahrzeugen bekannt geworden. Der Volkswagen‑Konzern hat dabei vor allem bei Neuwagen falsche Emissionsangaben gemacht. Mehr als die Hälfte dieser Fälle – etwa 430 000 Fahrzeuge – stammt aus dem Modelljahr 2016 und stehen teilweise bereits auf den Höfen der Händler, wie VW am späten Freitagabend aus Wolfsburg bestätigte. Zudem wird geprüft, ob auch ältere Modelle mit unterschätzten CO₂‑Werten im Straßenverkehr unterwegs sind. Betroffene Kunden können auf der Seite www.volkswagen.de/info nachsehen, ob ihr Auto zu den betroffenen Fahrzeugen gehört. 

Währenddessen gerät der Absatz der VW‑Kernmarke weiter unter Druck, weil gleichzeitig der Diesel‑Skandal um manipulierte Stickoxid‑Werte für Aufsehen sorgt. Im Oktober verkaufte der Konzern weltweit 490 000 Fahrzeuge, das entspricht einem Rückgang von 5,3 % gegenüber dem Vorjahr. Der neue Vorstandsvorsitzende Herbert Diess betonte jedoch, dass er keine Gefahr für Arbeitsplätze in der regulären Belegschaft sehe"
de_15,de,gpt_oss_groq,"**47‑jährige Dramaturgin übernimmt Nachfolge von Bettina Hering**

Sankt Pölten – Die 47‑jährige Marie Rötzer, die derzeit als persönliche Referentin des Intendanten am Thalia‑Theater in Hamburg arbeitet, wird künftig die künstlerische Leitung des Landestheaters Niederösterreich übernehmen. Damit tritt sie die Nachfolge von Bettina Hering an, die das Haus verlassen hat, um die Position der Schauspielchefin an den Salzburger Festspielen zu übernehmen. Der Vertrag von Rötzer startet im Sommer 2016 und ist zunächst auf vier Spielzeiten bis zum Sommer 2020 befristet.

Rötzer, gebürtig aus Mistelbach, begann ihre Theaterkarriere Anfang der 1990er Jahre am Landestheater in Sankt Pölten. Nach einer Tätigkeit als Lektorin an der Universität Czernowitz in der Ukraine sammelte sie weitere Erfahrungen als Dramaturgin an namhaften deutschsprachigen Bühnen, darunter das Maxim‑Gorki‑Theater in Berlin, die Gessnerallee in Zürich, das Schauspielhaus Graz und das Staatstheater Mainz. Seit einiger Zeit gehört sie zum Leitungsteam des Thalia‑Theaters in Hamburg.

„"
de_16,de,gpt_oss_groq,"**Gevgelija/Skopje/Belgrad –** Am Samstag gelang es trotz verstärkter Polizeikontrollen Hunderte von Migranten, die Grenze zwischen Griechenland und Mazedonien zu überschreiten. Wie ein AFP-Korrespondent aus Gevgelija berichtete, sprengten die Flüchtlinge die mit Stacheldraht versehenen Absperrungen, die von den Sicherheitskräften errichtet worden waren. Reuters ging sogar von mehreren Tausend Menschen aus, die in das vormals jugoslawische Teilgebiet eindrangen. Ein dort eingesetzter Reporter beobachtete, wie die Migranten die Barrieren überquerten und über Felder flüchteten"
de_17,de,gpt_oss_groq,"**Fünf Stunden Königskrieg im Museumsquartier: Ivo van Hove inszeniert Shakespeares Dynastien**

In den Festwochen des Museumsquartiers wird das fünfstündige Theaterprojekt *Kings of War* von Ivo van Hove und der Toneelgroep Amsterdam das Publikum in ein modernes Kriegslager der englischen Könige entführen. Die Aufführung, eine Neuinterpretation von Shakespeares Historien, verläuft in einem eigens dafür gestalteten „War‑Room“, den Szenenbildner Jan Versweyveld an das Hauptquartier Winston Churchills anlehnt.  

Der niederländische Regisseur setzt dabei nicht nur auf klassische Texte, sondern lässt Autor Rob Klinkenberg die Worte aus *Henry V*, *Henry VI* und *Richard III* in ein flüssiges Holländisch übersetzen. Gleichzeitig verschmilzt das Geschehen mit einer zeitgenössischen Ästhetik: Auf der Bühne finden sich Computeranschlüsse, fließendes Wasser und eine Empore, auf der vier Posaun"
de_18,de,gpt_oss_groq,"**Rubel stabilisiert sich – steigende Ölpreise stärken die russische Wirtschaft**

Moskau – Laut der Weltbank hat sich die wirtschaftliche Lage in Russland wieder leicht verbessert. Die Institution geht davon aus, dass das Bruttoinlandsprodukt im laufenden Jahr nur noch um 2,7 % schrumpft, statt der bisher angenommenen 3,8 %. Ein wichtiger Grund dafür sei die Erholung des Rubels, die durch den jüngsten Aufschwung der Ölpreise nach einer langen Phase fallender Kurse begünstigt werde. Da etwa 40 % der Staatseinnahmen aus Ölexporten stammen, wirkt sich der höhere Ölpreis unmittelbar positiv auf die öffentlichen Finanzen aus.

Zusätzlich bemerken die Weltbank‑Analysten, dass die Inflation in Russland sich abschwächt, was die Kaufkraft der Bevölkerung stärkt. Trotzdem bleibt die Wirtschaft durch die von westlichen Staaten verhängten Sanktionen im Zuge des Ukraine‑Konflikts belastet. Das russische Wirtschaftsministerium rechnet mit einem ähnlichen Ergebnis und erwartet ein BIP‑Minus von rund 2,8 % für dieses Jahr.

Andere Wirtschaftsexperten sind vors"
de_19,de,gpt_oss_groq,"**Kärnten und Tirol liegen noch weiter hinten.** Außer Niederösterreich und Salzburg erreicht kein Bundesland die geforderte Quote für unbegleitete minderjährige Flüchtlinge (UMF). Im Erstaufnahmezentrum Traiskirchen wohnen nach wie vor mehr als 1.000 junge Asylsuchende. In Vorarlberg fehlen demnach 113 Betten – die Quote liegt dort nur bei rund 60 %. Laut einem Bericht der Montagsausgabe der *Vorarlberger Nachrichten* sind damit nur Kärnten (etwa 51 %) und Tirol (etwa 56 %) noch schlechter dran.

Salzburg kann die Vorgabe lediglich dank etwa 200 Jugendlicher, die in einer Kaserne untergebracht sind, erfüllen. Der Vorarlberger Kinder‑ und Jugendanwalt Michael Rauch kritisierte diese Situation scharf. „Man kann nicht ständig nach außen als Quotenerfüller auftreten, wenn wir bei den UMF gerade mal 60 % erreichen“, sagte er und richtete seine Vorwürfe auch an die Landesregierung Vorarlbergs.

Landesrätin Katharina W"
de_20,de,gpt_oss_groq,"**Uniqa konsolidiert – Vorstand wird halbiert, Fusionen bis Q1 2017 abgeschlossen**  

Wien – Der Versicherungsriese Uniqa startet eine umfassende Umstrukturierung: Alle inländischen operativen Gesellschaften werden zu einer Einheit zusammengeführt. Durch die Fusion von Uniqa Österreich Versicherungen AG mit der Raiffeisen Versicherung AG, der Salzburger Landes‑Versicherung AG und der FinanceLife Lebensversicherung AG bis spätestens zum ersten Quartal 2017 reduziert sich die Anzahl der Vorstandsmitglieder von 22 auf zehn Personen.  

Damit soll die neue Unternehmensführung besser an den langfristigen strategischen Zielen und den kommenden Markt­herausforderungen ausgerichtet werden, erklärte die Uniqa Group am Mittwochabend. Auch die"
de_21,de,gpt_oss_groq,"**Astronomische Highlights im März**

Am 23. erstrahlt der Vollmond, während Jupiter leuchtend im Sternbild Löwe zu sehen ist. Die Tage werden merklich länger: Am 1. beträgt die Tageslichtdauer noch 11 Stunden und 4 Minuten, am 31. bereits 12 Stunden und 50 Minuten. Die Dämmerungszeit nach Sonnenuntergang bis zu einer Sonnentiefe von 12 Grad liegt bei rund 1 Stunde und 8 Minuten.

Die Sonne, unser wanderndes Gestirn, erreicht am 20. März um 05:30 Uhr den Widder – damit fällt die Tagundnachtgleiche und der Frühlingsbeginn ein. Am 2. befindet sich der Mond im letzten Viertel im Sternbild Schlangenträger, zusammen mit Saturn. Die feine Altlichtsichel ist am 7. tief im Morgengrauen im Osten‑Süd‑Osten zu erkennen; am 9. folgt der Neumond, der gleichzeitig eine bei uns nicht sichtbare totale Sonnenfinsternis auslöst"
de_22,de,gpt_oss_groq,"Britische Sicherheitsbehörden haben ihr Vorgehen gegenüber dem flüchtigen Wikileaks‑Gründer geändert: Statt rund um die Uhr an der ecuadorianischen Botschaft in London zu patrouillieren, wo Julian Assange seit Juni 2012 Schutz sucht, soll nun verstärkt auf verdeckte Ermittlungen gesetzt werden, erklärte Scotland Yard am Montag. Die permanente Bewachung halte man für nicht mehr zeitgemäß. Der 44‑jährige Assange, gegen den in Schweden ein Haftbefehl wegen angeblicher Sexualdelikte vorliegt, bestreitet die Vorwürfe und fürchtet vor allem eine Auslieferung an die USA wegen der Veröffentlichungen seiner Plattform. Die ständige Präsenz habe die britischen Steuerzahler bisher über 16 Millionen Euro gekostet."
de_23,de,gpt_oss_groq,"**Seniorenbund-Chef Khol lobt Steuerpaket, wirft Kanzler Gesprächsverweigerung vor**

Wien – Andreas Khol, Vorsitzender des ÖVP‑Seniorenbundes, sieht die Regierungsarbeit im ersten Halbjahr insgesamt besser als erwartet, bemängelt jedoch das Fehlen von Reformen in den Bereichen Pensionen, Gesundheit und Pflege. „Wir haben noch viel Aufholbedarf – sonst wird das Projekt schnell zum Streit auf dem Deck der Titanic“, warnte er.

Bei der kürzlich beschlossenen Steuerreform lobte Khol die Bilanz, äußerte jedoch Kritik an Bundeskanzler Werner Faymann (SPÖ) wegen dessen „Verweigerung eines Dialogs“. Während die Reform viele Wünsche der Seniorengeneration erfülle, blieb ein Aspekt unbeantwortet: Rund 230 000 Bezieher von Ausgleichszulagen wurden von der negativen Steuer für Pensionisten ausgenommen. Besonders ärgerlich sei für Khol, dass der Seniorenrat monatelang um einen Gesprächstermin mit dem Kanzler bat, jedoch keinen erhalten habe. Der Vorstand kündigte an, entsprechende Musterklagen vor den höchsten Gerichten vorzubereiten.

Khol betonte,"
de_24,de,gpt_oss_groq,"**Spiegel‑Chefredakteur Klaus Brinkbäumer über Satire, Bezahlschranken und die Zukunft des Journalismus**

*Wien – Am Donnerstag hielt Klaus Brinkbäumer, der Chefredakteur des „Spiegel“, im Rahmen der"
de_25,de,gpt_oss_groq,"**Wolf Wondratschek: Wie ein limitiertes Gedichtbändchen zur Neuauflage wurde**

Wolf Wondratschek, in Wien und München lebender Dichter, brachte 1995 sein erste Gedichtbändchen *For"
de_26,de,gpt_oss_groq,"**Dell strebt mit EMC-Deal nach größerer Marktposition**

Der US‑Technologiekonzern Dell plant, sein Portfolio durch die Übernahme des Speicher‑ und Datenmanagement‑Anbieters EMC zu erweitern, um sich besser gegen Mitbewerber wie Hewlett‑Packard zu behaupten. 

In New York teilte Dell mit, dass die EMC‑Aktionäre für jede Aktie 24,05 US‑Dollar in bar erhalten sollen. Zusätzlich erhalten sie ein Anteilspapier, das den Wert von EMCs Software-Tochter VMware abbildet. Zusammengenommen ergibt das pro EMC‑Aktie einen Gegenwert von rund 33,15 US‑Dollar – ein Aufschlag von fast 20 % gegenüber dem Schlusskurs vom vergangenen Freitag.

Der Deal, über den bereits seit Tagen spekuliert wurde, folgt auf Dell‑Gründer Michael Dells Rückkauf des Unternehmens vor zwei Jahren, den er mithilfe von Finanzinvestoren in einem 25‑Milliarden‑Dollar‑Konsortium von der Börse genommen hatte. Laut Medienberichten benötigen Dell"
de_27,de,gpt_oss_groq,"**Wien – Der Präsident der Österreichischen Akademie der Wissenschaften (ÖAW), Anton Zeilinger, fordert vom neu gewählten Bundespräsidenten klare Unterstützung für die Forschung.**  

In seiner Rede zur traditionellen Jahresfeier der ÖAW am Freitag warnte Zeilinger, dass die Wissenschaft in Österreich an einem kritischen Punkt angekommen sei. „So kann es nicht weitergehen, dass der Forschungsfonds FWF immer weniger Mittel erhält“, sagte er gegenüber der APA. Der Bundespräsident ist gleichzeitig Schirmherr der Akademie, weshalb Zeilinger die bevorstehende Wahl am Sonntag aufmerksam verfolgt.  

Obwohl er keine Bewertung der beiden Kandidaten vornimmt, betont er"
de_28,de,gpt_oss_groq,"**Vier Kinder aus einer internationalen Razzia befreit – Einsatz in den USA und Südamerika**

Im Rahmen einer grenzüberschreitenden Operation gegen den Vertrieb von Kinderpornografie wurden in Lateinamerika, den USA und Spanien mindestens 60 mutmaßliche Täter festgenommen, wie die mexikanische Sicherheitsbehörde CNS am Sonntag mitteilte. Die Verdächtigen sollen über das Internet kinderpornografisches Material verbreitet haben.

Gleichzeitig wurden bei den koordinierten Razzien vier mögliche Opfer gerettet. Dabei handelt es sich um drei Mädchen im Alter von neun, 14 und 15 Jahren, die in Mexiko-Stadt gefunden wurden. Die groß angelegte Aktion wurde von Sicherheitsbehörden verschiedener südamerikanischer Länder sowie dem US-FBI gemeinsam geplant und umgesetzt.

Durchsuchungen fanden demnach in Spanien, den USA, Mexiko, Argentinien, Brasilien, Chile, Kolumbien, Costa Rica, Guatemala, Paraguay, Uruguay und Venezuela statt."
de_29,de,gpt_oss_groq,"Der Präsident der Wirtschaftskammer kritisiert, dass Arbeitslose in Österreich teilweise genauso viel erhalten wie Beschäftigte, die ein Bruttogehalt von rund 1.700 Euro beziehen. Laut den Zahlen des Arbeitsmarktservice waren Ende Juli rund 376.500 Menschen in Österreich ohne Anstellung – ein Zustand, den Wirtschaftskammer‑Chef Christoph Leitl für vermeidbar hält. In einem Gespräch mit dem Volksblatt bejahte Leitl die Frage, ob jeder, der arbeiten möchte, eine Stelle finden kann, und merkte an, dass es dabei nicht immer um die Wunschposition oder den Arbeitsort gehen müsse: „Die Arbeit existiert, sie muss nur gefunden werden.“ 

Bezüglich der Mindestsicherung betont Leitl, dass der Anreiz zum Erwerbstätig‑sein zu gering sei. Er erklärt, dass es ihn verärgert, wenn man aus der Kombination von Mindestsicherung und Transferleistungen netto fast das gleiche Einkommen erzielt wie jemand, der 1.700 Euro brutto verdient. 

Was die Wettbewerbsfähigkeit Österreichs angeht, warnt Leitl, dass das Land bei Produktions‑ und Lohnkosten aus seiner Komfortzone herauskommen müsse, um im weltweiten Wettbewerb mit den preisag"
de_30,de,gpt_oss_groq,"**Österreichs Image bleibt im internationalen Vergleich problematisch – vor allem wegen der hohen Steuerlast**

Wien – In dem vom IMD (Lausanne) jährlich veröffentlichten Standort‑Ranking wird die Wettbewerbsfähigkeit Österreichs erneut als „mäßig“ eing"
de_31,de,gpt_oss_groq,"**Sozialistische Jugend und Grüne verlangen Rücktritte – Kontroverse um FPÖ‑Post in Linz**

Linz – Ein von der Tageszeitung *Österreich* veröffentlichtes Bild von zwei FPÖ‑Gemeinderäten hat nach einem Bericht am Mittwoch heftige politische Diskussionen ausgelöst. In dem Posting äußerte die FPÖ‑Gemeinderätin Susanne Walcher, dass sie den Vorschlag von Wirtschaftskammerpräsident Christoph Leitl für ein „Integrationsjahr mit Sozialjahr‑Charakter“ begrüße. Anschließend fügte sie spöttische Bemerkungen zu jungen Muslimen hinzu, die angeblich als „Kindergarten‑Aufpasser“ oder im Pflegeheim „der Oma beim Baden“ helfen würden. Ihr Parteikollege Markus Kraz ergänzte, diese Personen könnten auch in Tierheimen eingesetzt werden – dort gäbe es wenigstens „liebe Schafe“.

Die Staatsanwaltschaft prüft die Äußerungen nun auf den Tatbestand der Verhetzung.

**Reaktionen aus der Politik**

Philipp Stadler, Vorsitzender der Sozialistischen Jugend Linz, forderte das sofortige Rücktritt"
de_32,de,gpt_oss_groq,"**Brüssel – Ergebnis des Sondergipfels: 100 000 Plätze für Geflüchtete und erweiterte Befugnisse für Frontex**

Am Sonntag trafen sich die Regierungschefs der Länder, die von der Flüchtlingskrise am stärksten betroffen sind, zu einem außerplanmäßigen Gipfel in Brüssel. Nach Angaben der EU‑Kommission einigte man sich auf einen 17‑Punkte‑Plan, mit dem die drei Kernprobleme entlang der Balkanroute angegangen werden sollen: Unterbringung, Steuerung der Ströme und Grenzsicherung.

**Gemeinsame Aktionen statt Einzelkämpfen**  
Die Staats- und Regierungschefs aus Albanien, Bulgarien, Deutschland, Griechenland, Kroatien, Mazedonien, Österreich, Rumänien, Serbien, Slowenien und Ungarn beschlossen, die Zusammenarbeit zu intensivieren und konkrete operative Maßnahmen zu ergreifen. EU‑Kommissionspräsident Jean‑Claude Juncker bet"
de_33,de,gpt_oss_groq,"Rom, 30. April (Reuters) – Die italienische Regierung hat ein weiteres Maßnahmenpaket zur Entlastung des angeschlagenen Bankensektors beschlossen. Mit einem neuen Erlass sollen Kreditinstitute künftig unbezahlte Darlehen deutlich schneller zurückfordern können. Premierminister Matteo Renzi erklärte, dass sich die Rückzahlungsfrist von bislang sechs‑ bis acht Jahren auf nur noch sechs bis acht Monate verkürzen wird. Ziel sei es, die anhaltenden Probleme im Bankensektor nachhaltig zu beheben.

Der Erlass sieht vor, dass Banken schneller auf die Sicherheiten zugreifen können, die von Unternehmen als Garantie gestellt wurden. Privatkredite, etwa Hypotheken, bleiben davon ausgenommen. Darüber hinaus soll mehr als die Hälfte der rund 10 000 Kleinanleger, die im Rahmen der staatlichen Rettung von vier kleineren Banken im vergangenen Jahr Anleihen verloren haben, entschädigt werden – ein Schritt, der nach der heftigen Kritik an Renzi im Vorfeld"
de_34,de,gpt_oss_groq,"**Mehr Einsatz für Benachteiligte, aber weniger Bekehrungsdruck – das ist der aktuelle Wunsch der Gläubigen**

*Linz –* In einer kürzlich für den „Standard“ ausgewerteten Osterbefragung zeigt sich ein deutliches Bild: Während die Kirche verstärkt Unterstützung für Menschen in prekären Lebenslagen gefordert wird, sinkt das Interesse an einer aktiven Missionierung Andersgläubiger.

Nur ein Fünftel der Befragten hält das Osterfest für ein im Kern heidnisches Ereignis. Die Hälfte lehnt diese Deutung eindeutig ab. Der Osterhase – ursprünglich ein Symbol für Fruchtbarkeit – wird von 81 % der Österreicher als sympathische Figur wahrgenommen, obwohl die Kirche ihn längst als christliches Symbol umgedeutet hat.

Der zentrale christliche Kern, die Auferstehung Jesu, wird von lediglich jedem zweiten Österreicher gefeiert. Dabei lässt die Zahl nach: Bei den über 50-Jährigen glauben noch 63 % an die Auferstehung, während unter den unter 29-Jährigen nur noch ein Drittel das Osterereignis im christlichen Sinne begeht. Neun Prozent geben an"
de_35,de,gpt_oss_groq,"**ORF beschließt Anleihe zur Teilfinanzierung des Küniglberg‑Projekts – Budget 2016 stellt große Belastung dar**

Wien – Der ORF sieht sich im Jahr 2016 mit einem der strengsten Haushalte der jüngeren Vergangenheit konfrontiert, erklärte Finanzdirektor Richard Grasl am Donnerstag nach einer Sitzung des Stiftungsrats. Rückstellungen infolge einer Klage des Betriebsrats, steuerliche Änderungen und die Kosten für das Frühfernsehen belasten das Budget erheblich.

Trotz dieser Schwierigkeiten stimmte der Stiftungsrat mit überwiegender Mehrheit der Emission einer ORF‑Anleihe zu. Ziel sei die Teilfinanzierung des Neubau‑ und Sanierungsprojekts am Küniglberg, das rund 300 Millionen Euro kosten wird. Die Anleihe soll im Rahmen einer Privatplatzierung an Groß‑ und institutionelle Investoren vergeben werden. Die Bank UniCredit Bank Austria übernimmt die Leitung der Transaktion.

„Das Budget 2016 ist eine echte Herausforderung“, so Grasl. Er wies darauf hin, dass der Rundfunk Rückstellungen bilden muss, weil der Zentralbetriebs"
de_36,de,gpt_oss_groq,"**Krähen rauben Gummibeläge von Autoscheibenwischern**  
Tokio – In Japan sorgte ein ungewöhnlicher Fall von Vandalismus für Aufsehen. In der Stadt Matsue meldeten Anwohner wiederholt, dass ihre Autoscheibenwischer beschädigt wurden, berichtete die Tageszeitung *Yomiuri Shimbun* am Mittwoch. Die Polizei reagierte prompt und stellte ein Einsatzteam von rund 50 Offizieren zusammen, das rund um die Uhr in dem betroffenen Viertel patrouillierte. Dank Aufnahmen aus Überwachungskameras ließ sich das Geschehen schließlich aufklären: Es waren Krähen, die sich die Gummibeläge der Wischer als Baumaterial für ihre Nester schnitten. Die Beamten mussten einsehen, dass sie die Vögel nicht verhaften können – ein Fall, bei dem das Gesetz gegenüber gefiederten Täter machtlos bleibt. (dpa, 17. 6. 2015)"
de_37,de,gpt_oss_groq,"**Urteil im Fall Mainz 05 gegen Heinz Müller: Befristete Spielerverträge bleiben zulässig**

Der Rechtsstreit zwischen dem FSV Mainz 05 und dem früheren Torhüter Heinz Müller hat am Mittwoch vor dem Landesarbeitsgericht Rheinland‑Pfalz ein wichtiges Zeichen für den deutschen Profifußball gesetzt. Das Gericht hat die Klage des 37‑jährigen Torhüters abgewiesen und bestätigt, dass Fußballvereine ihre Spieler weiterhin befristet verpflichten dürfen.

Müller hatte nach Ablauf seines zweijährigen Vertrags im Sommer 2014 gerichtlich festgestellt, dass sein Arbeitsverhältnis de facto unbefristet weiterbestehe. Das Arbeitsgericht Mainz war seiner Meinung nach der Auffassung gefolgt, dass Profispieler arbeitsrechtlich wie „normale“ Angestellte zu behandeln seien und daher nicht dauerhaft nur befristete Verträge erhalten dürften. Das Landesarbeitsgericht hat dieses Ersturteil nun revidiert, lässt jedoch zugleich die Möglichkeit einer"
de_38,de,gpt_oss_groq,"**Hamburg – Der ehemalige Welt‑Kolumnist Matthias Matussek plant nun, gegen die Axel‑Springer‑Verlag AG vor Gericht zu ziehen.** Laut der Süddeutschen Zeitung hat er eine Kündigungsschutzklage eingereicht, nachdem ihm zum 17. November das Arbeitsverhältnis beendet wurde.

Im Mittelpunkt des Streits steht ein Facebook‑Beitrag, den Matussek unmittelbar nach den Anschlägen in Paris veröffentlicht hatte. Darin schrieb er, man könne erwarten, dass das Geschehen in Paris die Diskussionen über offene Grenzen und die vermeintlich hohe Zahl von nicht registrierten jungen Muslimen in Deutschland neu anheizen werde. Der Post war mit einem Smiley versehen. Welt‑Chefredakteur Jan‑Eric Peters bezeichnete die Äußerung als „durchgeknallt“.

Nachdem der Beitrag für heftige Debatten gesorgt hatte, verschärfte sich der Konflikt zwischen Autor und Verlag, sodass die Welt sich schließlich von Matussek trennte. Matussek will nun gerichtlich klären, ob die Kündigung"
de_39,de,gpt_oss_groq,"**„Deine Korrespondentin“ – Frauen aus aller Welt im Fokus, doch das Publikum muss erst überzeugt werden**

*Wien/Berlin* – Das Online‑Magazin „Deine Korrespondentin“ will die spannendsten Geschichten von Frauen aus allen Kontinenten erzählen. Ob ein Gespräch mit Palästinas einziger Brauerin oder ein Beitrag über die prekären Lebensbedingungen von Homosexuellen in Weißrussland – das sind genau die Themen, die Pauline Tillmann (32) in ihrem Standard‑Interview vorstellen"
de_40,de,gpt_oss_groq,"**Österreichisches Parlament im Dauerregen von Protesten – Memes, Rap und persönliche Briefe drängen auf Gesetzesänderungen**

Wiederholt erreicht das Parlament ein nie dagewesenes Aufkommen an Stellungnahmen, Memes und sogar selbstproduzierten Hip‑Hop‑Tracks. Vor allem österreichische Trafikanten, Raucher und Dampfer zeigen sich vehement gegen das geplante Tabakgesetz und starten eine breit angelegte Online‑Kampagne, um die Regierung zum Rückzug zu bewegen.

Die Gegner des Entwurfs nutzen das Internet, um mit witzigen Bildmotiven und alten Rap‑Songs rund um das Thema E‑Zigaretten Aufmerksamkeit zu erzeugen. Für die Trafikanten ist besonders"
de_41,de,gpt_oss_groq,"Wien – Am 9. Mai 2016 gibt die britische Rockgruppe Muse ein Konzert in der Wiener Stadthalle. Laut Veranstalter wird die Band auf einer rundum drehenden 360‑Grad‑Bühne mitten im Saal auftreten. Im Einklang mit ihrem aktuellen Werk *Drones* sollen während der Show kleine Kameradrohnen in die Höhe steigen. Beim letzten Auftritt im Juni spielte Muse, angeführt von Frontmann Matthew Bellamy, beim Festival Rock in Vienna auf der Donauinsel. Der Ticketverkauf für das Stadthallen‑Event beginnt am Freitag, den 18. September."
de_42,de,gpt_oss_groq,"**Belgrad/Den Haag –** Ein Gericht in Belgrad hat am Mittwoch entschieden, dass es die Auslieferung von drei Ultranationalisten, die vom Internationalen Strafgerichtshof für das ehemalige Jugoslawien wegen Missachtung des Gerichts angeklagt sind, nicht veranlassen wird. Das Haager Tribunal betonte, dass Serbien zwar zur Übergabe von Personen verpflichtet sei, die wegen Kriegsverbrechen, Völkermord und Verbrechen gegen die Menschlichkeit beschuldigt werden, jedoch für Fälle von Gerichtsmissachtung keine solche Pflicht besteht.

Die drei Beschuldigten standen im Verdacht, im Zusammenhang mit dem Prozess gegen den umstrittenen Ultranationalistenführer Vojislav Šešelj Zeugen erpresst und eingeschüchtert zu haben. Weiterhin soll versucht worden sein, Zeugen durch Bestechungsgelder davon abzuhalten, gegen Šešelj auszusagen. Die Anklage gegen die drei wurde im Dezember veröffentlicht"
de_43,de,gpt_oss_groq,"**Europastudio – „EU ohne Großbritannien?“**  
Eine Gesprächsrunde zum 11. Mai, 12 Uhr, ORF 2: Paul Lendvai diskutiert mit Anne McElvoy (The Economist), Stefanie Bolzen (Die Welt), Daniel Vernet (Publizist) und Christian Ultsch (Die Presse) über die Zukunft der Union ohne das Vereinigte Königreich.  

**Panorama – Weltfrauentag‑Special**  
13 Uhr, ORF 2: Trautl Brandstaller und Monika Lindner zeigen in der Sendung „Gleiche Arbeit – gleicher Lohn“ (1978), wie viel noch zu tun war, obwohl die 1970‑er‑Gesetze bereits Fortschritte brachten.  

**Heimat, fremde Heimat**  
13 Uhr 30, ORF 2: Drei Beiträge – Migrantinnen in Österreich, ein Gespräch mit Christine Nöstlinger und Mirjam Unger über neue Perspektiven, und ein Bericht zur Binge‑Eating‑Dis"
de_44,de,gpt_oss_groq,"**Kittel triumphiert in der dritten Etappe und holt sich das Rosa Trikot**

Arnhem – Marcel Kittel (GER) setzte am Mittwoch erneut ein starkes Zeichen und gewann souverän die dritte Etappe des Giro d’Italia von Nijmegen nach Arnheim. Mit seinem Sieg im Sprint, der ihn mit einem Zeitbonus belohnte, übernahm er das begehrte Rosa Trikot vom Vorjahrsauftaktsieger Tom Dumoulin (NED).

Der 27‑jährige Deutsche ließ nach 190 km keine Chance – er fuhr mit mehreren Radlängen Vorsprung am Finale vorbei und ließ den Italiener Elia Viviani (Sky) hinter sich. Damit ist Kittel zum zweiten Mal seit 2014 Gesamtsieger des Rennens: Damals hatte er die zweiten und dritten Etappen gewonnen, musste jedoch nach einer Erkrankung das Rennen abbrechen.

„Ich bin stolz, das Rosa Trikot zu tragen“, sagte Kittel nach dem Ziel.

Auch im Feld der Schnellfahrer gab es einige bemerkenswerte Platzierungen: Matthias Brändle (IAM),"
de_45,de,gpt_oss_groq,"**Stadtpolitische Einigung: Arbeitsgruppe prüft Rückstellung der Aphrodite**

Linz – Die langjährige Debatte um die 1942 von Hitler gestiftete „Aphrodite vom Bauernberg“, die einst in einem Rundtempel im Stadtpark stand und 2008 nach Hinweisen von Kunststudierenden vom damaligen Bürgermeister Franz Dobusch in den Keller des Nordico‑Stadtmuseums verlegt wurde, nimmt eine unerwartete Wendung. Am Donnerstagabend stimmte der Linzer Gemeinderat mit klarer Mehrheit für einen Dringlichkeitsantrag, der die Gründung einer Arbeitsgruppe zur Untersuchung einer möglichen Wiederaufstellung vorsieht.

Erstmal scheinen die festgefahrenen Positionen der Parteien zu lockern: Sowohl SPÖ als auch Grüne, die bislang deutlich gegen eine Rückkehr der Liebesgöttin in den öffentlichen Raum waren, unterstützten den Antrag. Die künftige Arbeitsgruppe soll aus dem Kulturdirektor Julius Stieber, der Museumsleiterin Andrea Bina und dem Leiter des Stadtarchivs Walter Schuster bestehen. Zusätzlich sollen externe Fachleute hinzugezogen werden, um sowohl die praktische Umsetzung einer Wiederaufstellung als auch begleitende Vermittlungsprojekte im Sinne"
de_46,de,gpt_oss_groq,"Wie werden die Wahlplakate der Bundespräsidenten‑Kandidaten von Besuchern Wiens wahrgenommen? Das hat DER STANDARD im Zentrum der Stadt untersucht. Viele Touristen kennen die Kandidaten kaum und verstehen ihre Slogans meist nicht – doch das ändert nicht die Wirkung der großformatigen Plakate. So kam heraus, dass ein Kandidat eher als sympathischer Opa denn als kompetenter Manager eingeschätzt wird – ein Bild, das nicht immer mit der beabsichtigten Werbebotschaft übereinstimmt."
de_47,de,gpt_oss_groq,"**Wien – Ein 58‑Jähriger griff im Krankenhaus Sicherheitspersonal an – die Richterin zeigt Mitgefühl**

Im Rahmen der Gerichtsverhandlung gegen den 58‑jährigen Heinrich S. hat Richterin Martina Krainz gleich zu Beginn deutlich gemacht, dass sie das Motiv des Angeklagten nachvollziehen kann. „Sie standen in der Ambulanz, das Warten war lang, und Sie wurden ungeduldig“, kommentierte die Richterin und deutete damit an, warum S. angeblich einen Sicherheitsmitarbeiter mit Pfefferspray attackiert und sich gegen die Polizei gewehrt haben soll.

„Kennen Sie Ihre Vorstrafen?“, fragte Krainz den Angeklagten. S. antwortete resigniert, dass es nun 23 Vorstrafen seien. Er gestand, den Sicherheitsmann tatsächlich besprüht zu haben, jedoch keine Polizisten angegriffen zu haben. Im Gegenteil, die Beamten hätten ihm im Warteraum mehrfach den Kopf gegen den Boden geschlagen.

Auf die Frage, warum er trotz Waffenverbot ein Pfefferspray besaß, erklärte S., er habe das Spray im Bus gefunden und nicht gewusst,"
de_48,de,gpt_oss_groq,"**Österreich stellt neue Asylverfahren ein – Flüchtlinge landen auf der Warteliste**

Wien – Innenministerin Johanna Mikl‑Leitner (ÖVP) hat am Freitag per Weisung sämtliche neuen Asylverfahren in Österreich ausgesetzt. Damit greift sie die Ankündigung vom vergangenen Montag auf, mit der sie unter anderem Druck auf Brüssel ausüben wollte, um eine Entlastung des österreichischen Asylsystems zu erreichen.

### Was die Anweisung bedeutet

Alle Mitarbeitenden und Ressourcen des Bundesamtes für Fremdenwesen und Asyl (BFA) sollen künftig ausschließlich nach der EU‑weiten Dublin‑Verordnung eingesetzt werden"
de_49,de,gpt_oss_groq,"Dutzende von Al‑Qaida‑Kämpfern getötet – Washington – Bei einem US‑Luftschlag auf ein Trainingslager der Terrororganisation al‑Qaida auf der Arabischen Halbinsel im Jemen sollen zahlreiche Kämpfer ums Leben gekommen sein. Das US‑Verteidigungsministerium teilte am Dienstag mit, dass das abgelegene Lager in den Bergen des Konfliktgebiets von über 70 Terroristen genutzt wurde. Der genaue Umfang des Erfolgs werde noch geprüft, erste Angaben lassen jedoch darauf schließen, dass mindestens ein Dutzend Kämpfer getötet wurden. Der Angriff werde ein harter Schlag gegen die Gruppe, die den Jemen als Stützpunkt für Angriffe auf Amerikaner nutzt. Im Land ist neben anderen Milizen vor allem al‑Qaida auf der Arabischen Halbinsel (AQAP) sehr aktiv. Ein von Saudi‑Arabien geführtes Militärbündnis führt seit rund einem Jahr Luftoperationen im Jemen durch. Die schiitischen Huthi‑Rebellen halten vor allem den Norden und Westen des Landes unter ihrer Kontrolle und kämpfen gegen die Truppen und Verbündeten von Präsident Abd‑Rabbo Mansur Hadi."
de_50,de,gpt_oss_groq,"**Welche Titel stehen momentan auf Ihrer Leseliste?** Wo genießen Sie Ihre Lektüre am liebsten und welchen Quellen für Buchempfehlungen vertrauen Sie?  

Letzte Woche haben wir unseren Community‑Buchklub ins Leben gerufen. Für die Auftakt‑Runde standen drei Titel zur Wahl – und letztlich hat Ernest Hemingways *Der alte Mann und das Meer* das Feld gewonnen. Am 15. Oktober werden wir uns also gemeinsam mit dieser Novelle auseinandersetzen.  

Wir befinden uns noch in der Testphase, sind aber bereits ganz gespannt, wie das Ganze ankommt. Bevor wir loslegen, möchten wir von Ihnen wissen: Welche Bücher, Artikel oder Blogs haben Sie in den letzten Wochen begeistert? Welche Texte finden Sie lesenswert oder diskussionswürdig? Gibt es ein Buch, an dem Sie nicht mehr vorbeikommen, oder ein Werk, das Sie bereits verschlungen haben?  

Teilen Sie uns auch mit, wann und wo Sie am liebsten lesen – haben Sie einen Lieblingsplatz? Wir freuen uns auf zahlreiche Beiträge! Und denken Sie dran: In zwei Wochen starten wir mit der ersten Ausgabe des Community‑Buchklubs. Bis dahin wünschen wir Ihnen viele schöne"
de_51,de,gpt_oss_groq,"**Favorit verspricht Investitionen in die Landwirtschaft und neue Jobs**

Porto‑Novo – Am vergangenen Sonntag wurde in Benin ein neuer Staatsoberhaupt gewählt. Die Wahl war die bisher größte in der Geschichte des westafrikanischen Landes: 33 Kandidaten traten für das Präsidentenamt an. Der amtierende Präsident Thomas Boni Yayi konnte nach zwei Amtszeiten nicht erneut kandidieren.

Im Fokus der öffentlichen Aufmerksamkeit stand Premierminister Lionel Zinsou, der von vielen als klarer Favorit gehandelt wurde. Der 61‑jährige Politiker besitzt sowohl die französische als auch die beninische Staatsbürgerschaft und ist das einzige Kandidatentkür, das von der regierenden Partei unterstützt wird. In seinem Wahlprogramm kündigte er an, die landwirtschaftlichen Sektoren zu stärken und damit zahlreiche neue Arbeitsplätze zu schaffen.

Benin, ein kleines, wirtschaftlich schwaches Land in Westafrika, ist stark vom Export von Baumwolle abhängig. Das Land kämpft mit einer hohen Jugendarbeitslosigkeit und weit verbreiteter Korruption. Beobachter berichten, dass während des Wahlkampfs zahlreiche einflussreiche"
de_52,de,gpt_oss_groq,"**Salzburg muss trotz großer Ausfälle im Auswärtsspiel gegen Dinamo Minsk auf Konstanz setzen – Zeidler fordert Fokus**

Red Bull Salzburg kommt in der heimischen Liga langsam wieder in Fahrt, doch das bevorstehende Europa‑League‑Play‑off gegen Dinamo Minsk stellt die österreichische Mannschaft vor ein großes Personaldilemma. Nach dem bitteren Ausscheiden aus der Champions‑League wollen die Mozartstädter am Donnerstag um 18 Uhr MESZ (Live‑Übertragung auf Puls 4) im 10.000‑Plätze‑Stad"
de_53,de,gpt_oss_groq,"**Traismauer – Erneute Bürgerbefragung zur Windkraft geplant**

Der Bürgermeister Herbert Pfeffer (SPÖ) teilte am Freitag mit, dass das Thema Windkraft in Traismauer im Februar erneut im Gemeinderat behandelt wird. Die unabhängige Bürgerliste „MIT“ hatte auf eine zweite Volksbefragung gedrängt. Der Rat soll dann sowohl den Zeitpunkt als auch die konkrete Fragestellung festlegen. Zur rechtlichen Absicherung soll ein Gutachten des Verfassungsrechtlers Theo Öhlinger eingeholt werden.

Im November 2014 hatten fast zwei Drittel der Stimmberechtigten bei der ersten Befragung dafür gestimmt, Teile der bereits ausgewiesenen Windkraft‑Eignungszone umzuwidmen – damit könnten maximal fünf Windräder errichtet werden. Nachdem die Bürgerliste MIT die Ergebnisse nicht akzeptierte, sammelte sie erneut Unterschriften und beantragte eine zweite Abstimmung. Der Gemeinderat erklärte das Thema zunächst erledigt, die Initiative blieb jedoch hartnäckig und reichte schließlich eine Aufsichtsbeschwerde bei der Bezirkshauptmannschaft St. Pölten ein. Diese verwies auf die Gemeindeordnung, die bei einer Unterstützungsquote"
de_54,de,gpt_oss_groq,"**Mann rutscht aus dem Auto, leichte Verletzungen – München**  
München – Bei einer Fahrt in München kam es zu einem ungewöhnlichen Zwischenfall: Die Beifahrerin verlor kurzzeitig ihren 28‑jährigen Ehemann aus dem Fahrzeug. Laut Polizeibericht fiel der Mann am Vortag von seinem Sitz auf die Fahrbahn, weil sich die Tür, an die er sich lehnte, plötzlich öffnete – die Ursache dafür ist noch nicht geklärt.  

Der Mann trug keinen Sicherheitsgurt, da dieser in der Tür stecken geblieben war. Um den Gurt zu lösen, hatte er die Tür bei roter Ampel geöffnet. Nachdem seine 30‑jährige Frau das Fahrzeug wieder in Bewegung gesetzt hatte, geriet die Tür erneut in Bewegung, woraufhin er nach außen stürzte. Er zog sich lediglich leichte Verletzungen zu und wurde ambulant in einem Krankenhaus behandelt."
de_55,de,gpt_oss_groq,
de_56,de,gpt_oss_groq,"**Pädagogische Qualifikation der Klassenlehrerin in Zweifel – Volksanwaltschaft prüft**

Groß‑Siegharts/Wien – Im letzten Schuljahr blieben neun Schülerinnen und Schüler einer dritten Volksschulklasse in Groß‑Siegharts (Bezirk Waidhofen an der Thaya) sitzen. Dieser Umstand hat die Volksanwaltschaft aufmerksam gemacht. Dabei wird die fachliche Eignung der Klassenlehrerin infrage gestellt und ein möglicher Fehlgriff in der Schulverwaltung vermutet. Volksanwalt Peter Fichtenbauer, der für die Kontrolle der Bildungsverwaltung zuständig ist, hat ein förmliches Prüfverfahren eingeleitet. Er will klären, ob die Schulaufsichtsbehörde über den Vorfall informiert war und ob die Unterrichtsqualität bereits überprüft wurde.

„Ein solches Ergebnis ist für die betroffenen Kinder traumatisierend“, erklärte Fichtenbauer. „Sollten pädagogische Defizite bestätigt werden, müssen dienst- oder disziplinarrechtliche Maßnahmen gegen die Verantwortlichen ergriffen werden.“

Der zuständige Pflichtschulinspektor Franz Weinberger bestätigte auf Nachfrage der APA, dass er von acht ähnlichen Fällen wisse. Er betonte, dass es sich bei"
de_57,de,gpt_oss_groq,"**Gemeinsame Plattform für Android und Chrome OS – Testlauf im kommenden Jahr geplant**  
Seit Sundar Pichai vor einigen Jahren zusätzlich zum Chrome‑OS‑Projekt die Leitung von Android übernahm, kursieren immer wieder Gerüchte, dass Google die beiden Systeme zusammenführen will. Jetzt, wo Pichai selbst an der Spitze des Unternehmens steht, soll die Idee laut einem Bericht des *Wall Street Journal* endlich konkret werden. Zwei Insider, die an dem Vorhaben arbeiten, berichten, dass Google seit etwa zwei Jahren an einer einheitlichen Basis für Android und Chrome OS tüftelt.

Nach den aktuellen Plänen soll das kombinierte Betriebssystem bis 2017 fertig sein, während im nächsten Jahr – voraussichtlich im Rahmen der jährlichen I/O‑"
de_58,de,gpt_oss_groq,"**Nigeria verschärft Kapitalverkehrskontrollen, um Naira zu stützen und den illegalen Devisenhandel einzudämmen**  

Abuja / Wien – Die nigerianische Wirtschaft steht unter starkem Druck. Durch den langanhaltenden Preisverfall von Rohöl gerät sowohl der Staatshaushalt als auch die Währung des bevölkerungsreichsten Landes Afrikas ins Hintertreffen. In den letzten zwölf Monaten hat der Naira gegenüber dem US‑Dollar erheblich an Wert verloren, während der Parallelmarkt für Fremdwährungen weiter boomt.  

Um die Situation zu entschärfen, hat die Regierung nun die Regeln für den Zahlungsverkehr weiter verschärft. Ziel ist, die heimische Wirtschaft zu stabilisieren, den Naira zu stärken und den Schwarzmarkt zu schwächen. Die ersten Auswirkungen sind jedoch noch nicht eindeutig. In den schattigen Ecken der Straßen von Abuja, wo Bäume und Sträucher das Stadtbild prägen, hat sich ein neuer illegaler Handel mit Devisen etabliert. Die Zentralbank reagiert mit einer drastischen Maßnahme: Sie lässt die Bäume fällen, um den Handel unter deren Schatten zu verhindern"
de_59,de,gpt_oss_groq,"Wien – Nach dem vorherigen Abbruch haben die Frauenministerin Gabriele Heinisch‑Hosek (SPÖ) und die Familienministerin Sophie Karmasin (ÖVP) die Gespräche zur Reform des Kinderbetreuungsgeldes erneut aufgenommen. Karmasin forderte die SPÖ nun zu mehr Initiative und erwartete konkrete Kompromissvorschläge, erklärte sie am Dienstag vor dem Ministerrat. Vor einigen Wochen hatte sie die Verhandlungen bereits für beendet erklärt, weil mit dem Koalitionspartner bislang keine Einigung erzielt worden war. Auf Drängen der Parteiführungen kehrten die Ministerinnen nun an den Verhandlungstisch zurück. Die Familienministerin betonte, dass sie die Gespräche offen, konstruktiv und ehrlich führen wolle, jedoch müsse die SPÖ nun aktiv werden. Das Frauenressort bestätigte lediglich, dass Verhandlungen laufen. Terminplan und inhaltliche Details wurden bislang nicht veröffentlicht."
de_60,de,gpt_oss_groq,"Mercedes‑Fahrer Nico Rosberg hat seine Chancen auf den WM-Titel noch nicht abgeschrieben. In der verzweifelten Jagd nach Teamkollegen Lewis Hamilton im laufenden Formel‑1‑Kampf ist Rosberg nun bereit, ein taktisches Bündnis mit den Ferrari‑Piloten einzugehen. 

„Mir ist wichtig, dass wir gemeinsam das Ziel erreichen“, forderte Rosberg vor dem vorletzten Rennen der Saison in Sotschi den Finn Sebastian Vettel und den Finnen Kimi Räikkönen auf. Der Deutsche liegt mit 48 Punkten Abstand zum Titelverteidiger Hamilton auf dem zweiten Tabellenplatz und kann selbst bei Siegen in allen verbleibenden Grand‑Prix nicht mehr allein den Weltmeistertitel sichern. „Jetzt brauche ich Glück – im Sport ist ja alles möglich“, sagte er.

Vettel hingegen scheint kein Interesse an einer Allianz zu haben. „Wir sind am besten beraten, wenn wir unser eigenes Ding machen“, erklärte der Dritte in der Fahrerwertung am Donnerstag. Der Vierfachweltmeister liegt lediglich elf Punkte hinter Rosberg, während der Abstand zu Hamilton bei 59 Punkten zwar groß, aber nicht unüberwindbar erscheint. „Wir haben"
de_61,de,gpt_oss_groq,"Der US‑Automobilhersteller General Motors plant, seine Präsenz in Schwellenländern auszubauen. Laut einer Mitteilung des Unternehmens soll für Märkte wie China, Brasilien und Indien eine neue Fahrzeugreihe unter der Marke Chevrolet entwickelt werden. Dafür geht GM eine Partnerschaft mit dem chinesischen Autohersteller SAIC Motor ein. Die Produktion soll in Werken in China, Mexiko, Indien und Brasilien stattfinden, wobei die ersten Modelle bereits 2019 vom Band laufen sollen. Langfristig strebt das Unternehmen eine Jahresproduktion von bis zu zwei Millionen Fahrzeugen an. GM‑Chef Dan Ammann rechnet bis 2030 mit einem deutlichen Wachstum der Automobilmärkte in den aufstrebenden Wirtschaftsnationen und will mit Chevrolet von diesem Aufschwung profitieren."
de_62,de,gpt_oss_groq,"Finanzielle Turbulenzen haben den Nachfolger von Nokia in Bedrängnis gebracht. Der aus den Nokia‑Rückresten entstandene Hersteller Jolla teilte mit, dass einige Vorbesteller ihres Jolla‑Tablets nun endlich ihre Geräte erhalten. Das Projekt selbst wird jedoch eingestellt, sodass nicht alle Kunden beliefert werden können. Für die noch nicht belieferten Käufer suche Jolla laut Heise, die sich auf den Jolla‑Blog beruft, nach einer Lösung. Die Tablets wurden bereits im November 2014 im Rahmen einer Crowdfunding‑Kampagne vorfinanziert und hatten das gesetzte Finanzierungsziel deutlich übertroffen. Offenbar traten jedoch Produktions- oder andere Schwierigkeiten auf – die Auslieferungen verzögerten sich immer weiter, bis schließlich ein Teil der Vorbesteller das Gerät nicht mehr bekam. Welche Konsequenzen die Turbulenzen für Jollas Zukunft haben, bleibt unklar. Das Unternehmen plant, die Lizenzierung des Betriebssystems Sailfish OS weiterzuführen. Ob ein neues Tablet folgt, die Kunden ihr bestelltes Gerät später erhalten oder ihr Geld zurückbekommen, wurde nicht konkretisiert."
de_63,de,gpt_oss_groq,"**New York als Testfeld für kostenloses High‑Speed‑WLAN – Googles neueste Stadtinitiative**

Google hat kürzlich im Rahmen seiner Sidewalk Labs die Öffentlichkeit über ein ambitioniertes Projekt informiert, das das städtische Leben digital neu vernetzen soll. Der erste Schritt: flächendeckendes, kostenfreies WLAN in Metropolen. Als Pilotstandort ist New York ausgewählt worden, wo bereits das ähnliche Vorhaben „LinkNYC“ voranschreitet.

Für das Vorhaben schnappt sich Sidewalk Labs die beiden Kernunternehmen von LinkNYC – Control Group und Titan – und bündelt sie in einem neu gegründeten Tochterunternehmen namens Intersectio. Ziel ist es, das bestehende Vorhaben deutlich zu erweitern und die Stadt zu einem durchgängig vernetzten Raum zu machen. Dan Doctoroff, Leiter von Sidewalk Labs, beschreibt die Vision so: „Man soll die Straße entlanglaufen, ohne jemals das kostenlose High‑Speed‑WLAN zu verlieren.“

Um das zu realisieren, soll die vorhandene städtische Infrastruktur genutzt werden: Telefonzellen, Bushaltestellen und andere öffentliche Punkte erhalten integrierte Access‑Points. Damit knüpft Google"
de_64,de,gpt_oss_groq,"**Das Bild von Yassin S. wird allmählich klarer** – dem Mann, der am Freitag seinen Chef auf einem Parkplatz am Stadtrand von Lyon ermordete, ein Selfie mit dem abgetrennten Kopf machte und anschließend versuchte, ein Gaswerk zu sprengen. Seine Ehefrau zeigte sich völlig überrascht. Zunächst spekulierten Medien, ob es ein persönlicher Rachedrang gegen den Arbeitgeber gewesen sein könnte. 

Der 35‑jährige Franzose mit algerisch‑marokkanischen Wurzeln stand bereits 2006 unter Beobachtung, weil er von einer salafistischen Gruppierung radikalisiert worden sein soll. Doch im Geheimdienst‑Verzeichnis, der sogenannten S‑Akte, wurde er höchstens mit Stufe 13 von 16 eingestuft; 2008 wurde die Überwachung eingestellt – ein Schritt, den Experten heute als Fehlentscheidung bezeichnen. 

Am Sonntag ging ans Licht, dass eine ehemalige Nachbarin Yassin S. mehrfach wegen seltsamen Verhaltens der Polizei gemeldet hatte, jedoch nie zu einer Vorladung erschienen war. Nach eigenen Angaben sei er für mehrere Monate verschwunden und dann als „anderer Mensch“ zurückge"
de_65,de,gpt_oss_groq,"**24‑Stunden‑Buchläden boomen in China – das neue Erfolgsmodell für den stationären Buchhandel**

Die Idee, ein Buchgeschäft rund um die Uhr geöffnet zu halten, hat sich in China zu einem echten Trend entwickelt. Während der stationäre Buchhandel in vielen Ländern vom Online‑Handel verdrängt wird, zeigen mehrere Städte, dass das Konzept der nächtlichen Lesestunden wieder Auftrieb bekommt.

**Der erste Meilenstein – Sanlian Taofen in Peking**

Am 23. April 2014 kündigte die Pekinger Buchhandlung Sanlian Taofen (STB) an, erstmals dauerhaft geöffnet zu"
de_66,de,gpt_oss_groq,"**NZZ.at feiert sein erstes Jahr – Chefredakteur: Print‑Content lässt sich nach wie vor leichter monetarisieren**

Wien – Der österreichische Ableger der Schweizer Mediengruppe Neue Zürcher Zeitung, NZZ.at, wird am Donnerstag ein Jahr alt. Das am 21. Januar 2015 gestartete Online‑Projekt, das ausschließlich auf kostenpflichtige Abonnements setzt, hatte zunächst mit inhaltlichen und technischen Hürden zu kämpfen und blieb hinter den erwarteten Zahlen zurück. Nach einem umfassenden optischen und redaktionellen Relaunch im Herbst hat sich die Lage jedoch merklich verbessert.

Das Ziel, bis Sommer 2016 eine kritische Abo‑Zahl zu erreichen, bleibt bestehen; das Team arbeitet kontinuierlich an Anpassungen, um dieses Vorhaben zu realisieren. Im Dezember erschien zudem die erste Auflage eines gedruckten NZZ.at‑Magazins, dessen Fortsetzung bereits in Planung ist.

Im Rahmen einer Diskussionsrunde zur „Woche des Zeitungslesens“ erklärte Chefredakteur Michael Fleischhacker am Dienstagabend, dass die direkte Monetarisierung von Inhalten im Print‑Bereich nach wie vor einfacher sei als"
de_67,de,gpt_oss_groq,"**New York – Forscher vermuten, das Wrack von James Cooks „Endeavour“ gefunden zu haben**  

Das Schiff des berühmten britischen Entdeckers James Cook, das kurz vor seinem Untergang bereits als „Lord Sandwich II“ unterwegs war, könnte bald wieder ans Licht kommen. Das Rhode Island Projekt für Meeresarchäologie (RIMAP) veröffentlichte auf seiner Homepage, dass in der Bucht von Newport, Rhode Island, neun Fundstellen entdeckt wurden, an denen Überreste von insgesamt 13 Schiffen liegen. Diese Boote sollen in den Tagen vor der Schlacht von Rhode Island im amerikanischen Unabhängigkeitskrieg untergegangen sein.  

An einer der Stellen wurde ein kleines Beiboot geborgen, das laut RIMAP zu dem 1778 gesunkenen „Lord Sandwich II“ gehörte – das Schiff trug zuvor den Namen „Earl of Pembroke“, bevor es unter dem Namen „Endeavour“ berühmt wurde. In der unmittelbaren Umgebung des Beiboots befinden sich weitere fünf Wracks, und das Forschungsteam geht davon aus, dass sich die berühmte Endeavour unter ihnen verbergen könnte.  

Damit die Ausgrabungen"
de_68,de,gpt_oss_groq,"**Zürich – Wer die Nachfolge von Joseph S. Blatter antreten wird, steht kurz bevor. Im Fokus stehen Gianni Infantino, 45, und Scheich Salman bin Ibrahim al‑Khalifa, 50. Beide Kandidaten treten im heutigen Fifa‑Kongress gegeneinander an und versprechen mit einem umfassenden Reformpaket einen Neuanfang für den Weltfußball.**

Weitere Mitbewerber – der jordanische Prinz Ali bin al‑Hussein (40), der Franzose Jérôme Champagne (57) und der Südafrikaner Tokyo Sexwale (62) – gelten als mögliche „Zählkandidaten“, die im Falle eines Stichworts ins Rennen einsteigen könnten. Auf dem Spielplan stehen ein Kopf‑an‑Kopf‑Duell zwischen dem Schweizer Infantino, der als UEFA‑Generalsekretär sämtliche 53 Stimmen seiner Verbandskameraden sicher hat, und dem bahrainischen Scheich, der als AFC‑Präsident fast alle 44 asiatischen Stimmen mobilisieren kann. 

Beide hoffen, die entscheidenden Stimmen aus Afrika zu gewinnen, wo die meisten Mitglieder der Fifa ansässig sind. Inf"
de_69,de,gpt_oss_groq,"**Verwaltungsgerichtshof weist Klage einer benachteiligten Rektorkandidatin zurück**  

Innsbruck – Der Verwaltungsgerichtshof hat die Beschwerde des Arbeitskreises für Gleichstellungsfragen im Zusammenhang mit der Rektorwahl 2009 an der Medizinischen Universität Innsbruck endgültig zurückgewiesen. Das Ergebnis teilte der Universitätsrat der Med-Uni am Donnerstag mit.  

Die damals nicht erfolgreiche Kandidatin, Prof. Margarethe Hochleitner, hatte die Wahl wegen ihres Geschlechts als ungerecht empfunden. Im April 2009 hatte der Rat aus einem Dreierbündel den verstorbenen Herbert Lochs zum neuen Rektor gewählt; die ebenfalls im Rennen befindliche damalige Vizerektorin Hochleitner blieb außen vor.  

Zunächst hatte das Wissenschaftsministerium die Beschwerde des Arbeitskreises abgelehnt, woraufhin die Angelegenheit an die Bundesgleichbehandlungskommission weitergeleitet wurde. Diese kam zu dem Schluss, dass Hochleitner aufgrund ihres Geschlechts diskriminiert worden sei. Auf Anordnung einer Schiedskommission, die die Vorwürfe erneut prüfte, wurde die Beschwerde jedoch endgültig verworfen."
de_70,de,gpt_oss_groq,"**Weniger Flüchtlinge in Spielfeld – dafür steigt das Andrangsaufkommen in Kärnten**

Die teilweisen Grenzschließungen im Balkan, die neu eingerichtete Zusatzroute über Kärnten und das kältere Wetter dürften die aktuelle Entwicklung erklären. Seit Samstag kommen täglich rund 3 200 Schutzsuchende in Kärnten an – das ist etwa das Doppelte des bisherigen Wochenmittelwerts.

In Spielfeld, dem Grenzübergang nach Slowenien, war der Andrang am Montag deutlich niedriger als noch vor wenigen Tagen. Am Sonntag wurden dort rund 3 500 Menschen betreut, am Montag nur noch etwa die Hälfte. Laut Leo Josefus, Sprecher der steirischen Landespolizeidirektion, liegt das zum Teil an der Verlagerung nach Kärnten. Dort reisen seit dem Wochenende täglich 1 600 Personen mit dem Zug aus Slowenien und weitere 1 600 mit Bussen durch den Karawankentunnel an. Für die Hälfte der Neuankömmlinge gibt es Plätze in den Kärntner Transitunterkünften, die anderen werden sofort weiterbefördert.

Die vermehrte Nutzung der"
de_71,de,gpt_oss_groq,"Vier Personen – Kohlenmonoxid nicht abgeführt

Wien – Am Donnerstagabend wurden vier Menschen aus einer Wohnung in der Jägerstraße im Wiener 19. Bezirk wegen des Verdachts auf Kohlenmonoxidvergiftung ins Krankenhaus gebracht. Ursache des Vorfalls war ein Unterdruck, der durch mobile Klimageräte in der Wohnung entstand. Dadurch konnte das CO‑Gas der Heiztherme beim Duschen nicht über den Schornstein entweichen, wie die Feuerwehr am Freitag berichtete.

Der Bewohner bemerkte Übelkeit und Kopfschmerzen und rief den Rettungsdienst. Als die mitgeführten CO‑Warngeräte der Einsatzkräfte Alarm schlugen, wurde zusätzlich die Feuerwehr informiert. Die Feuerwehr schaltete die Stromversorgung der Wohnung ab und stellte die Therme still. Insgesamt wurden vier Personen in die Klinik transportiert."
de_72,de,gpt_oss_groq,"**Österreichs Vizekanzler und Bayerns Ministerpräsident auf Wirtschaftsmission in Moskau**

Der österreichische Vizekanzler Wolfgang Mitterlehner und Bayerns Ministerpräsident Horst Seehofer nutzten eine Geschäftsreise nach Russland, um die Wirtschaftsbeziehungen ihrer Regionen zu stärken. Der Höhepunkt der Tour war ein persönliches Treffen mit dem russischen Premier Dmitri Medwedew, der Mitterlehner im Kaminzimmer seiner Vorstadtresidenz Gorki‑3 empfing. Nach einem halbstündigen Gespräch überreichte Medwedew dem Österreicher den russischen Freundschaftsorden.

Für Mitterlehner stand das Pipeline‑Projekt Nord Stream 2 im Fokus. In allen Gesprächen mit russischen Regierungsvertretern betonte er die geplante Erweiterung der Ostseepipeline und erklärte, Österreich wolle nicht von der ukrainischen Regierung abhängig sein, obwohl der aktuelle"
de_73,de,gpt_oss_groq,"**Rapid erholt sich in Graz mit 2:0‑Sieg gegen Sturm – Schobesberger glänzt doppelt**

Rapid Wien hat sich nach der herben 0:6‑Niederlage in der Europa‑League in Valencia wieder gefestigt und am Sonntagabend bei Sturm Graz den Tabellenführer Salzburg erneut eingeholt. Die Wiener setzten sich mit 2:0 (1:0) durch, wobei Philipp Schobesberger mit Toren in der 12. und 71. Minute zum Matchwinner wurde.

Nach dem vorzeitigen Ausscheiden aus dem ÖFB‑Cup gegen die Admira und dem bitteren Europa‑Cup‑Debakel blieb Rapid in der heimischen Liga auf Kurs. Der dritte Ligagang des Jahres bescherte dem Team den dritten Sieg in Folge, und die Defensive blieb bis zum Schluss torfrei – bislang das einzige Team der Liga ohne Gegentor.

Sturm Graz musste nach der vierten Pflichtpartie in diesem Jahr erneut auf den ersten Sieg warten; der Tabellenvierten liegt bereits ein Abstand von zwölf Punkten zum Vierten. Trainer Franco Foda startete mit einem 4‑1‑4‑1‑System,"
de_74,de,gpt_oss_groq,"Bei den Internationalen Filmfestspielen in Venedig stehen manche amerikanischen Produktionen quasi ohne Konkurrenz im Rampenlicht. Ein gutes Beispiel ist Thomas McCarthys „Spotlight“, das den investigativen Journalismus des *Boston Globe* und das Aufdecken eines Skandals in der katholischen Kirche thematisiert. Während die übrigen Filme im Venediger Rahmen eher wie entspannte Strandgäste wirken, ist das nur scheinbare Gemeinsamkeit – am Ende des Tages müssen viele von ihnen in einem anderen Kontext ihre Wirkung beweisen.

Cary Fukunagas *Beasts of No Nation* beispielsweise, das die Geschichte eines afrikanischen Kindersoldaten in einem fast naïv‑blutigen Abenteuer verpackt, wird im Herbst über Netflix zu sehen sein. Der russische Regisseur Alexander Sokurovs neuer Film *Francofonia* dagegen erinnert eher an ein Arte‑Spätabendprogramm: Der Essay über den Louvre und das Schicksal von Kunstschätzen in bewegten Zeiten bleibt trotz verschachtelter Bildschichten visuell statisch.

Besonders im Fokus stehen jedoch die US‑Produktionen, die bereits beim Premierenwochenende für den größten"
de_75,de,gpt_oss_groq,"**Bundespräsident Fischer zur EU‑Flüchtlingsquote: „Gut durchdacht, fair verteilt“**

Wien – Bundespräsident Heinz Fischer hat das von EU‑Kommissionschef Jean‑Claude Juncker vorgestellte Konzept zur Verteilung von rund 160 000 Geflüchteten auf alle Mitgliedstaaten als sinnvoll und gerecht bewertet. In einem Interview mit dem US‑Nachrichtensender CNN betonte er, dass es für Österreich angemessen sei, etwa 2,5 bis 3 Prozent der an der EU‑Außengrenze ankommenden Menschen aus Kriegsgebieten aufzunehmen.  

Nach den"
de_76,de,gpt_oss_groq,"**Ein Angeklagter im Vatileaks‑2‑Prozess wird in den Vatikan verlegt**  
Der einzige Gefangene, der bislang im Vatikan saß, muss die Weihnachtszeit nicht hinter Gittern verbringen. Laut einer Mitteilung der Kathpress hat der spanische Priester Lucio Angel Vallejo Balda – einer von fünf Beschuldigten im sogenannten Vatileaks‑2‑Verfahren – am Mittwoch seine Zelle in der vatikanischen Gendarmerie verlassen und ist seit Dienstag in einer Einrichtung im Stadtstaat unter Hausarrest. Das bestätigte Vatikansprecher Federico Lombardi.  

Vallejo, der Sekretär der Präfektur für die wirtschaftlichen Angelegenheiten des Heiligen Stuhls, sitzt seit Anfang November in Untersuchungshaft und war bislang der einzige Häftling im Vatikan. Die Anklage wirft ihm vor, vertrauliche Dokumente an zwei italienische Journalisten weitergeleitet zu haben. Vor dem vatikanischen Gericht muss er seit Anfang Dezember erscheinen und droht bei einer Verurteilung eine mehrjährige Freiheitsstrafe."
de_77,de,gpt_oss_groq,"**Zentrum für Soziale Innovation mit im EU‑Projekt für verantwortungsvolle Forschung**

*Wien –* Die Beziehung zwischen Wissenschaft und Gesellschaft befindet sich im Umbruch: Durch die fortschreitende Technisierung dringen immer mehr wissenschaftliche Produkte in den Alltag, während gleichzeitig die Forschung selbst immer spezialisierter wird und vielen Menschen unverständlich bleibt. Vor diesem Hintergrund hat die Europäische Kommission die Initiative „Responsible Research and Innovation“ (RRI) ins Leben gerufen, um die Kluft zwischen beiden Welten zu schließen.

Im Rahmen des von der EU geförderten RRI‑Tools‑Projekts arbeiten 26 Institutionen aus ganz Europa zusammen. Ziel ist es, Forschern, Politikern, Unternehmen und der breiten Öffentlichkeit praktische Hilfsmittel an die Hand zu geben, die eine nachhaltigere und gesellschaftlich ausgerichtete Forschung ermöglichen. Dabei wird jedoch nicht nur das Wort „Werkzeug“ kritisiert, weil es zu technisch klingt, sondern auch die Frage nach der konkreten Umsetzung des Konzepts. So äußert die Soziologin Ilse Marschalek vom Zentrum für Soziale Innovation (ZSI), das in Österreich die Ko"
de_78,de,gpt_oss_groq,"Nach Angaben der Behörden werden die Kosten für die Versorgung in den kommenden zwei Jahren rund 7,4 Milliarden Euro betragen. Der vollständige Text dieses auf Agenturmeldungen beruhenden Artikels kann aus rechtlichen Gründen nicht mehr eingesehen werden."
de_79,de,gpt_oss_groq,"Wien – Die ÖBB plant, ihre bislang ungenutzten Dienstfahrzeuge als Mietautos zu vermarkten. Insgesamt stehen dem Unternehmen rund 600 Fahrzeuge zur Verfügung, die künftig im Rahmen eines erweiterten Mobilitätsangebots zu attraktiven Preisen an Kunden vergeben werden sollen, erklärte ÖBB‑Chef Christian Kern dem Kurier. Ein Aufstocken des Fuhrparks ist dabei nicht vorgesehen. Im Unterschied zu vielen Car‑Sharing‑Modellen sind die ÖBB‑Autos an feste Rückgabe-Stationen gebunden, sodass Nutzer das Fahrzeug dort wieder abgeben müssen. Momentan wird das Konzept intern erprobt: Bahnangestellte können die Wagen bereits jetzt reservieren. Zusätzlich plant die ÖBB für den Sommer den Einstieg in das stark wachsende Fernbusgeschäft."
de_80,de,gpt_oss_groq,"Der ehemalige Chef der US-Notenbank war fast zwanzig Jahre lang das mächtigste Gesicht der Geldpolitik – bis die Finanzkrise sein Ansehen zerschlug. New York/Washington – In den Lobgesängen der Politiker hieß es noch, er sei der größte Zentralbanker aller Zeiten, als die USA Alan Greenspan zur Jahrhundertwende für weitere vier Jahre an die Spitze der Federal Reserve stellten. Der bereits seit 13 Jahren amtierende Fed‑Chef galt als Maßstab für Geldpolitik, genoss beinahe Kultstatus an den Märkten und wurde von beiden Parteien unterstützt. Der Mann hinter dem Geld wirkte unantastbar – Analysten und Händler sahen in ihm ein Orakel und einen Meister.

Seit den späten 1990er‑Jahren erstickte er Krisenherde mit immer größeren Liquiditätsschüben. Als die Finanzkrise 2008/09 ihren Höhepunkt erreichte, ließ sein Nachfolger Ben Bernanke den Leitzins bis fast auf Null sinken. Die Krise bedeutete zugleich das Ende von Greenspans persönlichem Mythos. Der einstige Wunderheiler der Konjunktur und Inflation wurde zum Sündenbock. An"
de_81,de,gpt_oss_groq,"**Wien –** Nach einer kleinen Panne wurde die Großbaustelle an der Mariahilfer Straße endlich abgeschlossen – das Budget wurde um rund 500 000 Euro unterschritten. Am Freitag sollte der letzte Stein symbolisch per Vakuumsauger ins neue Pflaster der verkehrsberuhigten Mariahilfer Straße gesetzt werden. Der erste Versuch scheiterte: Der Stein rutschte ab und zerbrach. Beim zweiten Anlauf gelang es schließlich, die Mahü‑Umgestaltung endgültig zu verabschieden. Besonders erleichtert wirkte Verkehrs‑Stadträtin Maria Vassilakou (Grüne).

Der zweite Anlauf spiegelt die gesamte Projektgeschichte wider. Schon bei der ersten Vorstellung waren zahlreiche Akteure – insbesondere Wirtschaft und Opposition – skeptisch gegenüber der Umwandlung der bekannten Einkaufsmeile in eine Fußgänger‑ und Begegnungszone. Auch die Koalitionspartner aus der SPÖ zögerten zunächst. Erst das knapp positive Votum der Anwohner in den Bezirken Mariahilf und Neubau gab dem Vorhaben den entscheidenden Schub.

Vassilakou räumte ein, dass die zweijährige Arbeit an der"
de_82,de,gpt_oss_groq,"**Krankenhausbehandlung.** Jerusalem – Nachdem der palästinensische Gefangene Khader Adnan fast 55 Tage lang auf der Strecke war, will Israel ihn nun vor dem Ende des Ramadan aus der Haft entlassen. Das israelische Fernsehen berichtete am Montag, dass die Einigung darin besteht, den Hungerstreik zu beenden, während Adnan im Gegenzug seine Fastenaktion einstellt. Der 41‑jährige Funktionär des Islamischen Dschihad wird wegen seiner kritischen Verfassung in einem israelischen Krankenhaus versorgt.  

Der mögliche Tod des in den palästinensischen Gebieten bekannten Häftlings hatte bereits Befürchtungen ausgelöst, die Gewaltspirale zwischen Israel und den Palästinensern erneut anzuheizen. Adnan, der wiederholt von den israelischen Sicherheitskräften verhaftet und ohne formelle Anklage festgehalten wurde – zuletzt im Zuge einer Razzia im Westjordanland vor etwa einem Jahr – stand im Fokus der Diskussionen.  

Israel hatte die Verhandlung als Reaktion auf die Entführung und Ermordung dre"
de_83,de,gpt_oss_groq,"**„Unhygienisch“ und „diskriminierend“ – Chinese Christian Union verlangt Abriss**  

San Francisco – Eine religiöse Vereinigung aus San Francisco kritisiert ein kürzlich installierteres Freiluft‑Pissoir am Rande des beliebten Dolores‑Parks. Wie NBC am Dienstag berichtete, hatten zahlreiche Anwohner das Projekt, das erste seiner Art in den USA, zunächst begrüßt. Jetzt hat die Chinese Christian Union zusammen mit einigen Bürgern Klage eingereicht. In der Klageschrift wird argumentiert, dass das nur durch ein Gitter abgeschirmte Toiletten‑Element anstößig sei, die Privatsphäre der Nutzer verletze und zudem eine Geruchs‑ sowie Hygienebelastung darstelle, weil Händewaschen dort nicht möglich sei. Weiterhin wird beanstandet, dass das Pissoir Frauen und Menschen mit Behinderungen ausschließe.  

Die Kläger fordern die sofortige Entfernung des Geräts. Die Stadt hatte das Pissoir im Zuge einer Sanierung des Dolores‑Parks neben herkömmlichen Toilettenhäuschen aufgestellt, um das heimliche Pinkeln im Gelände zu reduzieren.  

Die Stadtverwaltung weist die Vorwürfe zurück"
de_84,de,gpt_oss_groq,"**Rechts‑Populismus auf dem Vormarsch – ein europäisches Phänomen**

Der jüngste Wahlsieg von Norbert Hofer hat nicht nur Österreich in den Fokus gerückt, sondern das ganzeuropäische Aufstreben rechtspopulistischer Kräfte unterstrichen. Während Geert Wilders von den Niederlanden und Matteo Salvini von Italiens Lega Nord ihre Parteikollegen begeistert beglückwünschten, zeigen die Ergebnisse, dass die FPÖ längst kein Ausnahmefall mehr ist.

In vielen Ländern reagiert ein wachsender Teil der Bevölkerung auf wirtschaftliche Unsicherheit und die Flüchtlingskrise, indem er Parteien wählt, die nationale Souveränität und ein Rückzugs­gefühl aus dem globalen System versprechen. So beherrscht Ungarns Fidesz mit fast 45 % der Stimmen den Parlamentsbetrieb, und Polens PiS liegt mit rund 38 % ebenfalls an der Macht. Auch in Dänemark, Frankreich, Finnland, Lettland, Schweden, Großbritannien und den Niederlanden überschreiten rechtspopulistische Listen häufig die Zehn‑Prozent‑Marke.

In Deutschland hat sich der Trend erst kürzlich bemerkbar gemacht"
de_85,de,gpt_oss_groq,"**Gianni Infantino wird neuer FIFA‑Präsident – Wahl in Zürich endet nach dramatischem zweiten Durchgang**

Zürich, 30. August – Beim außerordentlichen FIFA‑Kongress in der Schweiz hat der Schweizer Gianni Infantino den Posten des Präsidenten des Weltfußballverbands übernommen. Im zweiten Wahlgang gewann er mit 115 zu 88 Stimmen gegen den favorisierten Kandidaten aus Bahrain, Scheich Salman bin Ibrahim al‑Khalifa.

Die Abstimmung, die über fünf Stunden dauerte, entwickelte sich zu einem nervenaufreibenden Marathon. Zunächst musste sich die Kandidatur des südafrikanischen Politikers Tokyo Sexwale zurückziehen, bevor die erste Runde begann. Diese endete mit einem kn"
de_86,de,gpt_oss_groq,"**Austria Wien öffnet seine Trainingshalle für Geflüchtete – Schalker und Nationalspieler unterstützen ebenfalls**

*Wien* – Angesichts der angespannten Lage von Geflüchteten setzt der Bundesliga‑Club Austria Wien ein klares Zeichen. Ab sofort findet jeden Freitag um 15 Uhr ein offenes Training für Geflüchtete in der Austria‑Akademie statt, das von den Vereins‑Trainern geleitet wird. „Damit zeigen wir, dass wir über den Fußball hinaus Verantwortung übernehmen und mehr als nur ein Sportverein sind“, erklärte Austria‑AG‑Vorstand Markus Kraetschmer.

Kurz darauf, am Mittwochabend, organisierten die Veilchen ein Benefizspiel gegen den Zweitligisten FAC. Der gesamte Reinerlös des Spiels fließt in die Betreuung von minderjährigen Geflüchteten in Wien.

Auch in Deutschland reagiert ein großer Klub: Schalke 04 hat unter dem Hashtag #stehtauf eine Videokampagne gestartet. Ehemalige Schalker wie Gerald Asamoah und Hans Sarpei appellieren gemeinsam mit Spielern, Trainern und Vorstandsmitgliedern"
de_87,de,gpt_oss_groq,"**Guter Ton und ein wenig Skandal – Was die Medien gerade beschäftigt**

Wenn jemand wie Michael Jeannée über den richtigen Umgang miteinander wacht, bleibt das Feld für unhöfliche Aktionen schnell leer. Das ist das heutige Stichwort: Anstand im öffentlichen Diskurs. Doch bevor wir darauf eingehen, gibt es ein erfreuliches Detail aus der Medienwelt: Das liberale Wochenblatt **Zur Zeit** hat kürzlich im Namen der Republik ein eigenes Fehlverhalten eingeräumt. Im Mai letzten Jahres hatte das Blatt unter der Überschrift „Die Märchentante vom Standard“ die Journalistin Colette M. Schmidt beschuldigt, mit ihren Artikeln die Existenz „unschuldiger“ Bürger, die sie als rechtsaußen einstufen würde, zu gefährden. Man unterstellte ihr, sie setze dafür alle erdenklichen Mittel ein. Der Vorwurf wurde noch weiter angeheizt, indem Schmidt als „Patchwork‑Mutter“ diffamiert wurde – ein Klischee, das angeblich ihr Vorgehen rechtfertige.

Das Landesgericht für Strafsachen Wien sah hierin klare Verleumdung und verurteilte **Zur"
de_88,de,gpt_oss_groq,"Apple bezeichnete das von ihm integrierte „Beats“ bislang noch mit 320 kbps als „Branchenstandard“. Beim neuen Streaming‑Angebot Apple Music wird das Unternehmen jedoch nur eine maximale Bitrate von 256 kbps zulassen – ein Schritt, der dem bisherigen iTunes‑Modell entspricht. Im Gegensatz dazu bieten die meisten Konkurrenten, darunter Spotify, Google Play Music, Tidal und Deezer, bereits 320 kbps an. Auch Beats, das inzwischen zu Apple gehört, hatte früher – laut The Next Web – die 320‑kbps‑Marke als Standard propagiert. Warum Apple nun bewusst eine niedrigere Obergrenze wählt, bleibt unklar. Zudem ist noch nicht abschließend geklärt, ob Hörer den Unterschied zwischen 256 kbps und 320 kbps überhaupt wahrnehmen können; Codec‑Auswahl, Qualität des Encodings und andere Faktoren spielen hier eine entscheidende Rolle, wobei Apple bislang nicht verraten hat, ob MP3 oder AAC zum Einsatz kommen. Kritiker wie Mashable halten Apple Music daher für unausgereift und sehen die reduzierte Bitrate als Hinweis auf eine schwache Umsetzung. Zwar verbraucht das Streamen mit "
de_89,de,gpt_oss_groq,"**Kinder von Akademikern profitieren von Zulassungsbeschränkungen an Universitäten**

*Wien –* Eine kürzlich vorgestellte Untersuchung der Arbeiterkammer (AK) belegt, dass die Einführung von Zugangsbeschränkungen zu bestimmten Studiengängen vor allem die Kinder von Hochschulabsolventen begünstigt. In den betroffenen Fächern – Medizin, Veterinärmedizin, Psychologie, Publizistik und Biologie – hat sich ihr Anteil an den Studienanfängern deutlich erhöht.

**H"
de_90,de,gpt_oss_groq,"**Faymann zu Zäunen an der Grenze: Keine Reduktion der Flüchtlingszahlen, sondern bessere Herkunftslagen nötig**

Wien – Bundeskanzler Werner Faymann (SPÖ) hat nach einem Telefonat mit EU‑Kommissionspräsident Jean‑Claude Juncker deutlich gemacht, dass Zäune an den europäischen Grenzen keine Option sind. Die EU‑Kommission bestätigte das Gespräch am Mittwochabend, in dem beide betonten, dass bauliche Barrieren nicht in den Schengen‑Raum passen.

Trotzdem meldete die Polizei am Mittwochabend rund 6 000 Menschen am Grenzübergang Spielfeld in Kärnten. Innenministerin Johanna Mikl‑Leitner (ÖVP) hatte bereits im Vorfeld von einer „technischen Sperre“ gesprochen, sprach jedoch zunächst keinen Zaun aus. Nach dem Ministerrat, in dem ebenfalls technische Sicherungsmaßnahmen für die Grenze zu Slowenien diskutiert wurden, erklärte Faymann, dass weder an der slowenischen noch an der ungarischen Grenze Zäune gebaut werden – weder jetzt noch in Zukunft.

„Innerhalb des Schengen‑Raums gibt es"
de_91,de,gpt_oss_groq,"**„Happy Birthday“ wird Gemeinfrei – Warner Music verliert Prozess**

Ein Bundesgericht in Los Angeles hat am Dienstag entschieden, dass das weltweit bekannte Geburtstagslied **„Happy Birthday to You“** nicht mehr urheberrechtlich geschützt ist. Richter George King erklärte das Werk für Allgemeingut und wies damit die Ansprüche von Warner/Chappell Music zurück. Der US‑Musikkonzern hatte 1988 die Rechte an dem Song erworben und damit jährlich rund zwei Millionen Dollar (etwa 1,8 Mio. Euro) verdient. 

Ursprünglich 1935 von der Firma Clayton F. Summy für die Melodie angemeldet, sei das Urheberrecht nach Ansicht des Richters nur für die musikalische Linie und nicht für den Text galten. Die Melodie selbst sei seit vielen Jahren bereits gemeinfrei. 

Der Song stammt aus dem Jahr 1893, als die Komponistin Mildred Hill aus Kentucky gemeinsam mit ihrer Schwester Patty, einer Kindergärtnerin, das Stück unter dem Titel **„Good"
de_92,de,gpt_oss_groq,"WhatsApp erweitert die Gruppengröße: Ab sofort können bis zu 256 Mitglieder gleichzeitig in einer Gruppe chatten – vorausgesetzt, die App auf Android‑ oder iOS‑Geräten ist auf den neuesten Stand gebracht. Bisher lag die Obergrenze bei 100 Personen. Über die Erweiterung hat der Blog Gadgets bereits berichtet, während die Süddeutsche Zeitung spekuliert, dass der Dienst damit seine Strategie neu ausrichten könnte. Größere Gruppen würden WhatsApp attraktiv für betriebliche Kommunikation machen, ein Feld, das derzeit von Business‑Messengern wie Slack dominiert wird. Langfristig könnte das Mutterunternehmen Facebook dafür Gebühren erheben, wenn Unternehmen die Plattform für umfangreiche Team‑Chats nutzen. Bereits heute bieten einige Medienhäuser, darunter DER STANDARD, Nachrichten per WhatsApp an. Der Messenger bleibt damit auf Wachstumskurs: Mit über einer Milliarde aktiver Nutzer*innen und rund 42 Milliarden Nachrichten pro Tag erreicht er bereits das Doppelte des täglichen SMS‑Volumens."
de_93,de,gpt_oss_groq,"**SPÖ‑Kandidat Rudolf Hundstorfer kritisiert die ideologische Ausrichtung des FPÖ‑Gegners**

Wien – Im Vorfeld der Präsidentschaftswahl wirbt die FPÖ mit dem Slogan „Aufstehen für Österreich“. Ihr Kandidat Norbert Hofer ist jedoch Mitglied einer Burschenschaft, deren Grundüberzeugungen ein zwiespältiges Verhältnis zum österreichischen Staat aufweisen. Das Dokumentationsarchiv des österreichischen Widerstandes (DÖW) hat in einer Analyse verschiedene Gründungsdokumente dieser Verbindung ausgewertet: Die „Marko‑Germania zu Pinkafeld“ bekennt sich einerseits zur Unabhängigkeit Österreichs, verweist aber gleichzeitig auf ein deutsches Vaterland, das über die heutigen Staatsgrenzen hinausgehen soll. In einer Festschrift aus dem Gründungsjahr 1994 wird zudem erklärt, dass die Burschenschaft die Vorstellung einer eigenständigen österreichischen Nation seit 1945 für eine historisch falsche Konstruktion halte.

Hundstorfer greift diese Haltung auf und wirft Hofer vor, dass es unverständlich sei, dass jemand, dessen Burschenschaft Österreich nicht als eigenständige Nation anerkenne"
de_94,de,gpt_oss_groq,"**Peter Zeidler übernimmt die Cheftrainerbank beim FC Red Bull Salzburg**  

Der 52‑jährige Deutsche Peter Zeidler, der bislang die Nachwuchsmannschaft des FC Liefering betreute, wird nun die Nachfolge von Adi Hütter am Meisterclub antreten. Der neue Cheftrainer hat einen Vertrag bis zum 30. Juni 2017 unterschrieben.  

Zeidler leitete seit September 2012 den FC Liefering und führte die jungen Talente dort bis zum zweiten Platz in der 2. Liga. Sportdirektor Christoph Freund begründete die Entscheidung wie folgt: „Peter kennt unsere Spielphilosophie in- und auswendig und hat über Jahre hinweg erfolgreich mit dem Liefering‑Team zusammengearbeitet. Wir wissen, wofür er steht, und sind von seiner Arbeit überzeugt.“  

Auch Zeidler selbst zeigte sich begeistert: „Ich freue mich sehr, dass man mir das Vertrauen schenkt. Der FC Red Bull Salzburg ist ein spannendes Projekt und ich brenne darauf, mit den Spielern sowie dem Trainer‑ und Betreuerteam zu arbeiten.“  

Im Trainerstab treten Richard Kitzb"
de_95,de,gpt_oss_groq,"**Spoiler-Falle im Netz – so bleibt die letzte Game‑of‑Thrones‑Folge geheim**

Kurz nach dem Ausklang der fünften Staffel von *Game of Thrones* am 14. Juni verwandelte sich das Internet für alle, die das Finale noch nicht gesehen hatten, in ein wahres Minenfeld. Auf Twitter, Facebook und in diversen Medien wimmeln unzählige Beiträge, die bereits wichtige Handlungsdetails verraten. Doch es gibt praktische Wege, sich vor solchen Spoilern zu schützen.

Für Chrome‑Nutzer ist die Erweiterung **Silencer** eine beliebte Lösung: Sie filtert Posts auf Twitter und Facebook nach definierten Schlüsselwörtern. Mithilfe von sogenannten *Mute Packs* lässt sich gleich mehrere Serien auswählen und sämtliche zugehörigen Namen und Begriffe auf einen Schlag blockieren. Eine Alternative stellt die Chrome‑Erweiterung **Spoiler Alert** dar – hier kann man nicht nur Wörter, sondern auch ein konkretes Datum oder einzelne Kontakte sperren. Sobald ein Beitrag einen Spoiler enthält, wird er mit einem Warnhinweis überdeckt. (Eine Anmeldung ist hierfür nötig.)

Auf mobilen Geräten und im Browser gibt es die App **Spoiler Shield**, die sowohl"
de_96,de,gpt_oss_groq,"**Raimund Löw startet neue Gesprächsreihe „Inside Asia“ – erste Sendung am 25. Juni auf ORF 3**

Der ORF‑Korrespondent in Peking, Raimond Löw, will mit der neuen Sendung „Inside Asia“ einen ungefilterten Dialog zwischen chinesischen Fachleuten und ausländischen Journalisten ermöglichen. Das Format, das erstmals am Donnerstag, dem 25. Juni, um 21:05 Uhr auf ORF 3 ausgestrahlt wird, soll ein Forum ohne Zensur und Tabus schaffen – ein Konzept, das in China kaum üblich ist.

Löw erklärt dem STANDARD, dass ein offener Meinungsaustausch zwischen chinesischen Experten und westlichen Reportern in der Volksrepublik ein seltenes Ereignis darstelle. Trotz der strikten Medienkontrolle, die China im Pressefreiheits‑Ranking von Reporter ohne Grenzen auf Platz 176 von 180 Ländern einordnet, sei das ORF‑Team nicht Teil des staatlichen Zensursystems. Dennoch war es schwierig, Gesprächspartner zu finden, da der Druck auf potenzielle Gäste hoch bleibt und stets ein „Generalverdacht“ im Raum stehe.

Zur ersten Sendung gehören"
de_97,de,gpt_oss_groq,"**Provokantes Titelblatt der New York Daily News zur Waffenfrage**  
New York – Nach dem Amok"
de_98,de,gpt_oss_groq,"Marco Marsala hat die Geschichte nur erfunden, um Aufsehen für sein neues Unternehmen zu erregen. Der angebliche Fall eines Gründers, der nach eigenen Angaben seine gesamte Firma mit einem einzigen Mausklick gelöscht haben soll, stellte sich letztlich als reine Schabernack‑Aktion heraus. In einem Interview mit der italienischen Tageszeitung *La Repubblica* erklärte Marsala, dass er damit lediglich Werbung für sein Startup machen wollte, das Outsourcing‑Lösungen im Bereich Server‑Management anbietet. Der Kern der Geschichte war jedoch nicht völlig aus der Luft gegriffen: Marsala kennt jemanden, dem ein solcher Vorfall tatsächlich vor vielen Jahren passiert ist und über den bereits mehrere Medien, darunter auch *WebStandard*, berichtet hatten. In Online‑Foren schwankten die Reaktionen zwischen Mitgefühl und Schadenfreude. Ob der Streich dem jungen Unternehmen nun wirklich hilft, bleibt fraglich – vielmehr wird Marsala jetzt als Troll kritisiert."
de_99,de,gpt_oss_groq,"**Untersuchung verborgener Hohlräume in vier Pyramiden bis Ende 2016 geplant**

Kairo – Ägyptische Wissenschaftler wollen gemeinsam mit internationalen Partnern das Innere der großen Pyramiden genauer unter die Lupe nehmen und nach bislang unbekannten Hohlräumen oder Kammern forschen. Dank moderner Infrarottechnik und hochsensibler Detektoren sollen Teams aus Frankreich, Kanada und Japan die Bauwerke durchdringen und mehrere Meter unter die Oberfläche sondieren.

Der ägyptische Minister für Altertumsfragen, Manduh al‑Damati, kündigte an, dass vier Pyramiden im Fokus stehen: die Cheops‑ und die Chephren‑Pyramide in Gizeh sowie zwei weniger bekannte, aber ebenso imposante Bauwerke in der Dahschur‑Nekropole südlich von Kairo. Die Cheops‑Pyramide, das größte Monument des Landes, trägt den Namen des Pharaos, der etwa 2638–2613 v. Chr. regierte und gilt als eines der Sieben Weltwunder der Antike – das einzige, das erhalten blieb. Die Chephren‑Pyramide"
de_100,de,gpt_oss_groq,"**Etwa 2 000 Stellen in Deutschland von Siemens-Umstrukturierung betroffen – Grund: Rückgang in Prozessindustrie und Antriebsbereich**

Der deutsche Technologiekonzern Siemens hat angekündigt, im Zuge einer Neuausrichtung seiner Sparte für Prozessindustrie und Antriebe rund 2 500 Arbeitsplätze weltweit abzubauen – davon gut 2 000 in Deutschland, vor allem im Süden des Landes. Laut Unternehmensmeldung vom Mittwoch soll die Hälfte der betroffenen Stellen gekürzt, die andere Hälfte in andere Bereiche verlagert werden.

Der Konzern begründet die Maßnahme mit steigendem Wettbewerbsdruck in den Segmenten Öl‑ und Gas, Metall sowie Bergbau, der eine Anpassung der Produktionskapazitäten erforderlich mache. Konkret betrifft das die Standorte Ruhstorf bei Passau (etwa 700 Stellen), Bad Neustadt an der Saale (rund 350), Nürnberg (ungefähr 750) sowie Erlangen (etwa 150). In Berlin sollen lediglich 20 bis 30 Arbeitsplätze wegfallen.

Die IG Metall hat die Pläne sofort kritisiert und einen entschiedenen Widerstand angekündigt. Bayerns IG‑Metall"
de_101,de,gpt_oss_groq,"**Wien – Die Anbindung des neuen Krankenhauses Nord soll durch eine Neuordnung des Straßenbahnnetzes im Bezirk Floridsdorf verbessert werden.**  

Im Zuge des im Bau befindlichen Wiener Krankenhauses Nord – von der Stadt als das modernste Spital Europas angepriesen – ist eine Umstrukturierung der Tramlinien geplant. Konkret soll die Linie 25 verlängert werden, während die bisherige Linie 30 gestrichen wird. Außerdem sollen die nördlichen Teilstrecken der Linien 26 und 33 (bzw. 31) vertauscht werden. Kritiker warnen jedoch, dass dadurch die Taktzeiten der betroffenen Linien verdünnt werden könnten.  

Der Wiener Norden, insbesondere Floridsdorf, leidet seit Langem unter einem Mangel an Krankenbetten. Das neue Krankenhaus soll diesen Engpass beheben. Ursprünglich war der Bau bis 2012/13 am linken Donauufer vorgesehen, doch das Projekt wurde mehrfach verzögert – zuletzt auf 2017 – und die Kosten sind von 605 Millionen Euro auf über eine Milliarde Euro gestiegen. Auch der geplante Standort hat sich von der Donaubank ins"
de_102,de,gpt_oss_groq,"**Sturm‑Stürmer Marko Stankovic kritisiert FP‑Ö‑Chef Strache – unerwarteter Medienrummel**

Wien / Graz – Der Fußballer Marko Stankovic vom SK Sturm Graz richtete sich am vergangenen Samstag in einem Facebook‑Post an den FP‑Ö‑Vorsitzenden Heinz‑Christian Strache und forderte ihn eindringlich zum Nachdenken auf. Anlass seiner Botschaft war ein Kommentar des Parteichefs zur Amok‑Tat in Graz, in dem er die Herkunft des Täters thematisierte. 

Am Montag sprach sich Stankovic, der sich noch von einer Verletzung erholt, dem Standard zu den Hintergründen seiner Äußerung aus.

**Standard:** Haben Sie damit gerechnet, dass Ihr Beitrag so viel Aufsehen erregen würde?  
**Stankovic:** Mir war klar, dass ich als Bundesliga‑Spieler mehr Beachtung finde, aber das Ausmaß der Reaktionen hat mich ehrlich überrascht.

**Standard:** Würden Sie den Text heute anders formulieren oder lieber ganz darauf verzichten?  
**Stankovic:** Nein, ich bereue nichts. Ich habe niemanden persönlich"
de_103,de,gpt_oss_groq,"**Kobza‑Holding – Digitaler Aufbruch und Silicon‑Valley‑Club**

*Wien –* Niko Pelinka, 28, leitet seit drei Jahren die Werbeholding von Rudi Kobza, zu den größten Kommunikationsnetzwerken Österreichs. Neben den Agenturen Lowe GGK, McCann und FCB Neuwien betreut die Gruppe auch die PR‑Firma Integra, die Digitalagentur Integra Performance, das Event‑House AlphaAffairs sowie Beteiligungen an B"
de_104,de,gpt_oss_groq,"**Ehemann einer verwundeten Frau spricht sich gegen Apples Mitarbeit beim FBI aus**

Im Streit zwischen dem FBI und Apple über die Entschlüsselung eines iPhones, das den beiden Attentätern von San Berardino gehörte, meldet sich ein unerwarteter Befürworter für den Technikkonzern. Salihin Kondoker, dessen Frau trotz drei Schussverletzungen überlebte, reichte beim zuständigen Gericht eine Stellungnahme ein, in der er Apple auffordert, den Behörden keinen Zugriff auf das Gerät zu gewähren, wie BuzzFeed berichtet.

Kondoker bezweifelt, dass das Handy wichtige Hinweise enthält – es handelte sich nämlich um ein Dienstgerät und nicht um ein privates Telefon. Seine Sorge gilt vielmehr der Gefahr, einen Präzedenzfall zu schaffen, der umfassende staatliche Überwachung ermöglichen könnte. Er weist darauf hin, dass die Angreifer beruflich für das County tätig waren und dass im Unternehmen allgemein bekannt war, dass die Verwaltung sowohl den Standort des Handys als auch das iCloud‑ und Mobilfunkkonto einsehen konnte, um die Kommunikation zu kontrollieren. Aus diesem"
de_105,de,gpt_oss_groq,"**Nationalratspräsidentin Bures und Bundespräsident Fischer zum Gedenken an die Pariser Anschläge – Keine Schuldzuweisungen an Flüchtlinge**

Wien – Am Montagabend trafen sich die führenden Politikerinnen und Politiker Österreichs zu einer Gedenkfeier im Nationalrat, um an die Terroranschläge in Paris zu erinnern. In ihrer Rede bezeichnete Nationalratspräsidentin Doris Bures (SPÖ) das Ereignis im Parlament als ein klares Signal des Widerstands. Bundespräsident Heinz Fischer ergänzte, dass die europäischen Grundwerte auch im Kampf gegen den Terror bewahrt bleiben müssen. „Hass und Angst verengen den Verstand und fördern irrationale Reaktionen – genau das wollen die Terroristen nicht erreichen“, so Fischer.

Fischer wies zudem nachdrücklich darauf hin, dass weder der Islam noch eine bestimmte Nationalität Ziel der Bekämpfung sein dürfe. Flüchtlinge dürften nicht zusätzlich zu Opfern werden; das, was Terroristen aus ide"
de_106,de,gpt_oss_groq,"Das diesjährige Gratisfestival lockt erneut ein anspruchsvolles Programm mit internationalen Größen wie Gitarrist John Scofield und Gitarrenlegende Bill Frisell. In Salzburg hat der langjährige künstlerische Leiter von Jazz & The City, Gerhard Eder, leider nicht mehr unter uns weilen. Trotz seines Todes steht das üppige Line‑up der 16. Auflage bereits fest.

Der Auftakt am Donnerstag setzt ein klares Zeichen für die globale Ausrichtung"
de_107,de,gpt_oss_groq,"**US‑Unternehmen horten Rekord‑Cash, weil Steuern sie vom Zurückführen der Gewinne abhalten**

Die US‑Steuerbehörden verzichten jedes Jahr auf Milliarden, weil die größten Konzerne der Welt – von Apple über Microsoft und Google bis hin zu Pfizer – ihre Erlöse kaum noch ins Inland transferieren. Stattdessen bauen die Unternehmen ihre Geldpolster immer weiter aus; das angesammelte Cash‑Volumen übertrifft inzwischen das geschätzte Vermögen der 70 reichsten Menschen der Erde zusammen. 

Doch warum lagern Tech‑Riesen wie Apple, Microsoft und Alphabet sowie Auto‑Hersteller wie General Motors und Pharmakonzerne wie Pfizer trotz historisch niedriger Zinsen ihr Geld aus? Laut der Ratingagentur Moody’s hielten nicht‑finanzielle US‑Firmen Anfang 2015 rund 1,73 Billionen Dollar (etwa 1,6 Billionen Euro) an liquiden Mitteln. Das waren vier Prozent mehr als im Vorjahr und ein neuer Höchststand. Der Technologiesektor verfügte dabei über das größte Cash‑Paket, gefolgt von den Branchen Gesundheit, Pharma und Energie, erläutert"
de_108,de,gpt_oss_groq,"**Gigantisches Schwarzes Loch stellt gängige Galaxienmodelle in Frage**

Zürich – Wie gut kennen wir wirklich die Entstehung und das Wachstum von Galaxien? Die jüngste Entdeckung eines ungewöhnlich massereichen Schwarzen Lochs in einer fernen Galaxie lässt Wissenschaftler an den gängigen Theorien zweifeln. Das Objekt, das den Namen CID‑947 trägt, wurde von Benny Trakhtenbrot von der ETH Zürich zusammen mit einem internationalen Forschungsteam mithilfe des Keck‑Observatoriums auf Hawaii und weiterer Weltraumteleskope identifiziert.

CID‑947 ist ein supermassereiches Schwarzes Loch, wie sie in den Zentren nahezu aller großen Galaxien zu finden sind. Doch hier kommt die Überraschung: Die Galaxie, in der es sitzt, liegt so weit entfernt, dass das von ihr ausgesandte Licht uns ein Bild aus einer Zeit liefert, die etwa zwei Milliarden Jahre nach dem Urknall liegt. Während ein typisches supermassereiches Schwarzes Loch zwar Millionen‑ bis Milliarden‑mal schwerer als die Sonne sein kann, bleibt es normalerweise nur ein winziger Bruchteil der"
de_109,de,gpt_oss_groq,"**Juristin deckt Missstände im Verteidigungsministerium auf – erlebt Mobbing wegen ihrer Trans‑Identität**

Wien – Monika Donner, Juristin und ehemalige Panzeroffizierin, ist in ihrer Laufbahn bereits an zahlreichen juristischen Auseinandersetzungen beteiligt gewesen. Nun wirft sie dem Bundesministerium für Landesverteidigung, Sport und Verkehr (BML"
de_110,de,gpt_oss_groq,"**BayernLB erhält 2,3 Milliarden zurück – Peschorn vor dem Ausschuss**

Wien – Die Bayern‑Landesbank hat einen Großteil ihrer Forderungen gegenüber der früheren Tochter Hypo Alpe‑Adria zurückerhalten. Finanzminister Hans‑Jörg Schelling hat in einer Anfrage an den FP‑Abgeordneten Erwin Angerer die Rückzahlungen an Bayern detailliert aufgelistet. Nach der Verstaatlichung gingen bereits rund eine Milliarde Euro an München, davor waren es 890 Millionen Euro. Hinzu kommen Zinszahlungen von rund 360 Millionen Euro – insgesamt also über 2,3 Milliarden Euro. Im Rahmen des Vergleichs bekommt die BayernLB zudem eine Garantiesumme von 1,23 Milliarden Euro, sodass die Bayernsumme auf über 3,5 Milliarden Euro steigt.

Mehrere Gläubigerverbände kritisieren, dass die Regelung die BayernLB bevorzugen und ihre eigenen Ansprüche schmälern könnte.

**Akten werden jetzt öffentlich**  
Im Unterausschuss wird am Donnerstag Wolfgang Peschorn, Präsident der Finanzprokuratur, zu den Unterlagen"
de_111,de,gpt_oss_groq,"Longford AFC, das in der Gloucester Northern Senior League Division 2 unterwegs ist, hat mit dem 53‑jährigen Stuart Pearce einen echten Namen verpflichtet. Der frühere 78‑fache Teamspieler kehrte nun nach seiner Trainerkarriere zurück an den Platz – und zwar für den Verein, den die britische Presse immer wieder als „schlechtesten Club Englands“ bezeichnet. In dieser Saison hat Longford sämtliche 18 Ligaspiele verloren und dabei 179 Gegentore einstecken müssen (vgl. Bild / Twitter).  

„Ich habe selbst in jungen Jahren damit angefangen“, erklärte Pearce bei seiner Präsentation im Trikot mit seiner bekannten Rückennummer 3. „Ich hoffe, den jungen Spielern ein wenig Selbstvertrauen zu geben – sowohl im Umkleideraum als auch auf dem Rasen.“  

Trainer Nick Dawe wies darauf hin, dass Pearce bereits für Aufsehen gesorgt habe: Noch vor einem Jahr hatte nur ein einzelner Beobachter mit Hund das Team im Training verfolgt, heute strömen Hunderte, um den ersten Auftritt des Ex‑Profis zu sehen.  

Pearce’ letzte Trainer"
de_112,de,gpt_oss_groq,"**Niederösterreich deckt nun seinen gesamten Strombedarf aus erneuerbaren Quellen – doch der WWF fordert Nachholbedarf**

Sankt Pölten – Der Hinweis des niederösterreichischen Landeshauptmanns Erwin Pröll (ÖVP) im November, dass das Bundesland ab sofort zu 100 % seinen Strom aus erneuerbarer Energie bezieht, sorgte für zahlreiche Glückwünsche und ein feierliches Klima. „Niederösterreich hat sich zu einer Modellregion entwickelt“, erklärte Umweltlandesrat Stephan Pernkopf (ÖVP) und hob das Jahr 2015 als Wendepunkt in der Landes‑Umweltpolitik hervor. Auch internationale Medien wie der *Guardian* und *Le Monde* berichteten darüber, dass Österreichs größtes Bundesland nun vollständig auf grünen Strom umgestellt ist – nach dem Burgenland, das 2013 bereits diesen Meilenstein erreicht hatte. Im Vergleich dazu plant Oberösterreich laut seiner Energiestrategie erst bis 2030, den gleichen Anteil zu erzielen.

Ob die Region damit tatsächlich Vorreiter ist, prüfte"
de_113,de,gpt_oss_groq,"Keine Anzeichen für fremdes Verschulden erkennbar. Wien – Bei einem Wohnungsbrand im Wiener 15. Bezirk kam am Freitagabend ein 59‑jähriger Mann ums Leben. Nachdem Anwohner die Feuerwehr gerufen hatten, fand das Einsatzteam in der Hasnerstraße den leblosen Mieter. Die Polizei sieht bislang keine Spuren von Fremdverschulden, ließ jedoch trotzdem eine Obduktion durchführen."
de_114,de,gpt_oss_groq,"US‑Technologiekonzerne haben inzwischen mehr als fünf hundert Milliarden Dollar an liquiden Mitteln angehäuft – und setzen einen Großteil davon in Unternehmensanleihen ein. Wer in den USA eine bedeutende Anleihe platzieren will, sollte dabei nicht allein die Wall Street ansteuern, sondern auch einen Abstecher nach Reno, Nevada, einplanen. Dort haben die Kapitalverwaltungseinheiten von Apple und Oracle ihren Sitz, und sie agieren am Anleihenmarkt inzwischen fast auf Augenhöhe mit den größten Fondsmanagern.

Seit 2008 haben die zehn größten US‑Tech‑Unternehmen ihre Barmittel mehr als verdreifacht und suchen nun nach Anlagemöglichkeiten. Insider berichten, dass einige dieser Firmen bei Neuemissionen von Investment‑Grade‑Anleihen mit einer Laufzeit von bis zu drei Jahren sofort rund ein Fünftel des Emissionsvolumens übernehmen. Als langfristige Käufer, die die Papiere typischerweise bis zur Fälligkeit halten, sind Apple und Co."
de_115,de,gpt_oss_groq,"**London – HSBC bleibt im Vereinigten Königreich, strategische Ausrichtung für Asien unverändert**

Der Vorstand der HSBC hat einstimmig beschlossen, den Hauptsitz weiterhin in London zu belassen, während die Investitionspläne für China und Südostasien beibehalten werden. Das in Asien stark verankerte Finanzinstitut betonte am Sonntag, dass London zu den weltweit bedeutendsten Finanzmetropolen gehöre und zahlreiche Top‑Talente anziehe. Damit sei die britische Hauptstadt nach wie vor der optimale Standort für ein global agierendes Institut wie die HSBC.

Der Gedanke, den Sitz nach Hongkong zu verlegen – dem Gründungsort der Bank – kam erst nach steigender Steuerbelastung für Banken in Großbritannien nach der Finanzkrise auf. Im Frühjahr des letzten Jahres prüfte"
de_116,de,gpt_oss_groq,"**Afghanischer Präsident Ghani kritisiert „feigen Anschlag“**  
Kabul – Am Dienstag explodierte in der afghanischen Hauptstadt ein mit Sprengstoff beladener Lastwagen, der auf einem Parkplatz neben einem Regierungsgebäude platziert worden war. Laut Angaben der Polizei kamen bei dem Anschlag mindestens 28 Menschen ums Leben, über 320 Verletzte wurden gemeldet, viele von ihnen in kritischem Zustand, wie das Gesundheitsministerium bestätigte.  

Präsident Ashraf Ghani verurteilte den Anschlag als „feige“ und betonte, dass er die Entschlossenheit der afghanischen Sicherheitskräfte im Kampf gegen den Terror nicht schwächen werde. Der Vorfall markiert den ersten größeren Angriff der radikal-islamischen Taliban in Kabul seit dem Beginn ihrer Frühjahrsoffensive vor rund einer Woche.  

Das getarnte Fahrzeug detonierte in unmittelbarer Nähe eines Gebäudes, das von der nationalen Sicherheitsbehörde (NDS) genutzt wird und für den Personenschutz wichtiger Regierungsvertreter zuständig ist. Nach der Explosion drangen mutmaßliche Täter in das stark bewachte Areal ein und lieferten sich, laut Zeugen,"
de_117,de,gpt_oss_groq,"**Wien – 5. Oktober, Hauptabend, Moderation: Corinna Milborn & Paul Tesarek**  
Der ORF und der Privatsender Puls 4 haben sich auf eine gemeinsame Elefantenrunde zur Wiener Landtagswahl verständigt. Hintergrund ist, dass Wiener Bürgermeister Michael Häupl (SPÖ) bislang nur zu einer Fernseh‑Konfrontation bereit war. Deshalb haben die beiden Sender eine Kooperation beschlossen, um den Kandidaten eine Plattform zu bieten.  

Die 90‑minütige Debatte wird am Montag, den 5. Oktober, live aus den Sofiensälen auf ORF 2 und Puls 4 ausgestrahlt. Die Moderation übernimmt Corinna Milborn vom Puls 4‑Info‑Team und Paul Tesarek, Chefredakteur von ORF Wien, vor einem Live‑Publikum.  

ATV hatte im Juni das Projekt verlassen, weil es die journalistische Gleichstellung nicht gewährleistet sah, und plant nun ein eigenständiges Wahlformat. Der ORF und Puls 4 setzen nun gemeinsam die Wahlkonfrontation mit den Spitzenkandidaten um.  

Eine offene Frage war bislang, wie die Werbung zwischen öffentlich-rechtlichem Sender und Privats"
de_118,de,gpt_oss_groq,"**TV‑Fortsetzung der Serial‑Erfolgsgeschichte – Produktion von Fox 21 Television**  

Wien – Der gefeierte US‑Podcast *Serial* wird nun als Fernsehserie umgesetzt. In der Originalfolge rekonstruierte Journalistin Sarah Koenig in zwölf Episoden den Mord an der Baltimore‑Schülerin Hae Min Lee im Jahr 1999 – ein Fall, der weltweit Millionen Zuhörer fesselte. Ihr ehemaliger Freund, Adnan Syed, sitzt seitdem im Gefängnis, beteuert jedoch stets seine Unschuld.  

Fox 21 Television Studios hat die Fernsehrechte gemeinsam mit den Produzenten Christopher Miller und Phil Lord (bekannt aus *The Lego Movie*) erworben. Laut amerikanischen Medien wird die TV‑Version jedoch keine klassische Dokumentation des Kriminalfalls, sondern ein Blick hinter die Kulissen der Arbeit von Sarah Koenig und Julie Snyder sowie ihres Produktionsteams.  

*Serial* erreichte in den USA durchschnittlich drei Millionen Hörer pro Episode und wurde nicht nur dort, sondern auch in Europa hochgelobt. Die zweite Staffel soll bereits im Herbst starten und beschäftigt sich mit dem umstrittenen US‑Armee‑Deserteur Bowe B"
de_119,de,gpt_oss_groq,"**Mordprozess in Mühlbachl: 25‑Jähriger wegen Tötung eines 39‑jährigen Nachbarn verurteilt – Urteil vorerst nicht rechtskräftig**

Innsbruck/Mühlbachl – Der Prozess um den Tod des 39‑jährigen Tirolers, der im Dezember letzten Jahres in seiner Wohnung in Mühlbachl erstochen wurde, endete am Donnerstag mit einem Schuldspruch. Der 25‑jährige Angeklagte, ein in Österreich lebender Slowake, wurde wegen Mordes zu 20 Jahren Freiheitsstrafe verurteilt. Sieben der acht Geschworenen sahen ihn als schuldig an. Das Urteil ist jedoch noch"
