sample_id,language,origin,text,source_id,avg_sentence_length,std_sentence_length,punctuation_density,avg_word_length,type_token_ratio,function_word_ratio
en_0,en,human,"Bangladesh paralysed by strikes Opposition activists have brought many towns and cities in Bangladesh to a halt, the day after 18 people died in explosions at a political rally.",,29.0,0.0,0.06896551724137931,5.137931034482759,0.896551724137931,0.2413793103448276
en_1,en,human,Desiring Stability Redskins coach Joe Gibbs expects few major personnel changes in the offseason and wants to instill a culture of stability in Washington.,,24.0,0.0,0.041666666666666664,5.5,0.9583333333333334,0.2916666666666667
en_2,en,human,"Will Putin #39;s Power Play Make Russia Safer? Outwardly, Russia has not changed since the barrage of terrorist attacks that culminated in the school massacre in Beslan on Sept.",,14.5,6.5,0.13793103448275862,5.137931034482759,0.896551724137931,0.20689655172413793
en_3,en,human,U2 pitches for Apple New iTunes ads airing during baseball games Tuesday will feature the advertising-shy Irish rockers.,,18.0,0.0,0.05555555555555555,5.722222222222222,1.0,0.1111111111111111
en_4,en,human,S African TV in beheading blunder Public broadcaster SABC apologises after news bulletin shows footage of American beheaded in Iraq.,,20.0,0.0,0.05,5.65,0.95,0.15
en_5,en,human,"A Cosmic Storm: When Galaxy Clusters Collide Astronomers have found what they are calling the perfect cosmic storm, a galaxy cluster pile-up so powerful its energy output is second only to the Big Bang.",,34.0,0.0,0.08823529411764706,4.970588235294118,0.9705882352941176,0.20588235294117646
en_6,en,human,West sets deadline for Iran to freeze uranium enrichment Four western countries set the scene yesterday for a showdown with Iran by demanding that it freeze its uranium enrichment activities immediately.,,31.0,0.0,0.03225806451612903,5.580645161290323,0.8387096774193549,0.1935483870967742
en_7,en,human,"Computer Assoc. Cuts 800 Jobs Worldwide (AP) AP - Computer Associates International Inc. announced a restructuring plan Wednesday that would reduce its work force by 800 people worldwide, saving the business software maker  #36;70 million annually once the plan is fully implemented.",,14.0,11.224972160321824,0.11904761904761904,5.738095238095238,0.9047619047619048,0.09523809523809523
en_8,en,human,"CA Opens Utility Pricing for Mainframes Keeping its promise to migrate toward more flexible pricing for its software, Computer Associates (Quote, Chart) has unleashed Measured Workload Pricing for its mainframe management products.",,32.0,0.0,0.09375,6.25,0.84375,0.125
en_9,en,human,"Economy builds steam in KC Fed district The economy continued to strengthen in September and early October in the Great Plains and Rocky Mountain regions covered by the Tenth Federal Reserve District, the Federal Reserve Bank of Kansas City said Wednesday.",,41.0,0.0,0.04878048780487805,5.2682926829268295,0.8292682926829268,0.2682926829268293
en_10,en,human,"Mutombo says he #39;s being traded to Rockets; will back up, mentor &lt;b&gt;...&lt;/b&gt; Dikembe Mutombo, 38, has agreed to a sign-and-trade deal that will send him from the Chicago Bulls to Houston in exchange for Eric Piatkowski, Adrian Griffin and Mike Wilks, the Houston Chronicle reports.",,23.5,10.5,0.32608695652173914,5.434782608695652,0.8913043478260869,0.1956521739130435
en_11,en,human,"RBC Centura CEO steps down RALEIGH, NC - The head of RBC Centura Bank has stepped down, and his successor will run the bank out of Raleigh rather than Rocky Mount, where the bank is based.",,36.0,0.0,0.1111111111111111,4.25,0.8611111111111112,0.19444444444444445
en_12,en,human,Plans put on hold for pro SCO website Infoworld reports that SCO #39;s briefly planned foray into Groklaw territory announced last month has been put on the back burner.,,29.0,0.0,0.06896551724137931,4.862068965517241,0.896551724137931,0.13793103448275862
en_13,en,human,"Paris Marks Liberation Mindful of Collaboration With solemn commemorations, a ceremonial flag-raising at the Eiffel Tower and columns of 1940s-era tanks and army jeeps, Parisians on Wednesday marked the 60th anniversary ",,31.0,0.0,0.06451612903225806,6.096774193548387,0.9032258064516129,0.2903225806451613
en_14,en,human,"Oracle acquisition of PeopleSoft leads flurry of deals NEW YORK (CBS.MW) -- US stocks closed higher Monday, with the Dow Jones Industrial Average ending at its best level in more than nine months amid better-than-expected economic data and merger-related optimism.",,20.5,9.5,0.075,5.625,0.975,0.15
en_15,en,human,They #146;re in the wrong ATHENS -- Matt Emmons was focusing on staying calm. He should have been focusing on the right target.,,11.5,2.5,0.13043478260869565,4.565217391304348,0.8695652173913043,0.2608695652173913
en_16,en,human,Mularkey Sticking With Bledsoe As Bills QB (AP) AP - Mike Mularkey has a message to those clamoring for rookie quarterback J.P. Losman to replace Drew Bledsoe as Buffalo's starter. Not yet.,,8.25,8.37779804005802,0.125,4.9375,0.90625,0.15625
en_17,en,human,"Greek membership of eurozone not in doubt BRUSSELS - Greece #39;s membership of the eurozone is not in doubt despite a damaging review of its budget data stretching back five years, a European Commission official said Monday.",,37.0,0.0,0.08108108108108109,5.108108108108108,0.7837837837837838,0.24324324324324326
en_18,en,human,"Some fear it's a passport to identity theft It's December 2005 and you're all set for Christmas in Vienna. You have your most fashionable cold-weather gear, right down to the red maple leaves embroidered on your jacket and backpack, to conceal your American citizenship from hostile denizens of Europe.",,24.5,5.5,0.08163265306122448,5.183673469387755,0.8979591836734694,0.22448979591836735
en_19,en,human,"U.S. Plans Crackdown on Piracy, Counterfeiting  WASHINGTON (Reuters) - The United States is cracking down  on the growing trade in counterfeit and pirated goods that  costs U.S. businesses hundreds of billions of dollar annually,  U.S. government and industry officials said on Monday.",,6.428571428571429,8.48287590817344,0.21428571428571427,5.714285714285714,0.8571428571428571,0.2619047619047619
en_20,en,human,Cisco switch products target small business Company aggressively addresses smaller businesses with products that reduce the cost and complexity of operating a Cisco network.,,24.0,0.0,0.041666666666666664,6.25,0.9166666666666666,0.20833333333333334
en_21,en,human,"Icahn pushes harder to stop Mylan #39;s King acquisition PITTSBURGH Carl Icahn, the largest shareholder of Mylan Laboratories, is now threatening to push for new company directors to stop the generic drug maker #39;s four (B) billion-dollar takeover bid of King Pharmaceuticals.",,42.0,0.0,0.11904761904761904,5.642857142857143,0.8095238095238095,0.21428571428571427
en_22,en,human,"Quantum Snags LTO Rival Certance After preaching the superiority of its DLT tape format for years, Quantum has up and bought Certance, a key maker of the rival LTO format.",,30.0,0.0,0.1,4.733333333333333,0.8666666666666667,0.23333333333333334
en_23,en,human,Black to Sue Hollinger Committee for C\$1.1 Bln Fallen press baron Conrad Black will sue Hollinger International Inc. #39;s special committee and others for C\$1.1 billion (\$870 million) over a report that accused him of looting the company of millions of dollars.,,11.0,4.527692569068709,0.11904761904761904,5.333333333333333,0.8571428571428571,0.21428571428571427
en_24,en,human,Milosevic trial suspended The trial of Slobodan Milosevic has been suspended in Hague to allow the defense lawyers assigned to the former Yugoslav president more time to prepare their case.,,30.0,0.0,0.03333333333333333,5.333333333333333,0.8,0.26666666666666666
en_25,en,human,"Tremor shakes Athens, no damage ATHENS - An earthquake rattled Athens on Tuesday, including the Olympic venues in the Greek capital. The Athens Geodynamic Institute said that there was a tremor, but few other details were known, such as the magnitude or epicentre of the quake.",,23.0,2.0,0.13043478260869565,5.043478260869565,0.9130434782608695,0.2826086956521739
en_26,en,human,"Bush Web Site Bars Overseas Visitors (washingtonpost.com) washingtonpost.com - The Bush-Cheney reelection campaign has barred people outside the United States from viewing its Web site following an electronic attack that took down the campaign's Internet address for six hours last week, according\\to computer security experts.",,15.666666666666666,15.92342788332825,0.08888888888888889,6.311111111111111,0.9555555555555556,0.1111111111111111
en_27,en,human,Merger could affect Nextel Partners The proposed \$35 billion merger of Sprint Corp. and Nextel Communications could mean changes for Kirkland-based Nextel Partners Inc.,,12.0,1.0,0.08333333333333333,6.083333333333333,0.8333333333333334,0.16666666666666666
en_28,en,human,"TEXANS STAT CENTER After finally winning consecutive games, the Texans are a team in search of a challenge.  quot;I knew that was going to come up, quot; Texans coach Dom Capers said with a laugh.",,17.5,0.5,0.17142857142857143,4.6,0.9142857142857143,0.2857142857142857
en_29,en,human,About-face for Heels Rashad McCants wasn #39;t thinking about last year at Kentucky. Jawad Williams said last year was last year. And Sean May was thinking more about his last game than North Carolina #39;s Jan. 3 defeat at Rupp Arena.,,10.25,3.960744879438715,0.14634146341463414,4.7560975609756095,0.8048780487804879,0.0975609756097561
en_30,en,human,Web site pictures Photo iPod for holidays A Mac news site says iPods that display digital photos may be under Christmas trees this year.,,24.0,0.0,0.041666666666666664,4.708333333333333,0.9583333333333334,0.08333333333333333
en_31,en,human,"Shanahan says he intends to honour his deal with Broncos Trying to defuse rumours he might be leaving soon, Denver Broncos coach Mike Shanahan said Thursday night he intends to honour the final four years of his contract.",,38.0,0.0,0.05263157894736842,4.842105263157895,0.7631578947368421,0.15789473684210525
en_32,en,human,"Iran Says U.S. Lacks Options on Its Atomic Program (Reuters) Reuters - Washington has hit a dead-end over\Iran's nuclear dossier, lacking enough proof to demand U.N.\sanctions and too bogged down in Iraq for a military strike,\President Mohammad Khatami said Saturday.",,8.6,8.890444308357148,0.175,5.725,0.975,0.175
en_33,en,human,Expectations Low for Georgia Basketball (AP) AP - Georgia is likely to have a dismal season on the basketball court.,,20.0,0.0,0.05,4.85,0.95,0.3
en_34,en,human,"Company: Ameritrade Hldg Corp New With presidential election-related uncertainty safely in the past, retail investors have returned to the US stock market with gusto, and they #39;re likely to stay engaged, several trading companies said Friday.",,36.0,0.0,0.16666666666666666,5.833333333333333,0.9444444444444444,0.2222222222222222
en_35,en,human,"For Arafat, Oslo Remained Symbol of Hope (AP) AP - Norway's capital could not have been further removed from the chaos and bloodshed of the Middle East. Yet it was as a result of top-secret meetings here that two veteran warriors decided it was time to talk peace.",,24.0,3.0,0.0625,4.520833333333333,0.8958333333333334,0.22916666666666666
en_36,en,human,"A Daily Look at U.S. Iraq Military Deaths (AP) AP - As of Tuesday, Nov. 23, 2004, at least 1,229 members of the U.S. military have died since the beginning of the Iraq war in March 2003, according to an Associated Press count. At least 957 died as a result of hostile action, the Defense Department said. The figures include three military civilians.",,8.125,5.840323193111833,0.2222222222222222,4.571428571428571,0.8095238095238095,0.2222222222222222
en_37,en,human,Iraq ; Black Watch look to Christmas Soldiers declared  quot;mission accomplished quot; as the battle group convoy of more than 200 vehicles arrived at the relative safety of Shaibah Logistics Base.,,31.0,0.0,0.12903225806451613,5.387096774193548,0.9354838709677419,0.16129032258064516
en_38,en,human,Revlon #39;s loss widens in third quarter Revlon Inc. #39;s third-quarter loss widened amid a 7 percent drop in sales as the cosmetics giant completed an ambitious refinancing effort.,,14.5,5.5,0.13793103448275862,5.344827586206897,0.8620689655172413,0.1724137931034483
en_39,en,human,"Next to digital IDs, passwords look lame How big is your key ring? There are the house keys, of course, and the car keys and the little fob for unlocking the doors from 30 feet away. And now there's this new blue thingamajig for logging onto the America Online Internet service. You don't have to use it, but it's not a bad idea, if you want to ...",,16.75,3.766629793329841,0.16176470588235295,4.132352941176471,0.8823529411764706,0.2647058823529412
en_40,en,human,"Sharon death threats spark probe Israeli police examine death threats against Prime Minister Ariel Sharon, amid mounting opposition to his Gaza pullout plan.",,23.0,0.0,0.08695652173913043,5.869565217391305,0.9130434782608695,0.043478260869565216
en_41,en,human,"Red Hat exec takes Sun to task on open source A top Red Hat executive has attacked the open-source credentials of its sometime business partner Sun Microsystems. In a Web log posting Thursday, Michael Tiemann, Red Hat #39;s vice president of open-source affairs ",,21.5,5.5,0.09302325581395349,5.093023255813954,0.8372093023255814,0.18604651162790697
en_42,en,human,Fragile Arsenal need to shake off fallout from Old Trafford EIGHT days after the Game of the Decade gave way to the Battle of the Buffet before turning into a war of words between Arsenal and Manchester United ,,38.0,0.0,0.0,4.526315789473684,0.8157894736842105,0.2894736842105263
en_43,en,human,"Federer, Moya Dodge the Rain and Post Masters Cup Wins Ending after midnight due to rain delays, Roger Federer finally put his second round robin match in the books early Thursday morning at the ATP Tennis Masters Cup in Houston, defeating Lleyton Hewitt for the fifth consecutive time 6-3, 6-4.",,50.0,0.0,0.1,4.92,0.88,0.18
en_44,en,human,"Online bidding firms seek bounce from insurance industry scandal Customers in search of a cheap airfare, antiques or a stock trade can scan the Web for good deals. But when it comes time for companies to buy group insurance policies, they #39;ve largely ",,21.5,6.5,0.09302325581395349,4.906976744186046,0.9302325581395349,0.23255813953488372
en_45,en,human,Virus poses as Christmas e-mail A computer virus posing as an electronic Christmas card is spreading across the net in many languages.,,22.0,0.0,0.045454545454545456,5.136363636363637,0.9090909090909091,0.22727272727272727
en_46,en,human,Rumsfeld Sees U.S. Troops Leaving Iraq Within 4 Years The defense secretary also cautioned that any final decision hinged on the progress of Iraq's new government.,,9.0,9.93310961716756,0.11538461538461539,5.3076923076923075,1.0,0.15384615384615385
en_47,en,human,"Doubts Persist About Election Results (AP) AP - As the Electoral College prepares to certify President Bush's re-election on Monday, concerns persist about the integrity of the nation's voting system  #151; particularly in Ohio, where details continue to emerge of technology failures, voter confusion and overcrowded polling stations in minority and poor neighborhoods.",,53.0,0.0,0.09433962264150944,5.981132075471698,0.8867924528301887,0.22641509433962265
en_48,en,human,"US Envoy Positive About Security Council Talks On Sudan Nairobi, Nov. 18 (NNN) : Ambassadors from the United Nations Security Council are set to meet in the Kenyan capital for talks on Sudan at a two-day event in Nairobi which will focus on the peace process in ",,23.5,12.5,0.06382978723404255,4.574468085106383,0.8297872340425532,0.2765957446808511
en_49,en,human,"Valentine back in Japan for Autumn camp Lotte Marines manager Bobby Valentine is back in Japan to take part in his team #39;s Autumn training camp. Valentine, who had been mentioned as a possible candidate to replace Art Howe as manager ",,20.5,5.5,0.07317073170731707,4.780487804878049,0.7804878048780488,0.1951219512195122
en_50,en,human,"Canceled checks, float soon to disappear Every night, millions of cashed checks fly around the country, headed for their home bank. Starting in October, technology will start to ground many of those flights.",,16.5,4.5,0.18181818181818182,5.303030303030303,0.9393939393939394,0.21212121212121213
en_51,en,human,Panthers #39; defense leads to another win Carl Krauser scored all but two of his 17 points at the free throw line to lead No. 11 Pittsburgh to a 70-51 victory over Memphis on Tuesday night in the Jimmy V Classic.,,20.5,4.5,0.07317073170731707,4.219512195121951,0.926829268292683,0.24390243902439024
en_52,en,human,US plans new resolution on Darfur The US says it is preparing a new UN resolution to deal with the crisis in the troubled Darfur region of Sudan.,,28.0,0.0,0.03571428571428571,4.214285714285714,0.8214285714285714,0.35714285714285715
en_53,en,human,"Microsoft aims at NetWare users with migration campaign In the U.S., Microsoft will offer training vouchers, migration products and online tech support to NetWare users considering a switch.",,10.0,6.97614984548545,0.17857142857142858,5.821428571428571,0.8571428571428571,0.21428571428571427
en_54,en,human,"Chelsea lay down the law on drugs as Mutu is shown door CHELSEA enforced a zero tolerance policy against drugs yesterday when they dismissed Adrian Mutu, the Romania striker, for gross misconduct after his positive test for cocaine.",,38.0,0.0,0.07894736842105263,5.131578947368421,0.9210526315789473,0.18421052631578946
en_55,en,human,"Bama offense faces tough test Like most Alabama fans, injured quarterback Brodie Croyle will sweat out tonight #39;s LSU game at home. If, somehow, the Crimson Tide can knock off the 17th-ranked Tigers, Croyle ",,17.0,5.0,0.17647058823529413,5.176470588235294,0.9411764705882353,0.058823529411764705
en_56,en,human,"Amazon moves into China US internet giant Amazon.com is buying China's largest web retailer Joyo.com, in a deal worth \$75m (41m).",,7.666666666666667,0.4714045207910317,0.19047619047619047,5.238095238095238,1.0,0.14285714285714285
en_57,en,human,Weak industrial output weighs on British growth (AFP) AFP - Britain's industrial sector appears to have been a bigger drag on overall economic growth in the third quarter than was first assumed.,,32.0,0.0,0.03125,5.09375,0.90625,0.21875
en_58,en,human,MPAA Starts Suing Today the MPAA (Motion Picture Association of America) announced today that it had filed an unspecified amount of lawsuits against people who trade Movies using p2p (peer-to-peer) programs.,,31.0,0.0,0.03225806451612903,5.709677419354839,0.9354838709677419,0.12903225806451613
en_59,en,human,US Airways talks with pilots collapse Negotiations between US Airways Group Inc. and its pilots union over labor concessions collapsed Monday. The airline is seeking \$295 million in annual concessions from pilots.,,10.666666666666666,1.247219128924647,0.09375,5.71875,0.875,0.15625
en_60,en,human,Akamai boosts Web application services The company fills out its hosted application lineup with four products designed for e-commerce Web sites.,,21.0,0.0,0.047619047619047616,5.904761904761905,0.9047619047619048,0.14285714285714285
en_61,en,human,"Skygazers, baseball fans watch for lunar eclipse If skies are clear, people can expect to see the full moon turn a deep reddish colour as the Earth #39;s shadow falls over the face of the moon, astronomers say.",,38.0,0.0,0.13157894736842105,4.552631578947368,0.9210526315789473,0.23684210526315788
en_62,en,human,"American Deserters Find a Mixed Reception in Canada Despite Canada's opposition to the Iraq war, the government also is opposing the U.S. deserters' refugee applications, saying the soldiers are not persecuted. It is resisting the argument that the Iraq war is illegal.",,10.75,7.495832175282475,0.14285714285714285,5.428571428571429,0.8095238095238095,0.30952380952380953
en_63,en,human,"Bin Laden Still At Large 3 Years After US Attacks The US-led anti-terrorism coalition is still hunting terror mastermind Osama bin Laden, the chief suspect in the September 11, 2001 deadly attacks on US cities.",,35.0,0.0,0.08571428571428572,5.0285714285714285,0.9428571428571428,0.17142857142857143
en_64,en,human,"Moss officially out for Green Bay EDEN PRAIRIE, Minn. The Minnesota Vikings officially downgraded All-Pro receiver Randy Moss from doubtful to out for Sunday #39;s game at Green Bay.",,14.5,5.5,0.13793103448275862,5.310344827586207,0.8275862068965517,0.13793103448275862
en_65,en,human,"Hillary Rosen Loves Larry Lessig (and other improbable tales) In Wired, Hillary Rosen, the former head of the Recording Industry Ass. of America, writes of her love affair with... no way dude. Yep. Larry Lessig, her long time foe who started the Creative Commons.",,8.8,7.05407683541936,0.25,5.0,0.8409090909090909,0.1590909090909091
en_66,en,human,"New England #39;s win streak hits 19 In a part of the country that is steeped in history, New England #39;s NFL-record, 19-game winning streak might not be recognized with the same reverence as Paul Revere #39;s midnight ",,38.0,0.0,0.13157894736842105,4.815789473684211,0.8421052631578947,0.21052631578947367
en_67,en,human,"Orton does not start against Ohio State Purdue quarterback Kyle Orton did not start Saturday #39;s game against Ohio State, though he was listed as available to play. Orton has been bothered by a right hip injury for the last month.",,20.5,7.5,0.0975609756097561,4.682926829268292,0.8536585365853658,0.12195121951219512
en_68,en,human,"Mistakes hinder Knicks in loss It will be labeled a learning experience, but that won #39;t remove any of the sting. Momentum was lost again Wednesday night as the Knicks blew a lead and lost 94-93 to the Detroit Pistons at Madison Square Garden.",,22.0,1.0,0.09090909090909091,4.613636363636363,0.8863636363636364,0.25
en_69,en,human,Trucking Firm Takes a Tumble Trucking stocks offer extremely attractive long-term valuations. What about SCS Transportation?,,8.0,4.0,0.125,6.8125,0.9375,0.0625
en_70,en,human,Cranes rain down as peace gesture Millions of origami paper cranes yesterday rained down upon Thailand #39;s three violence-torn southern provinces in an extravagant government-sponsored gesture aimed at bringing peace to the predominantly Muslim region.,,35.0,0.0,0.05714285714285714,6.285714285714286,0.9142857142857143,0.14285714285714285
en_71,en,human,"Yahoo, Adobe team up on new Web services Yahoo Inc. and Adobe Systems Inc. have joined forces to tap each others #39; customers and put Web search features into Adobe #39;s popular Acrobat Reader software.",,11.666666666666666,7.039570693980959,0.17142857142857143,4.885714285714286,0.8571428571428571,0.11428571428571428
en_72,en,human,"US Airways again files for bankruptcy protection In another sign of the troubles facing the nation #39;s biggest airlines, US Airways filed Sunday for Chapter 11 bankruptcy protection for the second time since 2002.",,34.0,0.0,0.08823529411764706,5.352941176470588,0.7647058823529411,0.23529411764705882
en_73,en,human,"China  #39;blocks Google news site #39; China has been accused of blocking access to Google News by the media watchdog, Reporters Without Borders. The Paris-based pressure group said the English-language news site had been unavailable for the past 10 days.",,20.0,3.0,0.125,5.4,0.825,0.175
en_74,en,human,Sprint Near Deal to Buy Nextel -Sources (Reuters) Reuters - Sprint Corp. is close to\an agreement to buy Nextel Communications Inc. for about  #36;35\billion in a mostly stock deal that would combine the No. 3 and,,9.0,4.301162633521313,0.1111111111111111,4.916666666666667,0.9166666666666666,0.2222222222222222
en_75,en,human,Orton Engineers Purdue Victory Over Illinois The Illinois rushing offense and the Purdue passing offense dueled in the Big Ten opener for both schools on Saturday at Memorial Stadium in Champaign.,,31.0,0.0,0.03225806451612903,5.354838709677419,0.8387096774193549,0.25806451612903225
en_76,en,human,"Early wake-up call for LSU Can a season be lost before Labor Day? Generally, the answer is no. Even the worst losses can be worked around when they occur on the first weekend of September. There's more than enough time for a team to move past any disappointment in losing a game most expected it to win.",,14.25,6.219927652312364,0.08771929824561403,4.333333333333333,0.8771929824561403,0.24561403508771928
en_77,en,human,800M PLEDGED FOR VIRGIN BOSS #39;S SPACE TRIPS MORE than 800million has been pledged to Sir Richard Branson #39;s space travel adventure - - years before the ship has even been built.,,32.0,0.0,0.09375,4.75,0.90625,0.09375
en_78,en,human,"One last mile to go before they sweep Pedro Martinez dazzles for seven as Boston takes a seemingly safe three games to none lead. By MARC TOPKIN, Times Staff Writer. ST.",,10.333333333333334,9.877021593352703,0.12903225806451613,4.483870967741935,0.967741935483871,0.12903225806451613
en_79,en,human,Politics: Both sides eye climbing world oil prices nervously The news that the National party is to hold back on key policy announcements until closer to the election has had a mixed reception.,,33.0,0.0,0.06060606060606061,4.878787878787879,0.9393939393939394,0.24242424242424243
en_80,en,human,"Surprise victory for Basescu in Romania Traian Basescu, a sea captain turned politician, won a surprise victory in Romania #39;s presidential run-off election held on Sunday, according to final results announced yesterday.",,32.0,0.0,0.15625,5.96875,0.875,0.21875
en_81,en,human,Bush Record: New Priorities in Environment The Bush administration's approach to environmental issues has challenged the status quo by revising the traditional public-policy calculus on decisions.,,26.0,0.0,0.07692307692307693,6.576923076923077,0.9230769230769231,0.23076923076923078
en_82,en,human,"Tests Show No Mad Cow, Cattle Prices Rise  WASHINGTON/CHICAGO (Reuters) - An animal suspected of  having mad cow disease was given a clean bill of health in a  second round of sophisticated testing, the U.S. Agriculture  Department said on Tuesday after cattle prices soared in  expectation of the news.",,16.666666666666668,14.007934259633796,0.10204081632653061,5.1020408163265305,0.8775510204081632,0.2653061224489796
en_83,en,human,"Bush Offers Sympathy at Russian Embassy (AP) AP - President Bush made an unexpected visit to the Russian Embassy on Sunday where he signed a book of condolences for victims of the school hostage seizure and expressed outrage at the actions of ""evil terrorists.""",,22.5,21.5,0.022727272727272728,4.954545454545454,0.8181818181818182,0.2727272727272727
en_84,en,human,"Padres Paste Slumping Mets 4-0 (AP) AP - Brian Lawrence escaped a bases-loaded jam in the first inning and allowed just four hits the rest of the way Wednesday night, pitching the San Diego Padres to a 4-0 victory over the slumping New York Mets.",,45.0,0.0,0.044444444444444446,4.488888888888889,0.8444444444444444,0.24444444444444444
en_85,en,human,"Quiz Eisner in shareholder suit Disney big cheese Michael Eisner took the witness stand for the first time yesterday in an ongoing shareholder lawsuit, defending his choice of ex-super talent agent Michael Ovitz as Disney #39;s No.",,37.0,0.0,0.08108108108108109,5.27027027027027,0.8378378378378378,0.1891891891891892
en_86,en,human,"Oil firms in talks to end Nigerian jobs protest Multinational companies began talks Monday with Nigerian villagers occupying three oil platforms in a dispute over jobs which shut 90,000 barrels per day of oil production.",,35.0,0.0,0.05714285714285714,5.314285714285714,0.8571428571428571,0.17142857142857143
en_87,en,human,"1,600 internet cafes closed in China The Chinese local governments have closed 1600 Internet cafes and fined operators a total of 100m yuan (\$12m) between February and August this year.",,30.0,0.0,0.06666666666666667,5.233333333333333,0.9,0.2
en_88,en,human,"Pitt Locks Up BCS Bid Tyler Palko tosses a career-high 411 yards and five touchdowns to push No. 19 Pittsburgh over South Florida, 43-14, on Satudray.",,13.0,5.0,0.15384615384615385,4.8076923076923075,1.0,0.15384615384615385
en_89,en,human,Over 80 hurt on first day of Bangladesh strike (Reuters) Reuters - Opposition activists in Bangladesh attacked railway stations and battled police across the country on Tuesday on the first day of a two-day strike called to protest against a deadly grenade attack at the weekend.,,46.0,0.0,0.021739130434782608,5.086956521739131,0.782608695652174,0.2826086956521739
en_90,en,human,"Open-Roddick can #39;t wait for  #39;electric #39; atmosphere Andy Roddick hopes to use home advantage to the maximum as he begins the defence of his US Open crown next week. Roddick, who opens this year against American ",,18.5,11.5,0.13513513513513514,4.945945945945946,0.9459459459459459,0.16216216216216217
en_91,en,human,Cheney Echoes Bush's Criticism of Kerry (AP) AP - Vice President Dick Cheney on Wednesday echoed President Bush's latest sharp challenge of Sen. John Kerry's fitness to serve as commander in chief as the Republican No. 2 basked in approval from GOP supporters cheered by his debate performance.,,16.0,4.96655480858378,0.0625,5.145833333333333,0.875,0.14583333333333334
en_92,en,human,"FTC wants spammer bounties Congress has asked the US Federal Trade Commission (FTC) to look into spam reduction measures, including a  quot;Do Not Spam quot; list idea passed with the CAN-SPAM Act.",,32.0,0.0,0.125,5.15625,0.96875,0.15625
en_93,en,human,Feds go after  #39;Spam King #39; Federal attorneys are trying to shut down an allegedly illicit Internet business operated out of a dance club in Rochester that is deluging computers with unwanted pop-up ads by hijacking their browsers.,,38.0,0.0,0.07894736842105263,5.2368421052631575,1.0,0.21052631578947367
en_94,en,human,Microsoft braces for EU anti-trust appeal US software giant Microsoft said it will abide by whatever ruling is handed down by a European appeal court hearing due to start this week against an EU condemnation for abusing its market dominance.,,40.0,0.0,0.025,5.05,0.875,0.15
en_95,en,human,Frances Postpones Third Cubs-Marlins Game (AP) AP - The Florida Marlins postponed Sunday's game against the Chicago Cubs as Hurricane Frances crept ashore on the eastern coast of Florida.,,29.0,0.0,0.034482758620689655,5.482758620689655,0.9310344827586207,0.1724137931034483
en_96,en,human,"Chain Store Sales Mixed in Oct 16 Week  NEW YORK (Reuters) - U.S. chain store sales rose in the  second week of October compared with last year, as seasonal  shopping drove sales during the second week of the month, a  report said on Tuesday.",,15.0,12.328828005937952,0.11363636363636363,4.431818181818182,0.8409090909090909,0.22727272727272727
en_97,en,human,MOTOR RACING: IT #39;S TWO IN A ROW FOR DARIO DARIO FRANCHITTI scored a scorching second Indy Racing League race of 2004 on a triumphant return to Pikes Peak. The Scot finished fourth at the Colorado track last year but this time he led the race four ,,23.5,5.5,0.06382978723404255,4.340425531914893,0.9148936170212766,0.2553191489361702
en_98,en,human,"U.S. Stocks, Dollar and Bonds Fall  NEW YORK (Reuters) - U.S. stocks and bonds fell on Tuesday  as the dollar hit a record low against the euro.",,5.8,6.1773780845922,0.2222222222222222,4.296296296296297,0.8888888888888888,0.2222222222222222
en_99,en,human,"Busch's ambience set it apart from others ST. LOUIS -- Even a cookie-cutter stadium -- which is the pejorative term that came to describe the multipurpose bowls that seemed to spring up simultaneously in Pittsburgh, Cincinnati, Atlanta, Queens, Philadelphia, and St. Louis in the late 1960s and early '70s -- can have their quirks.",,18.0,10.801234497346433,0.14814814814814814,5.148148148148148,0.8518518518518519,0.2037037037037037
en_100,en,human,Stocks creep higher in New York NEW YORKUS blue-chip stocks ended barely higher yesterday as a spike in oil prices to record closing levels pared earlier gains and renewed concerns about the effect of high energy prices on consumer spending and corporate profits.,,43.0,0.0,0.023255813953488372,5.1395348837209305,0.9069767441860465,0.20930232558139536
en_101,en,human,"Nigeria bars Halliburton contracts Nigeria said on Monday it had banned the awarding of government contracts to Halliburton, the world #39;s second-largest oil services firm, following the theft of two radioactive devices from its Nigerian subsidiary.",,36.0,0.0,0.1111111111111111,6.0,0.8611111111111112,0.19444444444444445
en_102,en,human,"J amp;J takes heart from 13bn deal Johnson  amp; Johnson announced a \$25.4bn (13.1bn) deal yesterday to buy Guidant Corporation, giving the healthcare company a stake in the fast-growing market for devices that regulate heartbeats.",,12.333333333333334,8.178562764256865,0.17142857142857143,5.628571428571429,0.8857142857142857,0.2
en_103,en,human,"Calpers to begin search for new President NEW YORK, December 3 (newratings.com) - The Board members of the Californian state pension fund, Calpers (California Public Employees Retirement System), are scheduled to begin the process of selecting a new President today, after Sean Harrigan was ",,22.5,10.5,0.11363636363636363,5.613636363636363,0.8409090909090909,0.25
en_104,en,human,"Broncos Griffin reportedly out for season The Denver Broncos have lost tailback-turned-kickoff returner Quentin Griffin for the season, ESPN reported Tuesday, citing no sources.",,24.0,0.0,0.125,6.416666666666667,0.875,0.16666666666666666
en_105,en,human,"Napier's Chessboard Calculator Isn't Napier the logarithm guy? Yes indeed. A man of varied  talents, he popularized the modern decimal point notation and argued  that the Pope of 1593 was the Antichrist.    And created one of the first devices to automate binary  arithmetic. Using nothing more than a chessboard and some counters, he  developed ways to multiply, divide and even find the square roots of  binary numbers.",,13.4,8.380930735902785,0.11940298507462686,5.17910447761194,0.8059701492537313,0.2835820895522388
en_106,en,human,"Some Weapons at Russia School Were Stolen MOSCOW Sept. 16, 2004 - Some of the weapons used by militants in the deadly Russian school siege were pilfered from police posts in armed raids allegedly led by one of Chechnya #39;s most notorious warlords, Russia #39;s ",,22.5,13.5,0.1111111111111111,4.844444444444444,0.8444444444444444,0.13333333333333333
en_107,en,human,Sony Sends Its Robots to School Humanoid devices will be used to encourage interest in science and technology.,,18.0,0.0,0.05555555555555555,5.166666666666667,0.9444444444444444,0.2222222222222222
en_108,en,human,"IOC Sets Up Disciplinary Commission To Investigate Jones Doping &lt;b&gt;...&lt;/b&gt; The International Olympic Committee (IOC) announced Tuesday that IOC President Jacques Rogge has set up a Disciplinary Commission to investigate remarks on ABCs 20/20 Friday, made by Victor Conte, head of the California-based Balco laboratory, on ABC ",,24.0,14.0,0.2127659574468085,6.191489361702128,0.9148936170212766,0.1702127659574468
en_109,en,human,A.I.G. Agrees to Big Payment in U.S. Cases The company tentatively agreed to pay \$126 million and accept an independent monitor to settle investigations into the sale of insurance.,,5.333333333333333,7.673909622147559,0.20689655172413793,5.275862068965517,0.9310344827586207,0.3103448275862069
en_110,en,human,Siemens issue warning over 65 series handsets Siemens has posted a warning over its latest range of mobile phones suggesting that a flaw in them may hurt user while using them.,,31.0,0.0,0.03225806451612903,4.709677419354839,0.8709677419354839,0.12903225806451613
en_111,en,human,"Headset Maker Plantronics Surfs on Games Wave  MILAN (Reuters) - Blockbuster video games and cheap  Internet phone calls are boosting demand for Plantronics'  &lt;A HREF=""http://www.reuters.co.uk/financeQuoteLookup.jhtml?ticker=PLT.N qtype=sym infotype=info qcat=news""&gt;PLT.N&lt;/A&gt; headsets, the chief executive of the world's leading  maker of phone headsets said on Wednesday.",,6.25,8.584142356694699,0.32558139534883723,7.8604651162790695,0.9069767441860465,0.20930232558139536
en_112,en,human,"Nigerian Rebels to Widen Conflict, Target Agip  LAGOS (Reuters) - Nigerian rebels fighting government  troops in the southern Port Harcourt area are poised to launch  an uprising across the entire oil-producing delta region to  force political reforms or gain sovereignty, a rebel leader  said on Sunday.",,46.0,0.0,0.06521739130434782,5.521739130434782,0.9130434782608695,0.2391304347826087
en_113,en,human,United ends Arsenal #39;s streak Manchester United emerged triumphantly from an uncompromising Battle of the Titans to end Arsenal #39;s 49-match unbeaten English Premier League run with a 2-0 victory at Old Trafford on Sunday.,,35.0,0.0,0.08571428571428572,5.514285714285714,0.9142857142857143,0.2
en_114,en,human,"BHP Billiton to expand Pilbara operations Iron ore miner BHP Billiton has announced a further expansion of its Pilbara operations, to meet continuing demand in Asia. Under its \$780 million Rapid Growth Project, BHP Billiton will increase its overall ",,19.5,6.5,0.07692307692307693,5.435897435897436,0.7948717948717948,0.1282051282051282
en_115,en,human,"Indonesia's Yudhoyono rejects foreign help to solve Aceh conflict (AFP) AFP - A state of civil emergency in the rebellion-hit Indonesian province of Aceh has been formally extended by six month, as the country's president pledged to end violence there without foreign help.",,43.0,0.0,0.046511627906976744,5.372093023255814,0.8837209302325582,0.18604651162790697
en_116,en,human,"Rooney brought down to earth After a debut that was the stuff of fantasy, Wayne Rooney was introduced to the real Manchester United yesterday. The 18-year-old could have been forgiven for thinking that life ",,17.0,7.0,0.058823529411764705,5.088235294117647,0.8529411764705882,0.29411764705882354
en_117,en,human,St. Louis Rams Release Punter Sean Landeta (AP) AP - Shaky special teams helped cost punter Sean Landeta his job with the St. Louis Rams.,,8.333333333333334,9.672412085697939,0.12,4.52,0.84,0.08
en_118,en,human,"Turnaround Progress Seen, 2 Executives to Leave Ford Two of the Ford Motor Company's most senior executives retired in a sign that the company's deep financial crisis has abated, though serious challenges remain.",,33.0,0.0,0.09090909090909091,5.454545454545454,0.9393939393939394,0.18181818181818182
en_119,en,human,AUSTRALIA ROMP TO HISTORIC WIN Australia wrapped up their first series win in India in 35 years after an overwhelming victory by 342 runs in the third Test in Nagpur.,,30.0,0.0,0.03333333333333333,4.566666666666666,0.9,0.23333333333333334
de_0,de,human,"Der britische Premier stellt vier Hauptforderungen an die Europäische Union. Mit einer programmatischen Rede hat David Cameron die entscheidende Runde der Verhandlungen über Großbritanniens Verbleib in der EU eingeläutet. Vor dem Thinktank Chatham House in London präsentierte der Premier am Dienstag eine Liste mit vier Themen: Sie reichen von größerer Flexibilität des Brüsseler Clubs über Garantien für Mitglieder außerhalb der Eurozone bis zur Einschränkung von Sozialleistungen für EU-Migranten. Er wolle die Mitgliedschaft seines Landes langfristig sichern, sagte Cameron, schloss aber ausdrücklich auch den Austritt nicht aus. Diese Reformen sind nicht nur für Großbritannien gut, sondern für die gesamte EU. In der knapp dreiviertelstündigen Rede betonte der Konservative mehrfach die Bedeutung der 28er-Gemeinschaft für die ökonomische und militärische Sicherheit Europas. Die Union sei kein Selbstzweck, sondern ein wichtiges politisches Instrument – vergleichbar mit Nato oder UN. Als zweitgrößte Volkswirtschaft sowie zweitgrößter Beitragszahler dürfe das Land darauf zählen, dass den Bedenken Rechnung getragen werde. Wir gewinnen durch die Union hinzu, tragen aber auch viel bei. Cameron verglich Europas Lage mit der Situation im Jänner 2013, als er die Volksabstimmung bis Ende 2017 versprochen hatte. Seither hätten der Ostukraine-Konflikt, die Eurokrise, die Flüchtlingswellen sowie die Terrortruppe IS verdeutlicht, warum die Kooperation der europäischen Demokratien wichtig sei. Gleichzeitig gebe es Probleme innerhalb der Europäischen Union, die angepackt werden müssten. Die Rede sowie der Begleitbrief an EU-Ratspräsident Donald Tusk legen die Grundlage für die Gespräche bis zum nächsten EU-Gipfel Mitte Dezember. Sollte spätestens im Jänner Einigkeit über die britischen Ideen erzielt werden, rechnen in London viele schon im Juni mit dem Referendum – das ist auch die Strategie von Finanzminister George Osborne, der am Dienstag mit Kommissionspräsident Jean-Claude Juncker das weitere Vorgehen abstimmte. Konkret wünschen sich die Briten folgende Veränderungen: Statt den Euro als Ziel wirtschaftlicher Integration zu begreifen, soll eine Union diverser Währungen definiert werden. Dies will London ebenso vertraglich festschreiben wie die förmliche Entlassung aus der Verpflichtung zu immer engerer Union. Gemeinsam soll man sich größere Wettbewerbsfähigkeit auf die Fahne schreiben. Dann möchte London EU-Einwanderern für deren erste vier Jahre auf der Insel bestimmte Sozialleistungen vorenthalten. Die Reaktionen in London fielen verhalten aus. Ein prominenter EU-Feind in der Tory-Fraktion, Jacob Rees-Mogg, nannte Camerons Forderungen eine ziemlich dünne Suppe. Nigel Farage von Ukip sprach wegwerfend von einer Charade: Er meint es ja nicht ernst. Die proeuropäische Labour-Abgeordnete Emma Reynolds kündigte die Unterstützung der Opposition für den Versuch an, EU-Immigranten Sozialleistungen vorzuenthalten. Tatsächlich stehen Cameron zu Hause mindestens so harte Auseinandersetzungen bevor wie in Brüssel. Mehr als ein Viertel der Unterhausabgeordneten, viele Oberhauslords sowie mehrere Minister wollen lieber heute als morgen den Ausstieg. Abschätzig verglich Exfinanzminister Nigel Lawson seinen Parteichef mit einem Fischer, der nur auf unbedeutende Fische abziele. Mit harten Bandagen geht die Dachorganisation Vote Leave vor: Sie registrierten eigens eine fiktive Firma, damit zwei Aktivisten am Montag Camerons Rede auf dem Jahreskongress des Industrieverbands CBI stören konnten. Als hochproblematisch bezeichnete die EU-Kommission Camerons Forderungen. Kommissionssprecher Margaritis Schinas kritisierte am Dienstag vor allem die Beschränkung der Freizügigkeit für Arbeitnehmer. Die Stärkung der nationalen Parlamente dürfte hingegen unproblematisch sein. Deutschlands Kanzlerin Angela Merkel zeigte sich zuversichtlich, für die schwierigen und weniger schwierigen Punkte eine Lösung zu finden – ohne aber ins Detail zu gehen.",,17.633333333333333,7.947676110383183,0.10396975425330812,6.510396975425331,0.7051039697542533,0.19281663516068054
de_1,de,human,"2015 war für Porsche-Verkäufer ein ""tolles"" Jahr, 2016 widmet man sich bei der Porsche-Holding den Aufräumarbeiten nach der Affäre und dem e-Golf. Wien – Der Porsche Holding Salzburg, größter VW-Händler Europas, schlägt die VW-Affäre im Großen und Ganzen nicht auf den Magen. Für uns war das ein sehr gutes Jahr, sagt Holding-Sprecher Alain Favey. Gut sei die Entwicklung in Zentral- und Südosteuropa verlaufen, stabil auf hohem Niveau jene in Österreich. Einen Rekordwert von 2011 werde man aber auch heuer nicht erreichen, räumt Favey ein. Zufrieden zeigt er sich damit, dass der Marktanteil in Österreich mit 300.000 verkauften Fahrzeugen aber weiterhin bei 35 Prozent liegen werde. Tolles Jahr für Porsche-Verkäufer Geschäftszahlen nennt Favey nicht, die Händler dürften sich aber heuer über ein tolles Jahr freuen. Ganz besonders die Porsche-Verkäufer mit einem Absatzplus von 22 Prozent. 1235 Porsche werden heuer voraussichtlich neu zugelassen.  Es gibt keinen Grund zur Besorgnis. Wir haben vier Marken unter den Top 10, so Favey.  Anders sieht es in Europa aus. Volkswagen hat laut Zulassungszahlen des europäischen Herstellerverbandes ACEA im November gegenüber dem Vorjahr um 2,3 Prozentpunkte auf 24,3 Prozent verloren. Mit den Aufräumarbeiten nach der Affäre ist man aber bei Porsche ausreichend beschäftigt. Laut Favey sind 7000 Mitarbeiter involviert. Auf die Zahlen schlage sich das aber nicht nieder, weil sämtliche Kosten von der Volkswagen AG bezahlt werden.  Die ersten Briefe an die 388.000 Halter der hierzulande von der Rückrufaktion betroffenen Fahrzeuge sind verschickt. Werkstattbesuch ab Jänner In der letzten Jännerwoche des neuen Jahres werden die ersten Fahrzeuge mit 2,0 Liter TDI-Motoren in die Werkstatt gerufen. Es folgen die 1,2 Liter-TDI in der Kalenderwoche 33. Für die betroffenen Modelle ist ein Software-Update vorgesehen. Ende September beginnt die 1,6 Liter-TDI-Rückrufaktion. Hier ist auch ein Hardware-Tausch vonnöten, der aber nicht länger als eine Stunde dauert, stellt Favay in Aussicht. Für Ersatzmobilität – in welcher Form auch immer – werde auf jeden Fall Sorge getragen. Auch für die betroffenen Händler sei der Aufwand vertretbar. so Favey, würde er doch lediglich eine Mehrarbeit von vier Prozent des derzeitigen Arbeitsaufkommens verursachen. Noch lieber spricht Favey über die Aussichten für 2016. Der niedrige Ölpreis und die niedrigen Zinsen sollten den Markt beleben. VW will sich außerdem verstärkt der E-Mobilität zuwenden. 2016 kommt der e-Golf auf den Markt. Er soll – alle Förderungen eingerechnet – genau soviel kosten, wie das vergleichbare Dieselmodell.",,12.15625,4.981900835775437,0.13178294573643412,5.764857881136951,0.6770025839793282,0.20930232558139536
de_2,de,human,"Politologe Lok Raj Baral gibt den Politikern die Schuld am schleppenden Wiederaufbau nach dem Erdbeben. Sie einigen sich nicht, weil sie ihre eigenen Interessen verfolgen.. STANDARD: Der Westen gibt Nepals Regierung die Schuld am langsamen Wiederaufbau. Zu Recht? Baral: Wir hier in Nepal fühlen genauso. Ein Jahr ist vergangen, und nichts ist passiert. Die Führung konnte sich nicht einmal auf einen Koordinator für den Wiederaufbau einigen. STANDARD: Woran liegt das? Baral: Die Parteien sind in ihre internen Angelegenheiten verstrickt, die Regierung beschäftigt sich lieber mit ihrem eigenen Überleben, und es herrscht eine Art bürokratische Anarchie. Zudem haben die Politiker auch ihre eigenen Interessen, die den Wiederaufbau nicht unbedingt beschleunigen. STANDARD: Hat die neue Verfassung mehr Gerechtigkeit gebracht? Baral: Es gibt durchaus Beschwerden, vor allem von den Madhesi im südlichen Terai-Flachland (an der Grenze zu Indien, Anm.). Diese Volksgruppe beansprucht zumindest zwei der neugeschaffenen Provinzen und kritisiert die interne Grenzziehung. Das Thema der Staatsbürgerschaft, nämlich dass die Staatsangehörigkeit nur durch den Vater weitergegeben wird, ist ein anderes Problem. Die großen Parteien könnten diese Dinge aber leicht regeln, sofern sie sich endlich einigen. STANDARD: Nepal ist erst seit acht Jahren eine Republik. Wünschen sich viele den König zurück? Baral: Natürlich gibt es nach 250 Jahren Monarchie noch Anhänger des Königshauses, vor allem, wenn die Menschen die ineffiziente Regierung heute beobachten. Als der König abgedankt hat, gab es aber kaum Demonstrationen für seinen Verbleib. Viele Nepalesen finden aber, dass ein stärker hinduistisch geprägter Staat besser wäre, weil Säkularismus in einem so stark diversifizierten Land in ihren Augen nicht funktioniert. Daran ist aber vor allem das Scheitern der herrschenden Politiker schuld. STANDARD: Gibt es Widerstand gegen das traditionelle Kastensystem? Baral: Das Kastensystem ist durch Bildung und Aufklärung schon etwas verwässert, in der Bergregion stirbt es langsam aus. Im Süden, bei den Madhesis, die stark mit Indien verbunden sind, ist das noch anders, dort gibt es zum Beispiel kaum Ehen zwischen Angehörigen unterschiedlicher Kasten. STANDARD: Wie eng sind Nepals Beziehungen zum großen Nachbarn Indien? Baral: Wir hätten nicht erwartet, dass Indien mit seiner nichtdeklarierten Blockade so weit geht. Indien hat schon seit den 1950er-Jahren starken Einfluss auf unsere Innenpolitik. Nach dem chinesischen Einmarsch in Tibet 1950 fühlte sich Indien verwundbar, und diese Psychologie gilt auch heute noch. Obwohl Indien und China, der zweite große Nachbar, lokal gut zusammenarbeiten, sieht Indien den chinesischen Einfluss in der Region nicht gerne. Besonders im Süden hat Delhi große Interessen, die Madhesi haben eine starke Lobby in Indien. Nepal muss aber sowohl mit Indien als auch mit China kooperieren.",,13.125,6.323319934970869,0.16945107398568018,5.971360381861575,0.6539379474940334,0.162291169451074
de_3,de,human,"Die UN-Organisation soll in der Flüchtlingskrise in der EU zu spät eingegriffen haben. Dabei liegt das gar nicht in ihrem Aufgabenbereich. Josef Hofer ist 27, Salzburger, Behindertenbetreuer und Teil der sogenannten österreichischen Willkommenskultur, die in der Flüchtlingskrise zuerst international gelobt wurde und mittlerweile von einigen Seiten als naiv kritisiert wird. Er fuhr im Herbst 2015 als Freiwilliger nach Budapest, um Flüchtlinge in Eigenregie nach Österreich zu befördern. Und er überlegte nicht lange, als er von den Ereignissen im ungarischen Röszke erfuhr. Dort, nahe der Grenze zu Serbien, waren vergangenen September tausende Schutzsuchende von den ungarischen Behörden unter laut Augenzeugen unmenschlichen Bedingungen untergebracht worden. Hofer packte als einer der zahlreichen Freiwilligen an, denn es fehlte an allen Ecken und Enden – auch an den großen Hilfsorganisationen. Rotes Kreuz, Ärzte ohne Grenzen, UNHCR: Die ganzen Big Player der humanitären Hilfe trudelten erst langsam ein. Bis dahin, sagt Hofer, hatten sich die Freiwilligen notgedrungen schon selbst organisiert. Schließlich ging der Salzburger zu einer Vertreterin des UN-Flüchtlingshochkommissariats und bat um ein Meeting: Wir wollten ein Treffen organisieren, um uns besser zu koordinieren. Die Frau von UNHCR schien hocherfreut über das Angebot zu sein, notierte sich Josef Hofers Nummer – und rief nie an. Es ist nur eine kleine Anekdote in diesem gigantischen Themenkomplex Flüchtlinge. Sie wäre vernachlässigbar, wäre sie nicht Teil einer stattlichen Anzahl an Beschwerden, die an UNHCR adressiert sind. Sie betreffen auch die griechischen Ägäis-Inseln, dort, wo zigtausende aus der Türkei kommende Flüchtlinge zum ersten Mal EU-Territorium betreten. UNHCR beobachte, trage aber kaum etwas zur Linderung des Leids bei, schrieb etwa ein freiwilliger Helfer Ende des vergangenen Jahres auf Facebook. Wir sind hier in der EU, wir dürften hier gar nicht gebraucht werden, entgegnete damals Aikaterini Kitidi, die für UNHCR auf Lesbos tätig war. Und brachte damit das ganze Dilemma auf einen Punkt: Wieso sollte eine UN-Organisation, noch dazu chronisch unterfinanziert, in der Europäischen Union operativ tätig sein? Wir dachten lange Zeit: Das muss Europa allein schaffen können. Doch Europa belehrte Christoph Pinter eines Besseren. Der Leiter des UNHCR-Büros in Wien versucht, mit seinen sieben bis zehn Mitarbeitern den rechtlichen Flüchtlingsschutz in Österreich sicherzustellen. Ähnlich groß war lange Zeit auch das griechische Büro in Athen. Humanitäre Hilfe leistet die UN-Organisation vor allem in Asien und Afrika. Nun aber, im Angesicht der Notlage auf den Ägäis-Inseln, wurde UNHCR Griechenland binnen weniger Monate von einer Mission mit einer rein anwaltschaftlichen Aufgabe zu einer operativen Operation mit mehr als 100 Mitarbeitern umfunktioniert. Auch in anderen Ländern entlang der Balkanroute hat man längst umgesattelt auf humanitäre Hilfe. Aber wer weiß, wo sich die nächste Notsituation auftut, jetzt wo die Balkanroute geschlossen wurde? UNHCR ist gefangen in der Position, permanent antizipieren zu müssen, was als Nächstes kommt, und das in einer Zeit, in der sich alles kontinuierlich ändert, sagt Demetrios Papademetriou, Präsident des Migration Policy Institute in Washington. Wer hätte im April gedacht, dass statt des zentralen Mittelmeers nun die Ägäis im Mittelpunkt steht? Neben der Leistung humanitärer Hilfe in der EU hat UNHCR auch seine europäische Struktur den aktuellen Entwicklungen angepasst. Zuvor waren die nationalen Büros den Regionalvertretungen unterstellt – Brüssel ist etwa für Westeuropa und damit auch für Österreich zuständig. Diese berichten Europa-Direktor Vincent Cochetel, der sich gegenüber dem UNHCR-Kommissar verantworten muss – seit 1. Jänner der Italiener Filippo Grandi. Nun aber fungiert der Europa-Direktor auch als Flüchtlingskoordinator. Von der Türkei bis nach Deutschland wurden die Länder entlang dieser Route aus den regulären Strukturen herausgenommen und berichten direkt dem Flüchtlingskoordinator, erklärt Christoph Pinter. Dies löst allerdings nicht das mit Abstand größte Problem von UNHCR: die Finanzierung. Zwei Prozent des Jahresbudgets werden von der Uno für Verwaltungszwecke zur Verfügung gestellt. Den Rest muss das Flüchtlingshochkommissariat selbst durch Spenden aufbringen – von NGOs, Stiftungen, Unternehmen, aber vor allem von Staaten. Daher ist Fundraising eine essenzielle Aufgabe der nationalen UNHCR-Büros. Österreich befand sich für das Jahr 2015 mit 3,7 Millionen Euro auf Platz 39 in der Spenderliste (siehe Grafik). Bei der wirtschaftlichen Kraft des Landes gibt es sicherlich Potenzial, um mehr zu geben, sagt Pinter. Auch abseits österreichischer Sparsamkeit fehlt es bei UNHCR seit Jahren an Geld. Vom geplanten Budget für 2015 – knapp 6,3 Milliarden Euro, um sämtliche Aktivitäten zu finanzieren – konnte nicht einmal die Hälfte eingesammelt werden. Und auch wenn angesichts der aktuellen Lage immer wieder spontan Gelder zugeschossen oder zumindest versprochen werden – zuletzt waren es neun Milliarden Euro bei einer Geberkonferenz für Syrien -, muss UNHCR regelmäßig humanitäre Hilfsprojekte beenden. Für alles, was über Lebensrettung hinausgeht – etwa Traumabehandlung für Kinder und Frauen -, reicht das Geld nicht, sagt Udo Janz, ehemaliger Direktor des UNHCR-Büros in New York. Wir kommen jetzt mal über den Winter, sagt Christoph Pinter über die Lage im Nahen Osten – um gleichzeitig darauf hinzuweisen, dass die Krisen etwa im Kongo oder im Südsudan nicht verschwinden. Das bereitet uns Sorgen, dass sich keiner mehr dafür interessiert, wenn große Geberländer selbst von der Flüchtlingskrise betroffen sind und sich dann zuerst darum kümmern. Für Demetrios Papademetriou ist die Botschaft für alle Länder angesichts dieser Notlage klar: Steckt die Hände in die Tasche und leistet einen substanziellen Beitrag, um den Menschen in der Krisenregion zu helfen. Erst dann werden sie von einer Flucht nach Europa absehen, wenn sie sich in den Ländern rund um Syrien so etwas wie ein Leben aufbauen und eine Zukunft vorstellen können. Und zur Kritik an der Arbeit von UNHCR meint Papademetriou: Es ist unfair zu sagen, UNHCR tue zu wenig. Niemand kann hier genug tun.",,18.53061224489796,7.827481782395128,0.12665198237885464,5.901982378854625,0.6057268722466961,0.1828193832599119
de_4,de,human,"Christian Hölbling geht mit seinem Programm ""Ich kann auch anderst"" neue Wege. Wien – I bin a Ölien, bin a echter Ölien, bin a Steirer in Völkermarkt – der Mechanismus des Humors ist oft recht simpel: Der oder die Belachte verhält sich der Situation unangemessen. Der Habitus passt nicht ins Feld, der Prinz nicht in die Arbeiterfamilie. Christian Hölbling weiß und nutzt das. In seinem neuen Programm Ich kann auch anderst erzählt er scharf beobachtend von sozialen und räumlichen Deplatzierungen. Und dabei nimmt er auch auf eigene Erfahrungen Bezug: Stings Englishman in New York kennt er nicht als Alien sondern als Ölien, als in der Steiermark Aufgewachsener und in Kärnten Lebender. Ob er wirklich vom Kärntnervirus, wie er fürchtend auf der Bühne des Café Niedermair preisgibt, bedroht ist, weiß der Zuschauer nicht. Die augenzwinkernde Beschreibung der schleichenden Erkrankung wirken bis hin zu Symptomen des Sprachverfalls authentisch: Wenn nur mehr Kärntner die Beispielsätze verstehen, dann ist es vielleicht schon zu spät und der Steirer aus dem Kabarettisten verscheucht. Hölbling spielt mit der eigenen Autobiographie, beschreibt den Tourneealltag genau so überzeugend wie das Aufeinandertreffen mit Peter Brabeck-Letmathe. Letzteres habe auf Anregung Hölblings zur Erfindung Nespressos geführt, weil dieser dem Nestlé-Chef riet, er solle Café wie Bonbons verkaufen und von einem Hollywood-Star bewerben lassen. Nur so sei es möglich, einen Kilo auch um 80 Euro zu verkaufen. Man will diese Forrest Gump-Geschichte nur zu gern glauben, was an Hölblings schauspielerischem Talent liegt: Mit kleinen Gesten und mit exakter Sprache gelingt es ihm, in Personalunion mehrere Charaktere auf die Bühne zu stellen:  Sein kapfenberger Bandleader Mike, ein Mann mit leicht cholerischen Tendenzen und einem kernigen Hass auf VIP-Zelte, fährt mit Hölbling zur Eröffnung eines Wellnessressorts. Dass die Band dort im Bereich der very important people auftritt, führt zu wunderschön lustigen Hasstiraden und Diskussionen, wie auch der Lebensstil Hölblings zum Zankapfel wird – smart home und Hugo Boss-Kleidung führen beinahe zum Zerwürfnis der beiden. So betreibt Ich kann auch anderst elegante Gesellschaftskritik, ohne den Erzählfluss zu brechen. Sogar die Songs sind gut in das Programm eingebettet. Lässige Swing-Nummern werden dialektal überfärbt und entwickeln eine schräge Komik. Christian Hölbling wollte sich mit seinem neuen Programm nach 15 Jahren Herfried neu erfinden. Soweit, so gut! (Florian Kutej, 18. 9. 2015)",,17.761904761904763,14.0268611765826,0.12332439678284182,5.777479892761394,0.7024128686327078,0.18230563002680966
de_5,de,human,"Für 14,90 Euro monatlich ist Smartphone auch gleich versichert – Mit an Bord: Hot-Chef Michael Krammer. Ein neuer Player hat den Mobilfunkmarkt betreten. Am Montag stellte die Allianz ihr Angebot Allianz SIMvor, mit dem die Versicherung neue Wege beschreitet. Sie bietet Tarife ohne Handys, dafür aber mit  inkludierter Geräteversicherung an.  Wir versichern auch  gebrauchte Geräte, betonte Allianz-Chef Wolfram Littich vor Journalisten. Der Schutz umfasst Schäden durch Bedienfehler, Bruch und Flüssigkeit, Sabotage, Vandalismus sowie vorsätzliche Beschädigung durch Dritte. Bei Teilschäden sind, jeweils abzüglich 60 Euro Selbstbehalt – die Reparaturkosten in den ersten 2 Jahren zu 100 Prozent, im 3. Jahr zu 80 Prozent gedeckt, bei Totalschäden gibt es 50 Prozent Entschädigung bis 2 Jahre, danach 40 Prozent. Ein beschädigtes Handy wird abgeholt und zurückgebracht, repariert wird binnen 7 Werktagen Die Reparatur des Geräts übernimmt eine Schwesterfirma der Allianz. Die Versicherung für Smartphones und Tablets ist auch als Stand-alone-Produkt für 4 bis 6 Euro monatlich zu haben. Versicherbar sind bei der Allianz Geräte mit bis zu 34 Monaten Alter, bei anderen Anbietern ist ein Abschluss meist nur in den ersten sechs Lebensmonaten möglich. Abgeschlossen werden können SIM und Versicherung über die Homepage www.allianz-sim.at. Mit dem Schritt in den Mobilfunkmarkt will die Allianz ihre Marke bekannter machen und neue Zielgruppen erreichen. Für viele Menschen ist das Handy das wichtigste Ding. Aber kaum jemand hat es versichert, sagte Littich. Das soll sich ändern. Laut Statistiken haben fast 30 Prozent aller Nutzer ihr Smartphone schon einmal beschädigt. Zum Start werden zwei  Allianz SIM-Tarife angeboten: 2000 Gesprächsminuten, 2000  SMS und 3 GB Daten (bis zu 21 Mbit/s) um 14,90 Euro sowie ein Datentarif mit 3 GB von 9 Euro pro Monat. Zusätzliche Kosten fallen nicht an. Sind 80 Prozent des Monatsvolumens verbraucht, erhält der Kunde ein SMS und kann bei Interesse – auch gleich per SMS – ein Nachlade-Paket (Refill) für 300 Minuten, 300 SMS oder 1.000 MB für je 4,90 Euro erstehen. Ansonsten kosten Minuten und SMS über den Tarif hinaus je 4 Cent, jedes weitere MB Daten 1 Cent. Genutzt wird das Netz von T-Mobile, und der Vertrieb läuft ausschließlich über das Internet. Allianz SIM ist monatlich kündbar. Zur Seite stehen der Versicherung der ehemalige Telering- und Orange-Chef Michael Krammer und dessen Firma Ventocom. Für die Zusammenarbeit mit der Allianz wurde eine eigene Tochterfirma, die  ATK (Telekom und Service GmbH), gegründet. Sie kümmert sich um die Verrechnung und Technik. Für Marketing und Vertrieb ist die Allianz zuständig –  man tritt als virtueller Mobilfunker auf. Daten, wie Bewegungsprofile, landen nicht bei der Versicherung. Die Allianz kann sich gute Chancen ausrechnen, Kunden zu gewinnen. Pro Jahr wechseln 2,5 Millionen österreichische Kunden ihren Mobilfunkanbieter, sagte Krammer. Krammers Ventocom hat bereits gemeinsam mit dem Lebensmittelhändler Hofer im Jänner dieses Jahres den Mobilfunker Hot an den Start gebracht, der bereits über 200.000 Kunden gewinnen konnte und als eines der erfolgreichsten Mobilfunk-Start-ups Europas gilt. Mit den Hot-Kunden teilen sich die Allianz-Mobilfunkkunden übrigens die Vorwahl: 0677. Mit der Allianz verbindet Krammer auch noch eine weitere Geschäftsbeziehung: Der langgediente Mobilfunkmanager ist auch Präsident des Fußballvereins Rapid, der kommendes Jahr ein neues Stadion bekommt. Es trägt den Namen seines Hauptsponsors: Allianz-Stadion. Einen eigenen Rapid-Tarif für Fans oder Mitglieder des Traditions-Fußballklubs, von dem gerüchteweise immer wieder die Rede war, gibt es vorerst nicht. Das wird sich erst 2016 entscheiden, so Krammer.",,13.775,7.508287088277859,0.1425959780621572,5.837294332723949,0.6416819012797075,0.17184643510054845
de_6,de,human,"Rund zwei Drittel der Stimmen ausgezählt – NLD liegt uneinholbar vorn. Naypyidaw – Nach Auszählung von rund zwei Dritteln der Stimmen liegt die Partei von Friedensnobelpreisträgerin Aung San Suu Kyi (70) nach der Parlamentswahl in Burma uneinholbar in Führung. Für die absolute Mehrheit in beiden Parlamentskammern fehlten ihr am Donnerstag aber noch 38 Sitze. Für 130 Parlamentssitze standen die Sieger noch nicht fest, weil die Wahlkommission noch nicht alle Stimmen ausgezählt hatte. US-Präsident Barack Obama gratulierte Burmas Präsidenten in einem Telefongespräch zum erfolgreichen und friedlichen Ablauf der Wahl. Deutschlands Außenminister Frank-Walter Steinmeier äußerte sich ähnlich. Es stimmt hoffnungsvoll, dass die unterlegene Regierungspartei und das Militär das Wahlergebnis anerkannt haben, teilte Steinmeier mit. Die Glückwünsche des amtierenden Präsidenten, Thein Sein, an die Wahlsieger möchte ich ausdrücklich würdigen. Bei den letzten freien Wahlen vor 25 Jahren hatte Suu Kyi auch gewonnen. Allerdings weigerte sich das Militär damals, die Macht abzugeben. Die Wähler erteilten der militärnahen Regierung von Thein Sein am Sonntag eine klare Absage. Er hatte zwar nach dem Ende der Militärdiktatur 2011 Reformen eingeleitet. Dennoch gehörte er zur alten Garde. Thein Sein war unter der Militärjunta Regierungschef. Suu Kyi will die Regierungsgeschäfte führen, wie sie betont hat. Wie, ist noch unklar, denn das macht eigentlich der Präsident. Ihr ist dieses Amt aber laut Verfassung verwehrt, weil ihre beiden Söhne ausländische Pässe haben. Suu Kyis Nationalliga für Demokratie (NLD) hatte bis Donnerstag 291 der 491 freien Sitze gewonnen, die militärnahe Regierungspartei USDP lag als zweitstärkste Kraft bei 33 Sitzen. Zusätzlich sind in den beiden Kammern aber noch 166 Militär-Abgeordnete vertreten. Alle Abgeordneten wählen im kommenden Jahr den neuen Präsidenten. Um dabei mit ihren eigenen Stimmen eine Mehrheit für ihren Kandidaten zu bekommen, braucht die NLD mindestens 329 Sitze. Die Abgeordneten wählen unter drei Kandidaten: je einen ernennen das Unterhaus und das Oberhaus, einen ernennt das Militär. Die NLD hat in beiden Häusern bereits genügend abgeordnete, um eigene Kandidaten durchzusetzen. Bei der Abstimmung aller Abgeordneter, also auch der Militärvertreter, gewinnt derjenige, der die meisten Stimmen hat, die anderen beiden werden Stellvertreter.",,14.083333333333334,5.529592108726365,0.12721893491124261,6.0828402366863905,0.7130177514792899,0.17751479289940827
de_7,de,human,"Christoph Biró gab in einem Kommentar längst widerlegte Gerüchte über Flüchtlinge wieder. Graz/Wien – Die Menschenrechtsorganisation SOS Mitmensch hat bei der Staatsanwaltschaft Graz eine Sachverhaltsdarstellung zum umstrittenen Flüchtlings-Kommentar des Chefredakteurs der Steirerkrone eingebracht. Chefredakteur Christoph Biró spricht darin von Plünderungen, sexuellen Übergriffen und Sachbeschädigungen durch Flüchtlinge – Gerüchte, die vor allem in sozialen Medien seit langem kursieren und teils längst widerlegt wurden. Laut SOS Mitmensch sei nun zu prüfen, ob der Kommentar nach dem Strafgesetzbuch als Verhetzung und/oder die wissentliche Verbreitung falscher, beunruhigender Gerüchte zu beurteilen sei. Biró hätte in seinem Kommentar Angst und Misstrauen gegen Schutzsuchende geschürt. Für keines dieser Gerüchte gibt es bisher einen Beleg, sagt Alexander Pollak, Sprecher der Organisation, in einer Aussendung. Die steirische Landtagsabgeordnete Sabine Jungwirth (Grüne) verlangt in einem offenen Brief an den Chefredakteur der Steirerkrone die Offenlegung der Quellen seines Kommentars in der Sonntagsausgabe der Zeitung. Biró möge offenlegen, woher er etwa Informationen zu Supermarktplünderungen durch Flüchtlinge habe, was ein Sprecher des Innenministeriums auf derStandard.at dementiert hatte: Wissen Sie mehr als die Polizei und das Innenministerium?.",,19.333333333333332,6.377042156569663,0.11560693641618497,6.907514450867052,0.7572254335260116,0.1791907514450867
de_8,de,human,"Heuer drei Legionäre aus Österreich in der Champions League dabei, Alaba kämpft um Titel – Mit Astana, Gladbach und Gent drei Debütanten. Wien – Mit den üblichen Verdächtigen als Titelkandidaten startet am Dienstagabend die 24. Ausgabe der Champions League in die neue Saison. Der FC Barcelona wird dabei erneut versuchen, als erster Club in der Geschichte der Fußball-Königsklasse im Mai 2016 im Finale im Mailänder San Siro die Titelverteidigung zu schaffen. Österreich ist heuer mit drei Legionären in der Eliteliga vertreten. Während Aleksandar Dragovic und der derzeit verletzte Martin Stranzl mit Dynamo Kiew bzw. Mönchengladbach gute Figur machen wollen, sind die Ziele von David Alaba höher angesetzt. Der FC Bayern gilt als einer der schärfsten Herausforderer von Barcelona. Real Madrid unter Neo-Trainer Rafael Benitez sowie die englischen Spitzenclubs aus Manchester und London werden ebenfalls hoch gehandelt. Die Ambitionen auf Europas Fußball-Thron will auch Paris St. Germain untermauern. Geldregen noch intensiver Finanziell spielt die Champions League weiter in einer anderen Liga. Bis 2018 schüttet die UEFA insgesamt Prämien von 1,257 Milliarden Euro aus. Alle 32 Starter können fix mit 12 Millionen Euro Antrittsprämie kalkulieren und damit 3,4 mehr als in der Vorsaison. Jeder Sieg in den sechs Gruppenspielen bringt weitere 1,5 Millionen, jedes Remis 500.000 Euro. Dazu kommen Einnahmen aus dem Marktpool und Ticketverkauf. Nicht verwunderlich ist deshalb, dass die Creme de la Creme des europäischen Vereinsfußballs auch dieses Jahr fast gänzlich unter sich bleibt. Barcelona, Real, der FC Porto und Manchester United gehen zum insgesamt 20. Mal an den Start. Die Bayern sind zum 19. Mal dabei. Die drei Premierengäste sind Gladbach, KAA Gent sowie der FC Astana als erster kasachischer Teilnehmer. Der Auftaktschlager findet in Manchester statt. City empfängt mit Juventus Turin (20.45 Uhr/live SRF zwei) den miserabel in die Saison gestarteten Finalisten der Vorsaison. Bei den national noch sieglosen Italienern fehlt außerdem Nationalspieler Claudio Marchisio aufgrund einer Adduktorenverletzung. City hält nach fünf Ligarunden hingegen bei fünf Siegen und 11:0 Toren. City mit breiter Brust Wir hatten eine hervorragende Vorbereitung und sind großartig in die Premier League gestartet. Ich denke, mit uns ist diese Saison zu rechnen, betonte der vor der Partie angeschlagene City-Stürmer Sergio Aguero. Bei Juventus forderte Trainer Massimiliano Allegri Geduld mit seinem nach den Abgängen von Andrea Pirlo, Carlos Tevez und Arturo Vidal im Sommer veränderten Team ein: Wir müssen weiter positiv denken. Wir wussten, dass diese Saison schwieriger wird. Im Parallelspiel der Gruppe D trifft Europa-League-Sieger FC Sevilla auf Gladbach. Kapitän Stranzl fehlt den nach vier Runden punktlos am Tabellenende der Bundesliga stehenden Deutschen nach einem Augenhöhlenbruch noch mehrere Wochen. Für die Borussia-Verantwortlichen scheint die Liga aktuell ohnedies wichtiger als der Europacup. Wenn ich die Wahl hätte, wären mir drei Punkte nächsten Samstag in Köln lieber als in Sevilla, meinte Sportdirektor Max Eberl. Während Barcelona erst Mittwoch in Rom im Einsatz ist, bekommt es Real zum Start zu Hause mit Schachtar Donezk zu tun. Rapids Play-off-Bezwinger wird sich auf einen vor Selbstvertrauen strotzenden Cristiano Ronaldo einstellen können. Der Portugiese traf am Wochenende fünfmal und wird auch im Duell der Torjäger mit Lionel Messi vorlegen wollen. In der ewigen Torschützenliste der Champions League halten die beiden Superstars bei je 77 Treffern. Benitez zählt auf Ronaldo Ich hoffe, dass er so weitermacht. Zu seinem Nutzen und dem des Teams, sagte Trainer Rafael Benitez über Ronaldo. Der Nachfolger von Carlo Ancelotti ortete bei den Madrilenen noch viel Potenzial: Wir können noch stärker spielen, und das sage ich ohne jede Eitelkeit, erklärte er nach dem 6:0 gegen Espanyol. In Paris steht indes Zlatan Ibrahimovic im Scheinwerferlicht. Der PSG-Star trifft auf seinen ehemaligen Jugendverein Malmö FF, den er als 20-Jähriger Richtung Ajax Amsterdam verließ. Als nun 33-Jähriger will der in Malmö geborene Ibrahimovic Frankreichs Meister zur möglichen Champions-League-Trophäe schießen. Manchester United gastiert zum Auftakt in Eindhoven. Die im Play-off gegen Brügge souveränen Engländer wollen nach ihrer einjährigen Zwangspause mit einem vollen Erfolg in die Königsklasse zurückkehren. Die Generalprobe dafür glückte mit einem 3:1 gegen Liverpool. Beim PSV sitzt mit Phillip Cocu ein ehemaliger Schützling von United-Coach Louis van Gaal am Trainersessel. Im zweiten Spiel der Gruppe B trifft Wolfsburg auf ZSKA Moskau. Den wenigsten Flair weist indes die Gruppe C vor. Die vom kasachischen Staatsfonds Samruk-Kazyna finanzierte Mannschaft aus Astana trifft bei ihrem CL-Debüt in Lissabon auf Benfica. Bei der Anreise hatten die Gäste 6.000 Kilometer Luftlinie hinter sich zu bringen. Galatasaray und Atletico Madrid kämpfen in dieser Gruppe ebenfalls um den Aufstieg in die K.o.-Phase.",,12.775862068965518,6.677401681968394,0.11820652173913043,5.842391304347826,0.6589673913043478,0.17391304347826086
de_9,de,human,"Gaston Glock senior hat seiner Frau Kathrin in Kärnten ein Pferdesportzentrum hingestellt, das seinesgleichen sucht. Zweimal im Jahr versammeln sich Reitstars, Schauspieler und Milliardäre, Showgrößen wie Robbie Williams und Cher treten auf. Einige loben das Glock'sche Sportinvestment, andere sehen ""das Geld abgeschafft"". Auch 928 Hufe müssen nicht klappern. Das Glock Horse Performance Center, kurz GHPC, hat den roten Teppich ausgerollt. Die 232 Pferde beim Fünf-Sterne-Show-Jumping legen all ihre Wege – von den Boxen zum Abreitplatz, vom Abreitplatz zum Turnierplatz, vom Turnierplatz zu den Boxen – auf diesem Teppich zurück, links und rechts stehen Palmen. Drei Palmen da, drei Palmen dort, alle paar Meter. Asphalt gibt es auch, aber nur für Autos und Fußgänger, Verkehrsschilder geben den Hinweis: Pferde haben Vorrang. Seit mehr als fünf Jahren steht das GHPC, wo es steht, in Treffen in der Nähe des Ossiacher Sees. 2010 hat der Großindustrielle Gaston Glock senior (86) seiner um 51 Jahre jüngeren Frau Kathrin die Verantwortung für die internationale Positionierung des Reitsportzentrums übergeben, wie es in der Turnier-Pressemappe heißt, einem gebundenen, 80 Seiten starken Buch. Glock hat sein Geld mit der Entwicklung und Produktion von Waffen, vor allem Pistolen, gemacht. Viel Geld, ein Ranking des Magazins Trend führt die Familie Glock mit einem geschätzten Vermögen von 1,82 Milliarden Euro auf Rang 17 der reichsten Österreicher. Möglich, dass Glock ein Teil seines Vermögens noch abhandenkommt – seine erste Frau Helga, von der er sich 2011 nach 49 Jahren Ehe scheiden ließ, hat mehrere Verfahren gegen ihn angestrengt. Mit Kathrin ist Gaston Glock seit mehr als zehn Jahren liiert und seit vier Jahren verheiratet. Man verwirkliche, heißt es, gemeinsam eine Vielzahl an Projekten. Auch diese Sätze finden sich im GHPC-Pressebuch, gleich auf Seite zwei. Statements der Glocks selbst sind rar. Gaston Glock trat früher schon selten öffentlich auf, nach zwei Schlaganfällen hat er sich noch mehr zurückgezogen. Auf dem bekanntesten Bild, das Kathrin Glock gemeinsam mit ihrem Mann zeigt, lässt sie ihn allerdings bewusst dominieren, sie bleibt im Hintergrund. Ein einziges großes Interview hat sie gegeben, es erschien in Look und im Kärntner Monat, Titel: Mein Mann ist mein Superstar. Das Gespräch ist bar jeder Frage nach dem Geschäft ihres Mannes, dem Quell seines Vermögens – dafür ist es autorisiert. Horses and Stars Sein Geschäft ist ihr Geschäft geworden, Kathrin Glock ist Aufsichtsrätin im Waffenkonzern. Zu den gemeinsamen Projekten zählen die zwei Pferdezentren, neben dem GHPC in Kärnten gibt es ein weiteres in Osterbeek in den Niederlanden. Dort stehen viele und die besten der hundert Glock-Sportpferde, dort trainieren die Glock-Reiter. Das wären Edward Gal und Hans-Peter Minderhout, die in der Dressur zur Weltspitze zählen, sowie Gerco Schröder, doppelter Olympiazweiter 2012 im Springreiten. Allesamt Niederländer. In Kärnten sind jene Pferde untergebracht, die schon im Ausgedinge stehen, und in Kärnten finden unter dem Titel Horses and Stars die Turniere statt. Das Umfeld sucht in Österreich und in weiten Teilen dieser Welt seinesgleichen. Klimatisierte Boxen (mit Überwachungskameras), drei klimatisierte Reithallen, ein großer Turnierplatz, zusätzliche Außenreitplätze, dazu der Teppich und die Palmen. In Treffen zweifelt man nicht daran, dass auch Pferde Wünsche haben, und kein Pferdewunsch soll offenbleiben. Natürlich wird auch aufs Wohl von Reitern und Zusehern geschaut. Das Publikum unterteilt sich in Plebs und VIPs, die Plebs darf bei freiem Eintritt beim Springreiten und in der Public Lounge beim Kochen zusehen. Der über die Grenzen Deutschlands hinaus bekannte TV-, Sterne- und FC-Bayern-Koch Alfons Schuhbeck bereitet an allen Turniertagen zwei- oder dreimal vor Publikum etwas zu. Ansonsten kocht er in der Riders Lounge, im exklusiven VIP-Bereich, der diverse andere Lounges mit einschließt: Styling Lounge, Wellness Lounge, Cinema Lounge, Kids Lounge, Dog Lounge – dort können Vierbeiner die Dienste eines Hunde-Physiotherapeuten in Anspruch nehmen. Das Thema ist New York Für die Reiter, die pro Tag 100 Euro für Verpflegung und ein Abendshow-Ticket bezahlen, und VIPs (300 Euro) gibt es Schuhbeck-Küche vom Frühstück bis zum Late Night Snack und Pizza von Pizzaweltmeister Umberto Napolitano. Hinter der Bar stehen Mario Hofferer und sein Cocktail World Champion Team. Die Bar wird eingerahmt von Umrissen eines riesigen Apfels, das deutet aufs Thema der Saison mit dem Dressurturnier im Mai und dem Springreitturnier Ende August hin. Das Thema ist New York oder eigentlich, wieso sich einschränken: Amerika. Das Thema zieht sich von der Dekoration, für die Kathrin Glock persönlich verantwortlich zeichnet, bis zur Speisekarte. Amerika, das passt. In den USA ist der Name Glock ein wirklich guter. Dortzulande eher Waffenlobby, hierzulande eher Naserümpfen. In Treffen wird die Glock nicht an die große Glocke gehängt. Einer der Sprünge auf dem Turnierparcours gemahnt an eine Pistole, die blauen Serviettenhalter im VIP-Bereich haben Pistolenform, im Glock-Shop gibt es neben vielen Sportutensilien auch ein T-Shirt mit Pistolenaufdruck – doch damit hat es sich auch schon wieder. Gaston Glock hat 1947 an einer Bundesgewerbeschule, Abteilung Maschinenbau, in Wien maturiert, 1963 seine Firma gegründet und ab 1970 das Bundesheer beliefert. Eine Bundesheerausschreibung für eine neue Faustfeuerwaffe war 1980 der Startschuss für die Glock-Erfolgsstory. Seitens des Konzerns, der in Deutsch-Wagram, Ferlach und Atlanta mehr als tausend Mitarbeiter beschäftigt, wird betont, dass Law-Enforcement-Einheiten in mehr als 100 Ländern auf Glock-Pistolen zurückgreifen. Hollywood lieferte unbezahlbare PR, ab Stirb langsam 2 (1990) kam die Pistole aus Österreich in unzähligen Filmen vor. Zuletzt war auch Glock-Testimonial R. Lee Ermey in Treffen zu Gast, den die Rolle eines Drill-Instructor im Kriegsfilm Full Metal Jacket bekanntgemacht hat. To glock someone down  Dass seine Pistole nicht nur in die Hände von Law-Enforcement-Einheiten geriet, hat Glocks Ruf in den USA kaum geschadet. Dort kommt, wie der Falter schrieb, der Name schon als Verb daher. To glock someone down, jemanden niederschießen. 2008 verlor Glock eine Ehrenbeleidigungsklage gegen die Menschenrechtsorganisation Amnesty International, die ihn aufgefordert hatte zu klären, wie ein Rebell in Darfur an eine Glock-Waffe gelangen konnte. Auch mit dem STANDARD hat Glock, wenn er mit der Berichterstattung nicht einverstanden war, vor Gericht den einen oder anderen Strauß ausgefochten, zuletzt wieder ohne Erfolg. Beim Springreitturnier ist der Empfang dennoch freundlich und professionell, man bekommt allerlei Informationen – und Geleit. Die Organisation ist es ansonsten gewohnt, selbst zu produzieren, was erscheinen kann und soll. Ein kleines, professionelles Team liefert Ergebnisse, Fotos und dazu kurze Texte mit Aussagen der siegreichen Reiterinnen und Reiter, nach dem Motto: So wunderschön hier, toll, alles perfekt. Gern gesehen sind der Adabei-Kolumnist der Kronen Zeitung und eine Journalistin von Horse & Hound, dem 1884 erstmals erschienenen, somit ältesten Reitsportmagazin Großbritanniens. Einem weltweiten Publikum ist Horse & Hound seit dem Film Notting Hill ein Begriff, in dem sich der von Hugh Grant gespielte William Thacker als Reporter ausgibt und zu Anna Scott (Julia Roberts) den schönen Satz sagt: The readers of Horse & Hound will be absolutely delighted. Sterne am Walk of Fame Hugh Grant, auch er war schon im GHPC, auch ihm gehört im VIP-Bereich einer der Sterne des Walk of Fame nach Hollywood-Vorbild. Fünfzig Sterne hat Glock zu bieten, darunter Namen wie Robbie Williams, Simply Red, Lionel Ritchie, Paul Anka, John Travolta, Andy García, Alain Delon oder Rupert Everett. Einige sind nur zu Gast, andere treten abends auf der riesigen Bühne im VIP-Bereich auf. Robbie Williams gab schon zwei Konzerte hier, zuletzt waren Cher und Anastacia zu hören und zu sehen. Rock around the Glock. Nicht zu erfahren ist, was sich die Glocks das Engagement derartiger Größen kosten lassen und wie – abgesehen von der Dotation, die beim Springreitturnier bei 600.000 Euro lag – generell budgetiert wird. Robbie Williams gilt jedenfalls als Freund der Familie. Im Reiter- und im Fußvolk wird das Engagement der Glocks differenziert beurteilt. Da ist das Geld abgeschafft, den Satz hört man oft, man hört aber auch, dass sich der Pferdesport über das Glock-Engagement glücklich schätzen könne. Ebenfalls glücklich schätzen sich Hoteliers und Pensionswirte in der Umgebung, wo mehr als hundert Reiterinnen und Reiter samt Entourage untergebracht werden. Darüber hinaus hat sich Kathrin Glock als Wohltäterin einen Namen gemacht. Als während des Turniers das Ausmaß der Flüchtlingstragödie auf der Ostautobahn bekannt wird, sagt man in Treffen am Freitagabend den Showblock ab, und der Samariterbund bekommt 50.000 Euro zugunsten unbegleiteter minderjähriger Flüchtlinge. Rund drei Millionen Euro wurden in den vergangenen Jahren von der Familie Glock gespendet. Das ist sehr viel Geld, aber auch in Relation zu setzen. Vor einem Jahr drohte Gerco Schröder seines tollen Rosses London verlustig zu gehen, eine Versteigerung war angesetzt. Da versicherten sich die Glocks der Dienste Schröders und ersteigerten das Pferd. Um 8,6 Millionen Euro.",,17.60759493670886,9.189175968233727,0.14614830813534918,5.76889848812095,0.5759539236861051,0.1771058315334773
de_10,de,human,"Slaloms der Damen und Herren mussten abgesagt werden. Levi/Jeongseon/Wien – Wie schon 2007 und zuletzt 2011 mussten auch diesmal die Levi-Slaloms wegen Schneemangels abgesagt werden. Selbst in Lappland liegt derzeit wenig Schnee bzw. ist es zu warm. Knapp eine Woche vor den geplanten ersten Saisonslaloms waren zwar einige Schneehaufen auf der Piste verteilt worden. Zu wenig, um grünes Licht zu geben. Ersatz ist nicht in Sicht. Der Wind hat auf Süd gedreht, die Vorhersagen war plötzlich anders. Aus Minus drei Grad auf dem Papier sind plus drei Grad auf dem Hang geworden, erklärte Herren-Renndirektor Markus Waldner gegenüber der APA die Situation in Levi. Auch Atle Skaardal, Chef-Renndirektor bei den Damen, war enttäuscht. Es wäre für die Athleten, die Fans und das Resort nicht fair gewesen, bei diesem wenigen Schnee Rennen bei nicht idealen Bedingungen durchzuführen. Derzeit ist es sehr unwahrscheinlich, dass die beiden Levi-Slaloms nachgeholt werden. Grund ist vor allem der dichte Weltcup-Kalender. Die Slaloms sind zwar nicht definitiv abgesagt, aber die Tendenz ist eher nicht, denn die Kalender sind zu voll, verwies Waldner auf das aktuelle Programm. Damit würde Ski-Pause bis zu den Nordamerika-Rennen Ende November bzw. Anfang Dezember in Lake Louise, Aspen und Beaver Creek herrschen. Wir können mit zehn Rennen sehr gut leben Waldner hat damit kein großes Problem. Es hat keinen Sinn, diese Slaloms irgendwo rein zu murksen. Bei den Herren war man mit elf Slaloms ohnehin etwas überladen. Wir können mit zehn Rennen sehr gut leben und Hannes Reichelt wird auch zufrieden sein, scherzte der Südtiroler. Der österreichische Speed-Fahrer hatte als Athletenvertreter den seiner Meinung zu techniklastigen Weltcup-Kalender zuletzt scharf kritisiert. Auch woanders droht nach wie vor eine Absage. Für die als Generalprobe für Olympia 2018 gedachten Herrenrennen am 6. und 7. Februar 2016 in Südkorea wurde mit 15. November aber eine neue Deadline erstellt. Nach Sölden hat die FIS den Olympia-Schauplatz Jeongseon erneut besichtigt und zumindest teilweise Positives erfahren. Die Beschneiungsanlage soll ebenso rechtzeitig fertig werden wie die Sicherheitszäune. Knackpunkt ist und bleibt die Seilbahn. Hier untersuchen Doppelmayr-Ingenieure gerade die Situation und messen etwa den Zustand der vorhanden Beton-Fundamente. Ausgemacht ist, dass der Seilbahnhersteller bis 15. November Bescheid gibt, ob es eine funktionierende Liftanlage bis Jahresende geben kann. Bei einer Absage wäre Europa Ersatzschauplatz. Im Gespräch ist auch Österreichs nächster WM-Kandidat Saalbach.",,11.117647058823529,5.650427916550959,0.13227513227513227,5.857142857142857,0.6825396825396826,0.19576719576719576
de_11,de,human,"Die Hilfsorganisation fordert eine weitergehende Umsiedlung von Flüchtlingen und mehr Hilfsgelder. Berlin/Wien – Als völlig unzureichend hat die Entwicklungs- und Nothilfeorganisation Oxfam am Dienstag die Unterstützung der internationalen Gemeinschaft für Flüchtlinge innerhalb und außerhalb Syriens kritisiert. Laut dem aktuellem Bericht Solidarity with Syrians ist die Hilfe oberflächlich und unaufrichtig. Oxfam untersuchte, wie stark sich Industriestaaten bei Finanzhilfen und Aufnahmeplätzen für Schutzbedürftige einsetzen und die Beendigung des Syrien-Krieges vorantreiben. Das Fazit des Berichts: Die Hilfsgelder reichen demnach nicht aus, um Syrern ein Leben in Würde und Sicherheit zu gewährleisten. Auch versprochene Resettlement-Programme seien von vielen Ländern nicht in die Tat umgesetzt worden. Laut Oxfam konnten über diesen Weg bisher nur 17.000 Menschen eine sichere Zuflucht finden. Oxfam hingegen fordert, dass bis Ende 2016 zehn Prozent der Flüchtlinge, die in den syrischen Nachbarländern untergekommen sind, umgesiedelt werden. Dem Bericht zufolge leisten nur eine Handvoll Länder gemessen an ihrer Wirtschaftskraft einen gerechten Anteil an der Finanzierung der Nothilfe und der Aufnahme von Flüchtlingen. Deutschland (Hilfe: 75 Prozent, Resettlement: 112 Prozent) und Norwegen (Hilfe: 186 Prozent, Resettlement: 293 Prozent) verzeichnen bei beiden Kennzahlen hohe Werte, während etwa Russland (Hilfe: ein Prozent, Resettlement: null) und Frankreich (Hilfe: 22 Prozent, Resettlement: fünf Prozent) äußerst schlecht abschneiden. Länder wie Großbritannien, die USA und Kuwait wiederum geben zwar verhältnismäßig viel Geld, halten sich jedoch bei der Aufnahme von Flüchtlingen stark zurück. Auch Österreich schneidet schlecht ab. Laut dem Bericht leistet es lediglich 23 Prozent der angemessenen Finanzhilfe und beteiligt sich nur zu 44 Prozent an Resettlement-Programmen. Jordanien hingegen würde gemessen an seiner Wirtschaftskraft ganze 5.622 Prozent der von Oxfam geforderten finanziellen Unterstützung leisten. Auch an den Ländern Iran, Katar, Russland, Saudi-Arabien, Türkei und USA übt Oxfam Kritik. Durch ihre Einmischung in den syrischen Bürgerkrieg würden sie den blutigen Konflikt nur noch befeuern. Waffenexporte sollten daher sofort gestoppt werden. Die Entwicklungsorganisation warnt, dass sich die syrische Flüchtlingskrise weiter ausweitet und vertieft. Allein 2015 seien zwei Millionen Syrer vertrieben worden. Die internationale Gemeinschaft müsse deshalb ihre Anstrengungen zur Lösung des Konflikts und Unterstützung der Flüchtlinge massiv erhöhen, fordert Oxfam. Vor allem diplomatisches Engagement zur Beendigung des Syrien-Konflikts sei notwendig.",,15.26086956521739,8.00118138725041,0.14326647564469913,6.713467048710601,0.6762177650429799,0.14613180515759314
de_12,de,human,"Mehr als drei Viertel gegen Stimmrecht für Nicht-Staatsbürger. Luxemburg - Im Großherzogtum Luxemburg wird kein Ausländerwahlrecht bei nationalen Wahlen  eingeführt. Die Luxemburger lehnten am Sonntag bei einem Referendum mit 78  Prozent Nein-Stimmen einen entsprechenden Vorschlag der Regierung von  Premierminister Xavier Bettel ab. Dies bedeutet, dass Ausländer auch weiterhin  in keinem EU-Land an nationalen Parlamentswahlen teilnehmen dürfen. Die Luxemburger sprachen sich auch mit fast 81 Prozent dagegen aus, das  Wahlalter von 18 auf 16 Jahre herabzusetzen. Auch mit dem Vorschlag, die  Amtszeit von Ministern auf zehn Jahre zu begrenzen, hatte Bettel keinen Erfolg:  Nur gut 30 Prozent waren dafür. Die Bürger haben drei klare Antworten gegeben und die respektieren wir  auch, sagte Bettel nach Bekanntgabe des Ergebnisses. Der 42-jährige Liberale  hatte das Einwohnerwahlrecht damit begründet, dass gut 45 Prozent der rund  550.000 Einwohner Luxemburgs Ausländer seien und ein Demokratiedefizit im  zweitkleinsten Land der EU vermieden werden müsse. Das Einwohnerwahlrecht  sollte nur für jene Ausländer gelten, die länger als zehn Jahre in Luxemburg  wohnen und zuvor schon an kommunal- oder Europawahlen teilgenommen haben. Die Regierung aus Liberalen, Sozialdemokraten und Grünen wollte jene  Reformen, die die Zustimmung der Bürger gefunden hätten, in eine neue Verfassung  einarbeiten. Diese soll 2017 bei einem erneuten Referendum beschlossen werden. Die oppositionelle Christlich-Soziale Volkspartei (CSV) zeigte sich zufrieden  mit dem Votum. Wenn Bettel ein Ehrgefühl hätte und den Willen des Volkes  respektierte, dann würde er noch heute Abend seinen Rücktritt erklären, schrieb  der frühere Parteivorsitzende Michel Wolter auf Twitter. Bettel lehnte einen Rücktritt ab: Im Referendum geht es nicht darum, der  Regierung eins auszuwischen, sondern den Bürgern die Möglichkeit zu geben, sich  selbst zu positionieren. Die Ablehnung der Bürger fiel deutlich härter als erwartet aus. Bei einer  repräsentativen Umfrage vor der Wahl hatten nur 53 Prozent gesagt, dass sie das  Ausländerwahlrecht ablehnten. Der Premier hatte vor dem Referendum der Deutschen  Presse-Agentur gesagt: Im Moment haben wir mit dem Referendum schon gewonnen,  egal was das Resultat ist: Wir haben es fertiggebracht, dass wieder über Politik  zusammen geredet wird. Der Fraktionschef der Sozialdemokraten im Parlament, Alex Bodry, zeigte sich  enttäuscht: Das Ergebnis ist eindeutig, das müssen wir zur Kenntnis nehmen. Am  Verfassungsreferendum von 2017, wo es auch um andere Fragen geht, wolle die  Regierung aber festhalten. Zur Volksabstimmung waren 245.000 Luxemburger aufgerufen. Im Großherzogtum  herrscht Wahlpflicht, daher lag die Wahlbeteiligung bei deutlich mehr als 80  Prozent.",,16.869565217391305,7.634614239997512,0.13471502590673576,6.139896373056994,0.6839378238341969,0.16062176165803108
de_13,de,human,"Politisches Tauziehen verantwortlich. Athen – Griechenland rutscht stärker in die Rezession als angenommen. Den aktuellen Daten der europäischen Statistikbehörde Eurostat zufolge ging die Wirtschaftsleistung im dritten Quartal im Vergleich zum Vorquartal um 0,9 Prozent zurück. Noch im November waren die Statistiker bei vorläufigen Schätzungen auf einen Rückgang des Bruttoinlandsprodukts (BIP) von 0,5 Prozent gekommen. Für das zweite Quartal weist Eurostat sogar ein geringfügiges Wachstum zum Vorquartal von 0,3 Prozent aus, während die Wirtschaftsleistung zum Jahresauftakt nicht wuchs. Das dritte Quartal eines jeden Jahres ist in Griechenland traditionell ein wichtiger Wirtschaftsindikator, weil dann die Ergebnisse der jeweiligen Tourismus-Saison zum Tragen kommen. Zum Vergleich: Im dritten Quartal 2014 hatte die griechische Wirtschaft Eurostat zufolge noch um 0,8 Prozent zugelegt. Verantwortlich für den Rückgang in diesem Jahr dürfte unter anderem das politische Tauziehen gewesen sein, dass sich die griechische Links-Rechts-Regierung in den Frühjahrsmonaten mit den europäischen Partnern und Geldgebern geliefert hatte. Die drohende Pleite des Landes und die Diskussion über einen möglichen Grexit, also der Austritt aus der Eurozone, hielten Branchenbeobachtern zufolge viele Touristen von einem Aufenthalt in Griechenland ab.",,19.666666666666668,8.31330927555995,0.10734463276836158,6.593220338983051,0.7288135593220338,0.1751412429378531
de_14,de,human,"Insgesamt etwa 800.000 bekannte Fälle geschönter Daten zum Ausstoß des Treibhausgas. Wolfsburg – Volkswagen hat vor allem bei Neuwagen falsche CO2-Angaben gemacht. Von den insgesamt etwa 800.000 bekannten Fällen geschönter Daten zum Ausstoß des Treibhausgases erstreckt sich konzernweit mehr als die Hälfte (rund 430.000) auf Fahrzeuge aus dem Modelljahr 2016, die teils schon bei den Händlern stehen. Das teilte VW am späten Freitagabend in Wolfsburg mit. Geprüft werde auch, ob ältere Modelle mit zu niedrig angegebenen CO2-Werten unterwegs sind. Kunden können sich auf der Internetseite www.volkswagen.de/info informieren, ob ihr Auto betroffen ist. Der Absatz der VW-Kernmarke schwächelte angesichts des parallelen Skandals um manipulierte Stickoxid-Werte bei Dieselwagen unterdessen weiter. Im Oktober verkaufte der Konzern mit 490.000 Autos weltweit 5,3 Prozent weniger Fahrzeuge seiner Hauptmarke als ein Jahr zuvor. Der neue Markenchef Herbert Diess sah aber noch keine Gefahr für Jobs in der Stammbelegschaft, wie er in einem Doppel-Interview mit Betriebsratschef Bernd Osterloh sagte. Trotz der schwierigen Lage habe Europas größter Autobauer aktuell keine Verkaufsschwierigkeiten, betonte Osterloh auch in der Süddeutschen Zeitung (Samstag): Wir haben im Moment vielleicht ein Diesel-Problem, aber keine Absatzkrise. Jobs werden nur dann abgebaut, wenn wir weniger Autos verkaufen.",,11.588235294117647,7.121292211963086,0.13612565445026178,6.293193717277487,0.806282722513089,0.13089005235602094
de_15,de,human,"47-jährige Dramaturgin folgt auf Bettina Hering. Sankt Pölten - Marie Rötzer (47), Dramaturgin und derzeit persönliche  Referentin des Intendanten am Thalia-Theater Hamburg, wird neue künstlerische  Leiterin des Landestheaters Niederösterreich. Die gebürtige Mistelbacherin folgt  damit auf die als Schauspielchefin zu den Salzburger Festspielen wechselnde  Bettina Hering. Rötzers Vertrag beginnt im Sommer 2016 und läuft vier  Spielzeiten bis Sommer 2020. Rötzer begann ihre Laufbahn Anfang der 1990er-Jahre am Landestheater in Sankt  Pölten. Sie war Lektorin an der Universität Czernowitz (Ukraine), bevor sie an  renommierten deutschsprachigen Theaterhäusern als Dramaturgin tätig war. Zu  ihren Stationen zählten das Maxim-Gorki-Theater Berlin, die Gessnerallee Zürich,  das Schauspielhaus Graz, das Staatstheater Mainz sowie nun das Thalia-Theater  Hamburg, zu dessen Leitungsteam sie gehört. Bettina Hering hat das Landestheater regional und überregional stark  positioniert. Daran möchte ich anknüpfen, sagte die designierte Nachfolgerin in  einem ersten Statement. Für Sankt Pölten hatten sich laut Angaben des Theaters  68 Personen beworben, 28 aus Österreich und 40 aus dem Ausland. Ein dreistufiges  Auswahlverfahren mündete in das abschließende Jury-Hearing.",,14.909090909090908,6.006883104247924,0.12195121951219512,6.670731707317073,0.7804878048780488,0.15853658536585366
de_16,de,human,"Gevgelija/Skopje/Belgrad  – Hunderte Flüchtlinge haben am Samstag trotz der verschärften Sicherheitsvorkehrungen die Grenze zu Mazedonien überquert. Sie durchbrachen von Griechenland kommend die mit Stacheldraht gesicherten Absperrungen der Polizei, wie ein AFP-Reporter aus Gevgelija berichtete. Die Nachrichtenagentur Reuters berichtete sogar von Tausenden, die in die frühere jugoslawische Teilrepublik eingedrungen seien. Ein Reuters-Reporter beobachtete, wie Migranten Polizeiabsperrungen überwanden und über Felder rannten. Die Beamten zündeten demnach zwei Blendgranaten und wurden dennoch überwältigt. Die Situation an der griechisch-mazedonischen Grenze beim mazedonischen Ort Gevgelija hatte sich laut Medienberichten bereits Samstagfrüh weiter verkompliziert. Die Zahl der Flüchtlinge im Niemandsland zwischen beiden Staaten erreichte 2.000 und sei weiter steigend, berichtete der serbische Sender RTS. Neue Flüchtlingsgruppen kamen demnach am frühen Morgen mit einem Zug und mehreren Bussen zur Grenze. Ortsansässige Schlepper hätten ihre Tätigkeit zum illegalen Grenzübertritt intensiviert. Aus Protest gegen die Entscheidung der mazedonischen Regierung, nur noch einer beschränkten Zahl von Flüchtlingen die Einreise zu gestatten, wiesen Migranten im Niemandsland am Samstagfrüh Wasser und Essen, das mazedonische Polizisten verteilten, zurück. Verteilte Wasserflaschen seien gegen Polizisten geflogen, berichtete RTS. An der Eisenbahnstrecke Richtung Gevgelija wurde links und rechts auf einer von etwa 300 Metern ein Stacheldraht errichtet, um Flüchtlinge abzuschirmen. Neben Polizisten waren am Samstag auch Angehörige der mazedonischen Streitkräfte an der Grenze tätig. In der serbischen Hauptstadt Belgrad soll unterdessen schnell eine Unterkunft für bis zu 3.000 Flüchtlinge geschaffen werden. Serbien sei bereit, zu internationalen Bemühungen zur Problemlösung beizutragen, erklärte Ministerpräsident Aleksandar Vucic. Laut der Tageszeitung Vecernje novosti (Samstagsausgabe) soll die Notunterkunft unweit des Belgrader Flughafens im Stadtviertel Neu-Belgrad errichtet werden. Die Bauarbeiten dürften laut anderen Medienberichten aus EU-Fonds mit rund 1,5 Millionen Euro finanziert werden, weitere 400.000 Euro soll die EU dem serbischen Roten Kreuz für Medikamente und Nahrung zur Versorgung von Flüchtlingen bereitstellen. Mit Tränengas und Blendgranaten hatte die mazedonische Polizei am Freitag versucht, Tausende Flüchtlinge von der Einreise aus Griechenland abzuhalten. Bereitschaftspolizisten rollten Stacheldraht aus und postierten sich mit gepanzerten Fahrzeugen rund um den Grenzübergang beim Ort Gevgelija. Mindestens vier Menschen wurden nach Berichten von Augenzeugen durch den Einsatz der Blendgranaten verletzt. Zur Verstärkung schickte die Regierung auch Soldaten. Zeitweise saßen Tausende im Niemandsland fest. Hilfsorganisationen bekamen offenbar keinen Zugang zu den Flüchtlingen aus Syrien, Afghanistan und anderen Ländern, obwohl das Rote Kreuz, Ärzte ohne Grenzen und das UN-Hilfswerk UNHCR Mitarbeiter auf beiden Seiten der Grenze hatten. Weiterer Anstieg erwartet Die Internationale Organisation für Migration zeigte sich über die Lage besorgt und forderte rasche Hilfe. Das UNHCR kritisierte die Sperrung der Grenze. Es handelt sich hier um Flüchtlinge auf der Suche nach Schutz, sie dürfen davon nicht abgehalten werden, sagte Sprecherin Melissa Fleming. Sie forderte Europa auf, eine Lösung zu finden. Mazedonien und Serbien dürften mit der großen Zahl von Flüchtlingen nicht alleingelassen werden. Nach UN-Schätzungen waren 3000 bis 4000 Männer, Frauen und Kinder im Grenzgebiet gestrandet. Die Organisation geht davon aus, dass die Zahlen weiter steigen. In Griechenland kamen allein im Juli 50.000 Menschen an, weit mehr als im gesamten Jahr 2014. Mazedonien hat nach eigenen Angaben in den vergangenen zwei Monaten mehr als 40.000 Flüchtlinge registriert, die aus Griechenland kamen. Die meisten von ihnen passieren das Land in Richtung Serbien und reisen weiter durch Ungarn in reichere Länder. Ungarn errichtet entlang seiner 175 Kilometer langen Grenze mit Serbien einen Zaun, um die Flüchtlinge fernzuhalten. Einigen hundert Flüchtlingen gelang es in der Nacht trotz der Schließungsmaßnahmen, die Grenze zu überwinden. Niemand hat uns aufgehalten, sagte einer von ihnen. Andere seien von der Polizei gefasst und ins Niemandsland abgedrängt worden, berichteten sie. Ich bin schnell gerannt und ihnen entkommen, sagte der 18-jährige Syrer Mohammed Chalid aus Aleppo. Meinen Bruder und die meisten anderen haben sie eingefangen und nach Griechenland zurückgeschickt. Das mazedonische Innenministerium erklärte am Freitag, die Vorkehrungen funktionierten. Man habe 181 Ausländer ins Land gelassen – eine begrenzte Zahl von besonders gefährdeten Migranten, die entsprechend unserer Möglichkeiten angemessen versorgt werden konnten. Die meisten kamen aus Syrien. Einwanderer aus verletzlichen Kategorien würden hereingelassen und versorgt – soweit dies die Kapazitäten des Landes zuließen, so das Innenministerium.",,13.9375,5.997938013739944,0.12198795180722892,6.626506024096385,0.6129518072289156,0.1746987951807229
de_17,de,human,"In fünf Stunden zieht der Bilderbogen ""Kings of War"" an den Besuchern der Festwochen im Museumsquartier vorüber. Ivo van Hove und seine Toneelgroep Amsterdam erzählen Shakespeare allzu bequem nach. Wien - Eine Galerie von Lichtbildern ersetzt die Ahnentafel. Englands  gekrönte Häupter sausen im Schnelldurchgang vorüber. Ein weiter Weg  führt hinab in die Geschichte der englischen Königshäuser. Etwa beim  vierten Heinrich kommt der Projektor zum Stehen: Kings of War nennt sich  Ivo van Hoves Inszenierung von Shakespeares Königsdramen. Die Wiener Festwochen genießen das Erstrecht an dieser rund  fünfstündigen Produktion der Toneelgroep Amsterdam. Autor Rob  Klinkenberg hat Texte aus Henry V., Henry VI. sowie aus Richard III. in  ein makellos klingendes Holländisch übertragen. Noch schwerer aber wiegt  die Zeitgenossenschaft. In der Halle E des Wiener Museumsquartiers steht  ein war room. Ausstatter Jan Versweyveld hat den Königsbunker  angeblich dem Hauptquartier Winston Churchills nachempfunden.  Ausgerechnet das 20. Jahrhundert soll Pate stehen für die Blutfehde  zwischen den Häusern Lancaster und York. Der Leichnam des letzten Königs, des vierten Heinrich, ist noch nicht  kalt, da wird bereits der rote Läufer für seinen Nachfolger ausgerollt.  Das Rad der Geschichte dreht sich schon wieder. Die Fürsten stürzen sich  wie Hyänen aufeinander. Henry V. (Ramsey Nasr) ist der instinktgeleitete  Vorzugsschüler. Im Pflichtfach Kriegskunst gebührt ihm eine dicke  Eins. Sein Angriff auf Frankreich ist ein voller Erfolg. Dafür macht er  beim Candle-Light-Dinner mit der französischen Prinzessin eine etwas  unbeholfene Figur. Macht nichts, er zeugt rasch einen Kronprinzen und  stirbt ein wenig übereilt an der Ruhr. Mit dem Spross seiner Lenden, Henry VI. (Eelco Smits), verhält es sich  von Anfang an umgekehrt. Dieser kleinwüchsige Mann mit dem Charisma  eines Hilfsbuchhalters ist nahe am Wasser gebaut. Anstatt seiner Braut  Margaret (Janni Goslinga) beizuwohnen, schlüpft er in den Pyjama und  empfiehlt seine Seele dem Herrgott. Es ist dieser Kinderkönig das  einfachste Opfer für die Reißzähne der Lords. Man hat zu diesem Zeitpunkt van Hoves künstlerisches Konzept bereits gut  durchschaut. Das Königshauptquartier ist eine bequeme Wohnlandschaft. Es  gibt neben einigen Computeranschlüssen Fließwasser, auf einer Empore  stimmen vier Posaunisten eine ebenso feierliche wie nachdenkliche Musik  an (Komposition: Eric Sleichim). Ein Countertenor schwelgt in eitel  Wohllaut. Die eigentlichen Gänge und Schleichwege der Macht sind  uneinsehbar. Sie liegen als aseptisch weiße Korridore der portablen  Kamera zu Füßen. Hier, im Verborgenen, befindet sich das eigentliche Arkanum der Macht.  Hier lungern die Soldaten herum, die Papa Henry V. so überzeugend  wachzurütteln versteht. Hier werden im Verlauf eines allzu langen Abends  auch die Herzen ausgeschüttet. Überflüssigen Rivalen auf den Thron wird  Gift in die Venen gejagt. Manch schöne Hoffnung endet auf der Bahre. Man fühlt sich leidlich unterhalten. Die Kamera weiß stets Bescheid,  ihre Close-ups enthüllen jede königliche Pore. Man überschlägt im  Stillen aber auch die Kosten, die für diese postmoderne Unternehmung zu  entrichten sind. Für die christologischen Tönungen des  Shakespeare-Stoffes ist van Hoves Inszenierung taub. Im ganzen Jammer  des unglücklichen sechsten Heinrichs steckt der Vorschein einer  Heiligenlegende. Es hat, kurz gesagt, nicht immer derjenige recht, der  am Ende auch die Oberhand behält. Kings of War bricht das Getümmel der englischen Frühzeit auf die Logik  der Fernsehserie herunter. Der Blutdurst von Shakespeares Figuren wird  mit einem tüchtigen Schluck Alltagspsychologie gelöscht. Man raucht in  Polstermöbeln führender Einrichtungshäuser bequem ein paar Zigaretten  herunter. Und so wird ausgerechnet das große Finale, die Mordtour des  dritten Richard (Hans Kesting), zur quälenden Selbstbespiegelung eines  Stadttheaterkönigs. Komplett nur mit Video-Ebenbild. Das Publikum  freilich war es zufrieden.",,10.38888888888889,4.7742234841430715,0.13392857142857142,6.103571428571429,0.6946428571428571,0.17857142857142858
de_18,de,human,"Rubel erholt sich - Auch Ölpreisanstieg kommt Russland zugute. Moskau - Die Konjunkturaussichten für Russland haben sich nach Einschätzung der Weltbank wieder aufgehellt. Die Organisation erwartet nach Angaben vom Montag für das laufende Jahr nur noch einen Rückgang der Wirtschaftsleistung um 2,7 statt um 3,8 Prozent. Das Land profitiere von der Erholung des Rubel-Kurses. Hintergrund ist der Wiederanstieg des Ölpreises nach monatelangem Absturz. Russland erzielt rund 40 Prozent seiner Einnahmen aus Ölexporten. Außerdem verwiesen die Weltbank-Experten auf die verlangsamte Inflation. Die russische Wirtschaft leidet auch unter den Sanktionen westlicher Staaten im Zuge der Ukraine-Krise. Das Wirtschaftsministerium in Moskau rechnet ebenfalls mit einem Bruttoinlandsprodukt (BIP) in ähnlicher Größenordnung und sagt ein Minus von 2,8 Prozent voraus. Die Prognosen der meisten Volkswirte für 2015 sind allerdings pessimistischer. Der Internationale Währungsfonds (IWF) äußerte zuletzt die Einschätzung, dass das BIP um 3,4 Prozent schrumpfen wird. Für die kommenden Jahre erwartet Weltbank-Expertin Birgit Hansl wieder Wachstum, und zwar von 0,7 Prozent im nächsten Jahr und 2,5 Prozent im übernächsten. Wir sind optimistisch, dass erhebliche Strukturreformen Teil der Haushaltspläne für 2016 und 2017 sein werden, die eine stetige Erholung ermöglichen würden, konstatierte sie.",,14.384615384615385,5.9295668740313126,0.12834224598930483,6.39572192513369,0.7540106951871658,0.21390374331550802
de_19,de,human,"Nur Kärnten und Tirol noch schlechter. Bregenz – Außer Niederösterreich und Salzburg erfüllt derzeit kein Bundesland die Asylquote bei den unbegleiteten minderjährigen Flüchtlingen (UMF). Nach wie vor leben über 1.000 junge Flüchtlinge im Traiskirchner Erstaufnahmezentrum. In Vorarlberg fehlten 113 Plätze und erfülle damit die Quote nur zu knapp 60 Prozent, geht aus einem Bericht der Montagsausgabe der Vorarlberger Nachrichten (VN) hervor. Schlechter bei der Unterbringung von unbegleiteten jugendlichen Asylwerbern seien damit nur die Bundesländer Kärnten (rund 51 Prozent) und Tirol (rund 56 Prozent). Selbst Salzburg erfülle die Quote nur, weil dort rund 200 Jugendliche in einer Kaserne untergebracht seien, kritisierte der Vorarlberger Kinder- und Jugendanwalt Michael Rauch. Rauch sparte auch nicht mit Kritik an der Vorarlberger Landesregierung. Man könne sich nicht medial stets als Quotenerfüller präsentieren, wenn wir bei den UMF nur bei 60 Prozent liegen, so Rauch. Laut Landesrätin Katharina Wiesflecker (Grüne) werde Österreichs westlichstes Bundesland bereits im Frühjahr die Quote wieder erfüllen. Wiesflecker konterte auch damit, dass man noch im Dezember knapp 90 Prozent der vorgeschriebenen Anzahl untergebracht hätte. Es seien mit 1. Jänner aber gleich 50 Jugendliche volljährig geworden, wodurch wir stark zurückgefallen sind. Flüchtlingskoordinator Christian Konrad regte im VN-Gespräch an, die Vorschriften bei der Quartierssuche für jugendliche Flüchtlinge noch einmal zu überdenken. Bei der Bauordnung oder Richtlinien zur Barrierefreiheit wären Lockerungen denkbar, so Konrad. Die Betreuungsstandards dürften hingegen keinesfalls gesenkt werden.",,14.125,6.963072238602727,0.1111111111111111,6.453333333333333,0.7555555555555555,0.13333333333333333
de_20,de,human,"""Ausrichtung an strategischen Zielen und Herausforderungen der Zukunft"" – Zahl der Vorstandsmitglieder sinkt von 22 auf 10 Personen – Struktur-Änderungen bis spätestens 1. Quartal 2017. Wien – Der Uniqa-Versicherungskonzern nimmt eine radikale Strukturänderung vor: Alle operativen Versicherungen im Inland werden miteinander verschmolzen. Die Zahl der Vorstandsmitglieder reduziert sich damit von 22 auf 10 Personen. Damit richte man sich an den strategischen Zielen und Herausforderungen der Zukunft aus, erklärte die Uniqa Group am Mittwochabend. Konkret sollen in Österreich bis spätestens im 1. Quartal 2017 die Raiffeisen Versicherung AG, die Salzburger Landes-Versicherung AG und die FinanceLife Lebensversicherung AG mit der Uniqa Österreich Versicherungen AG als aufnehmende Gesellschaft verschmolzen werden. Dadurch sinkt – samt darüber stehender Holding – die Zahl der Vorstände im genannten Ausmaß, da die an der Börse notierte Konzern-Holding Uniqa Insurance Group AG künftig mit 3 statt 5 Vorständen auskommen soll. Die neue Konzernstruktur steht noch unter dem Vorbehalt der erforderlichen behördlichen Genehmigungen. Den Vorstand der Uniqa Insurance Group AG bilden ab 1. Juni 2016 Andreas Brandstetter (CEO) Kurt Svoboda (CFO/CRO) und – neu im Vorstand – Erik Leyers, COO. Ihre Vorstandsmandate laufen bis 30. Juni 2020. Kurt Svoboda und Erik Leyers übernehmen in Personalunion die gleichen Vorstandsfunktionen auch bei Uniqa Österreich Versicherungen AG und bei Uniqa International AG. Die bisherigen Holdingvorstände Hannes Bogner und Thomas Münkel werden auf eigenen Wunsch aus dem Unternehmen ausscheiden, Wolfgang Kindl konzentriert sich auf seine Aufgaben als Vorstandschef der Uniqa International AG. Den Vorstand von Uniqa Österreich Versicherungen AG bilden ebenfalls ab 1. Juni 2016 Hartwig Löger (Vorsitzender, Vertrieb), Klaus Pekarek (Bankenvertrieb), Kurt Svoboda, (Finance & Risk), Erik Leyers (Operations), Peter Eichler (Personenversicherung) und Andreas Kößl (Sachversicherung). Peter Eichler und Andreas Kößl übernehmen in Personalunion die gleichen Vorstandsfunktionen auch in der Uniqa International AG. Den Vorstand von Uniqa International AG bilden ab 1. Juni 2016 Wolfgang Kindl (Vorsitzender), Zoran Visnjic (Vertrieb), Johannes Porak (Bankenvertrieb), Kurt Svoboda, (Finance & Risk), Erik Leyers (Operations), Peter Eichler (Personenversicherung) und Andreas Kößl (Sachversicherung). Nach einem Anstieg des Vorsteuergewinns um fast 12 Prozent im Vorjahr erhöht die Uniqa Versicherung für 2015 die Dividende im selben Ausmaß von 42 auf 47 Cent je Aktie. Mit einem EGT von 422,8 Mio. Euro lag man etwas über den Prognosen, aber leicht unter der eigenen Guidance, die bis Herbst auf zumindest 425 Mio. Euro gelautet hatte. 2016 könnte sich das Ergebnis investitionsbedingt halbieren. Das Konzernergebnis (nach Steuern und Minderheitenanteilen) steigerte die Uniqa 2015 um 14,2 Prozent auf 331,1 Mio. Euro, wie am Vorabend des Bilanzpressegesprächs von Donnerstag erklärt wurde. Der finale Geschäftsbericht mit geprüften Zahlen soll am 14. April publiziert werden.",,14.758620689655173,8.939085706598677,0.12383177570093458,6.252336448598131,0.5654205607476636,0.1542056074766355
de_21,de,human,"Vollmond am 23., Jupiter strahlt aus dem Löwen. Rasch verlängern sich die lichten Tage, vom 1. mit 11 Stunden, vier Minuten bis 31. mit 12 Stunden 50 Minuten. Die Dämmerungsdauer ab Sonnenuntergang bis 12 Graden Sonnentiefe dauert 1 Stunde 8 Minuten. Die Sonne als Wandelgestirn im Tierkreis erreicht am am 20. um 5h30 den Anfang des Tierkreiszeichens Widder, Tagundnachtgleiche – Frühlingsbeginn. Der Mond steht am 2. im Letzten Viertel im Schlangenträger bei Saturn. Die feine Altlichtsichel können wir am 7. tief in der Morgendämmerung im OSO sehen, am 9. haben wir Neumond, der eine bei uns unsichtbar Totale Sonnenfinsternis bringt. Am 10. steht die zarte Neulichtsichel tief in der Abenddämmerung nahe W und seine Erdnähe durchläuft der Mond im Walfisch. Am 15. ist das Erste Viertel im Stier erreicht. Am 21. steht der Mond bei Jupiter, Vollmond  haben wir am 23. in der Jungfrau, der mit einer bei uns unsichtbaren partiellen Halbschatten-Mondfinsternis verbunden ist. Am 25. erreicht der Mond die Erdferne in der Jungfrau, am 28. und 29. steht er bei Mars und am 29. und 30. bei Saturn. Merkur bleibt unsichtbar. Venus kann bis 13. tief in der Morgendämmerung nahe OSO aufgespürt werden und wechselt vom Steinbock in den Wassermann. Mars leuchtet in der zweiten Nachthälfte anfangs tief nahe SO, später höher bis nahe S. Er zieht von der Waage in den Skorpion. Jupiter strahlt in der ganzen Nacht aus dem Löwen zunächst tief aus dem O, später hoch im OSO. Saturn finden wir in der späteren zweiten Nachthälfte anfangs vorerst tief im SO, später im SSO im Schlangenträger. Sternbilder: Die Karte gilt für 1. um 21h16 und für 31. um 19h18; der Kreis mit J markiert Jupiter, der Kreisbogen zeigt die Milchstraße. Freiluftplanetarium Sterngarten Georgenberg, Wien 23 bei Wotrubakirche: Sa. 19.3. 11h30 Frühlingstagundnachtgleichen-Mittag, Erläuterung an der Tierkreisscheibe, dazu bei Schönwetter Mittagsdurchgang der Sonne. Stadtlokal Wien 1, Walfischg. 12, 1.Stock, Festsaal: Sa.5.3. 19h: An der Grenzfläche von Licht und Gravitation. Mit Exkurs zu Gravitationswellen (R. Vucsina). Näheres Tel. 01 889 35 41 oder beim Astronomischen Büro.",,6.84,4.842974292725494,0.2195845697329377,5.364985163204747,0.629080118694362,0.17210682492581603
de_22,de,human,"Britische Behörden stärken aber Undercover-Einsatz gegen geflohenen Wikileaks-Gründer. Die britische Polizei steht nicht mehr rund um die Uhr Wache vor der Botschaft Ecuadors in London, wo sich Wikileaks-Gründer Julian Assanges aufhält. Dafür werde eine verdeckte Operation gestärkt, teilte Scotland Yard am Montag mit. Die dauerhafte Präsenz sei nicht länger angemessen. Der 44-Jährige, gegen den wegen Vorwürfen wegen sexueller Übergriffe in Schweden Haftbefehl besteht, lebt seit Juni 2012 in der Botschaft. Assange bestreitet die Taten und fürchtet nach eigenen Angaben die Auslieferung in die USA wegen der Enthüllungen der Plattform Wikileaks. Die Wache soll britische Steuerzahler umgerechnet mehr als 16 Millionen Euro gekostet haben.",,14.714285714285714,5.848425568702492,0.10679611650485436,6.213592233009709,0.8252427184466019,0.17475728155339806
de_23,de,human,"Seniorenbund-Obmann lobt Steuerreform, kritisiert aber ""Gesprächsverweigerung"" des Kanzlers. Wien – ÖVP-Seniorenbund-Chef Andreas Khol findet die Arbeit der Koalition im ersten Halbjahr zwar besser als allgemein erwartet, vermisst aber Reformen bei Pensionen, Gesundheit und Pflege. Die Regierung habe Handlungsbedarf, weil Hick-Hack allzu leicht ein Streit auf dem Deck der Titanic sein könnte, mahnte Khol. Bei der Steuerreform warf er Kanzler Werner Faymann (SPÖ) Gesprächsverweigerung vor. Die Bilanz der Regierung kann sich durchaus sehen lassen, meinte Khol am Dienstag bei einer Pressekonferenz etwa mit Blick auf die Steuerreform. Da seien zwar Wünsche der Senioren offen geblieben, aber man kann nicht alles haben, hat meine Schwiegermutter immer gesagt. Ein Wermutstropfen sei, dass rund 230.000 Ausgleichszulagen-Bezieherinnen und -Bezieher von der Negativsteuer für Pensionisten ausgenommen seien. Besonders geärgert hat Khol dabei, dass der Seniorenrat monatelang um einen Gesprächstermin mit dem Kanzler gebeten, aber keinen bekommen habe. Aufgeben tut man einen Brief, kündigte Khol denn auch einmal mehr entsprechende Musterprozesse vor den Höchstgerichten an. Für die Regierung sei es jedenfalls überlebensnotwendig, die Stimmung und ihr eigenes Ansehen zu verbessern, glaubt Khol. In den vergangenen Tagen habe immerhin ein neuer Ton geherrscht, hätten die Koalitionspartner doch gegenseitig ihre jeweiligen Vorschläge begrüßt. Die kalte Progression in den Griff zu bekommen, wie am Montag von der ÖVP forciert, sei eine jahrelange Forderung des Seniorenbunds. Man wolle dafür aber nicht, wie sich der Gewerkschaftsbund das vorstelle, jedes Jahr neu eine Mini-Steuerreform verhandeln, sondern wie offensichtlich vom Finanzminister angedacht eine Formel, dass die Beträge der Steuerstufen automatisch zur Einkommens-Entwicklung angehoben werden. Finanziert werden könnte das alles über Einsparungen durch eine Verwaltungsreform, etwa auch über das zuletzt von der SPÖ wieder beworbene Amt der Bundesregierung. Pensions- und Gesundheitsreformen auf der Wunschliste Handlungsbedarf für die Koalition herrscht nach Khols Ansicht wenig überraschend beim Thema Pensionen: Da kritisiert er einmal mehr, dass das Bonus/Malus-Modell noch immer nicht beschlossen ist. Auch das Pensionsmonitoring sei immer noch offen, wobei Khol genug hat vom halbjährlichen Streit, welche veröffentlichten Zahlen nun stimmen. Nicht genug passiert nach Meinung der ÖVP-Senioren auch im Gesundheitsbereich. Die wahlkämpfende Obfrau des Wiener Seniorenbundes, Ingrid Korosec, verlangte etwa eine Überarbeitung der gesetzlichen Rahmenbedingungen für die Erstversorgungszentren (Primary Health Care Center) und Gruppenpraxen. Dass es lediglich ein Pilotprojekt in Wien gebe, kanns nicht sein. Bürgermeister Michael Häupl (SPÖ) müsse hier mehr Druck machen, forderte sie. Die Hausarzt-Verträge müssten neu verhandelt werden: Beratung und Vorsorge gehörten in den Vordergrund, die Öffnungszeiten massiv ausgeweitet.",,18.09090909090909,7.229416491662197,0.13602015113350127,6.55919395465995,0.7204030226700252,0.15869017632241814
de_24,de,human,"Satire dürfe alles, sagt ""Spiegel""-Chefredakteur Klaus Brinkbäumer. Er verteidigt Böhmermann und kritisiert Merkel. Wien – Am Donnerstag ist Spiegel-Chefredakteur Klaus Brinkbäumer in Wien, um im Rahmen der Journalismustage eine Keynote zu halten. Zuvor beantwortet er dem STANDARD via Mail Fragen zur geplanten Bezahlschranke bei Spiegel Online, dem geleakten Spiegel-Innovationsreport und was Satire so alles darf. STANDARD: Seit dem Jahr 2000 hat der Spiegel rund 70 Prozent seiner Anzeigen verloren, neue Online-Erlöse sollen einen Teil kompensieren. Wann installiert Spiegel Online die angekündigte Bezahlschranke und welche Erwartungen haben Sie? Brinkbäumer: Wir sind digital schon jetzt erfolgreich: 50.000 digital verkaufte Spiegel-Hefte und ein höchst profitables Spiegel Online sind eine wunderbare Ausgangsbasis. Jetzt geht es uns darum, die exklusiven und besonderen Spiegel-Inhalte noch deutlich wirkungsvoller als bisher ins Digitale zu transportieren und dort dann schlauer als bisher unseren Journalismus zu verkaufen. Mit den Tests fangen wir in wenigen Wochen an, und dann werden wir sehen, wann es fehlerlos funktioniert. STANDARD: Welche Teile wandern hinter die Bezahlschranke? Brinkbäumer: Das Wort Bezahlschranke zählt nicht zu meinen Lieblingswörtern, weil es so rigoros und abweisend klingt. Wir wollen das großartige Spiegel Online ja nicht kaputtmachen und auch unsere Leser nicht davonjagen, sondern ihnen einen besonderen Journalismus anbieten, für den sie dann gern und auf unkomplizierte Weise bezahlen. Was neu für viele Medienhäuser ist: Experimentierfreude, Kritikfähigkeit, auch die Fähigkeit, sich auf die Wünsche der Leser und Kunden einzulassen. Generell wird es so sein, dass Nachrichten und Tagesaktualität eher kostenlos bleiben und Exklusives und der klassische, hochwertige Spiegel-Journalismus eher Geld kosten. STANDARD: Gibt es ein Vorbild, an dem Sie sich hier orientieren? Zum Beispiel New York Times oder bild.de? Brinkbäumer: Bild.de nicht, die New York Times schon eher. Sie hat früh verstanden, dass eine digitale Verkaufsstrategie etwas ganz anderes ist als die großen, alten Print-Zeiten: Die Angebote werden kleinteiliger, man probiert und verwirft viel schneller, man lernt täglich. Die Financial Times macht es gut, viele andere auch. STANDARD: Ein zunehmendes Problem sind Adblocker. Mit welcher Strategie gehen Sie dagegen vor? Können Sie sich eine technische Lösung vorstellen, wie sie etwa Gruner+Jahr und Axel Springer vorexerzieren, um Inhalte vor Werbeverweigerern zu blockieren? Brinkbäumer: Ja, ich kann mir das vorstellen, weil der Qualitätsjournalismus sich refinanzieren muss. STANDARD: Immer mehr Medien beschränken ihre Foren oder drehen sie überhaupt ab. Geht damit ein Stück Meinungsfreiheit und Diskussionskultur verloren, wie Kritiker meinen, oder haben Medien einfach keine Möglichkeit, des Hasses Herr zu werden? Brinkbäumer: Es braucht jedenfalls eine Moderation, weil wir antisemitische Äußerungen oder manches andere, das nicht tolerierbar ist, ja nicht einfach deshalb durchgehen lassen können, weil das Internet halt so liberal und offen ist. Wir versuchen im Moment übrigens den umgekehrten Zugang: Der Spiegel stellt sich der Diskussion, wir sind deutlich offener als früher, viel besser erreichbar, und die Erfahrungen sind gut. Die meisten Leser wollen eine ernsthafte Auseinandersetzung, und auf die lassen wir uns gern ein. STANDARD: Eine heftige, emotionale Debatte ist der Lügenpresse-Vorwurf, mit dem Medien konfrontiert werden. Was macht der Spiegel, um aus dieser Glaubwürdigkeitskrise herauszukommen? Brinkbäumer: Wir machen weiter. Kein Medium sollte sich von Lügen und Verunglimpfungen einschüchtern lassen, und der Lügenpresse-Vorwurf ist beides, Verunglimpfung und Lüge. Wir suchen ganz und gar ernsthaft nach der Wahrheit und recherchieren so präzise, wie wir nur können. Der Spiegel ist frei und unabhängig, kein Politiker und kein Anzeigenkunde sagt uns, was wir zu schreiben haben. Und dennoch sollten sich Medien der Debatte stellen; schon deshalb, weil Fehler selbstverständlich vorkommen. Die müssen wir zugeben und erläutern. STANDARD: Immer wieder taucht der Vorwurf auf, dass die Herkunft von Tätern verschwiegen wird. Sind Sie mit den Empfehlungen des Deutschen Presserats einverstanden, hier zurückhaltend zu agieren, oder wünschen Sie sich eine andere Regelung? Brinkbäumer: Der Presserat weiß, was er tut, da muss ich keine Ratschläge geben. Und man kann die Herkunft eines Straftäters auch unaufgeregt nennen, also auf eine Weise, die nicht Rassismus und Xenophobie schürt. Bei mutmaßlichen Tätern, also vor einem rechtsgültigen Urteil, müssen Journalisten ohnehin zurückhaltend berichten. STANDARD: Der Spiegel hat den Türkei-Korrespondenten aus Angst vor Repressalien abgezogen. Kapitulieren Sie vor Erdoğan, oder geht es nicht anders? Brinkbäumer: Sehen Sie sich den vorletzten Spiegel-Titel an, Der fürchterliche Freund, eine Erdoğan-Karikatur. Nein, natürlich schreiben wir weiter, aber für unseren Korrespondenten Hasnain Kazim wurde es in der Türkei gefährlich, und er konnte ohne die ihm verweigerte Akkreditierung schlicht nicht arbeiten. STANDARD: Heftig diskutiert werden die Schmähkritik von Jan Böhmermann und das Verhalten des ZDF. Darf Satire alles, oder ist Böhmermann zu weit gegangen? Brinkbäumer: Satire darf alles, ja. Ich finde nicht alles gut, das tut vermutlich niemand, aber genau darum darf es ja eben nicht gehen: Die Freiheit der Kunst oder die Meinungsfreiheit dürfen nicht da enden, wo es wehtut. Kanzlerin Merkel hätte sich auf keinen Fall auf Erdoğans Seite stellen dürfen. STANDARD: Was sagt es über ein Medienhaus aus, wenn ein Entwurf des Spiegel-Innovationsreports nach außen weitergegeben wird? Brinkbäumer: Gar nicht so viel, jedenfalls nichts Schlimmes. Wir möchten aus dem Spiegel ein multimediales und hochmodernes Unternehmen machen, und dazu gehört, dass wir Schwächen erkennen und diskutieren. Chefredaktion und Geschäftsführung haben den Innovationsreport in Auftrag gegeben, und so etwas hat nur Sinn, wenn dann angstfrei Kritik geäußert wird. Ich mag diese Offenheit. Eine Indiskretion ist nie schön, weil sie Einfluss auf den internen Umgang hat. Aber in meiner Zeit als Chefredakteur war es die erste, wir arbeiten hier ja längst diskret und voller Kraft und Vertrauen zusammen. STANDARD: EinHilfeschrei und Weckruf wurde der Report von Medienjournalisten genannt. Wie würden Sie ihn bezeichnen? Brinkbäumer: Als engagiert, leidenschaftlich. Der Innovationsreport lobt nicht, und das war auch nicht seine Aufgabe. Er zeigt Probleme und Lösungswege, und das sollte er tun. Wissen Sie, die meisten Spiegel-Leute sind ehrlich stolz auf dieses Haus, es gehört ihnen, es ist unser aller Spiegel, und er ist das beste Medium Deutschlands. Ich kann mich über Debatten und Selbstkritik wirklich nicht aufregen, beides ist ganz gesund. STANDARD: Wenn Ihnen ein solcher Bericht eines Medienhauses zugespielt worden wäre: Wie hätte die Schlagzeile des Spiegel dazu gelautet? Brinkbäumer: (lacht) Ich hätte ihn jedenfalls erst einmal gelesen und hinterher die Schlagzeile formuliert. Manche Medienjournalisten schreiben lieber wütende Texte, ohne den Gegenstand ihrer Berichterstattung zu kennen. STANDARD: Sie meinten in einer ersten Stellungnahme, dass Sie nicht mit allen Kritikpunkten übereinstimmen. Welche teilen Sie? Brinkbäumer: Verzeihen Sie mir, aber die öffentlich diskutierte Fassung ist ein Entwurf und einige Monate alt. Die inhaltliche Diskussion führen wir hausintern. STANDARD: Im Report werden auch die zahlreichen unterschiedlichen Marken kritisiert – mit 37 Logos der Spiegel-Firmengruppe. Ihre Meinung dazu? Brinkbäumer: Zunächst einmal ist es eine Freude, dass der Spiegel so viele erfolgreiche Tochterblätter und -unternehmen hat, aber wie gesagt: Wir lesen den Innovationsreport, diskutieren ihn und treffen unsere Entscheidungen; und all das hausintern. STANDARD: Dem Zeit-Verlag steht womöglich ein Streik der Online-Redakteure ins Haus. Auch beim Spiegel gibt es Differenzen zwischen Online- und Printredaktion. Wann werden die Onliner gleich viel verdienen wie die Printkollegen? Ist das ein Ziel? Brinkbäumer: Das wesentliche Ziel ist, das ganze Unternehmen Spiegel so kraftvoll auszurichten, wie es nur eben geht. Dazu gehören perfektes Zusammenspiel und perfekte Strukturen, und Ungerechtigkeiten helfen dabei natürlich nicht. STANDARD: Generell hat man das Gefühl, als sei man beim Spiegel noch recht weit von einer gemeinsamen Kultur, einem An-einem-Strang-Ziehen entfernt. Stimmt dieses Gefühl, oder täuscht es? Brinkbäumer: Oh ja, klar, das täuscht. Sie hören schon lange nichts mehr von Streit zwischen Online und Print, oder? Den Spiegel und nicht die Zeit betreffend, meine ich? Mein Kollege Florian Harms und ich vertrauen einander, weil jeder um die Stärken des anderen weiß, und das Gleiche gilt für die Redaktionen. Bei all den großen Projekten der vergangenen 15 Monate, den großen Enthüllungen ebenso wie den akuten Kriseneinsätzen, hat das ganze Haus Hand in Hand zusammengearbeitet. Wir können das erstaunlich gut.",,14.12087912087912,7.747151429467642,0.18252730109204368,6.106864274570983,0.5670826833073322,0.16458658346333854
de_25,de,human,"Der Autor über seine Raoulito-Gedichte. Es wurde als bibliophile Rarität – 444 Stück Erstauflage – geboren und hätte eine bibliophile Rarität bleiben sollen, doch dann entschieden sich Autor und Verleger doch für eine Neuauflage mit weiteren 500 Stück: Die ersten 444 waren binnen weniger Wochen verkauft worden, und außerdem galt es einige Fehler auszubessern. Die Rede ist von einem Gedichtbändchen von Wolf Wondratschek mit dem Titel For  a Life without a Dentist – ein Wunsch, von dem wahrscheinlich die meisten Leser (und wenige Zahnärzte) gerne hätten, dass er in Erfüllung geht. Entlehnt hat der in Wien und München lebende Poet den Titel einem Bild des 1997 verstorbenen Malers Martin Kippenberger aus dem Jahr 1984. For a Life without a Dentist umfasst 42 Gedichte, die Wondratschek für seinen am 27. Juli 1991 geborenen Sohn Raoul, aber auch, die frühen, für sich selbst verfasst hat. Das erste Gedicht habe ich am Tag seiner Geburt geschrieben. Es sind ja in dem Moment zwei Menschen auf die Welt gekommen, er, und auch ich bin zur Welt gekommen in einer Eigenschaft, für die ich nicht vorbereitet war, nämlich Vater zu sein. For a Life ist gewissermaßen ein Parallelbuch zu seinem 2011 erschienenen Roman Das Geschenk, in dem er schildert, wie sein Alter Ego Chuck, ein alter Drecksack – Wondratschek war bei der Geburt seines Sohnes 49 Jahre alt – im fortgeschrittenen Lebensalter mit einem Kind beschenkt wird. Der FAZ-Rezensent beschrieb die Haltung, in der der stets auf seinen Eigensinn und seine Unabhängigkeit bedachte Chuck seinem Sohn begegnet, treffend mit Vater ja, angepasst niemals!. Obwohl Wondratschek mit seinem Sohn von dessen fünftem Lebensjahr an nicht in einem gemeinsamen Haushalt zusammenlebte, beschreibt er ihre Beziehung als sehr intensiv. Normalerweise hätte mein Sohn missraten müssen, er ist ein uneheliches Kind, er trägt auch nicht meinen Namen, dem fehlt die Nestwärme, dem fehlt die Harmonie, mit der ihn Vater und Mutter gemeinsam umsorgen. Wenn man das so denkt, wäre ein Autor wie Hermann Hesse nicht denkbar gewesen. Ich habe ihn auch niemals mit einem sorgenvollen Blick beobachtet, ob da etwas in ihm ist, was sich zu etwas Ungutem auswachsen könnte. Ein ungeschütztes Kind, meint Wondratschek, finde er interessanter als ein geschütztes. Zu gängigen Anlässen wie Geburtstag oder Weihnachten bekam Raoulito von seinem Vater ein Briefkuvert geschenkt, jedoch nicht mit dem obligaten Geldschein, sondern mit einem Blatt Papier, auf dem ein Gedicht stand. Ohne Gebrauchsanweisung und vor allem ohne jeden pädagogischen Hintergedanken wie etwa den erwartbaren: Mein Vater ist Schriftsteller und möchte mich heranführen an die Poesie. Das mag irgendwie passieren, aber Beziehung ist ein Spiel, das am besten funktioniert, wenn man sich Botschaften zukommen lässt, über die man nicht spricht. Die Botschaft ist: Du bist mir wichtig, weil ich dir etwas gebe, was mir wichtig ist: Poesie. Absichtslosigkeit, aus der Nähe und Intensität erwachsen: Wenn man ein Kind ist, muss man in permanenter Alarmbereitschaft sein, dass einem ein Erwachsener etwas beibringt, nach dem Motto: ,Pass auf, junger Mann, ich habe schon länger gelebt als du. Dem Impuls zum Beibringen und Belehren widersetzt sich Wondratschek hartnäckig, obwohl er in For a Life auch ausnahmsweise ein- oder zweimal in der Rolle dessen auftritt, der einen Rat erteilt: RAT AN MEINEN SOHN / In jedem Raum / gibt es eine Ecke, die interessanter ist / als die übrigen drei – / und der setze dich / gegenüber. Sonst aber ist seine Überzeugung: Wenn ein Vater zu seinem Sohn sagt: ,Gehen wir auf einen Spaziergang, dann meint er: ,Wir haben etwas zu besprechen, ich habe dir etwas mitzuteilen. Wenn ich mit meinem Sohn spazieren gehe, will ich ihm nichts beibringen. Wenn mein Vater mit mir einen Spaziergang gemacht hat, hatte das nie den Grund, sich bloß zu ergehen und zu genießen. Ich hätte gerne ein Zuhause gehabt, in dem weniger Befehle erteilt werden. Vielleicht habe ich die Chance wahrgenommen, mich selber zu erziehen, indem ich mich fragte, wie es ist, jemandem das Gefühl zu geben: Dein eigenes Leben muss dir wichtig sein. Raoulito hat Medientechnik studiert und volontiert bei unterschiedlichen Verlagen, ohne sich definitiv für eine Karriere entschieden zu haben. Für Wondratschek ist das okay. Man muss nicht so früh wissen, was man im Leben werden will. Ein Vater beurteilt seinen Sohn nicht danach, was er werden möchte, sondern was er ist: Was ist in ihm an Neugierde, an gutem Benehmen, an Empathie für Menschen, alles Dinge, die mir wichtig sind. Ich hätte mich sehr gewundert, wenn mein Sohn zu einem Karrierefreak geworden wäre. So habe ich nicht den Eindruck, dass ich mich einem Bluttest unterziehen muss, ob er auch wirklich mein leiblicher Sohn ist. Wolf Wondratschek hat nicht nur seinem Sohn Gedichte, sondern auch uns eines, ein bisher unveröffentlichtes, zum Abdruck geschenkt. Im Kasten links oben können Sie es lesen. Dem Autor sei herzlicher Dank dafür.",,22.685714285714287,12.713932579365563,0.15365239294710328,5.283375314861461,0.5642317380352645,0.14987405541561713
de_26,de,human,"Der US-Konzern will mit der Übernahme sein Geschäft erweitern, um besser mit Rivalen wie Hewlett-Packard zu konkurrieren. New York – Dell will mit EMC sein Geschäft um Speicherdienste erweitern, um damit besser mit Rivalen wie Hewlett-Packard konkurrieren zu können. Die EMC-Aktionäre sollen 24,05 Dollar in bar bekommen plus ein Papier, das den Wert der zu EMC gehörenden Softwarefirma VMware widerspiegeln soll. Insgesamt liege der Wert pro EMC-Anteil damit bei 33,15 Dollar, hieß es. Das ist ein Aufschlag von fast einem Fünftel auf den EMC-Schlusskurs von Freitag. Über den Deal war bereits seit Tagen spekuliert worden. Gründer Michael Dell hatte seine Firma vor zwei Jahren mithilfe von Finanzinvestoren in einem 25 Milliarden Dollar schweren Deal von der Börse genommen. Jetzt werden Dell und der auch diesmal beteiligte Partner Silver Lake laut Medienberichten weitere 40 Milliarden Dollar von Banken brauchen. Dell und seine Partner sollen nach Abschluss der Übernahme 70 Prozent an EMC halten. Michael Dell werde das gemeinsame Unternehmen führen. Der ungewöhnliche Aufbau des Deals ist notwendig, weil mehr als die Hälfte des EMC-Werts die Beteiligung von 80 Prozent an VMware ausmacht. Die Firma sorgt dafür, dass Rechenzentren dank virtueller Computer effizienter laufen. EMC als Spezialist für Datenspeicherung muss gegen eine Vielzahl neuer Wettbewerber antreten, VMware gilt bei Experten als das wachstumsträchtigere Geschäft. Die bisherige EMC-Tochter wird weiterhin an der Börse in New York notiert bleiben. Der Deal soll Mitte kommenden Jahres abgeschlossen werden, Regulierer und Anteilseigner müssten ihm noch zustimmen. Weitere Angebote Außerdem könnte es noch weitere Hürden geben: Wie die Financial Times berichtete, sieht die Einigung vor, dass EMC sich noch konkurrierende Angebote einholen kann. Damit solle der Finanzinvestor Elliott Management milde gestimmt werden. Elliott forderte bereits seit einiger Zeit eine Abspaltung von VMware. Nach Informationen des Technologieblogs Recode will die Finanzfirma nun die Übernahme durch Dell unterstützen. Bisher hatte keiner Interesse an einem Kauf von EMC gezeigt, jetzt solle aber unter anderem bei Microsoft und dem Netzwerkspezialisten Cisco vorgefühlt werden, schrieb die Financial Times. EMC als Spezialist für Datenspeicherung muss gegen eine Vielzahl neuer Wettbewerber antreten. Michael Dell hatte schon beim Rückkauf seiner eigenen Firma Ärger mit einem aggressiven Investor. Der Milliardär Carl Icahn legte sich in einem auch öffentlich geführten Schlagabtausch monatelang quer, bis der Preis etwas angehoben wurde. Für EMC löst der Kauf durch Dell zusätzlich ein Nachfolgeproblem: Der seit 2001 amtierende Chef Joe Tucci, inzwischen 68 Jahre alt, plant schon seit einiger Zeit seinen Rückzug. Die bisher größte Übernahme der Branche ist der im Mai angekündigte Kauf des amerikanischen Chipherstellers Broadcom durch den amerikanischen Rivalen Avago für 37 Milliarden Dollar.",,17.0,6.099180272790763,0.10352941176470588,5.964705882352941,0.64,0.15529411764705883
de_27,de,human,"Präsident der Akademie der Wissenschaften: ""Es kann so nicht weitergehen"". Wien – Der Präsident der Akademie der Wissenschaften, Anton Zeilinger, erwartet vom neuen Bundespräsidenten kräftige Unterstützung für die Wissenschaft. Diese sei in einer kritischen Situation. Es kann so nicht weitergehen, dass der Wissenschaftsfonds FWF nicht mehr Mittel bekommt, sagte Zeilinger der APA anlässlich der traditionellen jährlichen Feierlichen ÖAW-Sitzung am Freitag. Der Bundespräsident ist oberster Schirmherr der Akademie der Wissenschaften, insofern verfolgt man auch an dort mit Interesse die Wahl am Sonntag. Zeilinger will nicht zu den beiden Kandidaten Stellung nehmen. Allgemein sei es aber für uns ganz wichtig, dass der Bundespräsident Verständnis dafür hat, dass Wissenschaft international ist. Vom neuen Amtsinhaber erwarte er sich daher, dass er uns hier ganz stark unterstützt, besonders bei europäischen Projekten.   Ebensolche Unterstützung erwartet sich Zeilinger für die finanzielle Ausstattung des seit Jahren mit Budgetproblemen kämpfenden FWF. Die Junge Kurie der ÖAW hat erst kürzlich angesichts der Geldnot des FWF vor einer ernstzunehmenden Gefährdung des Forschungsstandorts Österreich gewarnt. Ich erwarte mir von der Politik, dass das ernst genommen wird, sagte Zeilinger speziell unter Verweis auf den wissenschaftlichen Nachwuchs, dem man reelle Chancen bieten müsse, seine Ideen umzusetzen. Er verstehe durchaus, dass man im Finanzrahmengesetz die Sicherheitsausgaben kräftig erhöht habe, ich verstehe aber nicht, dass man nicht gleichzeitig die Ausgaben für Wissenschaft kräftig erhöht hat. Damit komme man so weit, dass wir uns gut sichern können, aber nicht mehr wissen, was wir sichern sollen, so Zeilinger, der eine abnehmende Geduld in der Scientific Community ortet.   Nach Jahren der – auch in der Öffentlichkeit geführten – Diskussion um die ÖAW-Reform habe man diese nun sehr kollegial abgeschlossen, sagte Zeilinger. Die Akademie hat sich eine neue Satzung und eine neue Geschäftsordnung gegeben.   Damit werde die geplante Trennung von Gelehrtengesellschaft und Forschungsträgerorganisation weitgehend umgesetzt. Die Klammer zwischen diesen beiden Bereichen bildet der Präsident, die beiden Akademie-Klassen (als Gelehrtengesellschaft teilt sich die ÖAW in eine philosophisch-historische und eine mathematisch-naturwissenschaftliche Klasse, Anm.) seien insbesondere für die wissenschaftlichen Aktivitäten der Mitglieder, aber nicht mehr für die Administration der ÖAW-Institute zuständig.   Eine weitere notwendige Brücke zwischen den Bereichen bilde noch der Akademierat, in dem aber künftig keine Personen mehr sitzen dürfen, die an einem ÖAW-Institut beschäftigt sind. Mitglieder des Akademierats sind zwölf ÖAW-Mitglieder sowie vier externe Experten, die in ihren Entscheidungen aber nicht der Gelehrtengesellschaft verantwortlich seien. Mehr kann man die beiden Bereiche nicht separieren, das wäre nicht sinnvoll, sagte Zeilinger. Mit dem Vorschlag, künftig nur mehr eine Mitgliederkategorie in der Akademie zu haben (derzeit gibt es wirkliche und korrespondierende Mitglieder), ist das Präsidium gescheitert. Wir haben dafür die Mehrheit der ÖAW-Mitglieder gefunden, aber nicht die notwendige Zwei-Drittel-Mehrheit. Das nehme ich demokratisch zur Kenntnis, sagte Zeilinger.   Weitere Änderungen betreffen die Junge Kurie der ÖAW, die künftig Junge Akademie heißen wird, die Umsetzung des Public Corporate Governance Kodex, der eine weitgehende Entflechtung zwischen persönlichen Interessen und Entscheidungsstrukturen erfordert, sowie stärke Kontrollrechte des Finanzchefs.   Das ist abgehakt, jetzt können wir uns noch stärker den aus meiner Sicht wichtigen Aufgaben zuwenden, sagte Zeilinger. Dazu zählt die weitere Internationalisierung der Akademie, auf die der ÖAW-Chef seit seinem Amtsantritt vor knapp drei Jahren setzt, zuletzt etwa durch ein neues Kooperationsabkommen mit Kuba.   Von Beginn an hat Zeilinger auch das Ziel verfolgt, dass sich die Akademie verstärkt aktuellen Themen widmet und sich gegenüber der Politik öffnet. Zwei in diesem Sinn begonnene ÖAW-Studien sollen noch in diesem Jahr abgeschlossen werden. Eine wird sich dem Thema Digitaler Stillstand widmen, die andere dem Thema Mobilität.",,19.133333333333333,7.2283392898292265,0.13089005235602094,6.401396160558464,0.5986038394415357,0.1849912739965096
de_28,de,human,"Vier Opfer gerettet – Aktion in den USA und Südamerika. Mexiko-Stadt – Bei einem internationalen Schlag gegen Kinderpornografie sind in Lateinamerika, den USA und Spanien mindestens 60 Verdächtige festgenommen worden. Sie sollen kinderpornografisches Material übers Internet vertrieben haben, teilte die mexikanische Sicherheitskommission CNS am Sonntag mit. Bei den zeitgleich durchgeführten Razzien seien vier mutmaßliche Opfer gerettet worden, darunter drei neun, 14 und 15 Jahre alte Mädchen in Mexiko. Die großangelegte Aktion sei von südamerikanischen Sicherheitsbehörden und der US-Bundespolizei FBI koordiniert worden. Durchsuchungen gab es demnach in Spanien, den USA, Mexiko, Argentinien, Brasilien, Chile, Kolumbien, Costa Rica, Guatemala, Paraguay, Uruguay und Venezuela.",,16.833333333333332,4.258977446393546,0.19801980198019803,6.762376237623762,0.8316831683168316,0.13861386138613863
de_29,de,human,"Den Wirtschaftskammerpräsidenten stört es, dass Arbeitslose in Österreich zum Teil gleich viel bekommen wie jene, die für 1.700 Euro brutto arbeiten. Wien – 376.522 Menschen waren Ende Juli in Österreich ohne Job – doch das müsste laut Wirtschaftskammer-Chef Christoph Leitl nicht sein. In einem Interview mit dem Volksblatt antwortete Leitl auf die Frage, ob jeder, der arbeiten will, eine Arbeit findet, mit Ja. Und er ergänzte: Vielleicht nicht immer vor der Haustüre und nicht immer in seinem Traumberuf. (...) Die Arbeit wäre da. Zur Mindestsicherung hielt Leitl fest, dass der Anreiz zu arbeiten gering sei: Ja, es stört mich, dass man aus der Mindestsicherung plus den Transferzahlungen netto auf ungefähr das Gleiche kommt, als wenn man für 1.700 Euro brutto arbeitet. Der Anreiz zu arbeiten ist niedrig, so Leitl. Zur Wettbewerbsfähigkeit Österreichs meinte Leitl: Wir müssen, was Produktions- und Lohnkosten betrifft, raus aus der Komfortzone und rein in die Realität eines weltweiten Wettbewerbs mit hungrigen Asiaten auf der einen Seite und dynamischen Amerikanern auf der anderen Seite.",,14.25,11.952161589715336,0.17964071856287425,5.586826347305389,0.7425149700598802,0.2155688622754491
de_30,de,human,"Das Imageproblem Österreichs wird nicht kleiner. Hohe Steuern auf Arbeit sind der größte Kritikpunkt. Wien – In einem der meistzitierten Standortrankings, jenem der Lausanner Managementhochschule IMD, wird Österreichs Wettbewerbsfähigkeit auch heuer wieder als mäßig beschrieben. Zwar bedeutet Platz 24 im Vergleich zum Vorjahr eine Verbesserung um zwei Positionen. Im Vergleich zu anderen EU-Ländern zeigt sich aber großer Aufholbedarf. So ist Österreich beim Faktor Steuersystem Vorletzter unter den 61 untersuchten Ländern. Sowohl persönliche Einkommen als auch Unternehmenseinkünfte seien im internationalen Vergleich sehr hoch besteuert, sagt Christos Cabolis, Chefökonom des Teams, das die alljährliche Erhebung durchführt, zum STANDARD. Auch was die Defizit- und Schuldensituation bei den öffentlichen Finanzen angeht, liegt Österreich im hinteren Drittel. Hier ließ sich aber in der Wahrnehmung internationaler Manager im vergangenen Jahr eine Verbesserung wahrnehmen, so Cabolis. Ein Drittel der Einstufung beruht auf einer Befragung von rund 5.400 Managern in den berücksichtigten Ländern, zwei Drittel ergeben sich aus harten ökonomischen Daten. Die Studienautoren vergleichen insgesamt 340 Kriterien, die in vier Gruppen zusammengefasst werden: volkswirtschaftliche Kennzahlen, Effizienz der Verwaltung, Unternehmenseffizienz und Infrastruktur. Gute Infrastruktur Zumindest bei Letzterer schneidet Österreich traditionell gut ab. Auch Cabolis relativiert die scharfe Kritik am Abgabensystem: Die hohen Steuern münden in eine vergleichsweise gute Infrastruktur. Die Wahrnehmung der Qualität öffentlicher Leistungen habe im Vorjahr noch einmal zugenommen. Offensichtlich ist die Auswirkung von Investitionen aus der Vergangenheit jetzt präsenter, etwa in Transport- oder Logistikfragen, so Cabolis. Insgesamt hat sich Österreichs Standing in Unternehmerkreisen im vergangenen Jahrzehnt dennoch markant verschlechtert. 2007 stand es in der IMD-Wertung noch auf Position elf. Im ähnlich bekannten Wettbewerbsindex des Weltwirtschaftsforums fiel es zwischen 2008 und 2015 von Rang 14 auf Rang 23. An der Weltspitze tut sich indes wenig: Die besten vier der IMD-Studie sind seit mittlerweile sechs Jahren immer dieselben. Im Vorjahr hieß der Primus USA, heuer wurden sie von Hongkong und der Schweiz überflügelt. Die EU-Staaten mit dem besten Image sind Schweden, Dänemark, Irland und die Niederlande. Zu den Aufsteigern gehören osteuropäische Staaten wie Lettland, die Slowakei und Slowenien. Positionswechsel um ein, zwei Plätze sollten nicht überbewertet werden, sagt Cabolis. Das Ranking ist schließlich nicht nur von der eigenen Entwicklung eines Staates abhängig, sondern auch von jener in anderen Ländern. Auch wenn die Aussagekraft von Standortrankings begrenzt ist: Über das Bild, das Wirtschaftstreibende von einem Land oder einer Region haben, geben sie allemal Auskunft. Südamerika etwa hinkt weiter deutlich hinterher. Chile kommt als am höchsten eingeschätztes Land des Kontinents auf Platz 36. Argentinien als Nummer 55 ist das einzige Land aus der Region, das sich verbessern konnte. Den letzten Platz unter den 61 verglichenen Staaten nimmt das krisengeschüttelte Venezuela ein. Der Index, sagt Cabolis, zeige auch, dass die globale Ungleichheit in den vergangenen zwei Jahrzehnten deutlich zugenommen hat. Aber: Sie wächst zumindest nicht mehr so schnell.",,14.3125,4.82465996211132,0.1400437636761488,6.3960612691466086,0.6805251641137856,0.1772428884026258
de_31,de,human,"Sozialistische Jugend und Grüne fordern Rücktritt. Linz – Das Posting von zwei FPÖ-Gemeinderäten in Linz zu Muslimen hat nach einem Medienbericht am Mittwoch für politische Aufregung gesorgt. Die Sozialistische Jugend und die Grünen forderten den Rücktritt der beiden Mandatare. Die Tageszeitung Österreich veröffentlichte ein Posting, wonach die FPÖ-Gemeinderätin Susanne Walcher den Vorschlag von Wirtschaftskammerpräsident Christoph Leitl für ein zum Sozialjahr aufgewertetes Integrationsjahr kommentierte mit: Gute Idee, Herr Leitl! Der notgeile junge Muselmane geht dann als Kindergartenonkel mit den kleinen Mädchen Pipi machen oder er hilft im Pflegeheim der Oma beim Baden. Ihr Parteikollege Markus Kraz ergänzte, sie könnten aber auch in Tierheimen eingesetzt werden. Die haben wenigstens auch liebe Schafe und so.... Die Staatsanwaltschaft prüfe die Postings auf den Tatbestand der Verhetzung. Werteschulung für Gemeinderäte Der Vorsitzende der Sozialistischen Jugend (SJ) Linz Philipp Stadler forderte den Rücktritt der beiden Gemeinderäte und lud sie zum Besuch einer Werteschulung für Menschlichkeit ein. Die Klubobfrau von den Grünen Ursula Roschger bezeichnete das Posting als niederträchtig, abstoßend und verwerflich. Sie verlangte neben dem Rücktritt auch die Landes-FPÖ auf, ihre Parteikollegen in Linz in den Griff zu bekommen. Auch der SPÖ-Bürgermeister Klaus Luger sei gefordert, denn er habe sehr wohl gewusst, mit wem er nach der verlorenen Wahl eine Koalition anstrebte. Der FPÖ-Fraktionsobmann Günther Kleinhanns hat in einer umfangreichen Stellungnahme das Posting seiner Parteikollegen vorsichtig kritisiert aber doch auch unterstützt. Zusammengefasst urteilte er: Unsachlich, aber keine Verhetzung. Eine pauschale Kritik an Asylwerbern und Personen islamischen Glaubens sei nicht beabsichtigt. Konkret auf das Posting hielt Kleinhanns wörtlich fest: Unangebrachte, da unsachliche Kritik kann als nicht-öffentlicher Beitrag auf Facebook aber prinzipiell nicht auf Verhetzung zielen – sonst wäre das ja öffentlich geschrieben worden. Dann relativierte er aber, private Äußerungen könnten insofern immer auch hilfreich sein, als sie momentane, emotionale Stimmungsbilder aus der Bevölkerung – hier von Eltern und Erziehungsberechtigten – widerspiegeln, auf die die Politik bisher zu wenig achte.  (APA, 20.01.2016)",,15.8,10.181355508968341,0.12420382165605096,6.452229299363057,0.697452229299363,0.19745222929936307
de_32,de,human,"Ergebnis eines Gipfels in Brüssel: Unterkünfte für 100.000 Personen sollen entlang der Balkanroute geschaffen und das Einsatzgebiet von Frontex ausgeweitet werden. Brüssel – Staats- und Regierungschefs der von der Flüchtlingskrise besonders betroffenen Nationen trafen sich am Sonntag zu einem Sondergipfel in Brüssel. Nach Angaben der EU-Kommission haben sich die Teilnehmer auf einen 17-Punkte-Aktionsplan geeinigt, mit dem sie die drei zentralen Herausforderungen der Situation lösen wollen: Adäquate Unterkünfte zu bieten, die Bewegungen der Flüchtlingsgruppen gemeinsam zu steuern und die Sicherung der Außengrenzen zu gewährleisten. Die vergangenen Wochen haben gezeigt, dass sich die Aufgaben entlang Balkanroute nicht allein durch nationale Bemühungen lösen lässt, heißt es in einer Presseaussendung der Kommission von Sonntagabend. Demnach haben sich die Staats- und Regierungschefs von Albanien, Bulgarien, Deutschland, Griechenland, Kroatien, Mazedonien, Österreich, Rumänien, Serbien, Slowenien und Ungarn darauf geeinigt, die Zusammenarbeit zu verbessern und sich auf operationale Maßnahmen zur Bewältigung der Flüchtlingskrise geeinigt. Kommissionspräsident Jean-Claude Juncker sagte: Betroffene Länder sollen nicht nur übereinander, sondern miteinander sprechen. Nachbarn sollen zusammen- und nicht gegeneinander arbeiten. Flüchtlinge müssen entlang der Balkanroute human behandelt werden, um eine humanitäre Katastrophe zu verhindern. Der 17-Punkte-Plan soll auch gewährleisten, dass Menschen nicht bei Regen und Kälte auf sich allein gestellt sind. Die Punkte sind in acht Kategorien eingefasst und sollen bereits ab Montag umgesetzt werden: Die betroffenen Staaten sollen für einen permanenten Informationsaustausch einen Ansprechpartner nominieren. Für Österreich wird das der Europa- und Außenpolitische Berater von Kanzler Werner Faymann (SPÖ), Raphael Sternfeld, sein. Unkontrollierte Bewegungen von Gruppen – das sogenannte Durchwinken – Richtung der Grenzen von Staaten, ohne dass diese davon wissen, sollen verhindert werden. Flüchtlinge sollen in der Erfüllung der Grundbedürfnisse unterstützt und ihnen Unterkunft gewährt werden. Dafür sollen mit logistischer Unterstützung des UNHCR und finanzieller Hilfestellung der EU bis Jahresende 50.000 Plätze in Griechenland geschaffen werden. Weitere 50.000 sollen für den Winter zwischen Griechenland und Österreich dazukommen. Auch internationale Finanzinsitutionen sollen sich beteiligen. Es soll eine gemeinsame Steuerung der Ströme gewährleistet werden, dabei helfen sollen die Registrierung unter maximalem Einsatz biometrischer Daten. Auch Abschiebungen bei Fehlen eines Asylgrunds sollen verstärkt gemeinsam und unter Mithilfe der Grenzschutzagentur Frontex bewerkstelligt werden. Rückführungsabkommen mit Drittstaaten sollen entstehen oder überarbeitet werden. Konkret werden Afghanistan, Bangladesch und Pakistan genannt. Der Fokus soll stärker auf das Grenzmanagement gelegt werden, unter anderem durch die Finalisierung des jüngst aufs Tapet gebrachten Aktionsplans mit der Türkei und erhöhten Kontrollen zwischen Griechenland und Mazedonien sowie Albanien, zwischen Bulgarien und der Türkei sowie zwischen Kroatien und Serbien unter Einbindung von UNHCR und Frontex. Nach Slowenien sollen innerhalb einer Woche 400 Polizisten aus anderen EU-Staaten entsendet werden. Frontex soll mit Europol und Interpol stärker gegen Schlepperei und Menschenschmuggel vorgehen. Flüchtlinge und Migranten sollen durch alle möglichen Kommunikationsmittel über ihre Pflichten und Rechte informiert werden. Die Fortschritte alle diese Maßnahmen sollen auf wöchentlicher Basis beobachtet und überwacht werden Die vom Gipfel vereinbarten 17 Punkte sollen zu einer Verlangsamung der Flüchtlingsbewegungen führen, hieß es in EU-Kreisen weiter. So sollen Syrien-Flüchtlinge überzeugt werden, dass sie besser in Griechenland auf Umverteilung in der EU warten sollten, anstatt sich entlang der Balkanroute selbst auf den Weg nach Deutschland zu machen. Die EU zahle für die Verteilungsflüge, wer auf eigene Faust weiterreise, habe keinen Anspruch auf Unterstützung, sondern gelte als illegaler Einwanderer, der zuerst registriert werden müsse, bevor er einen Asylantrag stellen könne. Wie genau die geplante Unterbringung von bis zu 50.000 Flüchtlingen in Griechenland laufen soll, war aber auch nach dem Gipfel unklar. Ein Monster-Lager für 50.000 Menschen wird es nicht geben, sagte der für Migration zuständige Vizeminister Giannis Mousalas (Mouzalas) am Montag dem griechischen Nachrichtensender Vima FM. 20.000 Menschen sollten in Wohnungen untergebracht werden. Die Mieten dafür sollten vom UNO-Flüchtlingshochkommissariat (UNHCR) gezahlt werden, sagte Mousalas. Der griechische Regierungschef Alexis Tsipras hatte nach dem Treffen in Brüssel eine andere Version präsentiert: Wir bleiben bei unseren anfänglichen Verpflichtungen, die fünf Hotspots (Registrierstellen) auf den fünf Inseln zu vollenden ... und Aufnahmemöglichkeiten für 20.000 Menschen auf dem Festland zu schaffen, sagte Tsipras. Zudem sollten 7.000 Plätze auf den Inseln rund um die Hotspots entstehen, wie Tsipras Büro Montag früh schriftlich mitteilte. Bereits vor dem Treffen in Brüssel hatten mehrere Regierungschefs Alexis Tsipras dafür kritisiert, zu wenig zur Eindämmung des Flüchtlingsstroms über den Westbalkan Richtung Mitteleuropa zu tun. Der mazedonische Ministerpräsident Giorge Ivanov beschuldigte das Nachbarland, Gespräche auf höherer politische Ebene zu verweigern. Sein Land wolle zumindest verlässliche Angaben haben, wann Griechenland wie viele Migranten über die Grenze schicke. Ein EU-Vertreter kritisierte: Es ist inakzeptabel, dass ein Land mit so hohen Verteidigungsausgaben keine Patrouillen an seinen Seegrenzen machen kann. In der deutschen Regierung werden die Erfolgsaussichten der Brüsseler Beschlüsse eher verhalten eingeschätzt. Entwicklungshilfeminister Gerd Müller warnte am Montag im Südwestrundfunk, die entlang der Balkanroute geplanten 100.000 Aufnahmeplätze für Flüchtlinge dürften nicht nur auf dem Papier stehen. Die Koordinierung müsse jetzt am besten EU-Kommissionspräsident Jean-Claude Juncker selbst in die Hand nehmen. Auch Kanzleramtsminister Peter Altmaier wertete die nächtlichen Beschlüsse des Sondergipfels, die zu mehr Ordnung entlang der sogenannten Balkanroute führen sollen, lediglich als ersten Schritt, um die mit der hohen Zuwanderungszahl verbundenen Probleme zu lösen. Österreichs Innenministerin Johanna Mikl-Leitner (ÖVP) hat sich am Montag mit den Ergebnissen des EU-Sondertreffens zur Flüchtlingsproblematik entlang der Balkanroute zufrieden gezeigt: Es handle sich um einen wichtigen Schritt in die richtige Richtung, sagte sie am Rande der Feierlichkeiten zum Nationalfeiertag.",,16.923076923076923,10.694797717808976,0.125,6.769495412844036,0.5860091743119266,0.19724770642201836
de_33,de,human,"Die Regierung ermöglicht es den Banken durch einen Erlass, ausständige Darlehen rascher einzutreiben. Rom, 30. Apr (Reuters) – Die italienische Regierung hat weitere Hilfen für die kriselnde Bankenbranche auf den Weg gebracht. Sie verabschiedete am Freitag einen Erlass, der den Geldhäusern das beschleunigte Eintreiben unbezahlter Kredite ermöglichen soll. Dies wird die Zeit zum Eintreiben von Darlehen von sechs bis acht Jahren auf sechs bis acht Monate verkürzen, sagte Ministerpräsident Matteo Renzi. Der Erlass hat das Ziel, die Probleme in unserem Bankensektor endgültig zu lösen. Unter anderem sollen die Banken schneller an Sicherheiten von Unternehmen, die als Garantie hinterlegt worden seien. Privatkredite wie etwa Hypotheken seien nicht davon betroffen. Zudem sollen gut die Hälfte der rund 10.000 Kleinanleger entschädigt werden, die als Anleihenbesitzer bei der staatlichen Rettung von vier kleinen Banken im vergangenen Jahr Geld verloren hatten. Die Vorfälle hatten Renzi damals viel Kritik eingebrockt. Erst kürzlich hatte Italiens Finanzbranche unter Anleitung der Regierung einen milliardenschweren Rettungsfonds für die Krisenbanken des Landes aufgelegt. Die Institute ächzen unter einem Berg fauler Kredite in Höhe von rund 360 Milliarden Euro, den sie im Zuge der Wirtschaftsflaute angehäuft haben.",,14.307692307692308,6.1816678778044425,0.11351351351351352,6.151351351351352,0.7621621621621621,0.17297297297297298
de_34,de,human,"Mehr Engagement für Schwache, Obdachlose und Flüchtlinge – aber weniger bei der Bekehrung Andersgläubiger: Das wird von der Kirche gewünscht. Linz – Ostern, ein im Kern heidnisches Fest? Nein, das glaubt nur jeder fünfte Befragte, 50 Prozent lehnen diese Interpretation ab. Der Osterhase – ein ursprünglich heidnisches Fruchtbarkeitssymbol, das die Kirche in ein Symbol für Christus umgedeutet hat – wird von 81 Prozent als sympathische Figur gesehen. Die Auferstehung Jesu Christi, Kern des christlichen Osterglaubens, feiert nur jeder zweite Österreicher – und zwar mit abnehmender Tendenz: Für 63 Prozent der Menschen über 50 ist das Osterfest eines der Auferstehung, bei den Befragten unter 29 Jahren feiert nur noch jeder Dritte die Auferstehung. Und neun Prozent sagen, sie mögen christliche Feste wie Ostern und Weihnachten überhaupt nicht – besonders unter Grün-Wählern ist diese Haltung verbreitet. Das ist das Ergebnis der in der Vorwoche durchgeführten Osterumfrage für den Standard. Die Haltungen zum Osterfest sind in der kleinen Grafik festgehalten. Traditionell fragt das Linzer Market-Institut bei Umfragen zum Thema Kirche auch: Die Zeiten werden derzeit als allgemein schwierig erlebt. Hat die katholische Kirche für die Menschen in unserer Zeit die richtigen Antworten? Darauf sagt nur jeder hundertste Befragte, dass das ganz bestimmt zutrifft. In früheren Umfragen, gab es noch bis zu sieben Prozent volle Zustimmung – dieser Wert wurde 2008 und 2012 erreicht, seit 2013 schwankt er aber zwischen ein und zwei Prozent. 15 Prozent sagen Ja, eher schon – aber 58 Prozent Nein, eher weniger und 24 Prozent Nein, gar nicht. Market-Institutsleiter David Pfarrhofer weist darauf hin, dass die vollständige Ablehnung der kirchlichen Antworten mit 24 Prozent derzeit deutlich niedriger ist als zu Beginn des Jahrzehnts – ob das mit dem Wechsel von Papst Benedikt zu Papst Franziskus zu tun hat, darüber kann man nur spekulieren, dazu haben wir keine Daten. Was man aber generell sagen könne: Der Kirche wird viel Veränderungsbedarf attestiert. Vor drei Jahren noch haben 83 Prozent gesagt, dass sozial Schwache in der Kirche eine Heimat fänden – dieser Wert ist auf 68 Prozent gesunken. Auch dass die Kirche Heimat für Familien oder für Arbeiter ist, wird jetzt weniger gesehen als in früheren Umfragen. Dafür werden neue Wünsche an die Kirche herangetragen – dokumentiert auf der großen Grafik. Sich um sozial Benachteiligte und um todkranke Menschen mehr zu kümmern steht ganz oben auf der Wunschliste. Deutlich geringer geschätzt wird der Erhalt von Kirchenbauten (was vor allem jungen Befragten weniger wichtig erscheint) oder auch die Einrichtung kirchlicher Jugendgruppen. Ganz weit hinten liegt der Wunsch, die Kirche möge sich um ihre Kernaufgabe, die Verbreitung des Glaubens, mehr kümmern: Nur 19 Prozent sagen, die Kirche solle mehr tun, um den Menschen den Weg zu Gott zu weisen, 49 Prozent sagen, sie tue da genug und 23 Prozent wollen sogar, dass sie weniger auf Gott verweist. Missionstätigkeit bei Menschen anderen Glaubens lehnen sogar 53 Prozent ab.  (Conrad Seidl, 26.3.2016)",,19.12,13.556754773912523,0.12184873949579832,5.527310924369748,0.615546218487395,0.19327731092436976
de_35,de,human,"Anleihe zur Teilfinanzierung des Küniglberg-Bauvorhabens mit großer Mehrheit beschlossen – Rückstellungen und Frühfernsehen machen Budget zur ""Herausforderung"". Wien – Der ORF ist 2016 mit einem der härtesten Budgets der vergangenen Jahre konfrontiert, sagte ORF-Finanzdirektor Richard Grasl am Donnerstag nach einer Sitzung des ORF-Stiftungsrats. Rückstellungen aufgrund der Klage des Betriebsrats, steuergesetzliche Änderungen sowie das Frühfernsehen würden das Budget belasten. Mit großer Mehrheit wurde unterdessen die Begebung einer ORF-Anleihe beschlossen. Das Budget 2016 sei jedenfalls eine große Herausforderung, erklärte Grasl. Unter anderem musste derORF Rückstellungen – laut Generaldirektor Alexander Wrabetz in ausreichendem Maße – wegen der Klage des Zentralbetriebsrats im Zusammenhang mit der Anrechnung von Vordienstzeiten bilden. Auch das Frühfernsehen schlägt mit Nettokosten von sechs Millionen Euro zu Buche. Für das laufende Geschäftsjahr fiel die Bilanz positiv aus: Trotz der aktuell sehr schwierigen Lage auf dem Werbe- und Finanzmarkt wird der ORF durch die unterjährig eingeleiteten Gegenmaßnahmen aus heutiger Sicht auch 2015 wieder ein ausgeglichenes Ergebnis schaffen und ist wirtschaftlich auf Kurs, erklärte der Kaufmännische Direktor. Mit dem Anleihe-Beschluss hat der Stiftungsrat grünes Licht für die Teilfinanzierung des Standortprojekts im ORF-Zentrum am Wiener Küniglberg mittels Anleihe in Form einer Privatplatzierung gegeben. Ab nächster Woche werde man damit auf den Markt gehen, berichtete Grasl. Am 23. Oktober soll feststehen, wie viele Anleihen verkauft wurden und wie der Zinssatz aussieht. Es ist erfreulich, dass wir den nächsten Meilenstein bei unserem Standortprojekt gemacht haben, freute sich auch Stiftungsrat Thomas Zach. Allerdings kann nicht jeder, sondern können nur Großinvestoren und institutionelle Investoren die Anleihe zeichnen. Mit der Anleihe will der ORF Teile der Mittel für die geplanten Sanierungsarbeiten sowie den Newsroom-Zubau am Küniglberg aufbringen. In den vergangenen Monaten wurden laut ORF verschiedene Finanzierungsinstrumente geprüft, darunter auch die Variante eines Leasings – eine Anleihe habe sich schließlich aber als beste Vorgehensweise erwiesen. Die Federführung der Transaktion wird von der UniCredit Bank Austria übernommen. Insgesamt kostet das Bauvorhaben rund 300 Millionen Euro.",,17.444444444444443,9.911958110295206,0.09235668789808917,6.56687898089172,0.7070063694267515,0.18789808917197454
de_36,de,human,"Tiere stahlen Gummibeschichtung von Scheibenwischern. Tokio – Krähen haben in Japan ein Großaufgebot der Polizei mobilisiert. Dutzende Male hatten sich Bewohner der Stadt Matsue bei den Beamten gemeldet, weil jemand ihre Scheibenwischer am Auto beschädigt habe, wie die japanische Zeitung Yomiuri Shimbun am Mittwoch berichtete. Daraufhin habe die Polizei nicht weniger als 50 Mann zur Ermittlung der mysteriösen Vandalismus-Fälle abgestellt und Tag und Nacht in der betroffenen Gegend patrouilliert. Mithilfe von Überwachungskameras konnten die Täter schließlich festgestellt werden: Krähen. Die Tiere fanden nämlich die Gummibeschichtungen der Scheibenwischer praktisch zum Bau ihrer Nester. Da zeigte sich die Polizei am Ende machtlos: Die können wir ja nicht verhaften.  (dpa, 17.6.2015)",,11.0,9.077444574328174,0.12962962962962962,6.324074074074074,0.8148148148148148,0.16666666666666666
de_37,de,human,"Urteil im Streit Mainz vs. Müller: befristete Verträge rechtens – 2014 aussortierter Torhüter klagte nach Ablauf seines Vertrags. Mainz – Fußballvereine dürfen ihren Spielern auch weiterhin befristete Verträge geben. In einem brisanten Rechtsstreit zwischen dem FSV Mainz 05 und seinem früheren Torhüter Heinz Müller fällte das Landesarbeitsgericht Rheinland-Pfalz am Mittwoch ein Urteil, das den Profifußball vor radikalen Umwälzungen bewahrt. Müller hatte 2014 nach Ablauf eines Zweijahresvertrages auf eine Feststellung des Fortbestandes als unbefristetes Arbeitsverhältnis geklagt. Das Arbeitsgericht Mainz entschied daraufhin, dass auch Fußballprofis arbeitsrechtlich wie normale Arbeitnehmer behandelt werden müssen und nicht ständig Zwei-, Drei- oder Vierjahresverträge erhalten dürfen. Das Landesarbeitsgericht als nächst höhere Instanz änderte dieses Urteil jetzt wieder ab, ließ aber auch gleichzeitig eine Revision zu. Sowohl Mainz 05 als auch Müller können jetzt noch vor das Bundesarbeitsgericht ziehen. Der 37-Jährige und sein Anwalt haben nach eigenen Angaben noch nicht entschieden, ob sie in die Revision gehen und wollen das Urteil erst genau prüfen. Vereine und Verbände hatten einen neuen Fall Bosman bis hin zum völligen Zusammenbruch des gängigen Transfersystems befürchtet. Dass das Landesarbeitsgericht dieses erstinstanzliche Urteil nun gekippt hat, sorgte im Profifußball für große Erleichterung. Wir freuen uns über dieses klare Votum, erklärte die Deutsche Fußball Liga in einer ersten Reaktion. Müller hatte 2012 einen neuen Zweijahresvertrag in Mainz unterschrieben. Der sollte sich ab einer bestimmten Anzahl von Liga-Einsätzen automatisch verlängern. Ein halbes Jahr vor Ablauf dieses Vertrages sortierte der damalige Mainz-Trainer Thomas Tuchel den Torhüter aus. Müller musste den Verein im Sommer 2014 verlassen und zog vor Gericht. Durch die sportliche Degradierung sah er sich vor allem um die Chance gebracht, dass sich sein Vertrag noch einmal automatisch verlängert. Das Landesarbeitsgericht wies Müllers Klage nun zur Gänze zurück. Die Entscheidung des beklagten Vereins, dem Kläger die Chance auf die Teilnahme am aktiven Spielbetrieb und damit die Möglichkeit, die vereinbarte Punkteprämie in der Rückrunde der Saison 2013/2014 zu erreichen, zu versagen, war rechtlich nicht zu beanstanden, heißt es. Die Entscheidung darüber, ob der Spieler in Bundesliga-Spielen eingesetzt wird, unterliegt dem freien Ermessen des Trainers. Müller war es nie darum gegangen, dass System Profifußball ins Wanken zu bringen. Da das Arbeitsgericht aber entschied, dass solche Befristungen nur im Falle eines sachlichen Grundes zulässig seien, befürchteten Vereine und Verbände schwerwiegende Folgen für die gesamte Branche. Wenn wir jeden Spieler mit einem unbefristeten Vertrag ausstatten würden, hätten wir ja 50, 60 Profis im Kader, meinte Mainz-Präsident Harald Strutz. Eine weitere Befürchtung war, dass Topspieler ihre Verträge künftig jedes Jahr im Rahmen gesetzlicher Kündigungsfristen kündigen und danach ablösefrei zu einem anderen Club wechseln könnten.",,17.625,7.55983079616645,0.1111111111111111,6.302600472813239,0.6950354609929078,0.1347517730496454
de_38,de,human,"Hintergrund sind die Facebook-Postings des Autors nach Anschlägen in Paris. Hamburg – Der gekündigte Welt-Kolumnist Matthias Matussek will mit einer Kündigungsschutzklage gegen seinen ehemaligen Arbeitgeber, den Axel-Springer-Verlag, vor Gericht ziehen. Das berichtet die Süddeutsche Zeitung. Wie berichtet sorgte ein Facebook-Posting von Matussek nach den Anschlägen in Paris für Wirbel.  Matussek schrieb: Ich schätze mal, der Terror von Paris wird auch unsere Debatten über offene Grenzen und eine Viertelmillion unregistrierter junger islamischer Männer im Lande in eine ganz neue frische Richtung bewegen.. Versehen war das Posting mit einem Smiley. Welt-Chefredakteur Jan-Eric Peters nannte den Beitrag durchgeknallt. Danach war der Konflikt weiter eskaliert, am 17. November hat sich die Welt von Autor Matussek getrennt.",,12.444444444444445,8.125557910569876,0.13392857142857142,6.392857142857143,0.8303571428571429,0.1875
de_39,de,human,"Plattform verspricht ""die besten Geschichten von Frauen aus der ganzen Welt"". Jetzt müssen nur noch die Leser daran glauben. Wien/Berlin – Ein Interview mit Palästinas einziger Bierbrauerin oder eine Geschichte über die schwierige Situation von Homosexuellen in Weißrussland. Das sind Beispiele für Themen, die Pauline Tillmann mit dem Onlinemagazin Deine Korrespondentin forcieren möchte. Wir wollen interessante Frauen auf der ganzen Welt vorstellen, sagt die 32-Jährige zum STANDARD. Mit dem Ziel, sie sichtbarer zu machen. Deine Korrespondentin ist eine Plattform, die von derzeit acht Korrespondentinnen gefüttert wird. Im Schnitt wird jede Woche ein Artikel veröffentlicht – etwa aus Indien, Afrika oder dem Nahen Osten. Tillmann greift dabei auf Journalistinnen zurück, die meist als Freie für verschiedene Medien arbeiten. Für einen Artikel winken 100 Euro. Bei ihr hätten jene kantigen Themen Platz, die andere Medien ignorierten. Bevor Tillmann das Portal gründete, war sie von 2011 bis Anfang 2015 selbst als Auslandskorrespondentin tätig. Stationiert in St. Petersburg, belieferte sie die ARD mit Reportagen und Radio-Features aus Russland und der Ukraine. Also aus einer Region, in der einem eigentlich nicht so schnell fad wird. Und dennoch: Tillmann wollte nicht nur als Journalistin gestalten, sondern als Medienmacherin dirigieren. Initialzündung war eine dreimonatige Recherchereise in den USA. Thema: die Zukunft des Journalismus. Ein weites Feld, zur Ernte bereit. Medien seien im Wandel: Jetzt ist die Pionierzeit, und da wollte ich dabei sein. Die Grundfinanzierung für ihr Portal schaffte sie im März via Crowdfunding. Weil aber 6500 Euro alleine noch keine monatelangen Löhne garantieren, setzte sie im Sommer auf ein Abomodell. Dem Plan, fünf Euro pro Monat zu verlangen, folgte schnell die Ernüchterung. Gerade einmal zehn Abos standen zu Buche. Viel zu wenig, um ein Geschäftsmodell zu etablieren und Grund genug, um zurückzurudern. Mit heute, Donnerstag, fällt die Bezahlschranke. Alle Artikel sind wieder frei verfügbar: Ich habe gedacht, dass in Deutschland die Zeit reif ist für Paid Content, resümiert sie, aber das ist nicht der Fall . Es gebe noch zu viele gute Inhalte im Internet, die frei seien. Ans Aufgeben denkt Tillmann nicht, ganz im Gegenteil: Wir müssen zuerst bekannter werden und versuchen es vielleicht in ein, zwei Jahren wieder mit einem Abomodell. Immerhin ist ihr Projekt schon so bekannt, dass es das Interesse von Investoren weckt. Für einen Anteil von fünf Prozent am Unternehmen erhält Tillmann 12.000 Euro. Teil des Deals ist die Aufnahme in ein Mentoring-Programm und ein Platz in einem Gemeinschaftsbüro. Neben Investoren möchte sie noch Stiftungsgelder anzapfen, Veranstaltungen organisieren und Kooperationen anleiern. Regionalzeitungen könnten etwa Deine Korrespondentin-Artikel kaufen. Ihr Motto: nicht jammern, tun: In Deutschland wird viel geredet.",,11.833333333333334,5.30461015427985,0.16901408450704225,5.838028169014085,0.6807511737089202,0.19483568075117372
de_40,de,human,"Parlament wird mit Stellungnahmen geflutet, zahlreiche Memes und sogar Hip-Hop-Songs im Umlauf. Einem beträchtlichen Anteil österreichischer Trafikanten, Raucher und Dampfer schmeckt das geplante Tabakgesetz ganz und gar nicht. Die unterschiedlichen Interessengruppen attackieren  die Pläne der Bundesregierung nun mit einer Onlinekampagne. Mit dem Tabak-Shitstorm soll eine Überarbeitung des Gesetzes erzwungen werden. Zur Mobilisierung werden Memes und ältere Hip-Hop-Songs über E-Zigaretten verwendet. Trafikanten stört etwa, dass Kautabak verboten wird, Schockbilder auf Zigarettenpackungen kommen und der Versandhandel mit Tabakwaren eingeschränkt werden soll. Motiviert von Interessenvertretern, bombardieren Trafikanten nun das österreichische Parlament mit individuellen Stellungnahmen, die gemeinhin Branchenverbände übernehmen. Nahezu täglich erscheinen dutzende neue Statements, die sich – vor allem angesichts des parlamentarischen Kontexts – durch ihre Schärfe auszeichnen. So bezeichnet eine Bürgerin die Pläne der Bundesregierung als so verlogen, so richtig zum Kotzen. Ein anderer Bürger beschwert sich mit folgenden Worten: Ich bin 65 Jahre, rauche seit meinem 14 Lebensjahr, habe 97 Prozent Lungenkapazität und bin kerngesund. Man sollte mal die Gesetze überdenken, die von der Politik gemacht werden und nicht vom Volk gebilligt. Auch über das geplante Rauchverbot in der Gastronomie, das 2018 Realität wird, regen sich zahlreiche Bürger auf. Wollt ihr amerikanische Verhältnisse … Futteraufnahme in einer ungemütlichen Fast-Food-Bude?, fragt eine Bürgerin. Eine Wirtin schreibt, dass sie zwei Mitarbeiter (beide Raucher) hat und durch das Gesetz in meiner EIGENEN Hütte nicht mehr rauchen!!!!!! dürfe. Das sei die größte Frechheit, was es gibt, so die Wirtin weiter. Auch die Dampfer, also Nutzer von E-Zigaretten, sind unglücklich. Denn laut Gesetz sollen E-Zigaretten künftig mit Tabakprodukten gleichgestellt werden, was Regulierungen betrifft. Für sie gelten Rauchverbote dann ebenso, außerdem wird der Internethandel mit E-Zigaretten und Zubehören verboten. Eine Änderung dieser Bestimmungen war von einer EU-Richtlinie ausgelöst worden, die Mitgliedstaaten bis Mai 2016 umsetzen müssen. Dampfer hatten schon länger gegen die EU-Politik in Bezug auf E-Zigaretten protestiert. So war es europaweit zu mehreren Demonstrationen gekommen. Online ist die Dampfer-Community eng vernetzt, auch international. Der Österreichische Dampferclub ist hierzulande eine der größten einschlägigen Anlaufstellen. Er bietet seinen Nutzern Memes an, die diese im Netz verbreiten sollen. Außerdem kursieren sogar Rapsongs, in denen gegen Brüssel gewettert wird und E-Zigaretten gepriesen werden. Auch der Dampferclub fordert Unterstützer auf, Stellungnahmen an das österreichische Parlament zu schicken. Mehrere Nutzer schildern etwa, wie sie durch E-Zigaretten – die laut Gesundheitsexperten zwar schädlich, aber weniger fatal als Zigaretten sind – vom Rauchen weggekommen sind. Dampf rettet Leben! Dampfen – Sag Ja zur Freiheit, schreibt eine Nutzerin. Sie verabschiedet sich mit dampfenden Grüßen.",,12.8125,5.547733208257225,0.16381418092909536,6.591687041564792,0.706601466992665,0.17359413202933985
de_41,de,human,"Auftritt am 9.5. in die Wiener Stadthalle – Vorverkauf startet am Freitag. Wien – Die britische Rockband Muse gastiert am 9. Mai 2016 in der Wiener Stadthalle. Die Band spielt laut dem Veranstalter auf einer 360-Grad-Bühne inmitten der Konzerthalle. Passend zum aktuellen Album Drones sollen während der Show auch kleine Kameradrohnen in die Luft steigen. Zuletzt gastierte die Band um Frontmann Matthew Bellamy im Juni bei Rock in Vienna auf der Donauinsel. Der Vorverkauf für die Stadthallen-Show startet am Freitag, 18. September.",,8.3,5.386093203798093,0.13414634146341464,5.512195121951219,0.7682926829268293,0.21951219512195122
de_42,de,human,"Haager Gericht forderte Auslieferung von drei angeklagten Ultranationalisten. Belgrad/Den Haag – Ein Belgrader Gericht hat am Mittwoch die Überstellung von drei vom UN-Tribunal für Kriegsverbrechen im ehemaligen Jugoslawien wegen Missachtung des Gerichts angeklagten Ultranationalisten ausgeschlossen. Serbien wäre verpflichtet, die wegen Kriegsverbrechen, Völkermord und Verbrechen gegen die Menschheit angeklagten Personen zu überstellen, stellte das Gericht fest. Bei den Anklagen für Missachtung des Haager Gerichtes gebe eine solche Verpflichtung nicht, so das Gericht. Das UN-Tribunal hatte drei Parteifreunde des wegen Kriegsverbrechen angeklagten Ultranationalistenführer Vojislav Seselj der Missachtung des Gerichtes angeklagt. Sie sollen im Prozess gegen Seselj Belastungszeugen erpresst und eingeschüchtert haben. Auch sollen sie versucht haben, Zeugen durch Bestechungsgelder dazu zu bewegen, nicht gegen Seselj auszusagen. Die Anklage gegen die drei war im Dezember veröffentlicht worden. Seselj war unterdessen Ende März in erster Instanz aller Kriegsverbrechenvorwürfe freigesprochen worden. Das Berufungsverfahren ist soeben im Gange. Die serbische Regierung hatte Anfang März ein Verfahren zur Auslieferung der drei angeklagten Ultranationalisten eingeleitet.",,14.272727272727273,5.626090344278474,0.10828025477707007,7.13375796178344,0.6942675159235668,0.15286624203821655
de_43,de,human,"Europastudio: EU ohne Briten? | Panorama: Zum Weltfrauentag | Metropolis | Erlebnis Bühne: Mütter | Im Zentrum: Politkuh oder Sündenfall | Bear Grylls: Stars am Limit – Barack Obama. 11.05 DISKUSSIONEuropastudio: EU ohne Briten? Paul Lendvai diskutiert mit Anne McElvoy (The Economist), Stefanie Bolzen (Die Welt), Daniel Vernet (Publizist) und Christian Ultsch (Die Presse). Bis 12.00, ORF 2 13.05 MAGAZINPanorama: Zum Weltfrauentag Wie weit der Weg zur Gleichberechtigung trotz verbesserter Gesetzeslage in den 1970er-Jahren noch war, zeigten Trautl Brandstaller und Monika Lindner in ihrer Reportage Gleiche Arbeit – gleicher Lohn von 1978. Bis 13.30, ORF 2 13.30 MAGAZINHeimat, fremde Heimat 1) Migrantinnen in Österreich. 2) Weitblicke mit Christine Nöstlinger und Mirjam Unger. 3) Binge Eating Disorder. Bis 14.00, ORF 2 16.50 MAGAZINMetropolis 1) Metropolenreport: Breslau. 2) Michelle Dorrance in New York. 3) Das Wunder von Perm. 4) Gila Lustiger in Paris. 5) Hieronymus Bosch im Net Noordbrabant Museum. 6) Rosefeldt in Berlin. Bis 17.35, Arte 19.25 MAGAZINErlebnis Bühne: Mütter – Christa Ludwig Die große Konzertsängerin Christa Ludwig im Gespräch mit Journalistin Hermi Löbl. Ab 20.15 Uhr: Ariadne auf Naxos. Bis 23.45, ORF 3 21.45 DISKUSSIONAnne Will: Flüchtlingsdrama vor dem Gipfel – Ist Europa noch zu retten? Gäste: Heiko Maas (SPD), Sebastian Kurz (ÖVP), Katja Kipping (Die Linke), Ka trin Göring-Eckhardt (Die Grünen) und Richard Sulík (SaS). Bis 22.45, ARD 22.00 DISKUSSIONIm Zentrum: Politcoup oder Sündenfall – Österreichs Flüchtlingspolitik auf dem europäischen Prüfstand Zu Gast: Reinhold Mitterlehner (ÖVP), Johannes Voggenhuber (Die Grünen), Gerda Falkner (Politologin), Valentin Inzko (Diplomat) und Stephan Löwenstein (Journalist, FAZ). Bis 23.05, ORF 2 23.05 DOKUMENTARFILMZum Weltfrauentag: Wenn Frauen Frieden machen Inmitten des Israel-Palästina-Konflikts gründen Anat aus Israel und Rola aus Palästina gemeinsam ein Logistikunternehmen. Ab 0.05 Uhr: Vivienne Westwood – Do it yourself. Ab 1.00 Uhr: Coco Chanel. Bis 3.15, ORF 2 23.05 MAGAZINTitel, Thesen, Temperament 1) Pekings Pop-Ikone Helen Feng. 2) Juli Zeh: Unterleuten. 3) Fotos von Thomas Struth. 4) Doku: Im Strahl der Sonne. 5) Der Kopp-Verlag in der Kritik. Bis 0.00, ARD 23.15 SURVIVALBear Grylls: Stars am Limit – Barack Obama Bear Grylls nimmt Barack Obama, Präsident der Vereinigten Staaten mit in die Wildnis. Bis 0.10, Dmax",,7.230769230769231,7.855951650268792,0.26912181303116145,5.8696883852691215,0.7393767705382436,0.10198300283286119
de_44,de,human,"Deutscher gewinnt auch die zweite Etappe in den Niederlanden im Sprint und übernimmt damit auch das Rosa Trikot. Arnheim – In ebenso eindrucksvoller Manier wie am Vortag hat der Deutsche Marcel Kittel die dritte Etappe des Giro dItalia für sich entschieden. Dem 27-Jährigen gelang damit ein Doppelschlag, denn er eroberte dank der Zeitgutschrift auch das Rosa Trikot vom Auftaktsieger Tom Dumoulin (NED). Kittel setzte sich nach 190 km von Nijmegen nach Arnheim mit mehreren Radlängen Vorsprung auf den Italiener Elia Viviani (Sky) durch. In der Gesamtwertung übernahm der Radprofi des belgischen Teams Etixx zum zweiten Mal nach 2014 die Führung. Damals hatte der Sprintstar in Nordirland ebenfalls die 2. und 3. Giro-Etappe gewonnen, dann aber erkrankt aufgeben müssen. Ich bin stolz, das Rosa Trikot zu tragen, sagte Kittel. Matthias Brändle, der Neunte des Auftakt-Zeitfahrens, machte auf der dritten Etappe erneut einen Platz gut. Der IAM-Profi aus Vorarlberg hat als Siebenter 23 Sekunden Rückstand. Der Steirer Georg Preidler beendete den Tag vor erneut Hunderttausenden Fans auf dem 21. Rang und verbesserte sich vom zwölften auf den zehnten Gesamtrang (+26 Sek.). Die 99. Giro-Auflage wird am Dienstag in Italien fortgesetzt. (APA, 8.5.2016) 3. Etappe (Nijmegen-Arnheim/190 km): 1. Marcel Kittel (GER) Etixx 4:23:45 Std. – 2. Elia Viviani (ITA) Sky – 3. Giacomo Nizzolo (ITA) Trek – 4. Andre Greipel (GER) Lotto – 5. Alexander Porsew (RUS) Katjuscha – 6. Kristian Sbaragli (ITA) Dimension Data. Weiter: 21. Georg Preidler (AUT) Giant – 86. Matthias Brändle (AUT) IAM, alle gleiche Zeit – 168. Stefan Denifl (AUT) IAM 6:03 Min. zurück – 178. Riccardo Zoidl (AUT) Trek 7:39 Gesamtwertung: 1. Kittel 9:13:10 Std. – 2. Tom Dumoulin (NED) Giant +0:09 Min. – 3. Andrey Amador (CRC) Movistar 0:15 – 4. Tobias Ludvigsson (SWE) Giant 0:17 – 5. Moreno Moser (ITA) Cannondale 0:21 – 6. Bob Jungels (LUX) Etixx 0:22 – 7. Brändle 0:23. Weiter: 10. Preidler 0:26 – 171. Zoidl 8:16 – 178. Denifl 8:38",,7.021739130434782,5.616316023077539,0.225,5.234375,0.6875,0.10625
de_45,de,human,"Stadtpolitik einigte sich auf Prüfung einer Wiederaufstellung. Linz – In der seit Jahren brodelnden Diskussion über die Aphrodite vom Bauernberg – 1942 als Geschenk Hitlers an die Stadt Linz in einem Rundtempel im Park aufgestellt und 2008 nach Hinweisen von Kunststudenten vom damaligen Bürgermeister Franz Dobusch in den Keller des Stadtmuseums Nordico verbannt – gibt es jetzt eine durchaus überraschende Wende: Ein Dringlichkeitsantrag zur Einberufung einer Arbeitsgruppe, die eine Wiederaufstellung prüfen soll, fand am Donnerstagabend im Linzer Gemeinderat eine deutliche Mehrheit. Erstmals scheinen damit die verhärteten Fronten auf politischer Ebene zu bröckeln: SPÖ und Grüne haben nämlich als deklarierte Gegner einer Rückführung der Liebesgöttin in den öffentlichen Raum dem Initiativantrag zugestimmt. In weiterer Folge soll sich jetzt eine Arbeitsgruppe, bestehend aus dem Linzer Kulturdirektor Julius Stieber, der Leiterin des Stadtmuseums Nordico, Andrea Bina, und dem Stadtarchiv-Leiter Walter Schuster, mit dem heiklen Thema befassen. Zudem sollen weitere Experten hinzugezogen werden, die die Wiederaufstellung der Aphrodite im öffentlichen Raum prüfen und begleitende Vermittlungsprojekte im Sinne einer verantwortungsvollen Erinnerungskultur konzipieren, erläutert der Linzer Vize-Bürgermeister Bernhard Baier (ÖVP). In der Causa ist übrigens durchaus Eile geboten: Am 15. Mai läuft die vom Bundesdenkmalamt genehmigte Verwahrungsfrist offiziell ab. Eine entsprechende Aufforderung zur Wiederaufstellung des Abgusses – das heute verschwundene Original des Bildhauers Wilhelm Wandschneider stand einst in der Berliner Reichskanzlei – ist beim Rathaus bereits eingelangt. Offen ist noch, ob das Bundesdenkmalamt jetzt, angesichts der Gründung der Arbeitsgruppe, einer Verlängerung der Verwahrungsfrist zustimmt.",,26.444444444444443,19.351205021973932,0.10084033613445378,6.689075630252101,0.7100840336134454,0.15966386554621848
de_46,de,human,"Wie wirken die Wahlplakate der Hofburg-Kandidaten auf Touristen in Wien? Eine Umfrage. Ich glaube, er wäre ein besserer Großvater als ein Manager: Die Kandidatenplakate zur Bundespräsidentenwahl erwecken bei Wien-Touristen nicht immer das, was ihre Designer beabsichtigen. Wie Menschen, die weder die Kandidaten kennen noch (zumeist) deren Slogans verstehen, auf die Plakate reagieren, hat DER STANDARD in Wiens Innenstadt erfragt.",,14.75,9.202581159652981,0.1694915254237288,6.322033898305085,0.8813559322033898,0.1864406779661017
de_47,de,human,"Ein 58-Jähriger soll in einem Krankenhaus einen Security attackiert haben, da ihm die Wartezeit zu lang wurde. Die Richterin kennt das. Wien – Richterin Martina Krainz verhehlt schon zu Beginn der Verhandlung gegen Heinrich S. nicht, dass sie Verständnis für sein Motiv hat. Sie waren also in der Ambulanz, da war Ihnen sicher ein bisschen fad beim Warten, und dann sind Sie grantig geworden, vermutet sie, warum der 58-Jährige im Spital einen Security-Mitarbeiter mit Pfefferspray attackiert und sich gegen die Polizei gewehrt haben soll. Haben Sie einen Überblick über Ihre Vorstrafen?, fragt die Richterin den Angeklagten. Der gibt sich fatalistisch: Mit der jetzt sind es 23. Er bekennt sich teilschuldig, den Sicherheitsmann habe er tatsächlich eingesprüht, die Polizisten aber nicht angegriffen. Im Gegenteil, die Beamten hätten im Warteraum seinen Kopf mehrmals gegen den Boden geschlagen. Warum haben Sie überhaupt trotz Waffenverbots einen Pfefferspray?, will Krainz von dem Besachwalteten wissen. Den habe ich davor im Bus gefunden. Ich wusste nicht, dass der unter das Waffenverbot fällt. – Was soll er sonst sein? Ein Kochzubehör? Der von Katrin Ehrbar Verteidigte sagt auch, er habe an dem Abend Tabletten und Alkohol konsumiert, sei aber klar im Kopf gewesen. Um zwei Uhr morgens kam er mit einer Handverletzung in die Ambulanz. Wohin auch sonst, selbst Gruppenpraxen hätten um diese Uhrzeit nicht mehr offen. Mindestens eine Stunde hättte er warten müssen, nach einer Viertelstunde beschwerte er sich bei einem Pfleger, der sich bedroht fühlte und die Sicherheitskraft rief. Der sagt als Zeuge, S. sei zunächst normal gewesen, habe ihm dann aber den Mittelfinger gezeigt. Er habe ihn daraufhin ermahnt, sich zu benehmen, damit sei die Situation für ihn erledigt gewesen. Er drehte sich weg, hörte ein Geräusch, sah wieder Richtung Angeklagtem und hatte den Pfefferspray im Gesicht. Anschließend habe der Mann noch ein Messer gezogen und Stichbewegungen angedeutet, woraufhin er die Polizei alarmiert habe. Interessanterweise schildert er, dass S. bei deren Eintreffen wieder normal gewesen sei und dennoch an der Wand fixiert wurde. Der Auftritt des Pflegers gerät launig. Da die vorangegangenen Verhandlungen den Prozessbeginn um mehr als eine Stunde verspätet haben, empfängt ihn Krainz mit Ich muss mich für die Verspätung entschuldigen. – Kein Problem. – Wobei, andererseits, ich habe auch schon so lange im Spital warten müssen, also nehme ich das wieder zurück, amüsiert sich die Richterin. Vom Vorfall hat der Krankenhausangestellte nur einen Teil beobachtet, er schildert aber, dass der Angeklagte erst an der Wand und danach tatsächlich auf dem Boden fixiert worden ist. Einer der bei der Festnahme anwesenden Polizisten erzählt dann, S. habe sich in der Polizeiinspektion bei der Leibesvisitation unwillig gezeigt. Wobei Erstaunliches passiert sein soll: Zwei Beamte hätten den Angeklagten an der Wand fixiert, dennoch schaffte es dieser, dem Zeugen seinen Pfefferspray zu entwenden. Der hing in einer mit Druckknopf verschlossenen Tasche an seinem Gürtel. Er sei auch am Kopf getroffen worden, sodass seine Brille weggeflogen sei. Auf ein Urteil wird S. noch länger warten müssen – Krainz will noch weitere Polizisten zur Klärung hören und vertagt.",,12.846153846153847,7.9631795657792495,0.15430861723446893,5.56312625250501,0.6132264529058116,0.14428857715430862
de_48,de,human,"Ab sofort werden neu in Österreich ankommende Flüchtlinge auf die Wartebank geschickt. Wien – Mit einer am Freitag erteilten Weisung hat Innenministerin Johanna Mikl-Leitner (ÖVP) alle Asylverfahren in Österreich gestoppt. Damit setzt sie um, was sie vor über einer Woche bei einem Pressegesprächs angekündigt hatte – unter anderem, um auf EU-Ebene Druck für eine Asyl-Entlastung Österreichs zu erzeugen. Konkret sollen sämtliche im Bundesamt für Fremdenwesen und Asyl (BFA) zur Verfügung stehenden Mitarbeiter und Ressourcen zur Erledigung von Verfahren laut der EU-weit geltenden Dublin-Verordnung eingesetzt werden – samt folgenden Rückschiebungen. Bereits laufende Verfahren sind von dem Stopp nicht betroffen.  Bei neu ankommenden Asylwerbern soll das Verfahren hingegen  ausgesetzt werden: Sie müssen länger als bisher auf eine Erledigung ihres Falles warten. Ihr Asylantrag wird zwar angenommen und die Menschen kommen in die Grundversorgung –  wo derzeit, wie berichtet, akute Quartiernot herrscht. Bearbeitet wird ihr Fall aber erst in zweiter Linie. Es sei denn, es bestehe die Vermutung, dass für das Verfahren laut Dublin-III-Verordnung ein anderer EU-Staat als Österreich zuständig  sein. 2014 war das in rund 6000 Fällen so, also etwa bei einem Viertel der gestellten 22.881 Asylanträge. In 80 Prozent der Fälle endete das Verfahren mit der Entscheidung, den Flüchtling ins EU-Erstaufnahmeland zurückzuschicken, meist nach Ungarn oder Italien. Bis zur Rückschiebung selbst, die das offizielle Einverständnis der dortigen Asylbehörden voraussetzt, dauerte es vielfach dann noch länger. Österreich sei Zielland Nummer eins für Flüchtlinge geworden, begründete Mikl-Leitner  ihren Schritt. Vor allem der im europäischen Vergleich rasche Familiennachzug habe Österreich zum Asylexpress Europas gemacht. Das Recht auf Familiennachzug ist international verbrieft und kommt anerkannten Asylwerber zu. Es umfasst die nächsten Verwandten des Flüchtlings, diese kann er nachzuholen. Bei der Asylkoordination kritisiert Herbert Langthaler den Stopp der Familienverfahren in besonderem Maße. Vor allem aus Syrien und dem Irak seien in den vergangenen Monaten Familienväter auf gefährlichen Wegen nach Österreich geflohen, oft in überfüllten Booten übers Mittelmeer; meist bekommen sie rasch Asyl. Ihre nächsten Angehörigen, so Langthaler, seien unterdessen in Lebensgefahr oder aber in Erstfluchtstaaten wie dem Libanon oder Ägypten existenziell bedroht. Diesen Menschen bis auf Weiteres die Hoffnung zu nehmen, ihre Familie nachzuholen, ist inhuman, sagt der NGO- Experte. Rechtlich stützt sich Mikl-Leitner mit dem Inhalt ihrer Weisung auf die gesetzliche Möglichkeit, Asylverfahren befristet, an den Umständen  und der aktuellen Situation orientiert, auszusetzen. Der Asylverfahrens-Stopp sei außerdem als Regulationsmaßnahme zu verstehen, wie  sie laut EU-Recht möglich sei, ergänzt ein Sprecher des Innenministeriums. Am Samstag verteidigte Mikl-Leitner gegenüber der APA ihr Vorgehen: Sie habe keine Weisung zum Nichtstun erteilt, sondern dazu, Dublin-Fälle prioritär zu behandeln. Angesichts der aktuellen Antragsflut ergebe sich automatisch, dass andere Verfahren stillstehen. Die Bearbeitung von Asylverfahren wird nicht gestoppt, aber man konzentriert sich auf Dublin-Fälle, Rück- und Abschiebungen, und das führt automatisch dazu, dass die anderen gestoppt werden. Es geht operativ gar nicht mehr anders, sagte Mikl-Leitner. Die Ministerin sprach von einer Entscheidung der Vernunft. Weil das die Kapazitäten derzeit gar nicht mehr anders möglich machten. Wir haben massiv hohe Antragszahlen. Es ist überraschend, dass das selbst in Österreich so manche noch immer nicht begriffen haben. Regulationsmaßnahmen im Asylbereich wie die vorliegende seien nur im Fall von Massenzustrom von Flüchtlingen möglich, meint dazu NGO-Experte Langthaler. Während der Anwalt und Asylrechtsexperte Georg Bürstmayr im Standard-Gespräch Zweifel an der Rechtmäßigkeit des Aussetzens von Asylverfahren anmeldet. Laut dem Allgemeinen Verwaltungsverfahrensgesetz (AVG) – Asylverfahren sind Verwaltungssachen – habe jede Partei den Anspruch, dass die Behörden binnen sechs Monaten aktiv werden. Auch habe das Verfahren ohne unzumutbaren Verzug abgewickelt zu werden. Wenn Mikl-Leitner das bei Asylverfahren nicht will, so muss sie trachten, das AVG zu ändern. Das geht nur auf parlamentarischem Weg. Sollte sich herausstellen, dass die Asyl-Weisung rechtlich nicht gedeckt sei. So wäre das ein Fall für die Staatsanwaltschaft. Es bestünde Verdacht auf Amtsmissbrauch durch die Ministerin, sagt Bürstmayr. Von politischer Seite kam von Grünen und Neos massive Kritik an Mikl-Leitners Maßnahmen. Grünen-Menschenrechtssprecherin Alev Korun forderte sie auf, die Asylagenden abzugeben:  Im Justizministerium ist sicher mehr Bewusstsein darüber vorhanden, dass man rechtsstaatliche Verfahren nicht einfach aussetzen kann, um anderen EU-Ministern eins auszuwischen, wie die Innenministerin freimütig bekanntgibt. Neos-Menschenrechtssprecher Niki Scherak sprach von einer Bankrotterklärung für Österreich. Wenn alle Flüchtlinge dadurch in der Erstversorgung bleiben, heißt das, dass wir noch mehr Zeltstädte haben werden. Während Manfred Haimbuchner  von der FPÖ nicht die Asylverfahren, sondern die Asylflut gestoppt sehen möchte, unter anderem durch temporäre Grenzkontrollen. Fassungslos hat SJ-Vorsitzende Julia Herr auf die Entscheidung von Mikl-Leitner reagiert und den Rücktritt der  Ressortchefin gefordert. Mikl-Leitner sei massiv  überfordert, wie das Aufstellen von Zelten und die Situation in Traiskirchen  zeigen. Der jetzige Vorschlag schlägt dem Fass den Boden aus, so Herr. Auch die Jungen Grünen forderten am Samstag den sofortigen Rücktritt von Mikl-Leitner.",,15.775510204081632,6.940756019876141,0.13212435233160622,6.44559585492228,0.6269430051813472,0.17875647668393782
de_49,de,human,"""Dutzende Kämpfer"" getötet. Washington – Die USA haben bei einem Luftangriff auf ein Ausbildungslager der Terrorgruppe Al-Kaida auf der Arabischen Halbinsel im Jemen dutzende Kämpfer getötet. Wie das US-Verteidigungsministerium am Dienstag weiter mitteilte, nutzten das Lager in den Bergen des Bürgerkriegslandes mehr als 70 Terroristen. Die USA würden den genauen Erfolg des Angriffs noch überprüfen, jedoch sei nach ersten Erkenntnissen klar, dass dutzende dieser Kämpfer getötet worden seien. Der US-Luftangriff bedeute einen Schlag gegen diese Gruppierung, die den Jemen als Basis für die Bedrohung von Amerikanern nutze. Im Jemen ist neben anderen auch Al-Kaida auf der Arabischen Halbinsel (AQAP) sehr aktiv. Ein Militärbündnis unter Führung Saudi-Arabiens fliegt seit einem Jahr Angriffe in dem Bürgerkriegsland. Die schiitischen Huthi-Rebellen kontrollieren große Teile vor allem im Norden und Westen des Landes und kämpfen gegen Truppen und Verbündete von Präsident Abd Rabbo Mansur Hadi.",,17.5,6.892024376045111,0.08571428571428572,6.128571428571429,0.7928571428571428,0.16428571428571428
de_50,de,human,"Welche Bücher befinden sich aktuell auf Ihrer Leseliste? Wo lesen Sie gerne, und wem folgen Sie bei Buchempfehlungen?. Vergangene Woche haben wir den Community-Buchklub ins Leben gerufen. Drei Bücher standen für die erste Runde zur Auswahl. Ernest Hemingways Der alte Mann und das Meer hat das Rennen gemacht, und so wird am 15. Oktober über diese Novelle gesprochen. Noch handelt es sich um ein Experiment, aber wir sind schon gespannt wie ein Pfitschipfeil. Bevor der Buchklub startet, wollen wir noch einmal wissen: Womit haben Sie sich in den letzten Wochen beschäftigt? Welche Werke, Artikel und Blogs erscheinen Ihnen empfehlenswert oder diskussionswürdig? Bei welchem Buch kommen Sie einfach nicht voran, welches haben Sie verschlungen? Wann lesen Sie gerne, haben Sie einen Lieblingsort zum Lesen? Wir freuen uns über zahlreiche Postings. Und nicht vergessen, wir sehen uns in zwei Wochen wieder zur ersten Ausgabe des Community-Buchklubs. Bis dahin wünschen wir schöne Lesestunden! (kub, 1.10.2015)",,9.058823529411764,5.092908428685497,0.17763157894736842,5.631578947368421,0.7960526315789473,0.1118421052631579
de_51,de,human,"Favorit verspricht in Landwirtschaft zu investieren und Arbeitsplätze zu schaffen. Porto-Novo – Im westafrikanischen Land Benin ist am Sonntag ein neuer Präsident gewählt worden. Eine Rekordanzahl von 33 Kandidaten bewarb sich für das höchste Staatsamt. Amtsinhaber Thomas Boni Yayi durfte nach zwei Perioden nicht wieder antreten. Premierminister Lionel Zinsou galt als Favorit. Der 61-Jährige, der die französische sowie beninische Staatsbürgerschaft besitzt, ist der einzige Kandidat der Regierungspartei. Er hat versprochen, in die Landwirtschaft zu investieren und Arbeitsplätze zu schaffen. Benin ist ein kleines, verarmtes Land in Westafrika. Die Wirtschaft ist hauptsächlich von Baumwollexporten abhängig. Das Land hat mit einer hohen Jugendarbeitslosigkeit und mit Korruption zu kämpfen. Beobachtern zufolge ließen sich während des Wahlkampfs zahlreiche einflussreiche religiöse und politische Würdenträger sowie Stammesältere kaufen, um für die Kandidaten zu werben. Als Zinsous schärfste Rivalen gelten Baumwoll-Tycoon Patrice Talon (57), Lebensmittel-Magnat Sebastien Ajavon (51), der ehemaligen Premierminister Pascal Koupaki (64) sowie der frühere Direktor des Internationalen Währungsfonds (IWF) in Afrika, Abdoulaye Bio Tchane (63). Rund 4,7 Millionen Wahlberechtigte der knapp elf Millionen Einwohner sollten ihre Stimme bis 18.00 Uhr MEZ abgeben können. Wahlergebnisse werden innerhalb von fünf Tagen erwartet. Sollte keiner der Kandidaten in der ersten Runde eine absolute Mehrheit gewinnen, ist eine Stichwahl für den 20. März geplant. Vor einigen Wahllokalen bildeten sich lange Schlangen. Zehntausende warteten friedlich darauf, ihre Stimme abgeben zu können. Die Afrikanische Union (AU) entsandte 40 Wahlbeobachter, die quer durch das kleine Land, das zwischen Nigeria und Togo liegt, stationiert waren.",,12.2,6.9469417731833625,0.13991769547325103,6.518518518518518,0.757201646090535,0.20164609053497942
de_52,de,human,"Hinteregger, Damari, Soriano, Djuricin fehlen gegen Dinamo, das mit breiter Brust in das ""Auswärts-Heimspiel"" geht – Zeidler fordert volle Konzentration. Salzburg/Brest – In der heimischen Liga kommt der Motor von Red Bull Salzburg langsam auf Touren, am Donnerstag (18.00 Uhr MESZ/live Puls 4) wollen die Mozartstädter nach dem bitteren Aus in der Champions League auch international ihre Klasse zeigen. Im Europa-League-Play-off gegen Dinamo Minsk soll zumindest die EL-Gruppenphase her. Allerdings plagen die Salzburger vor dem Auswärts-Hinspiel Personalsorgen. Zu einer denkbar ungünstigen Zeit wird der Kader immer dünner. Neben den bekannten Ausfällen von Omer Damari (Absprengung des Fußwurzelknochens) und Jonatan Soriano (Oberschenkel-Beschwerden) wurde kurz vor dem Abflug am Mittwoch auch noch das Fehlen von Martin Hinteregger (Schambeinentzündung), Marco Djuricin (Knöchelverletzung) und Harvard Nielsen (krank) Gewissheit. Stürmer-Option Djuricin, vor zwei Wochen gegen Malmö noch aus dem Kader eliminiert, knöchelte am Dienstag im Training um. Damit dürfte an vorderster Front Dimitri Oberlin neben Jordi Reyna beginnen. Auch in der Innenverteidigung ist Trainer Peter Zeidler zu einer Änderung gezwungen. Den Part von Hinteregger, wohl der bitterste Ausfall, wird Paulo Miranda übernehmen. Minsk, das über Tscherno More Warna (BUL) und den FC Zürich ins Play-off vorgedrungen war, hat in der Liga seit 5. Juni kein Spiel mehr verloren und zuletzt sieben Partien en suite gewonnen (Torverhältnis 13:2). Am 10. August kam man zudem mit einem 1:0 bei BATE Borissow dem Tabellenführer und Meister bis auf drei Punkte nahe. Bester Torjäger ist aktuell der montenegrinische Stürmer Fatos Beqiraj, der in der Liga in 16 Spielen acht und in der EL-Quali vier Treffer erzielte. Mit viel Selbstvertrauen muss Minsk auch den Umstand wettmachen, nicht im eigenen Stadion antreten zu können. Weil dieses die UEFA-Auflagen nicht erfüllt, geht die Partie im 10.000er-Oval des Ligarivalen Dinamo Brest an der polnischen Grenze, rund 350 Kilometer von der Hauptstadt entfernt, über die Bühne. Für den serbischen Minsk-Coach Vuk Rasovic, der seit Sommer beim siebenfachen weißrussischen Meister werkt, steht eines aber fest: Salzburg ist der Favorit, erklärte der 42-Jährige. Sein Salzburger Pendant gab sich nach zwei Dreiern in der Bundesliga hoffnungsfroh, er sieht auch das Auswärtshinspiel als Vorteil an. Wir haben Dinamo im Spiel gegen Soligorsk (1:0 am Samstag, Anm.) live gesehen und wissen insgesamt gut über den Gegner Bescheid, erklärte Zeidler, warnte aber davor, die Truppe mit dem wenig klingenden Namen zu unterschätzen. Klar ist, dass wir zwei wirklich konzentrierte und starke Spiele benötigen, um unser schon vor Saisonstart definiertes Ziel – nämlich international mit dabei zu sein – erreichen zu können. (APA, 19.8.2015) Technische Daten und mögliche Aufstellungen der Qualifikation zur Fußball-Europa-League am Donnerstag in Brest (Weißrussland) – Play-off, Hinspiel: Dinamo Minsk – Red Bull Salzburg (Brest, Stadion Brestskiy, 18.00 Uhr MESZ/live auf PULS 4, SR Miroslav Zelinka/CZE) Minsk: Gutor – Begunow, Bangura, Politewitsch, Witus – Adamowitsch, Korzun, Tigorew, Korytko – Beqiraj, Rassadkin Ersatz: Ignatowitsch – Weretilo, Konzewoj, El Monir, Woronkow, Neacsa, Udoji, Jarozki, Yedigaryan, Buljiga Es fehlt: keiner Salzburg: Walke – Lainer, Caleta-Car, Miranda, Ulmer – Minamino, Keita, Ch. Leitgeb, Berisha – Oberlin, Reyna Ersatz: Stankovic – Schwegler, Schmitz, Atanga, Laimer, Lazaro, Prevljak Es fehlen: Hinteregger (Schambeinentzündung), Soriano (Muskelprobleme im Oberschenkel), Djuricin (Knöchelverletzung), Yabo (Knieprobleme), Damari (Absprengung des Fußwurzelknochens), Nielsen (krank) Rückspiel am 27. August (20.30 Uhr) in der Red-Bull-Arena. Aufsteiger in der Gruppenphase, Verlierer ausgeschieden.",,17.0,11.07925990308017,0.2011173184357542,6.154562383612663,0.7094972067039106,0.1452513966480447
de_53,de,human,"Termin und Fragestellung wird laut Bürgermeister Pfeffer im Februar beschlossen – Bürgerliste MIT beharrte auf einer zweiten Befragung. Traismauer – Die Stadtgemeinde Traismauer (Bezirk St. Pölten-Land) wird ihre Bürger erneut zum Thema Windkraft befragen. Aufgrund eines Stadtratsbeschlusses werde zur Fragestellung ein Rechtsgutachten vom Verfassungsrechtler Theo Öhlinger eingeholt, kündigte Bürgermeister Herbert Pfeffer (SPÖ) am Freitag an. MIT (Unabhängige Bürgerliste Miteinander in Traismauer) hatte auf einer zweiten Befragung beharrt. Der Gemeinderat werde in seiner nächsten Sitzung im Februar den Termin für die Volksbefragung sowie die Fragestellung beschließen, sagte Pfeffer. In der ersten Volksbefragung im November 2014 hatten sich fast zwei Drittel für die Umwidmung von Teilflächen in der Windkrafteignungszone im Gemeindegebiet ausgesprochen, sodass maximal fünf Windräder errichtet werden können. Die Bürgerliste MIT forderte daraufhin eine erneute Volksbefragung und sammelte Unterschriften. Der Gemeinderat stellte fest, dass das Thema bereits erledigt sei, doch die Initiative blieb bei ihrem Standpunkt. Zuletzt wandte sich MIT mit einer Aufsichtsbeschwerde an die Bezirkshauptmannschaft St. Pölten. Diese verwies in ihrer Stellungnahme auf die Gemeindeordnung. Demnach ist bei Beharren einer Initiative, die von mehr als zehn Prozent aller Wahlberechtigten unterstützt wird, eine Volksbefragung anzuordnen. In einer Gemeinderatssitzung am 16. Dezember 2015 wurde mit Stimmen der SPÖ und des Grünen Gemeinderates das Umwidmungsverfahren begonnen – aufbauend auf dem Ergebnis der ersten Volksbefragung, wie Pfeffer betonte. Die Flächen befinden sich laut dem Bürgermeister in einer vom Land NÖ ausgewiesenen Eignungszone. Die Bürgerliste habe in dieser Woche eine Sachverhaltsdarstellung zur Flächenwidmung im Gebiet des Seelackenberges und Reutbühels bei der Volksanwaltschaft eingebracht, teilte MIT-Sprecherin Elisabeth Wegl am Freitag in einer Aussendung mit. Wegl forderte, bis zum Vorliegen des Ergebnisses der Volksbefragung alle weiteren Schritte zur Realisierung von Windkraftanlagen mit sofortiger Wirkung auszusetzen.",,15.444444444444445,7.987644780271746,0.10071942446043165,6.744604316546763,0.6762589928057554,0.18345323741007194
de_54,de,human,"Mann lehnte sich gegen Autotür und fiel auf Straße – Leicht verletzt. München – Während der Fahrt hat eine Autofahrerin in München ihren Ehemann aus dem Wagen verloren. Wie die Polizei am Montag mitteilte, war der 28-Jährige am Vortag vom Beifahrersitz auf die Straße gefallen, weil er sich gegen die Autotür lehnte und diese sich aus zunächst ungeklärten Gründen öffnete. Der Mann wurde nur leicht verletzt, aber ambulant in einem Krankenhaus behandelt. Er war nach Polizeiangaben nicht anschnallt, weil sich der Gurt in der Tür verklemmt hatte. Der Mann hatte deswegen an einer roten Ampel die Tür geöffnet und den Gurt gelöst. Kurz nachdem seine 30 Jahre alte Frau wieder losgefahren war, passierte das Missgeschick.",,16.428571428571427,6.5215498345790435,0.10434782608695652,5.260869565217392,0.7478260869565218,0.19130434782608696
de_55,de,human,"Immer mehr Menschen glauben dem Unfug von Pseudomedizinern und lassen ihre Kinder ganz bewusst nicht impfen. Sarah will nicht geimpft werden – so lautet der Titel eines demnächst erscheinenden Kinderbuchs, das vom deutschen Heilpraktiker und Homöopathen Andreas Bachmair verfasst wurde. Schon 2012 hat er das Buch Leben ohne Impfung veröffentlicht und betreibt außerdem die Internetseite impfschaden.info. Mit der – laut Eigenbeschreibung – wunderbaren Geschichte zum Vorlesen für alle Kinder ab sechs Jahren richtet sich Bachmair direkt gegen die seiner Meinung nach existierende Impfpropaganda. Denn: Die Entscheidung, nicht zu impfen, ist für viele nicht einfach, weil man oft auf Kritik und Gegenwind stößt. Allerdings. Und zu Recht! Denn bei der Weigerung, sich beziehungsweise seine Kinder impfen zu lassen, zeigt sich die Gefahr irrationaler und pseudowissenschaftlicher Ideologien besonders deutlich. Impfungen sind eine der größten Errungenschaften der modernen Medizin. Sie haben vermutlich mehr Menschen das Leben gerettet als alle anderen Therapien und Medikamente. Und trotzdem wird die Kritik daran in den letzten Jahren immer lauter und intensiver. Absurderweise besonders bei Menschen, die es eigentlich besser wissen sollten. Angesichts eines Anstiegs der Masernfälle in Österreich im letzten Jahr  erklärten Forscher vom Department für Virologie der Medinzin-Uni Wien: Erstaunlicherweise sei gerade bei Personen mit hohem Bildungsniveau eine solche Impfskepsis abseits der Kenntnisnahme aktueller Zahlen oder eindeutiger wissenschaftlicher Erkenntnisse verbreitet. Das werde auch in anderen europäischen Staaten, zum Beispiel in Deutschland, beobachtet. Die Gerüchte der Pseudomediziner In gewissem Sinne ist dieses Verhalten sogar verständlich. Gerade wenn es um die eigenen Kinder geht, möchte man für sie nur das Beste. Man will sie beschützen, und wenn Pseudomediziner Gerüchte verbreiten, in denen von den angeblichen Gefahren einer Impfung gesprochen wird, fällt es leicht sich einzureden, man würde den Kindern etwas Gutes tun, indem man sie nicht impfen lässt. Man möchte kein Risiko eingehen – vergisst aber, dass ohne Impfung ganz andere Risiken auf die Kinder warten. Das Problem der Impfungen ist ihr enormer Erfolg. Die Krankheiten, gegen die sie wirken, sind durch die jahrzehntelange Impfpraxis stark eingedämmt worden und nicht mehr im Bewusstsein der Menschen vorhanden. Bei einer Impfung sieht man nur noch den Vorgang selbst und hört alle möglichen (meist übertriebenen) Geschichten über Gefahren und Nebenwirkungen. Aber von den definitiv vorhandenen schweren Folgen der Krankheiten, gegen die die Impfung wirkt, ist vielen nichts mehr bekannt. Diese Unkenntnis führt dann zu der absurden Ideologie der Impfgegner. Und man kann nicht anders, als sie absurd zu nennen. Manche leugnen sogar die Existenz von Infektionskrankheiten: Der deutsche Biologe Stefan Lanka gelangte kürzlich zu zweifelhaftem Ruhm, als er gerichtlich zu einer Zahlung von 100.000 Euro verurteilt wurde. Diese Summe hatte Lanka 2011 als Preis für den Nachweis  der Existenz von Masernviren ausgelobt. Lanka, der Bücher wie Der Masern-Betrug oder Impfen und Aids: Der Neue Holocaust geschrieben hat, ist davon überzeugt, dass Viren keine Krankheiten auslösen können und Impfungen nur eine Verschwörung von Ärzten und Pharmafirmen sind. Der Mediziner David Bardens legte ihm mehrere wissenschaftliche Fachartikel vor, die die Existenz von Masernviren belegen. Die Belohnung wollte Lanka aber trotzdem nicht auszahlen. Bardens klagte sie vor Gericht ein, bekam Recht und seinen Preis von 100.000 Euro. Auch Stefan Lanka bekam einen Preis: Am 21. Oktober wurde ihm Das Goldene Brett verliehen, ein Schmähpreis, mit dem der größte antiwissenschaftliche Unfug des Jahres ausgezeichnet wird. Fehlendes Wissen über Funktion der Impfung Krankheiten wie Masern, Mumps, Windpocken oder Kinderlähmung können zu schweren Komplikationen und unter Umständen sogar zum Tod führen. Wir wissen, wie wir diese Krankheiten bekämpfen und sogar ausrotten können. Wir wissen, was wir tun müssten, damit keiner mehr unter diesen Krankheiten leiden muss. Wir wissen es – und trotzdem tun es immer mehr Menschen nicht. Sie tun es nicht, weil sie auf Pseudomediziner oder Verschwörungstheoretiker hereinfallen, die erzählen, dass böse Ärzte die Leute mit Impfungen vergiften und krank machen wollen. Sie tun es nicht, weil sie keine Ahnung haben, wie eine Impfung funktioniert; wie Medizin funktioniert und wie die Natur funktioniert. Sie tun es, weil sie so sehr darauf bedacht sind, nur sanfte Medizin zu verwenden, dass sie dafür (unwissend) Krankheit und Tod ihrer Angehörigen und anderer Menschen in Kauf nehmen. Denn Impfen ist nicht nur eine individuelle Entscheidung! Manche Menschen – zum Beispiel sehr kleine Kinder oder alte Leute – können aus gesundheitlichen Gründen nicht geimpft werden. Sie sind auf die sogenannte Herdenimmunität angewiesen. Also darauf, dass in ihrem Umfeld genug geimpfte Menschen existieren, damit sich die Krankheit gar nicht erst verbreiten kann. Genau diese Herdenimmunität hält auch das Risiko für die Impfgegner gering. Solange sie existiert, stehen die Chancen gut, dass die ungeimpften Kinder nicht krank werden. Noch zumindest, denn je größer der Anteil der Impfverweigerer wird, desto schwächer ist die Herdenimmunität. Die Krankheiten, die man eigentlich schon überwunden dachte, tauchen mittlerweile wieder auf. Und angesichts der vielen Krankheiten, gegen die die Medizin noch nichts ausrichten kann, ist es umso tragischer, wenn eigentlich vermeidbare Krankheiten absichtlich nicht bekämpft werden. Die hohe Zahl derer, die noch an Masern erkranken, ist unseres Landes nicht würdig. Wir könnten die Masern ganz einfach ausrotten, sagte der bayrische Kinderarzt Christoph Wittermann kürzlich angesichts der auch dort steigenden Krankheitsfälle in einem Interview mit der Münchner Tageszeitung. Und während sich die Masernfälle in Deutschland und Österreich trotz Anstiegs noch in Grenzen halten, sind in der Demokratischen Republik Kongo seit Jahresbeginn schon 428 Menschen an dieser vermeidbaren Krankheit gestorben. Mehr Aufklärungsarbeit notwendig Gerade bei der Frage der Impfungen wäre mehr Aufklärung und wissenschaftliche Öffentlichkeitsarbeit nötig. Aufrufe und Kampagnen von Behörden und Gesundheitseinrichtungen sind zwar wichtig, werden aber immer noch viel zu oft als Einmischung des Staates in das Privatleben der Menschen missverstanden. Solange die Menschen nicht verstehen, wie Impfungen tatsächlich funktionieren; wie und gegen was sie wirken und wie sich das Risiko vorhandener Nebenwirkung in Bezug auf das Risiko einer tatsächlichen Erkrankung verhält, wird sich an der grundlegenden Einstellung wahrscheinlich nichts ändern. Die Frage nach der Bedeutung von wissenschaftlicher Öffentlichkeitsarbeit für die Gesellschaft bekommt beim Thema Impfungen eine Dringlichkeit, die man nicht ignorieren darf. Je mehr Menschen darüber Bescheid wissen, wie Wissenschaft funktioniert und welche Rolle sie in unserem Alltag spielt, desto weniger werden auf die absurden Behauptungen der Impfgegner hereinfallen. Es ist tragisch, dass der völlig legitime Wunsch, seine Kinder zu beschützen, am Ende genau zum Gegenteil führen kann. Es ist noch viel tragischer, dass so viele Menschen auf den Unsinn der selbstgerechten Impfkritiker hereinfallen. Sarah, das Mädchen, das im Buch von Andreas Bachmair nicht geimpft werden will, ist verärgert, dass sie deswegen nicht bei einem Pfadfinderausflug mitfahren kann. Wüsste sie, welche Krankheiten sie ohne die Impfung bekommen und übertragen könnte und wäre sie über deren Folgen und mögliche Komplikationen informiert, dann würde sie vielleicht von sich aus auf den Ausflug verzichten. Oder sich impfen lassen.",,17.34375,9.167228912681301,0.13008130081300814,6.0379403794037945,0.5365853658536586,0.19241192411924118
de_56,de,human,"Zweifel an pädagogischer Befähigung der Lehrerin. Groß-Siegharts/Wien – Neun Sitzenbleiber an einer dritten Klasse der Volksschule Groß-Siegharts (Bezirk Waidhofen a.d. Thaya) im vergangenen Schuljahr haben die Volksanwaltschaft auf den Plan gerufen. In dem Fall sei an der pädagogischen Befähigung der Lehrerin zu zweifeln und der dringende Verdacht eines Missstandes in der Schulverwaltung gegeben. Traumatisierend Volksanwalt Peter Fichtenbauer, zuständig für die Überprüfung der Verwaltung im Bereich Schulwesen, habe ein amtswegiges Prüfverfahren eingeleitet. Insbesondere werde hinterfragt, ob dieser Fall der Schulaufsichtsbehörde bekannt war und ob eine Überprüfung der pädagogischen Qualität des Unterrichts erfolgt ist. Fichtenbauer: Ein solches Ereignis ist traumatisierend für Kinder. Sollten pädagogische Mängel festgestellt werden, so müssen dienst- bzw. disziplinarrechtliche Schritte gegen die Verantwortlichen ergriffen werden. Er wisse von acht Fällen, sagte der zuständige Pflichtschulinspektor Franz Weinberger am Donnerstag auf APA-Anfrage. Es habe sich an der Volksschule Groß-Siegharts um eine außerordentlich leistungsschwache Klasse vom Schuleintritt weg gehandelt. Weinberger verwies darauf, dass es in der ersten und zweiten Klasse die Möglichkeit der Umstufung gebe. Dies hätten Eltern trotz Empfehlung abgelehnt. In der dritten Klasse habe es im Halbjahr acht angekündigte Nicht genügend gegeben. Laut Weinberger sahen die Eltern von vier Kindern dann ein, dass eine Umstufung notwendig gewesen wäre. Sie hätten eine freiwillige Wiederholung beantragt. Mit dem Nicht genügend in den vier anderen Fällen sei nur eine Familie nicht einverstanden gewesen.",,12.277777777777779,5.645111509139327,0.11818181818181818,6.6454545454545455,0.7181818181818181,0.16818181818181818
de_57,de,human,"Gemeinsame technologische Basis für beide Betriebssysteme – Erste Testversion kommendes Jahr. Seit Sundar Pichai vor einigen Jahren neben Chrome (OS) auch die Verantwortung für Android erhalten hat, halten sich hartnäckig die Gerüchte, dass Google die beiden Betriebssysteme verschmelzen könnte. Mittlerweile zum Google-Boss avanciert, scheint Pichai diese Vision nun tatsächlich in die Tat umsetzen zu wollen, dies berichtet zumindest das Wall Street Journal. Google arbeite bereits seit zwei Jahren an der Kombination der beiden Betriebssysteme, heißt es in dem Bericht in Berufung auf zwei mit der Angelegenheit betraute Quellen. Laut den aktuellen Plänen soll das gemeinsame Betriebssystem 2017 fertiggestellt werden, eine erste Testversion soll es kommendes Jahr zu sehen geben – hierfür würde sich die üblicherweise Mitte des Jahres abgehaltene I/O-Konferenz anbieten. Die vom Wall Street Journal und anderen Medien daraus gezogene Interpretation, dass Google damit das Ende von Chrome OS einläutet, will das Unternehmen allerdings so nicht stehenlassen. So meldete sich rasch Android/Chrome-Chef Hiroshi Lockheimer auf Twitter mit einer Entgegnung zu Wort: Man stehe voll und ganz hinter Chrome OS und den darauf basierenden Chromebooks. There’s a ton of momentum for Chromebooks and we are very committed to Chrome OS. I just bought two for my kids for schoolwork! Eine vollständig Einstellung von Chrome OS wäre aber auch aus anderen Gründen überraschend: Denn auch wenn die Chromebooks bisher global gesehen laut IDC nur drei Prozent sämtliche Laptop-Verkäufe ausmachen, so ist man damit doch in einzelnen Nischen äußerst erfolgreich. So wird etwa der US-Bildungsmarkt von Chromebooks dominiert, und auch bei Unternehmen wachsen die Absätze der Chrome-OS-Laptops derzeit stark. Wahrscheinlicher ist insofern, dass Google schlicht eine einheitliche technologische Basis schafft. Also ein gemeinsames Betriebssystem, auf dessen Grundlage dann unterschiedliche Formfaktoren bedient werden. Ein solcher Schritt hätte mehrere Vorteile: Einerseits erspart man sich so einiges an Doppelläufigkeiten in der Betriebssystementwicklung, zudem könnte man dies aber auch nutzen, um die Stärken der jeweiligen Systeme zu kombinieren. Interessant könnte insofern vor allem auch sein, wie sich dieser Schritt auf die Android-Welt auswirkt. Denn während Android notorisch von einer mangelhaften Update-Situation geplagt ist, werden Chromebooks unabhängig vom jeweiligen Hardwarehersteller alle sechs Wochen auf den neuesten Stand gebracht. Wie dies mit dem Drang von Samsung und Co. nach tiefen Eingriffen in das Betriebssystem zusammenpassen könnte, muss sich freilich erst zeigen. Schon in den vergangen Jahren hat Google einige Maßnahmen zur Vereinheitlichung von Android und Chrome OS vollzogen. So lassen sich mittlerweile Android-Apps zum Teil auch unter Chrome-OS nutzen. Für ein gemeinsames System wäre dann eine vollständige Kompatibilität zu erwarten. Laut dem Bericht des Wall Street Journals soll denn auch künftig der Play Store sowohl mobile Geräte als auch Laptops und Desktops mit Apps versorgen. Aber auch sonst sind bei genauer Betrachtung schon jetzt die ersten Vorboten einer Verschmelzung der Systeme zu erkennen. Sowohl bei der auf dem Streaming-Stick Chromecast genutzten Software als vor allem auch beim neuen Google-Betriebssystem für das Internet der Dinge, Brillo, handelt es sich aus technischer Sicht um eine Mischung aus Android- und Chrome-OS-Komponenten. Und aus Hardwaresicht verweist wiederum das vor kurzem vorgestellte Pixel C in eine gemeinsame Zukunft. Handelt es sich doch dabei um das erste Gerät Googles, das mit Android ausgestattet ist, bei dem aber die Tastatureingabe eine wichtige Rolle spielt.",,20.346153846153847,8.611005068168504,0.0945179584120983,6.058601134215501,0.6521739130434783,0.15689981096408318
de_58,de,human,"Nigeria will mit Kapitalverkehrskontrollen die Währung stärken und den Schwarzmarkt bekämpfen. Davon profitiert der illegale Devisenhandel. Abuja/Wien – Nigerias Wirtschaft leidet. Der niedrige Ölpreis setzt den Haushalt und die Währung der größten Volkswirtschaft Afrikas unter Druck. Die stark vom Ölexport abhängende Volkswirtschaft leidet unter den niedrigen Ölpreisen, der nigerianische Naira hat in den vergangenen zwölf Monaten gegenüber dem US-Dollar stark an Wert verloren. Der Schwarzmarkt hingegen floriert. Um dieses explosive Gemisch zu entschärfen, hat die nigerianische Regierung nun reagiert und den Zahlungsverkehr noch strenger reglementiert. Ziel ist es, die heimische Wirtschaft und den nigerianischen Naira zu stärken – und den Schwarzmarkt zu bekämpfen. Bisher ist die Saat allerdings noch nicht aufgegangen. Im abendlichen Schatten der Bäume und hinter Sträuchern, die die Straßenränder der Hauptstadt Abuja säumen, floriert jetzt nämlich ein neuer illegaler Zweig: der Devisenhandel. Die nigerianische Zentralbank greift nun zu Kettensägen und Macheten, um den Schwarzmarkt für Währungen zu bekämpfen – indem sie die Bäume einfach fällen lässt. Ohne Bäume kein Schwarzmarkt unter Bäumen, lautet die einfache Formel dahinter. Komplexes Problem Das Problem, das es zu lösen gilt, ist komplex. Das Volumen der Schwarzgeldströme, die jährlich durch die nigerianische Wirtschaft fließen, schätzt die Non-Profit-Organisation Global Financial Integrity auf 15,7 Milliarden US-Dollar (14,2 Milliarden Euro). Der größte Teil des Schwarzgeldes fließt unversteuert ins Ausland beziehungsweise zu terroristischen Organisationen oder wird durch Geldwäsche in die legale Wirtschaft überführt – zumeist in ausländischer Währung. Nigerianische Banken dürfen nun Einzahlungen in ausländischer Währung nur noch akzeptieren, wenn nachgewiesen werden kann, dass das Geld nicht illegal erwirtschaftet wurde. Naira dürfen von Banken nur dann in ausländische Währung eingetauscht werden, wenn diese einen berechtigten Grund dafür sehen – etwa bei einer bevorstehenden Auslandsreise. Seit einer Woche dürfen die Inhaber nigerianischer Bankkonten maximal 60.000 Naira, umgerechnet 270 Euro, pro Tag abheben. Wie die Sache ausgeht, ist noch offen. Denn die Einschränkungen haben Devisen knapp gemacht und den Schwarzmarkt erst recht befördert. Kritiker befürchten, dass die reduzierte Liquidität das Wachstum hemmen und Investoren vertreiben wird.",,14.954545454545455,7.516510751957821,0.13109756097560976,6.4573170731707314,0.6829268292682927,0.1951219512195122
de_59,de,human,"Die Verhandlungen wurden nach dem Abbruch durch die Familienministerin wieder aufgenommen. Wien – Frauenministerin Gabriele Heinisch-Hosek (SPÖ) und Familienministerin Sophie Karmasin (ÖVP) haben die Gespräche über die Reform des Kinderbetreuungsgeldes wieder aufgenommen. Karmasin drängt die SPÖ nun zu Bewegung, sie erwartet Vorschläge für Kompromisse, stellte sie am Dienstag vor dem Ministerrat fest. Karmasin hatte die Verhandlungen vor ein paar Wochen für beendet erklärt, da mit dem Koalitionspartner zunächst kein Ergebnis erzielt werden konnte. Nach Aufforderung der Regierungsspitzen kehrten die Ministerinnen wieder an den Verhandlungstisch zurück. Die Familienministerin hielt am Dienstag fest, dass sie offen, konstruktiv und ehrlich in die Verhandlungen gehe. Es müsse aber Bewegung bei der SPÖ geben, betonte sie. Aus dem Frauenressort hieß es dazu lediglich, man sei in Verhandlungen. Termine für die Gespräche wurden ebenso wie inhaltliche Details zuletzt nicht kommuniziert.",,14.88888888888889,4.382907316292449,0.11940298507462686,6.41044776119403,0.753731343283582,0.16417910447761194
de_60,de,human,"Mercedes-Pilot hat die Hoffnung auf den Weltmeistertitel noch nicht aufgegeben. Für seine verzweifelte Jagd auf Teamkollege Lewis Hamilton im Formel-1-Titelrennen setzt Nico Rosberg nun sogar auf ein Zweckbündnis mit den Ferrari-Piloten. Es ist wichtig für mich, dass sie zwischen uns ins Ziel kommen, appellierte Rosberg vor dem fünftletzten Formel-1-Saisonlauf im russischen Sotschi an Sebastian Vettel und Kimi Räikkönen. Der Mercedes-Fahrer liegt als Zweiter 48 Punkte hinter dem britischen Titelverteidiger und kann selbst mit Siegen in allen verbleibenden Grand Prix nicht mehr aus eigener Kraft Weltmeister werden. Jetzt brauche ich Glück, aber wir haben im Sport schon gesehen, dass alles passieren kann, sagte der Deutsche. Genau deshalb aber hat Vettel wohl kein Interesse an einer Allianz. Wir sind am besten beraten, unser eigenes Ding zu machen, sagte der WM-Dritte am Donnerstag. Schließlich liegt Vettel nur elf Punkte hinter Rosberg, selbst die 59 Zähler Abstand zu Hamilton scheinen zumindest ihm nicht unaufholbar. Wir haben nach wie vor die Chance, in diesem Jahr sehr viel zu erreichen, bekräftigte der vierfache Weltmeister. Nach dem jüngsten Aufschwung und dem Sieg vor drei Wochen in Singapur darf die Scuderia durchaus damit kalkulieren, Mercedes im Endspurt zu ärgern. Zumindest der zweite Konstrukteurstitel in Serie aber dürfte den Silberpfeilen nicht mehr zu nehmen sein. Schon am Sonntag könnte die Entscheidung fallen, wenn Hamilton und Rosberg zusammen drei Punkte mehr holen als Vettel und Räikkönen. Letztes Jahr haben wir gesagt, das ist unser bestes Jahr, das können wir nicht übertreffen. Jetzt sind wir wieder hier und haben es geschafft, sagte Hamilton. Schon im Vorjahr hatte Mercedes den Team-Titel in Sotschi bejubeln können. Weil diese für die Verteilung der Gelder wichtige Wertung entschieden scheint, könnte sich das Privatduell der beiden Mercedes-Fahrer noch einmal zuspitzen. Rosberg muss schließlich Missgeschicke von Hamilton erzwingen oder auf Ausfälle hoffen, um doch noch die Wende schaffen zu können. Lewis hat es in dieser Saison besser gemacht als ich, das ist nicht gut. Aber ich kämpfe immer noch, sagte Rosberg dem französischen TV-Sender Canal+. Jetzt geht es um die Wahl der Mittel und die Frage, wie kompromisslos Rosbergs Attacken auf Hamilton in den kommenden Wochen ausfallen. Bei der Premiere des Russland-Rennens im Olympia-Ort von 2014 hatte sich der Deutsche im Vorjahr mit einem übereilten Angriff auf seinen Teamgefährten schon in Runde eins die Reifen ruiniert und war Zweiter geworden. Es geht mir nicht um Wiedergutmachung, ich denke nicht ans letzte Jahr. Ich will gewinnen, das versuche ich, mehr nicht, sagte Rosberg. Für Hamilton sind sämtliche Strategiespiele ohnehin nebensächlich. Ich denke nicht weit über dieses Wochenende hinaus. Worauf ich mich konzentriere, das ist der dritte WM-Titel, sagte der 30-Jährige. Acht Saisonsiege hat er schon auf dem Konto, der Weg zum nächsten WM-Triumph ist vorgezeichnet. Selbst eine Allianz seiner Verfolger wäre da wohl ein eher geringes Restrisiko.",,16.392857142857142,6.2868302580774005,0.11982570806100218,5.690631808278867,0.6383442265795207,0.17647058823529413
de_61,de,human,"Der Konzern will für Länder wie China und Indien eine neue Modellreihe der Marke Chevrolet entwickeln. Washington – Mit einer Investition von 5 Mrd. Dollar (4,5 Mrd. Euro) will der US-Autobauer General Motors (GM) die Märkte in Schwellenländern erobern. Der Konzern teilte am Dienstag mit, eine neue Modellreihe der Marke Chevrolet zu entwickeln, die sich an Käufer in Ländern wie China, Brasilien und Indien richte. Dazu geht GM eine Kooperation mit dem chinesischen Unternehmen SAIC Motor ein. Die ersten Fahrzeuge sollen den Angaben zufolge im Jahr 2019 vom Band rollen, geplant sind mittelfristig die Produktion von bis zu zwei Millionen Autos jährlich. Gebaut werden sollen die Fahrzeuge in Werken in China, Mexiko, Indien und Brasilien. GM-Manager Dan Ammann erklärte, bis zum Jahr 2030 werde mit bedeutendem Wachstum auf den Automärkten in Schwellenländern gerechnet. Chevrolet unternimmt Schritte, um von diesem Wachstum zu profitieren.",,14.2,6.896375859826668,0.13380281690140844,5.654929577464789,0.7323943661971831,0.2112676056338028
de_62,de,human,"Finanzielle Turbulenzen hatten den Nokia-Nachfolger durcheinandergewirbelt. Der aus Nokia hervorgegangene Hersteller Jolla hat angekündigt, dass einige Vorbesteller des Jolla-Tablets nun Geräte erhalten werden. Gleichzeitig wird das Projekt aber eingestampft, sodass nicht alle Kunden bedient werden können. Für die leer ausgegangenen Kunden wolle Jolla eine Lösung finden, berichtet Heise unter Berufung auf den Jolla-Blog. Die Tablets waren ab November 2014 über ein Crowdfunding-Verfahren vorfinanziert worden. Die dadurch erlangten Einnahmen hatten das Finanzierungsziel weit überschritten. Doch offenbar hatte es Produktionsschwierigkeiten oder Probleme anderer Natur gegeben – denn die Auslieferung verzögerte sich immer weiter, bis schließlich nicht einmal mehr alle Vorbesteller das Gerät erhielten. Was die Turbulenzen für die Zukunft von Jolla bedeuten, bleibt momentan unklar. Das Unternehmen wolle die Lizenzierung des Betriebssystems Sailfish OS fortsetzen, hieß es. Ob ein neues Tablet folgt oder die Kunden später ihr vorbestelltes Gerät – oder ihr Geld zurück – erhalten, wurde nicht beantwortet.",,14.7,6.165225056719342,0.11564625850340136,6.571428571428571,0.8095238095238095,0.14285714285714285
de_63,de,human,"Start in New York – High-Speed-Internet, ohne je die Verbindung zu verlieren als Ziel. Erst vor kurzem hat Google seine Sidewalks Labs der Öffentlichkeit präsentiert, eine Initiative, die das Leben in Städten verbessern soll. Nun nimmt deren erste Initiative Konturen an: Google will flächendeckendes Gratis-WLAN in Städten durchsetzen. Als Testfeld soll dabei New York dienen, wo mit LinkNYC bereits ein ähnlicher Plan am gedeihen ist. Die Sidewalk Labs schnappen sich nun mit der Control Group und Titan zwei der zentralen Unternehmen hinter LinkNYC. Dies mit dem Ziel das Projekt noch größer anzulegen als es bisher geplant war. Beide werden in einem weiteren Sub-Unternehmen – Intersectio – zusammengefasst. Die Vision ist Städte in vollständig verbundene Ort zu verwandeln, wo man eine Straße hinuntergehen kann ohne jemals Zugang zu kostenlosem High-Speed-WLAN zu verlieren, umreißt Dan Doctoroff, Chef der Sidewalk Labs die Pläne. Um dies zu ermöglichen, soll bestehende öffentliche Infrastruktur genutzt werden, von alten Telefonzellen bis zu Bushaltestellen, um dort Access Points anzubringen. Damit startet Google ein weiteres Projekt, um die Verfügbarkeit des Internets zu erhöhen. Mit Google Fiber und Project Fi ist das Unternehmen mittlerweile selbst Netzwerkanbieter in den USA. Über Drohnen und Ballons will man zudem abgelegene Gegenden der Welt mit Internet versorgen. Die Unternehmenslogik dahinter ist immer die gleiche: Je mehr Leute Internet haben und je besser die Anbindung ist, desto mehr werden auch Google-Services genutzt. Doctoroff will dabei nicht ausschließen, dass man mit Intersect auf weitere Google-Ressourcen zurückgreifen wird, also etwa die Internetversorgung selbst vom Mutterunternehmen bezieht. Zumindest in New York werde man sich aber zunächst einmal andere Partner suchen, so der frühere stellvertretende Bürgermeister der Metropole.",,17.933333333333334,5.519259209551787,0.11895910780669144,5.981412639405204,0.7397769516728625,0.18587360594795538
de_64,de,human,"Langsam klärt sich das Profil von Yassin S., der am Freitag seinen Arbeitgeber enthauptete. Wer ist Yassin S.? Seit Freitag fragt sich Frankreich, wie ein Mann seinen Vorgesetzten auf einem Parkplatz am Stadtrand von Lyon umbringen, ein Selfie von sich und dem abgetrennten Kopf machen und dann versuchen konnte, ein Gaswerk in die Luft zu sprengen. Seine eigene Frau erklärte, sie falle aus allen Wolken. Die Medien spekulierten zuerst, ob es sich um ein persönliches Rachedelikt gegen den Arbeitgeber handle. Die Polizei hatte den 35-jährigen Franzosen mit algerisch-marokkanischen Eltern zwar 2006 wegen seiner Radikalisierung durch eine salafistische Bewegung überwacht. Doch der Chauffeur und dreifache Familienvater rückte in der sogenannten S-Akte des französischen Geheimdienstes nie höher als in die 13. von insgesamt 16 Gefahrenstufen – 2008 wurde seine Beschattung eingestellt. Zu Unrecht. Einmal mehr war die Polizei von der Masse der zu kontrollierenden Islamisten offensichtlich überfordert. Am Sonntag wurde bekannt, dass eine frühere Nachbarin Yassin S. sonderbares Benehmen mehrfach der Polizei gemeldet hatte. Den Vorladungen leistete sie allerdings keine Folge. Yassin S. sei öfters mehrere Monate verschwunden gewesen, um dann als anderer Mann zurückzukehren. Er habe nicht mehr Bonjour gesagt und keine Frau mehr angeblickt; dafür habe er die Djellabah und einen Bart getragen. Dann habe er Besuch von Männern erhalten, die Muslimbrüdern geglichen hätten. Am Sonntag soll Yassin S. erstmals ausgesagt haben. Aus Ermittlerkreisen hieß es inoffiziell, der bei seiner Festnahme leicht Verletzte habe den Mord gestanden und erklärt, er habe allein gehandelt. Allerdings habe er eines der Tatort-Selfies offenbar via eine kanadische Relaisnummer auch nach Syrien geschickt, wo die Terrormiliz IS solche Bilder normalerweise propagandistisch ausschlachtet. Ein ehemaliger Fitnesstrainer erklärte zudem in der Zeitung Le Parisien, Yassin S. habe ihm nach einer längeren Abwesenheit 2010 erklärt, er sei in Syrien gewesen und habe dort eine Koranschule besucht. Der athletische Mann sei stets sehr höflich, ja sanftmütig gewesen. Ab und zu habe er aber auch zu fürchterlichen Wutausbrüchen geneigt. Deshalb habe er Free Fight lernen wollen, eine Kampfsportart, bei der so ziemlich alle Schläge erlaubt sind. Yassin S. kämpfte nicht, er war regelrecht im Krieg, meinte der Trainer. Die Terrortat habe ihn nicht überrascht, und das nicht nur wegen Yassins explosiven Temperaments: Ich hatte den Eindruck, mit jemandem zu tun zu haben, der indoktriniert war und unter Einfluss stand. Als das Fitnesszentrum laizistische Regeln eingeführt und religiöse Gewänder und Gebräuche untersagt habe, sei Yassin S. nicht mehr vorbeigekommen.",,12.46875,8.344101116207785,0.1457286432160804,5.889447236180905,0.6859296482412061,0.15829145728643215
de_65,de,human,"In China erfreuen sich 24-Stunden-Buchgeschäfte wachsender Beliebtheit. Nun gibt es auch eine Filiale an einem historischen Ort. China gilt nicht nur als Reich der Harmonie, sondern auch als Eldorado für Kopien. Inzwischen trifft das nicht mehr auf Bücher zu. Im Zeitalter der E-Books lohnt sich der illegale Nachdruck nicht. Zudem fehlt es an Wühl- und Kramtischen am Straßenrand, einst ideale Absatzplätze für Raubkopien. Heute ordern Leser meist online. Chinas Amazon oder Dangdang liefern ihnen ihre Bücher frei Haus zu 30 bis 50 Prozent unter Ladenpreis. Wie soll da ein Raubkopierer mithalten? Dennoch gibt es eine neue Art von Kopisten, die ganz legal arbeiten und dem Buch weitere Käuferschichten erschließen wollen. Während weltweit Buchgeschäfte und Antiquariate vor dem Internethandel aufgeben, findet in China ein neues Geschäftsmodell immer mehr Nachahmer, die darauf setzen, Bücher rund um die Uhr im Laden zu verkaufen. Die Rede ist von Chinas neuem Trend, 24-Stunden-Buchgeschäfte zu gründen. Als am 23. April 2014 die Buchhandlung Sanlian Taofen (STB) im Zentrum Pekings bei der Akademie der Künste als erste verkündete, von nun an durchgehend geöffnet zu haben, glaubte niemand an den Erfolg der Initiative. Die meisten hielten es für einen Werbegag zum Symboldatum 23. April, dem weltweiten Jahrestag des Buches. Doch der Autor dieser Zeilen sah zwei Wochen nach dem Start am frühen Morgen hinter den erleuchteten Fensterscheiben Dutzende über Lesetische gebeugte Kunden. Auf Nachfrage entpuppten sie sich als junge Pekinger, meist aus der näheren Umgebung. Tagsüber hätten sie weder Zeit noch Muße zum Kulturshoppen. Statt abends vorm Fernseher zu sitzen, schlenderten sie nun zum Laden, wo sie nicht nur schmökern, sondern auch vom Time Café im Obergeschoß Getränke zur geistigen Nahrung erhalten können. 60 Prozent der späten Leser kaufen auch Bücher, sagte nun nach einem Jahr Geschäftsführer Zhang Zuozhen der Nachrichtenagentur Xinhua. Sein Umsatz sei um mehr als die Hälfte gestiegen, die Gewinne hätten sich verdoppelt. Von neun Uhr abends bis neun Uhr morgens verbucht Sanlian über das Jahr durchschnittlich umgerechnet 2.200 Euro Einnahmen pro Nacht. Das reicht, um die Nachtschicht-Verkäufer besser zu bezahlen, kostenlos Werbung für sich zu machen und dabei noch etwas zu verdienen. Am 23. April 2015, erneut zum Tag des Buches, eröffnete Zhang seine zweite 24-Stunden-Filiale im akademischen Stadtbezirk Haidian. Rund-um-die-Uhr-Buchgeschäfte sind als Nischenidee zum Hoffnungsschimmer für das vom Onlinehandel verdrängte Buchwesen geworden und nebenbei gesellige Treffpunkte  für einsame Nachtschwärmer. Und Pekings Beispiel findet Nachahmer. Bis Mitte Juli gab es bereits 15 solcher Buchläden in China. Darunter sind auch Ableger des Vorbilds aller 24-Stunden-Läden, der Eslite-Buchkette aus Taiwan, die 1989 in Taipei den ersten Buchladen im Dauerbetrieb gründete. Heute gibt es fünf 24-Stunden-Läden in Ostchinas Ferienmetropole Hangzhou, ein Geschäft tief in Zentralchinas Changsha. Im Juni öffnete ein Shop in Kanton und Anfang Juli in Xiamen an der Südküste. Der schönste 24-Stunden-Buchladen machte jetzt am 20. Juli in Peking auf, direkt am Dianmen, dem Tor zum irdischen Frieden zwei Kilometer vor dem Kaiserpalast auf der Nord-Süd-Stadtachse. Einst standen hier – um 1420 erbaut – ein traditioneller Torbogen und links und rechts für die kaiserlichen Wachen zwei Garnisonsbauten, auch Yanchi oder Wildgansflügel genannt. 1954 wurden sie für den Bau von Durchgangsstraßen abgerissen. 60 Jahre später ließ sie die Stadtteil-Regierung  Xichengqu wieder orginalgetreu aufbauen. Als im Stadtparlament über ihren Verwendungszweck diskutiert wurde, meldete sich der 59-jährige Volksdeputierte Yu Huagang zu Wort. Als Verlagsleiter des größten staatlichen Antiquariats und Buchhandels Zhongguo Shudian oder Cathay Bookshop würde er aus einem der Gebäude ein 24-Stunden-Buchgeschäft machen, aus dem anderen einen nur tagsüber geöffneten Kinderbuch-Laden. Cathay zieht mit einem Angebot bestehend aus antiquarischen und neuen chinesischen Büchern, Bildbänden, klassischem Briefpapier, Schreibtusche, Pinsel und Kulturgütern Büchernarren wie Kulturtouristen gleichermaßen an. Im Obergeschoß stellt der Verlag, der auch auf alte Nachdrucke spezialisiert ist, klassische Buchoriginale  aus und führt die Kunst des Buchdrucks und der Restaurationstechnik vor. Tische und Ecken zum Bücherlesen und Teetrinken gehören dazu. Yu, der sich vom Verkäufer 1976 bis zum Verlagschef von Cathay hocharbeitete, ließ es sich nicht nehmen, die erste Nachtschicht selbst zu bestreiten, erzählte er dem STANDARD. Vom 20. Juli um acht Uhr abends bis zum 21. Juli um elf Uhr vormittags habe er seine Bücher verkauft. Um Mitternacht waren noch 30 Kunden da. In der ersten Nacht setzten sie 12.000 Yuan (1.800 Euro) um, in der zweiten 15.000 und am dritten Tag 20.000 Yuan. Das war viel besser als gedacht.",,13.296296296296296,8.123194111854966,0.13043478260869565,5.892005610098177,0.6549789621318373,0.14726507713884993
de_66,de,human,"Österreich-Ableger der ""Neuen Zürcher"" wird ein Jahr alt – Chefredakteur Fleischhacker: Monetarisierung über Inhalte in Print noch einfacher als online. Wien – NZZ.at, der Österreich-Ableger der Schweizer Mediengruppe Neue Zürcher Zeitung, feiert am Donnerstag ersten Geburtstag. Nach inhaltlichen und technischen Anfangsschwierigkeiten blieb das am 21. Jänner 2015 gestartete Projekt, das ganz auf bezahlte Online-Abos setzt, zunächst hinter den Erwartungen zurück, seit dem optischen und inhaltlichen Relaunch im Herbst laufe es deutlich besser. Bis Sommer 2016 solle NZZ.at nun zumindest eine kritische Abo-Größe erreichen, dafür arbeite man laufend an Adaptierungen. Im Dezember erschien auch man auch die erste Ausgabe eines gedruckten NZZ.at-Magazins – Fortsetzung möglich. Bei einer Diskussionsveranstaltung zur Woche des Zeitungslesens meinte NZZ.at-Chefredakteur Michael Fleischhacker Dienstagabend, dass die direkte Monetarisierung über Inhalte in Print immer noch einfacher sei als online. Bei NZZ.at rechnet es sich noch nicht, aber es wäre auch ungewöhnlich, wenn sich sein solches Projekt im ersten Jahr rechnen würde.",,12.076923076923077,7.457175568244407,0.1513157894736842,6.453947368421052,0.7960526315789473,0.08552631578947369
de_67,de,human,"Vor seinem Untergang befand sich das Schiff des britischen Entdeckers bereits in seiner zweiten Karriere als ""Lord Sandwich 2"". New York – Wissenschafter haben möglicherweise das Wrack der Endeavour des berühmten britischen Entdeckers James Cook geortet: Das Rhode Island Projekt für Meeresarchäologie (RIMAP) teilte auf seiner Website mit, in der Bucht von Newport im US-Bundesstaat Rhode Island seien neun Stellen identifiziert worden, an denen sich Reste von 13 Schiffen befänden, die während des Amerikanischen Unabhängigkeitskrieges in den Tagen vor der Schlacht von Rhode Island versenkt worden waren. An einer Stelle sei ein Beiboot der 1778 gesunkenen Lord Sandwich 2 gefunden worden – so lautete der letzte Name des Schiffs, das ursprünglich Earl of Pembroke geheißen hatte, ehe es als Endeavour in die Geschichte einging. In der Nähe des Beibootes lägen insgesamt fünf Wracks, und das Projekt für Meeresarchäologie vermute, dass die Endeavour darunter sei. Bevor die Untersuchungen fortgesetzt werden könnten, solle aber Geld für den Bau eines Hangars gesammelt werden, um die Fundobjekte zu lagern, hieß es von RIMAP. Mit der Endeavour hatte James Cook von 1768 bis 1771 seine erste Entdeckungsreise unternommen und den südwestlichen Pazifik erforscht. 1770 erreichte Cook mit ihr Australien – zwar nicht als erster Europäer, doch war sein Eintreffen das folgenreichste. Anders als bei den sporadischen Besuchen holländischer Seefahrer führte Cooks Ankunft dazu, dass Australien bald darauf dauerhaft von Europäern besiedelt wurde. Die Endeavour wurde nach ihrer Rückkehr aus dem Pazifik verkauft und in Lord Sandwich 2 umbenannt. Im Amerikanischen Unabhängigkeitskrieg setzte sie das britische Empire als Truppentransporter und Gefängnisschiff ein, ehe sie 1778 versenkt wurde: Nicht von den Revolutionären, sondern von den Briten selbst, um zusammen mit anderen Schiffen eine heranrückende französische Flotte zu blockieren.",,28.1,15.195064988344075,0.09608540925266904,5.896797153024911,0.7117437722419929,0.17437722419928825
de_68,de,human,"Die Fifa sucht sich selbst und kürt einen neuen Präsidenten. Ob es nun Gianni Infantino oder Scheich Salman bin Ibrahim al-Khalifa wird – mehr Hoffnung auf einen Neubeginn verheißt das geplante Reformpaket. Zürich – Gianni Infantino (45) oder Scheich Salman bin Ibrahim al-Khalifa (50) – das ist die Frage. Der Fünfkampf um das Amt des Fifa-Präsidenten dürfte sich, wenn am heutigen Freitag beim Kongress in Zürich der Nachfolger von Joseph S. Blatter gekürt wird, als Duell entpuppen. Der jordanische Prinz Ali bin al-Hussein (40), der Franzose Jérôme Champagne (57) und der Südafrikaner Tokyo Sexwale (62) gelten als Zählkandidaten. Zwischen dem Schweizer Infantino und dem Bahrainer al-Khalifa wird ein Kopf-an-Kopf-Rennen erwartet. Beide gaben sich nach ihrer Ankunft in Zürich überaus siegessicher. Sicher ist: Infantino hat als Uefa-Generalsekretär fast alle 53 Stimmen der Uefa sicher. Der Scheich kann als AFC-Präsident auf so gut wie alle 44 Stimmen der asiatischen Konföderation bauen. Zu den Königsmachern werden dadurch die Afrikaner, von denen sich beide Favoriten die Mehrheit der Stimmen erhoffen. Infantino dürfte die Mehrheit der 35 Stimmen aus Nord- und Mittelamerika sowie der Karibik (Concacaf) bekommen. Was die zehn Südamerikaner (Conmebol) machen, ist offen. Dazu kommen elf Wähler aus Ozeanien (OFC). Der Kongress im Zürcher Hallenstadion beginnt um 9.30 Uhr, die Wahl ist für Nachmittag angesetzt. Die Chose könnte sich ziehen, sollte aber jedenfalls vor Mitternacht vorüber sein. Dann muss das Stadion für ein Eishockeyspiel am Samstag umgebaut werden. Vor der Präsidentenkür soll ein großes Reformpaket verabschiedet werden. Die ganze Welt blickt diese Woche auf uns, appellierte Interimspräsident Issa Hayatou (69) eindringlich an die Verbände aus der ganzen Welt. Zur Absegnung der Reformen ist eine Dreiviertelmehrheit der 207 stimmberechtigten Mitglieder nötig. Es ist anzunehmen, dass die Anträge durchgehen. Vorab hat der Kontinentalverband für Nord- und Mittelamerika sowie die Karibik (Concacaf) bereits am Donnerstag weitreichende Reformen verabschiedet, die kriminellen Machenschaften einen Riegel vorschieben sollen. Der Concacaf steckt tief in der Krise, seine jüngsten drei Präsidenten zählen zu den Hauptverantwortlichen des Fifa-Korruptionsskandals. Der Donnerstag war gleichsam auch der Tag nach dem Ende der Ära von Joseph S. Blatter. Seine Sperre war wie jene von Uefa-Präsident Michel Platini am Mittwoch um zwei auf sechs Jahre reduziert worden. Niemand weinte dem Ex-Präsidenten eine Träne nach, keine Fifa-Fahne wehte auf Halbmast. Im Gegenteil. Die Zukunft – diesen Eindruck will die Fifa vermitteln – kann kommen. Blatter hingegen ist endgültig Vergangenheit. Vielleicht auch deshalb liest sich das Urteil der Fifa-Berufungskommission, das die Karriere Blatters am Mittwoch per E-Mail beendete, wie eine Art Versöhnungsversuch. Die Sperren von Blatter (79) und Uefa-Präsident Michel Platini (60) seien, so hieß es da, um zwei auf sechs Jahre reduziert worden, weil die Arbeit und die Dienste der beiden über die Jahre für die Fifa, die Uefa und den Fußball im Allgemeinen angemessen zu würdigen seien und sich strafmildernd auswirken sollten. Ausgestanden ist der Rechtsstreit natürlich nicht. Er ist tief enttäuscht von der Fifa-Berufungskommission und wird den CAS anrufen, teilte Blatters Sprecher mit. Auch Platini schaltet den Internationalen Sportgerichtshof ein. Der Franzose, der lange als logischer Blatter-Nachfolger galt, will wenigstens wieder dem europäischen Verband (Uefa) vorstehen, spätestens im Sommer zum Anpfiff der EURO in seiner Heimat (ab 10. Juni). Blatter, der die Fifa 17 Jahre lang führte, hätte sich beim Kongress gerne – in seinen Augen – angemessen verabschiedet. Das bleibt ihm verwehrt. Die Amtsübergabe erfolgt am Freitag durch Hayatou, nicht durch Blatter. Für den Neuanfang der Fifa, wenn es denn einen geben sollte, spielt das überhaupt keine Rolle.",,13.666666666666666,8.852405286987224,0.12216404886561955,5.870855148342059,0.6352530541012217,0.193717277486911
de_69,de,human,"Von Verwaltungsgerichtshof: Unterlegene Kandidatin sah sich bei Rektorwahl 2009 benachteiligt. Innsbruck – Der Verwaltungsgerichtshof hat eine Beschwerde des Arbeitskreises für Gleichstellungsfragen im Zusammenhang mit der Wahl des Rektors der Medizinischen Universität Innsbruck im Jahr 2009 endgültig abgewiesen. Dies teilte der Universitätsrat der Med-Uni am Donnerstag mit. Die damals unterlegene Kandidatin Margarethe Hochleitner hatte sich wegen ihres Geschlechts benachteiligt gesehen. Der Universitätsrat hatte im April 2009 aus einem Dreiervorschlag den mittlerweile verstorbenen Herbert Lochs zum neuen Rektor gewählt. Die damalige Vizerektorin Hochleitner, die ebenfalls im Vorschlag war, kam nicht zum Zug.   Eine Beschwerde des Arbeitskreises wurde zunächst vom Wissenschaftsministerium zurückgewiesen, woraufhin die Causa zur Bundesgleichbehandlungskommission wanderte. Diese sah eine Diskriminierung Hochleitners aufgrund ihres Geschlechtes als gegeben an. Eine Schiedskommission, die danach mit einer abermaligen Prüfung beauftragt wurde, wies die Beschwerde jedoch ab. Hochleitner hatte zudem eine Schadenersatzklage wegen Diskriminierung angestrengt, blitzte damit aber sowohl vor dem Landesgericht als auch vor dem Oberlandesgericht ab.",,15.2,5.2306787322488075,0.1118421052631579,7.25,0.75,0.1118421052631579
de_70,de,human,"Die Teil-Grenzschließung am Balkan, Zusatzroute in Kärnten und Wetter sind wahrscheinlich die Ursachen. Seit Samstag kommen 3.200 täglich in Kärnten an. Spielfeld/Bad Radkersburg – Wie schon am Sonntag war auch am Montag der Andrang von Flüchtlingen am Grenzübergang Spielfeld deutlich geringer als noch vor einer Woche. Am Sonntag wurden gut 3.500 Menschen in Spielfeld versorgt, das ist etwa um die Hälfte weniger als an Spitzentagen. Anders ist die Lage in Kärnten, wo seit Samstag täglich 3.200 Schutzsuchende ankommen – eine Verdopplung zu den Wochen zuvor. Davon kommen – wie bisher schon – täglich 1.600 mit dem Zug aus Slowenien, seit dem Wochenende aber zusätzlich noch 1.600 täglich mit Bussen durch den Karawankentunnel. Für die Hälfte von ihnen ist Platz in den Kärntner Transitquartieren, der Rest wird unmittelbar weitertransportiert. Diese vermehrte Verlagerung nach Kärnten ist nach Angaben von Leo Josefus, Sprecher der Landespolizeidirektion Steiermark, auch einer der Gründe für den geringeren Andrang im steirischen Spielfeld. Zusätzlich könnten auch das kältere Wetter und verschärfte Einreisebestimmungen entlang der Balkanroute – Mazedonien, Kroatien und Serbien lassen seit Mitte letzter Woche nur noch Iraker, Syrer und Afghanen passieren – eine Rolle spielen, so Josefus auf APA-Anfrage. Deshalb könnte der Rückgang möglicherweise von Dauer sein. Auch Montagmittag warteten in der Sammelstelle Spielfeld mit 1.060 Menschen vergleichsweise wenige Flüchtlinge auf einen Weitertransport in die Bundesländer und an die deutsche Grenze. Auf slowenischer Seite in Sentilj waren es noch einmal 700 Personen. In Bad Radkersburg warteten zu Mittag gut 370 Flüchtlinge. Die Menschen werden seit Wochen in beheizten Zelten vom Roten Kreuz und Freiwilligen versorgt. Seit Samstag sind jeden Tag 1.600 Personen per Zug aus Slowenien angekommen (wie bisher) – und zusätzlich noch täglich 1.600 mit Bussen. Sie werden entweder in den Transitunterkünften versorgt (Platz für 1.600 Personen) oder gleich weitertransportiert. Laut Polizeisprecher Markus Dexl bleiben diese Zahlen konstant, er kann es sich vorstellen, dass durch diese zusätzlichen Transporte per Bus nach Kärnten auch der Druck auf die Steiermark nachgelassen hat.",,12.76923076923077,8.228971766348511,0.11764705882352941,5.934984520123839,0.653250773993808,0.19504643962848298
de_71,de,human,"Vier Personen betroffen – Kohlenmonoxid konnte nicht abgeleitet werden. Wien – Vier Personen sind am Donnerstagabend in einem Haus in der Jägerstraße in  Wien-Brigittenau mit Verdacht auf Kohlenmonoxidvergiftungen von der Rettung ins  Krankenhaus gebracht worden. Auslöser des Einsatzes: Durch mobile Klimaanlagen  war in einer Wohnung Unterdruck entstanden, wodurch die CO-Gase der Therme beim  Duschen nicht durch den Rauchfang abgeleitet wurden, so die Feuerwehr am  Freitag. Der Inhaber der Wohnung verspürte Übelkeit und Kopfschmerzen und verständigte  die Rettung. Als die mitgeführten Kohlenmonoxid-Warngeräte der Einsatzkräfte  Alarm schlugen, wurde zusätzlich die Feuerwehr alarmiert. Von dieser wurde die  Wohnung schließlich stromlos geschaltet und die Therme außer Betrieb genommen.  Insgesamt mussten vier Personen ins Krankenhaus gebracht werden.",,16.0,7.91021039994693,0.09821428571428571,6.607142857142857,0.7232142857142857,0.23214285714285715
de_72,de,human,"Der Vizekanzler und Bayerns Ministerpräsident Seehofer gehen für die Wirtschaft ihrer Länder in Russland auf Werbetour. Am Ende wurde es richtig gemütlich: Russlands Premier Dmitri Medwedew empfing Mitterlehner zum Abschluss von dessen zweitägigen Arbeitsbesuch im Kaminzimmer seiner Moskauer Vorstadtresidenz Gorki-3 und überreichte ihm nach einem halbstündigen Plausch den russischen Freundschaftsorden. Ebenso wichtig für den österreichischen Vizekanzler dürfte die Forcierung des Pipelineprojekts Nord Stream 2 sein. In allen seinen Gesprächen mit russischen Regierungsmitgliedern brachte Mitterlehner die geplante Erweiterung der Ostseepipeline auf den Tisch. Österreich wolle nicht abhängig von der Regierung in der Ukraine und deren Leitungssystem sein, versicherte er Medwedew, wenn er auch den bestehenden Transitvertrag bis 2019 als sicher bezeichnete. Kritik übte Mitterlehner nicht nur an Kiew, sondern auch an Brüssel. Schon am Vormittag beim Treffen mit Russlands Wirtschaftsminister Alexej Uljukajew beklagte er, die einst guten Wirtschaftsbeziehungen zwischen Russland und Österreich seien auf anderer Ebene verdorben worden. Politisch hätten die Sanktionen keine Fortschritte gebracht, dafür aber viele Nachteile, schalt er. Dies wiederholte er – eben zurückgekehrt – am Abend auch in der ZiB2 des ORF: Wir haben uns beschädigt. Sein Land könne zwar nicht allein aus der Sanktionspolitik ausscheren, werde aber innerhalb der Europäischen Union darauf hinarbeiten, ein Ende der Sanktionen zu erreichen, versprach Mitterlehner mit Verweis auf das Minsker Abkommen sowohl in Moskau als auch – später – in Wien. Solche Worte kommen gut an in Moskau. Niemandem tun die Sanktionen gut , so Medwedew. Russland werde abwarten, ob es Bewegung bei der EU gebe. Mitterlehners Charmeoffensive wurde dennoch belohnt. Medwedew jedenfalls sagte seinem Gast gemeinsame Anstrengungen beim Vorantreiben von Nord Stream 2 zu und regte an, den Widerstand der osteuropäischen EU-Länder dadurch zu besänftigen, indem sie mit ins Boot geholt und ihre Transitausfälle ersetzt würden. Mitterlehner stellte die Sicherheit der Gasversorgung in den Mittelpunkt, doch es gibt auch handfeste wirtschaftliche Interessen für die Realisierung von Nord Stream 2. Die OMV ist seit September einer der Gesellschafter des Projekts. OMV-Chef Rainer Seele begleitete Mitterlehner auf der Moskau-Reise. Klientelpolitik wird aber nicht nur in Wien betrieben: Mitterlehner war kaum abgereist, da landete schon Horst Seehofer in Moskau. Auch Bayerns Ministerpräsident ist um die eigene Wirtschaft besorgt und ließ sich trotz aller Kritik – auch aus den eigenen Reihen – einen Termin mit Präsident Wladimir Putin geben. Von einer Verschwörung gegen die deutsche Bundeskanzlerin Angela Merkel, als deren Gegner Seehofer gilt, wollte der Kreml allerdings nichts wissen. Das Treffen sei wichtig, um trotz all der Restriktionen im Dialog mit Deutschland zu bleiben, sagte Peskow. Dass auch Seehofer ein Kritiker der Sanktionen ist, habe bei dem Termin aber nicht geschadet, fügte er hinzu.  (André Ballin aus Moskau, 3.2.2016)",,16.846153846153847,10.545477731791765,0.11467889908256881,6.098623853211009,0.6834862385321101,0.1743119266055046
de_73,de,human,"Rapid schließt drei Tage nach der Tracht Prügel in Valencia mit einem Sieg bei Sturm Graz zu Salzburg auf. Philipp Schobesberger lässt mit zwei Toren den Heilbrunnen sprudeln. Graz – Rapid Wien hat sich in der Bundesliga für das 0:6-Debakel in der Europa League in Valencia rehabilitiert. Die Hütteldorfer setzten sich am Sonntag bei Sturm Graz 2:0 (1:0) durch und schlossen damit nach Punkten wieder zu Tabellenführer Salzburg auf. Für die Tore sorgte Philipp Schobesberger (12., 71.). Nach dem Cup-Aus gegen die Admira und der Europacup-Pleite in Spanien blieb Rapid in der Meisterschaft auf Kurs. Im dritten Ligaspiel des Jahres gab es den dritten Sieg. Die Wiener sind zudem als einziges Team noch ohne Gegentor. Sturm dagegen muss auch nach dem vierten Pflichtspiel 2016  auf den ersten Sieg warten, der Rückstand des Tabellenvierten beträgt bereits zwölf Punkte. Sturm-Trainer Franco Foda setzte auf ein 4-1-4-1-System mit Daniel Offenbacher als einzigem defensivem Mittelfeldspieler. In der Offensive rückten die jungen Sascha Horvath und Andreas Gruber sowie Stürmer Roman Kienast in die Mannschaft. Bei Rapid vertraten Thomas Murg und Srdjan Grahovac die verletzten Florian Kainz (Gehirnerschütterung) und Steffen Hofmann (Wadenprobleme). Schobi mal zwei  Sturm begann vor 12.500 Zuschauern – dem besten Besuch in der UPC-Arena seit dem ersten Heimspiel gegen Rapid im August (2:2) – ambitioniert. Einen Offenbacher-Fernschuss drehte Richard Strebinger über die Latte (5.). Rapid nutzte aber die erste Gelgenheit: Thanos Petsos schickte Schobesberger auf die Reise, der etwas entgegen dem Spielverlauf zwischen die Beine von Torhüter Michael Esser traf. Sechs Minuten später enteilte Schobesberger erneut Tanju Kayhan, hob den Ball aber am langen Eck vorbei (18.). Auf der Gegenseite landete ein abgefälschter Schuss von Klem knapp über dem Tor (27.), ein weiterer Versuch von Thorsten Schick knapp daneben (28.). Mit der Führung im Rücken bekam Rapid das Spiel besser unter Kontrolle, einen Murg-Schuss parierte Esser (37.). Die Grazer konnten nach Seitenwechsel nicht mehr zusetzen, zeigten zu wenig Kreativität und Probleme im Spielaufbau. Rapid verwaltete den Vorsprung und ließ kaum Chancen zu. Dem Ausgleich am nächsten kam Horvath, der von der Strafraumgrenze die linke Stange traf (70.). Für die Vorentscheidung sorgte Schobesberger praktisch im Gegenzug. Bei einem Idealzuspiel von Mario Pavelic startete er erneut richtig, umspielte Esser und erzielte seinen sechsten Ligatreffer. Den Matchball ließ der eingewechselte Philipp Prosenik aus, der im Konter allein vor Esser das Außennetz traf (77.). Rapid machte dennoch einen großen Schritt in Richtung Europacup-Qualifikation für die kommende Saison. Die ersten drei haben ihren Platz fix. Sturm fehlen nach der zweiten Heimniederlage der Saison, der ersten seit Ende August gegen Salzburg (2:3), schon acht Punkte auf die drittplatzierte Austria. Gegen Rapid haben die Grazer acht Partien in Folge nicht gewonnen, 13 Runden sind noch zu spielen. (APA, 21.2.2016) Bundesliga, 23. Runde, Sonntag SK Sturm Graz – SK Rapid Wien 0:2 (0:1)UPC-Arena, 13.000 Zuschauer, SR Drachta Tore: 0:1 (12.) Schobesberger0:2 (71.) Schobesberger Sturm: Esser – Kayhan, Avlonitis, Kamavuaka, Lykogiannis – Offenbacher – Schick, Horvath, Gruber, Klem – Kienast Rapid: Strebinger – Pavelic, Sonnleitner, M. Hofmann, Stangl – Grahovac, Petsos – Murg, Schwab, Schobesberger – Jelic",,11.304347826086957,7.450910551934579,0.17425742574257425,5.782178217821782,0.6554455445544555,0.16831683168316833
de_74,de,human,"Bei den Internationalen Filmfestspielen von Venedig sind manche US-Produktionen nur außer Konkurrenz zu sehen: ""Spotlight"" von Thomas McCarthy erzählt etwa von den investigativen Journalisten des ""Boston Globe"" und einem Skandal in der katholischen Kirche. Im Programm von Venedig sitzen die Kinofilme entspannt wie die letzten Saisongäste am Strand beisammen. Doch die Gemeinsamkeit trügt, am Ende des Tages werden sich viele davon in einer anderen Öffentlichkeit bewähren müssen. Cary Fukunagas Beasts of No Nation, der sich das Drama eines afrikanischen Kindersoldaten reichlich naiv als blutiges Abenteuerspiel ausmalt, wird im Herbst bei Netflix ausgestrahlt. Der neue Film des Russen Alexander Sokurow, Francofonia, sieht hingegen nur so aus, als wäre er für das Arte-Spätabendprogramm inszeniert: Der Essay um den Louvre und das Schicksal von Kunstschätzen in historisch bewegten Zeiten bleibt trotz übereinandergestapelter Bildschichten visuell unbeweglich. Schließlich sind da noch die US-Filme, die am ersten Wochenende den größten Wirbel bereiten. Angeführt von Stars kommen sie auf den Lido, um nächste Woche weiter zum Festival in Toronto zu ziehen. An dieser Kick-off-Logik liegt es auch, dass einige von ihnen hier nur außer Konkurrenz zu sehen sind. Der kompakteste davon ist Thomas McCarthys Spotlight. Es geht um jene aufsehenerregenden Fälle von sexuellem Missbrauch in der katholischen Kirche, die Anfang 2000 durch die Tageszeitung Boston Globe aufgedeckt wurden. McCarthys kluges Drehbuch ist vollkommen auf die journalistische Recherche konzentriert – Spotlight ist der Name der berühmten investigativen Abteilung der Zeitung. Unweigerlich denkt man bei diesem Film an Genreklassiker wie den Watergate-Film All the Presidents Men. Doch die Spannung entsteht hier dadurch, dass der Fall offen daliegt, ihn aber lange niemand aufzugreifen wagte. Die Journalisten attackieren im Grunde das verlogene Selbstverständnis einer Stadt, in der die Macht der Kirche bis in Institutionen hineinreicht. Quellen wurden vertuscht, mögliche Zeugen mit Zahlungen zum Schweigen gebracht. McCarthy widersteht der Versuchung, daraus ein eindimensionales Heldenepos zu zimmern. Stattdessen setzt er auf klassisches Erzählkino, das parallelen Linien folgt, die in einem engagierten Team zusammenlaufen. Das großartige Cast verleiht den Figuren bis in Nebenrollen hinein individuelle Töne: Liev Schreiber ist der erste jüdische Chefredakteur des Globe, der sich gegen die katholische Nomenklatura stellt; Michael Keaton der gewiefte Leiter des Investigativteams; Mark Ruffallo ein rasender Reporter, der auf der Straße den nötigen Nachdruck erzeugt. Der Boston Globe hat auch in Black Mass einen kurzen rühmlichen Auftritt: US-Regisseur Scott Cooper erzählt vom irischstämmigen Mobster Whitey Bulger, der seine Karriere in Boston der versteckten Zusammenarbeit mit dem FBI verdankt. Das dünne Haar nach hinten gekämmt, die Augenfarbe verwaschen blau, die Stimme rau, bedrohlich, überrascht Johnny Depp hier mit der Darstellung eines eiskalten Kriminellen. Es dauert jedoch ein wenig, bis man sich an die Maske gewöhnt; bis die Gewalt dahinter richtig zum Vorschein kommt. Die faszinierendere Auseinandersetzung mit Machismo ist dem Brasilianer Gabriel Mascaro mit Neon Bull geglückt. Der Film führt ins Feld der Vaquejada, einer brachialen brasilianischen Rodeoform, bei der zwei Reiter einen Stier zu Fall bringen müssen. Die Breitwandbilder von Kameramann Diego Garcia, der zuletzt auch Cemetery of Splendor von Apichatpong Weerasethakul fotografiert hat, bleiben bewusst auf Distanz zu dem hormongesättigten Milieu, betonen dabei jedoch umso mehr die sinnlichen Seiten dieser Welt aus Schweiß, Gewalt und Sexualität. Widersprüche entstehen zwischen dem archaischen Dasein und moderneren Sehnsüchten der Figuren: So träumt der zentrale Cowboy (Juliano Cazarre) eigentlich davon, einmal Modeschöpfer zu sein.",,21.76,9.944968577124817,0.11948529411764706,6.189338235294118,0.7040441176470589,0.1948529411764706
de_75,de,human,"Bundespräsident zu Starmoderatorin Amanpour: Annahme von Iran-Einladung ""lange abgewogen"". Wien – Bundespräsident Heinz Fischer hat den Plan von EU-Kommissionschef Jean-Claude Juncker für die Verteilung von insgesamt 160.000 Flüchtlingen auf alle EU-Staaten als gut gelobt. Es sei fair und gerecht, wenn Österreich 2,5 bis drei Prozent der an der EU-Außengrenze ankommenden Flüchtlinge aus Konfliktgebieten aufnehme, sagte Fischer am Donnerstag gegenüber dem US-Nachrichtensender CNN . In dem am Donnerstagabend (MESZ) ausgestrahlten Interview meinte Fischer, solche Quoten seien notwendig. Die von der EU vorgesehene Zahl könne entsprechend der österreichischen Bevölkerung und der Wirtschaftsleistung bewältigt werden. Österreich soll laut dem Plan 3.640 Menschen aufnehmen, den Löwenanteil schultern Deutschland mit 31.443 und Frankreich mit 24.031 Menschen. Fischer lobte auch die Hilfsbereitschaft und das Engagement der Zivilbevölkerung. Auf den Verweis von CNN-Starmoderatorin Christiane Amanpour, dass die österreichische anti-immigration party FPÖ in Umfragen sogar an der Spitze liege, meinte Fischer, die Regierungskoalition aus SPÖ und ÖVP würde andererseits von weiteren Oppositionsparteien wie den Grünen in ihrer Flüchtlingspolitik unterstützt. Wir haben da einen positiven und humanen Zugang, der die Ablehnung der Freiheitlichen Partei hoffentlich übertrifft. Österreich wird dieses schwierige Problem bewältigen, gab sich der Bundespräsident zuversichtlich und verwies auch auf ähnliche Situationen in den Jahren 1956 während des Ungarn-Aufstands und 1968 während des Prager Frühlings in der Tschechoslowakei. Diesmal handle es sich aber um weltweite oder europaweite Katastrophen, die viel menschliches Leid verursachen würden. Fischer hob auch das Engagement der ÖBB bei der Bewältigung des Flüchtlingszustroms hervor. Die Ursachen der Migrationsströme müssten aber bekämpft werden. Wir müssen alles tun, um den Krieg in Syrien zu stoppen oder die Turbulenzen im Irak und im Libanon. Die Flüchtlinge sind Opfer der Bürgerkriege im Nahen Osten. Auf seinem jüngsten Besuch im Iran angesprochen, berichtete Fischer dem US-Sender, er habe die Annahme der Einladung lange abgewogen. Der als moderat geltende iranische Präsident Hassan Rohani habe auf ihn den Eindruck eines verhandlungsbereiten Politikers gemacht. Er hat gesagt, er setzt sich mit jedem zusammen, das ist meiner Meinung nach wichtig.",,14.954545454545455,8.93144227753977,0.1196319018404908,6.411042944785276,0.7116564417177914,0.2116564417177914
de_76,de,human,"Einer von fünf Angeklagten im Vatileaks-2-Prozess nun unter Hausarrest. Vatikanstadt – Der einzige Gefängnisinsasse im Vatikan muss Weihnachten nicht hinter Gittern verbringen: Der spanische Geistliche Lucio Angel Vallejo Balda, einer der fünf Angeklagten im Vatileaks-2-Prozess, sei aus der Zelle der vatikanischen Gendarmerie entlassen und in eine Unterkunft im päpstlichen Staat gebracht worden, teilte der Vatikan am Mittwoch laut Kathpress mit. Dort stehe er seit Dienstag unter Hausarrest, so Sprecher Federico Lombardi. Der Sekretär der Präfektur für die wirtschaftlichen Angelegenheiten des Heiligen Stuhls sitzt seit Anfang November in Untersuchungshaft im Vatikan. Er war der einzige Häftling im Vatikan. Die Staatsanwaltschaft wirft ihm vor, vertrauliche Unterlagen an zwei italienische Journalisten weitergegeben zu haben. Seit Anfang Dezember muss sich Vallejo vor einem vatikanischen Gericht verantworten. Im droht eine mehrjährige Haftstrafe.",,15.875,13.869368226418967,0.11023622047244094,6.543307086614173,0.8031496062992126,0.14173228346456693
de_77,de,human,"Das Zentrum für Soziale Innovation ist beteiligt an EU-Projekt für mehr Verantwortung in der Wissenschaft. Wien - Im Verhältnis von Wissenschaft und Gesellschaft lässt sich eine Doppelbewegung ausmachen: Einerseits rücken durch die Technisierung zunehmend Artefakte der Wissenschaft in die Lebenswelt, andererseits werden Forschung und die daraus resultierenden Anwendungen immer spezialisierter und entziehen sich so zunehmend dem Verständnis der meisten. Angesichts der starken Veränderungen der Lebenswelt durch den wissenschaftlichen Fortschritt hat die Europäische Kommission daher eine Initiative gestartet, die Wissenschaft und Gesellschaft wieder näher zusammenrücken lassen sollen. Federführend dabei ist ein Konzept, das Responsible Research and Innovation (RRI) genannt wird. 26 Institutionen sind europaweit an dem von der EU geförderten RRI Tools-Projekt beteiligt, bei dem es darum geht, sowohl Wissenschaftern als auch politischen Entscheidungsträgern, Wirtschaftstreibenden und der breiten Bevölkerung Tools zur Verfügung zu stellen, die letztlich zu einer nachhaltigen Forschung beitragen sollen. Das Vokabular ist dabei nicht unumstritten: So mutet es etwas technokratisch an, von Werkzeugen zu sprechen, wo es darum geht, neue Praktiken zu entwickeln und einen Sinneswandel und Selbstreflexion herbeizuführen. Auch gebe es Kritik, dass das Konzept irgendwo einmal ausgedacht worden ist, aber ihm noch die Bodenhaftung und die praktische Umsetzung fehlt, sagt die Soziologin Ilse Marschalekvom Zentrum für Soziale Innovation (ZSI), die in Österreich für die Koordination zuständig ist. Gemeinsame Verantwortung Wenn Wissenschafter mit RRI konfrontiert werden, komme es nicht selten vor, dass sie sich zunächst angegriffen fühlen und fragen: Waren wir bis jetzt nicht verantwortungsvoll genug?, berichtetMarschalek, das ist aber natürlich nicht gemeint, sondern es geht darum, dass die Verantwortung von allen gleichermaßen getragen wird - von Wissenschaftern, Policy Makers und der Wirtschaft. Nachdem in den letzten eineinhalb Jahren zahlreiche Gespräche und Workshops mit verschiedenen Akteuren stattfanden, geht es im nächsten Schritt um die Entwicklung von Werkzeugen - mit dem Ziel, RRI durchzusetzen. Wie diese genau aussehen werden, sei noch unklar. Denkbar wären etwa Trainingsmaterialien, Kurzvideos, Poster oder Powerpoint-Präsentationen, mit denen das Konzept von RRI vermittelt werden kann und Handlungsanleitungen gegeben werden können, die eigenen Aktivitäten hinsichtlich RRI zu beurteilen. Letztlich geht es um eine nachhaltige Forschung, um einen Paradigmenwechsel in der Wissenschaft, sagt Marschalek, eine Bewegung hinaus aus dem Elfenbeinturm, hin zu Science with and for society. Dabei sei nicht nur ein Einstellungswandel unter den Forschern erforderlich, sondern es gehe auch darum, die Forschungsförderung zu überdenken, sagt Katharina Handler, die am ZSI ebenfalls am Projekt beteiligt ist. Es müsse reflektiert werden, wie viel Geld wofür ausgegeben wird und welchen Gesellschaftsgruppen das nützlich ist. Mit den neuen technischen Möglichkeiten müssen wir auch einen neuen Ansatz in der Reflexion finden, wie diese Technologien von allen akzeptiert werden können, sagt Marschalek. Warum es gerade jetzt ein gesteigertes Verantwortungsbewusstsein der Wissenschaft brauche, begründet Marschalek mit den veränderten technischen Möglichkeiten: Mit Nanotechnologie bis hin zu Gentechnik verschiebe sich die Grenze, wozu Forschung imstande ist. Wissenschaft und Technik infiltriert unser Leben immer mehr. Ganz selbstverständlich kommen wir jeden Tag mit Hightech in Berührung. Dementsprechend haben die Leute mehr Interesse und mehr Möglichkeiten, sich zu interessieren und sich zu engagieren, sagt Marschalek. Neue Initiative Eine ähnliche Stoßrichtung wie das RRI Tool-Projekt verfolgt die Initiative Responsible Science - Wissenschaft und Gesellschaft im Dialog des Wissenschaftsministeriums. Im Sinne einer nachhaltigen Innovationsorientierung soll damit das Interesse der Gesellschaft an Wissenschaft und Forschung gestärkt werden - mit dem Langzeitziel, die überdurchschnittlich wissenschaftsskeptischen Österreicher näher an die Forschung heranzuführen, um sie so dafür zu begeistern.",,25.363636363636363,10.30686203258187,0.12746858168761221,6.597845601436266,0.599640933572711,0.19210053859964094
de_78,de,human,"Behörden schätzen, dass die Versorgung in den nächsten zwei Jahren 7,4 Milliarden Euro kosten werde. Der Volltext dieses auf Agenturmeldungen basierenden Artikels steht aus rechtlichen Gründen nicht mehr zur Verfügung.",,15.0,0.0,0.13333333333333333,6.3,1.0,0.13333333333333333
de_79,de,human,"Bahn hat 600 Wagen im Fuhrpark. Wien – Die ÖBB wollen mit nicht ausgelasteten Dienstwagen ins Autoverleihgeschäft einsteigen. Wir haben einen betrieblichen Fuhrpark von rund 600 Autos. Diese wollen wir in unser Mobilitätsangebot integrieren, indem wir sie unseren Kunden zu günstigen Konditionen anbieten, sagte ÖBB-Chef Christian Kern dem Kurier. Ein Ausbau des Services durch den Kauf zusätzlicher Wagen ist nicht geplant. Die Kunden haben dabei weniger Flexibilität als bei anderen Carsharing-Modellen: Sie müssen die ÖBB-Autos wieder zum Ausleihbahnhof zurückbringen. Derzeit läuft ein ÖBB-interner Testlauf, bei dem die Bahnmitarbeiter die Autos buchen können. Im Sommer will die Bahn zusätzlich ins boomende Fernbusgeschäft einsteigen.",,12.75,4.763139720814412,0.11764705882352941,6.2745098039215685,0.8431372549019608,0.10784313725490197
de_80,de,human,"Der Ex-US-Zentralbankchef war fast zwei Jahrzehnte lang der mächtigste Geldpolitiker der Welt, die Krise hat den Ruf ramponiert. New York/Washington-  Der großartigste Zentralbanker in der Weltgeschichte, hieß es in den Lobeshymnen der Politiker noch, als die USA Greenspan zur Jahrtausendwende für weitere vier Jahre an die Spitze der US-amerikanischen Notenbank Federal Reserve (Fed) beriefen. Der damals bereits seit 13 Jahren amtierende Fed-Chef galt in der Welt des Geldes als Maß aller Dinge, genoss Kultstatus an den Finanzmärkten und hatte die Rückendeckung sowohl von Republikanern als auch von Demokraten. Der Mann hinter dem Geld schien unantastbar – die Märkte feierten ihn als Orakel und Maestro.  Als solcher hat er ab den späten 1990er-Jahren Krisenherde mit Geldspritzen erstickt, wobei die Dosis von Mal zu Mal gesteigert wurde. Auf dem Höhepunkt der Finanzkrise Anfang 2009 reduzierte sein Nachfolger Ben Bernanke den Leitzins bis an die Nulllinie. Mit der Finanzkrise kam auch Greenspans persönlicher Absturz. Das Genie, dem Konjunktur und Inflation zu gehorchen schienen, wurde zum Sündenbock. An seinem 90. Geburtstag heute Sonntag steht Greenspans Name vor allem für eine fahrlässige Niedrigzinspolitik, die einem verheerenden Crash den Boden bereitete. Greenspan hat seinen Job von Paul Volcker übernommen. Der in New York aufgewachsene Sohn eines Börsenmaklers hatte 1977 an der New York University promoviert. 1987, direkt nach seinem Amtsantritt bestand er quasi die Feuertaufe mit dem als Schwarzer Montag in die Finanzgeschichte eingegangenen Börsenbeben. Die Fed öffnete die Geldschleusen, um die Panik der Anleger mit expansiver Liquidität zu kontern. Die Methode wirkte.  Greenspans Erfolg hielt an – unter seiner geldpolitischen Führung legte die US-Wirtschaft eine der längsten Boomzeiten hin. Anfang 2000 beschrieb der Economist den Notenbanker als Allmächtigen der Finanzwelt: Investoren verlassen sich so sehr auf Greenspans magische Hand, dass sie die Aktien in der Annahme hochbieten, dass er sie schon retten wird, wenn es schief geht. Es dauerte noch sieben Jahre bis zum Absturz. Als der Terroranschlag auf das World Trade Center 2001 die Börsen erzittern ließ, griff Greenspan zur bewährten Medizin – und senkte die Leitzinsen. Es wirkte. Heute sieht die Expertenwelt die Sache weitgehend so: Die Geldschwemme aus dem Greenspan-Tropf war ein Wegbereiter der Spekulationsblasen, die 2007 zum Zusammenbruch des Häusermarktes und dann zum konjunkturellen Kollaps führten. Die schlimmste Wirtschaftskrise der Nachkriegszeit fiel aber nicht mehr in Greenspans Amtszeit. Er ging 2006 in Pension – die Aufräumarbeiten übernahm sein Nachfolger Ben Bernanke. Teilweise ist auch die jetzige Fed-Chefin Janet Yellen noch damit beschäftigt. Fehler gesteht Greenspan aber nicht ein – er habe schließlich wiederholt vor Übertreibungen an den Immobilien- und Kreditmärkten gewarnt.",,16.8,9.587491851365508,0.1,5.919047619047619,0.6785714285714286,0.2
de_81,de,human,"Mit einer kleinen Panne wurde die Großbaustelle abgeschlossen, geplantes Budget um 500.000 Euro unterschritten. Wien – Per Vakuumsauger sollte am Freitag symbolträchtig der letzte Stein ins neue Pflaster der verkehrsberuhigten Mariahilfer Straße bugsiert werden. Allerdings fehlte es an Haftung, der Stein fiel und brach. Erst im zweiten Versuch gelang es der versammelten Politikerschar, die Mahü endgültig zu beschließen. Dennoch zeigte sich vor allem Verkehrsstadträtin Maria Vassilakou (Grüne) hörbar erleichtert. Der notwendige zweite Anlauf kann durchaus als symptomatisch für die Geschichte der neuen Wiener Mariahilfer Straße gesehen werden: Waren doch nach der ersten Vorstellung des Projekts viele – darunter vor allem Wirtschaft und Opposition – gegen die Umwandlung der Einkaufsmeile in eine Begegnungs- und Fußgängerzone. Auch der Koalitionspartner SPÖ stürzte sich nicht gleich mit vollem Elan in die Mahü-Neugestaltung. Erst das knappe positive Votum der Anrainer in den Bezirken Mariahilf und Neubau besiegelte die neue Mariahilfer Straße. Der Gegenwind ist auch an Vassilakou nicht spurlos vorübergegangen. Das eine oder andere graue Haar, das in den vergangenen zwei Jahren dazugekommen ist, hat sicher mit der Mahü tun, betonte sie heute. Noch könne sie gar nicht wirklich begreifen, dass die Mariahilfer Straße endgültig fertig sei. Und das im Zeitrahmen und billiger als ursprünglich angenommen. Noch ist zwar nicht alles genau abgerechnet, der Projektkoordinator Peter Lux geht von einer voraussichtlichen Budgetunterschreitung von 500.000 Euro aus. Insgesamt waren für den mehr als einjährigen Umbau 25 Millionen Euro veranschlagt worden. Es ist ein gelungenes Projekt, das mich sehr glücklich macht, sagte Vassilakou. Die Mahü sei aber auch ein Lernerfolg gewesen. Denn jetzt wisse man, wie man zukünftige Projekte dieser Größenordnung angehen werde. Rückblickend wäre es etwa sinnvoll gewesen, einen kleinen Abschnitt der Einkaufsmeile gleich neu zu gestalten, um ein konkretes Anschauungsobjekt als Entscheidungsgrundlage zu haben. Die Mahü soll jedenfalls nicht die letzte Tat sein: Es gibt viele Wünsche auf Bezirksebene nach Neugestaltungen, meinte Vassilakou. Ziel sei es, die Lebensqualität in jedem Bezirk durch Verkehrsberuhigung und mehr Grünflächen zu verbessern. Die Mariahilfer Straße sei aufgrund der Dimensionen aber sicherlich das größte Projekt der vergangenen und nächsten Jahre gewesen, meinte die Stadträtin. Jetzt wird aber erst einmal die Mariahilfer Straße gefeiert: Nach dem offiziellen Akt heute, bei dem auch die Bezirksvorsteher von Mariahilf, Markus Rumelhart (SPÖ), und Neubau, Thomas Blimlinger (Grüne), anwesend waren, sollen am Samstag alle was davon haben. Beim Eröffnungsfest wird es unter anderem Auftritte der Song-Contest-Starter The Makemakes sowie von Tagtraeumer geben, Passanten können sich mit Kinderunterhaltung, einem Kletter-Wettbewerb, Flying-Fox-Fahrten oder auf der kollektiven Rüttelplatte vergnügen. Dafür wird die komplette Mariahilfer Straße für den Verkehr gesperrt, auch der 13A muss noch einmal ausweichen und wird am Samstag geteilt geführt. Der Bus fährt zwischen Alser Straße/Skodagasse und Neubaugasse/Westbahnstraße sowie zwischen Hauptbahnhof und Neubaugasse (U3), wie die Wiener Linien mitteilten. Aber nicht alle zeigten sich heute rundum zufrieden: Es sei zu früh für Jubelmeldungen, befand etwa der Autofahrerclub ÖAMTC. Weder die Abläufe auf der neuen Begegnungsfläche noch die Auswirkungen auf die Umgebung können zu diesem Zeitpunkt seriös bewertet werden, so Bernhard Wiesinger vom ÖAMTC per Aussendung. Eine Übertragung auf andere Bezirke sei zu diesem Zeitpunkt daher nicht sinnvoll. (Video: Sarah Brugner & Michael Luger, Text: APA/red, 31.7.2015)",,15.878787878787879,9.508393662754697,0.1326923076923077,6.2,0.6673076923076923,0.18846153846153846
de_82,de,human,"Behandlung im Krankenhaus. Jerusalem – Nach einem lebensbedrohlichen Hungerstreik hat Israel der Freilassung eines palästinensischen Häftlings zugestimmt. Khader Adnan, ein ranghohes Mitglied des Islamischen Jihad, solle noch vor Ende des muslimischen Fastenmonats Ramadan freikommen, berichtete das israelische Fernsehen am Montag. Im Gegenzug habe er zugestimmt, seinen Hungerstreik nach 55 Tagen abzubrechen. Adnan werde angesichts seines schlechten körperlichen Zustands in einem israelischen Krankenhaus behandelt. Es war ein neuer Ausbruch der Gewalt zwischen Israel und den Palästinensern befürchtet worden, sollte der in den Palästinensergebieten populäre Häftling sterben. Der Islamist war immer wieder von Israel festgenommen und ohne offizielle Anklage in Haft gehalten worden – zuletzt vor einem Jahr im Rahmen einer Festnahmewelle im Westjordanland. Israel reagierte damit auf die Entführung und Ermordung dreier Jugendlicher durch militante Palästinenser. Im Februar 2012 hatte Adnan nach einer ähnlichen Einigung einen 66-tägigen Hungerstreik beendet. Mit der Aktion protestierte er gegen seine sogenannte Verwaltungshaft in Israel. Dabei können die Betroffenen für sechs Monate und länger ohne Anklageerhebung aus Sicherheitsgründen festgehalten werden.",,14.909090909090908,6.402478858785094,0.0975609756097561,6.7439024390243905,0.8109756097560976,0.13414634146341464
de_83,de,human,"""Unhygienisch"", ""diskriminierend"": Chinese Christian Union fordert Entfernung. San Francisco – Eine religiöse Gruppe in San Francisco stößt sich an einem Freiluft-Pissoir, das die Stadt kürzlich am Rand eines beliebten Parks aufgestellt hat. Wie der Sender NBC am Dienstag berichtete, hatten sich viele Anrainer für das erste öffentliche Pissoir dieser Art in den USA ausgesprochen. Doch nun hat die Chinese Christian Union gemeinsam mit einigen Bürgern geklagt. Laut Klageschrift machen sie unter anderem geltend, dass die nur mit einem Gitter abgeschirmte Anlage anstößig sei und die Privatsphäre der Benutzer verletze. Zudem sei das Pissoir eine Geruchsbelästigung und unhygienisch, auch weil man sich nicht die Hände waschen könne. Die Kläger führen außerdem an, dass die Einrichtung für Frauen und Behinderte diskriminierend sei. Sie fordern die Entfernung des Pissoirs. Die Stadt hatte das Pissoir im Zuge einer Renovierung der Dolores-Park-Anlage zusätzlich zu traditionellen Toilettenhäuschen gebaut. Damit wollte man unter anderem dem Wildpinkeln in der Anlage vorbeugen. Die Stadtverwaltung will sich den Forderungen der Kläger nicht beugen. In einer Mitteilung heißt es, dass Dolores Park seit Jahren für seinen spektakuläre Aussicht und für eine lebendige Gegenkultur mit nackten Sonnenanbetern und Drogengenuss bekannt ist. Es sei verwunderlich, dass sich die Kläger ausgerechnet an einem Pissoir stoßen, teilte Matt Dorsey, Sprecher der städtischen Justizbehörde, mit.",,16.076923076923077,6.474346280769482,0.11961722488038277,6.095693779904306,0.7129186602870813,0.18181818181818182
de_84,de,human,"Die FPÖ ist kein Einzelfall: Quer durch Europa florieren rechtspopulistische Parteien. Der Jubel fiel knapp, aber euphorisch aus. Fantastic twitterte Geert Wilders von der niederländischen Partei für die Freiheit, Matteo Salvini von der italienischen Lega Nord schickte ein Trionfo: Nach Norbert Hofers Sieg bei der Präsidentenwahl blicken Europas Rechtspolitiker wieder einmal ehrfürchtig nach Österreich. Im Gegensatz zu Jörg Haiders Zeiten ist die FPÖ aber längst kein herausragender Sonderfall mehr. Quer über den Kontinent florieren rechtspopulistische Parteien, die – so der gemeinsame Nenner – als Antwort auf Wirtschaftsmisere und Flüchtlingskrise den Rückzug ins nationale Idyll verheißen. Die Fidesz in Ungarn (44,9 Prozent der Stimmen bei den letzten Parlamentswahlen) regiert ebenso mit absoluter Mehrheit wie die polnische Partei Recht und Gerechtigkeit (37,6 Prozent). Ebenfalls in blaue Dimensionen vorgestoßen sind bereits die Dänische Volkspartei (21,1 Prozent) und der Front National, der bei den Europawahlen im Jahr 2014 mit 25,4 Prozent der Stimmen stärkste Kraft in Frankreich wurde. In Finnland, Lettland, Schweden, Großbritannien und den Niederlanden schafften es Rechtspopulisten immerhin bis über die Zehn-Prozent-Marke. Zuletzt wurde auch Deutschland, das lange Zeit immun schien, vom Rechtsruck erfasst: Die Alternative für Deutschland (AfD) schaffte es mit teils beeindruckenden Ergebnissen in verschiedene Landtage. Highlight waren 24,2 Prozent in Sachsen-Anhalt. Der Einzug in den Bundestag scheint bei der für nächstes Jahr angesetzten Wahl geebnet. Was die Rechte auch auf europäischer Ebene paktfähiger und damit schlagkräftiger macht: Während in Osteuropa die historischen Konflikte zwischen den Nationen – etwa zwischen Ungarn und der Slowakei – zum Teil noch eine Rolle spielen, haben zumindest die westlichen Parteien die alten Gräben überwunden. Nun geht es gegen gemeinsame Feinde: den Islam, die EU, immer mehr auch gegen internationale Konzerne und die Globalisierung. So manche Rechtspartei – auch da ist die FPÖ ein Role-Model – beerdigte ihre wirtschaftsliberalen Traditionen, um fortan auf antikapitalistische Rhetorik zu setzen. Bezeichnend: Nicht die Kandidaten von SPÖ und Grünen waren es, die in den TV-Debatten am konsequentesten gegen das Freihandelsabkommen TTIP wetterten, sondern Norbert Hofer. Die Rechtsausleger haben ihr Repertoire eben an die Gefühlslage potenzieller Wähler angepasst. Die Furcht, von Flüchtlingen und Zuwanderern überlaufen zu werden, paart sich mit Abstiegsängsten, die sich angesichts steigender Arbeitslosigkeit und einer immer ungemütlicheren Berufswelt seit den 1980er-Jahren ausbreiten – und nun bis weit in die Mittelschicht zu reichen scheinen.",,22.11764705882353,10.764223711477138,0.12234042553191489,6.26063829787234,0.699468085106383,0.21808510638297873
de_85,de,human,"Der neue Präsident des Fußballweltverbandes Fifa heißt Gianni Infantino. Der Schweizer setzte sich beim außerordentlichen Kongress in Zürich im zweiten Wahlgang mit 115:88-Stimmen gegen den favorisierten Scheich Salman bin Ibrahim al-Khalifa durch. Zürich – Die Zürcher Präsidentenwahl wurde wie erwartet zu einer nervenzerfetzenden Angelegenheit, sie zog sich über gut fünf Stunden. Erst verzichtete der Südafrikaner Tokyo Sexwale auf sein Antreten, dann endete die erste Runde mit einem 88:85 für Gianni Infantino gegen Scheich Salman bin Ibrahim al-Khalifa. Der erste zweite Durchgang seit 1974 musste entscheiden. Und um genau 18 Uhr war die Überraschung perfekt. Infantino (45), der europäische Ersatzkandidat für Michel Platini, setzte sich mit 115:88-Stimmen gegen den Kandidaten aus Bahrain durch. Auch mit der Stimme des österreichischen Fußballbundes, im Finale abgegeben von Horst Lumper, dem Präsidenten des Vorarlberger Verbandes. ÖFB-Chef Leo Windtner und sein General Alfred Ludwig waren nach dem ersten Wahlgang abgereist.Den Ausschlag für Infantino gaben die Stimmen der Zählkandidaten Prinz Ali bin Al Hussein (27) und Jérôme Champagne (7). die fast zur Gänze dem Europäer zugute kamen. Der Sieger war zunächst emotional überwältigt, versprach dann aber, ein Präsident für alle 209 Mitgliedsverbände  zu sein. Gemeinsam werden wir den Ruf der Fifa und die Achtung vor der Fifa wieder herstellen. Wir werden mit Hingabe arbeiten. Stunden vorher hatte der Fußballweltverband einen ersten Schritt Richtung Neuanfang gesetzt. Die Fifa will sich im Kampf gegen Korruption und Betrug neu erfinden – einen Langzeitherrscher wie Ex-Präsident Joseph S. Blatter (79) wird es nicht mehr geben. Dafür war der Außerordentliche Kongress in Zürich allerdings auch die letzte Chance. Schließlich verfolgt nicht nur die Politik die Vorgänge genau. Auch einflussreiche Sponsoren sowie die Justizbehörden aus der Schweiz und den USA hatten den Neuanfang gefordert. Und die Flut an Skandalen geht auch ordentlich ins Geld. Die Fifa hat 2015 erstmals seit langer Zeit wieder Verluste geschrieben. Die konkreten Zahlen werden erst beim ordentlichen Kongress Mitte Mai in Mexiko vorgelegt, es soll aber um einen zweistelligen Millionenbetrag gehen. In der Haushaltsperiode von 2011 bis 2014 hatte die Beherrschung des Fußballs noch einen fetten Gewinn in Höhe von mehr als 313 Millionen Euro abgeworfen. Kein Wunder also, dass am Freitag 179 von 201 gültigen Stimmen (89 Prozent) für ein Reformpakt abgegeben wurden. Unter anderem Gewaltenteilung, mehr Transparenz und Integrität sowie eine Frauenquote werden nun in die Fifa-Statuten implementiert. Die Veränderungen treten 60 Tage nach dem Kongress in Kraft. Durch die wegweisende Entscheidung wird nun die Macht vom zuvor allmächtigen Exekutivkomitee, das in eine Art Aufsichtsrat mit mehr Mitgliedern (36 statt 24, darunter mindestens sechs Frauen) umgewandelt wird, zum Generalsekretariat wandern. Dort wird künftig das operative Geschäft mit den Milliardendeals abgewickelt. Der neue Rat, Fifa-Council genannt, ist hingegen nur noch für die politische Richtung verantwortlich. Der neue und eher repräsentative Präsident ist dadurch nicht mehr der rechtliche Vertreter des Weltverbandes und auch nicht mehr zeichnungsberechtigt. Allerdings lauert da der erste Fallstrick. Der neue und nunmehr sehr einflussreiche Generalsekretär wird künftig zwar nicht mehr vom Präsidenten ernannt und entlassen. Der neue Boss schlägt aber weiterhin einen Kandidaten vor, der vom Council abgesegnet wird. Mit dem Nachfolger des Deutschen Markus Kattner, der die Verwaltung derzeit übergangsweise führt, steht und fällt deshalb der Neustart. Im neuen Rat wird zudem noch weiter der Großteil der Funktionäre sitzen, die in den vergangenen Jahren die Krise zu verantworten hatten.",,15.194444444444445,6.1319719704931455,0.10805860805860806,5.97985347985348,0.6538461538461539,0.184981684981685
de_86,de,human,"Die Wiener Austria lädt Flüchtlinge zum Training ein, Schalke 04 und das deutsche Weltmeisterteam senden Videobotschaften. Wien – Ein deutliches Signal angesichts der aktuellen Flüchtlingssituation will Bundesligist Austria Wien setzen. Wie die Favoritner mitteilten, wird es ab sofort jeden Freitag um 15 Uhr ein organisiertes Training für Flüchtlinge in der Austria-Akademie mit Trainern der Austria geben. Das beweist, dass wir über unseren sportlichen Tellerrand hinausblicken und mehr sind als nur ein Fußballklub, sagte Austria-AG-Vorstand Markus Kraetschmer. Am Mittwoch absolvierten die Veilchen ab 18.30 Uhr zudem ein Benefizspiel beim Zweitligisten FAC, der Reinerlös kommt der Betreuung minderjähriger Flüchtlinge zugute. In Deutschland bezieht wiederum Schalke 04 Position. Unter dem Motto #stehtauf setzen sich die einstigen Schalker Profis Gerald Asamoah und Hans Sarpei gemeinsam mit der Mannschaft, den Trainern und dem Vorstand für Menschlichkeit ein. #stehtauf#stehtaufwennihrschalkerseid#stehtaufwennihrmenschenseid Wir greifen Leute an, die nichts haben, die Hilfe suchen? Jeder kann sich mal hinsetzen und sich Gedanken machen. Und das verlange ich von den Leuten. Wir müssen aufstehen, sagt Asamoah in dem Videoclip, den der Verein am Dienstag verbreitete. Die deutschen Weltmeister setzen ebenfalls ein Zeichen der Solidarität für die Flüchtlinge. In einem Video beziehen die Nationalspieler angeführt von Kapitän Bastian Schweinsteiger Position gegen Hass, Aggression und Gewalt sowie für ein weltoffenes Deutschland. #DieMannschaft setzt ein Zeichen: für Weltoffenheit, für Toleranz, für Hilfsbereitschaft, für Respekt, für Fairplay. In dem kurzen Spot präsentieren fünf Akteure zunächst einzeln Plakate: Schweinsteiger für Hilfsbereitschaft, Jerome Boateng für Respekt, Ilkay Gündogan für Integration, Mesut Özil für Weltoffenheit und Toni Kroos für Fairplay. Anschließend ist das Quintett gemeinsam zu sehen, auf den Tafeln steht nun: Gegen Gewalt und Fremdenhass.",,15.764705882352942,6.915706010189933,0.14606741573033707,6.46067415730337,0.7228464419475655,0.21348314606741572
de_87,de,human,"Wo ein Jeannée über den guten Ton wacht, da wächst kein Gras mehr. Heute soll gutes Benehmen unser Thema sein. Bevor wir dazu kommen, etwas  Erfreuliches. Endlich brachte  das freiheitliche Magazin Zur Zeit das  Geständnis eines von ihm begangenen groben Unrechts, natürlich nicht  freiwillig, sondern im Namen der Republik. Das Blatt hatte im Mai  vorigen Jahres unter der Überschrift Die Märchentante vom Standard die  Journalistin Colette M. Schmidt des scheußlichen Verbrechens  beschuldigt, sie versuche, die soziale Existenz unbescholtener Bürger,  die sie für rechts halte, zu vernichten, wobei ihr offenbar alle  Mittel recht seien.  Bei Zur Zeit sah man diesen Verdacht dadurch  erhärtet, dass Schmidt eine Patchwork-Mutter sei, bekanntlich ein  Frauentyp, der die soziale Existenz unbescholtener Bürger, die  er für  rechts hält, nicht nur patchwork-, sondern gewohnheitsmäßig zu  vernichten pflegt, wobei ihm alle Mittel recht sind. Da unbescholtene Bürger, deren soziale Existenz die Patchwork-Mutter  vernichtet haben soll, weil sie sie für rechts hält, vor dem  Landesgericht für Strafsachen Wien auch beim besten Willen von Zur  Zeit nicht beizubringen waren, vielleicht aber auch aus anderen  Gründen, sah das Gericht den objektiven Tatbestand der üblen Nachrede  hergestellt, weshalb die freiheitlichen Beschützer unbescholtener, aber  für rechts gehaltener Bürger zu Zahlung einer Entschädigung verurteilt  wurden. Als Patchwork-Mutter-Beihilfe stellte diese für wackere  Freiheitliche naturgemäß eine besondere Schmach dar, für die man sich  aber zu rächen wusste. Unter einem Bild der Journalistin ward enthüllt:  Colette M. Schmidt, geb. 1971 in Kanada. Womit alles klar ist – was kann  aus dem Ausland schon Gutes kommen! Doch jetzt zum Thema. Gutes Benehmen ist wieder gefragt, aber – glaubt  man dem selbsternannten Elmayer des Boulevards – nicht überall.  Besonders der griechische Ex-Finanzminister Yanis Varoufakis galt als  das Schreckgespenst der ministeriellen Finanzsensibelchen auf dem  Brüsseler Parkett. Da sprach einer einmal Klartext darüber, was von  deren Sanierungsmethoden zu halten ist, zeigte sich dann auch noch  höchst ungezogen stolz auf die Verachtung, die er sich dafür von ihnen  zuzog – und erntete damit den sanften Tadel des Benimm- und  Wirtschaftsexperten der Krone, Michael Jeannée: Was sind Sie doch für  eine üble, jämmerliche und unsympathische Figur. Ein übler, jämmerlicher  und unsympathischer Täter wäre Varoufakis, ein notorischer  Falschspieler.  Unwahrscheinlich, dass Varoufakis seine Finanzministerkollegen ähnlich  apostrophiert hat, aber wo ein Jeannée über den guten Ton wacht, da  wächst kein Gras mehr. Mehr noch als der Schreck von Brüssel – mit dem  Motorrad musste er auch noch vorfahren – bekam zwei Tage später in  derselben Angelegenheit der Herausgeber des Falter Jeannées Fett ab,  der unter dem erfrischenden Titel Schlechtes Benehmen wieder gefragt  einen Lobpreis des Yanis Varoufakis ausgegeben hatte. Vielleicht nicht ganz verdient, denn Thurnher kritisiert zwar, dass man  sich im Ton beleidigter Leberwürste über die prinzipiengesättigten  Ausführungen des Griechen mokierte, räumt aber ein: Ja, er hätte die  Eurozone retten können, hätte er das Richtige nicht nur gesagt, sondern  es mit besseren Manieren vorgebracht! Leicht möglich, dass da die  Ausstrahlung besserer Manieren auf neoliberal getränkte Funktionäre ein  wenig überschätzt wird, und mit etwas Argumentationshilfe vom guten  alten Karl Marx kann sich auch Thurnher zu dieser Erkenntnis  durchringen: Aber die Empörung ist nicht schon die Opposition, sie ist  vorerst nur die Folge der Vereinigung der Bourgeoisie und keine  Widerstandsform eigener Art.  Die Stelle im Falter ist ein wenig dunkel. Ob Varoufakis Empörung  wirklich nur die Folge der Vereinigung der Bourgeoisie war oder doch  eher Ausdruck eines weltgeschichtlich bedauerlichen Mangels an besseren  Manieren, konnte letztlich nur einer entscheiden, nämlich wiederum  Michael Jeannée. Der lebt nun schon seit Jahren von dem bescheidenen  Einfall, den Falter als Bolschewikenblattl zu bezeichnen, was ihn  diesmal nicht von der Einleitung abhielt: Sie werden das Wiener  Bolschewikenblattl Falter und seinen Chefredakteur Armin Thurnher  nicht kennen, womit er seinen Leserinnen und Lesern ein geradezu  diffamierendes Ausmaß an Gedächtnisschwäche unterstellte. In seinem Fall  sollte man das nicht für ein Handikap halten, sondern für eine Wohltat.",,24.153846153846153,18.498840520197906,0.1321656050955414,6.00796178343949,0.6210191082802548,0.1592356687898089
de_88,de,human,"Sogar das von Apple integrierte ""Beats"" nannte 320 kbps den ""Branchenstandard"". Apple wird bei seinem neuen Musikstreaming-Dienst Apple Music eine maximale Übertragungsrate von 256 kbps erlauben. Damit hält Apple an der schon bisher bei iTunes gefahrenen Linie fest. Allerdings erlauben alle Streaming-Konkurrenten eine Bitrate von 320 kbps. Neben Spotify, Google Play Music, Tidal oder Deezer nannte sogar Beats, das von Apple übernommen worden ist, 320 kbps früher den Branchenstandard, wie TheNextWeb berichtet. Noch ist unklar, warum Apple hier ein niedrigeres Niveau als die Konkurrenz anvisiert. Bisher ist allerdings nicht eindeutig, ob Nutzer den Unterschied zwischen 256 kbps und 320 kbps überhaupt registrieren können. Zusätzlich spielen zahlreiche andere Faktoren wie Codecs eine wichtige Rolle. Hier hat Apple noch nicht bekanntgegeben, ob man auf MP3 oder AAC setzt. Für einige Beobachter wie Mashable ist Apple Music jedenfalls unausgegoren und die Bitrate ein weiterer Beleg für mangelhafte Umsetzung. Nutzer verbrauchen bei 320 kbps zwar logischerweise mehr mobile Daten, allerdings könnte dies ja jedem Kunden selbst überlassen werden.",,14.909090909090908,4.6211872825959395,0.12195121951219512,6.030487804878049,0.7439024390243902,0.11585365853658537
de_89,de,human,"Akademikerkinder profitierten von Beschränkungen bei Medizin, Psychologie, Publizistik, Biologie. Wien – Die Kinder von Akademikern haben von der Einführung von Zugangsbeschränkungen an Unis profitiert – ihr Anteil an der Zahl der Studienanfänger hat sich in den betroffenen Fächern erhöht. Das zeigt eine am Dienstag bei einer Tagung der Arbeiterkammer (AK) präsentierte Studie. Für die Untersuchung wurde die Entwicklung in Medizin, Veterinärmedizin, Psychologie, Publizistik und Biologie analysiert. Zugangsbeschränkungen wurden in Österreich in Folge eines Urteils des Europäischen Gerichtshofs (EuGH) im Jahr 2005 eingeführt. Die Studienautoren verglichen die soziale Zusammensetzung der Studienanfänger beziehungsweise Studenten jeweils vor und nach der Implementierung. In der Humanmedizin betrug der Anteil der Akademikerkinder in den Jahren zwischen 2000 und 2004 maximal 41 Prozent. Nach Einführung der Beschränkung stieg er auf 54,5 Prozent und verblieb seither über der 50-Prozent-Marke. Ein Teil dieser Entwicklung kann durch den Anstieg der ausländischen Studenten – vor allem aus Deutschland – erklärt werden, die generell einen höheren familiären Bildungshintergrund aufweisen. Da es allerdings eine Quotierung der Plätze gibt – 75 Prozent für Inländer, 20 Prozent für EU-Bürger und fünf Prozent für Studierende aus Drittstaaten –, schlägt dieser Effekt nicht allzu hoch zu Buche. Ein hoher Akademikerkinder-Anteil im Medizinstudium ist übrigens kein österreichisches Phänomen: Laut Wissenschaftsministerium stammen in Deutschland sogar 68 Prozent der Medizinstudenten aus einem Akademikerhaushalt, in der Schweiz sind es 57 Prozent. Ein ähnliches Bild wie in der Humanmedizin zeigt sich auch in der Veterinärmedizin, wo es seit 2005 Eignungstests samt Aufnahmegesprächen gibt, allerdings keine Quotenregelung. Dort lag der Anteil der Akademikerkinder an den Studienanfängern im Jahr vor der Beschränkung bei 34 Prozent und stieg bis ins darauffolgende Studienjahr auf 46 Prozent. Zieht man den Effekt der sozial bessergestellten Bildungsausländer ab, bleibt eine um einige Prozentpunkte bessere Repräsentation der Kinder von Hochschulabsolventen. In beiden Fächern stieg der Anteil jener Studienanfänger, die über die AHS an die Universität kamen – in der Humanmedizin weniger stark, in der Veterinärmedizin stärker. Der Frauenanteil in beiden Fächern sank (wobei dieser allerdings in der Veterinärmedizin nach wie vor über 70 Prozent liegt). Auch in der Psychologie und der Publizistik stieg der Anteil der Akademikerkinder stark an – den Großteil dieses Effekts machten aber die ausländischen Studienanfänger aus, die im Schnitt aus sozial höheren Schichten kommen. Deutlich zeigt sich der Effekt in der Biologie, für die 2005 Zugangsbeschränkungen eingeführt, 2007 aber wieder ausgesetzt wurden. Im Jahr der Einführung der Beschränkung nahm der Anteil der Akademikerkinder unter den Studienanfängern um rund acht Prozentpunkte auf 43 Prozent zu, verblieb im Jahr darauf auf diesem Niveau und sank nach Aussetzung der Regelung wieder auf unter 40 Prozent. Die 2013 eingeführten neuen Zugangsbeschränkungen in Architektur, Biologie, Pharmazie, Informatik und Wirtschaftswissenschaften wurden noch nicht berücksichtigt. Eine Evaluierung des Instituts für Höhere Studien (IHS) war hier aber zuletzt zum Schluss gekommen, dass sich die soziale Zusammensetzung der Studienanfänger nicht verändert hat. Dass der familiäre Hintergrund einen großen Einfluss auf den Bildungserfolg hat, zeigt eine weitere von der AK in Auftrag gegebene Studie der Wirtschaftswissenschafter Rene Böheim und Christina  Judmayr (Uni Linz). Die Forscher haben Daten von über 190.000 Geschwisterpaaren in  Österreich analsysiert. Ihr Fazit: Wer Geschwister mit Pflichtschulabschluss hat, wird kaum Akademiker oder Akademikerin werden. Die Wahrscheinlichkeit, einen Uni-Abschluss zu  machen, liegt für diese Gruppe bei drei Prozent. Dass sie einen Lehrabschluss oder eine berufsbildende mittlere Schule machen, ist viel wahrscheinlicher: Hier liegt die Quote bei 44 Prozent. Mit einer Wahrscheinlichkeit von 39 Prozent haben diese Personen ebenfalls höchstens einen Pflichtschulabschluss. Demgegenüber haben Geschwister von Akademikern mit einer Wahrscheinlichkeit von 77 Prozent mindestens eine Matura – die Wahrscheinlichkeit, als höchsten Bildungserfolg einen Pflichtschulabschlusses zu haben, beträgt dagegen nur rund fünf Prozent. Zu ähnlichen Ergebnissen kam auch eine Analyse der Einkommenssituation. Da die Geschwister in der analysierten Stichprobe vergleichsweise jung waren, erwarten die Studienautoren, dass die Bedeutung des familiären Hintergrunds für ältere Geschwisterpaare aufgrund der höheren Bildungsmobilität jüngerer Jahrgänge noch bedeutsamer ist. Die Korrelationen zwischen den Geschwistern ähneln dabei den Werten für Dänemark und Schweden. In Deutschland und den USA ist der Zusammenhang sogar noch größer. Anhand der Daten nicht überprüft werden konnten die Gründe für die Wichtigkeit der Herkunft für den Lebenserfolg. Die Bedeutung könne sowohl natürlich wie auch sozial bedingt sein. Da allerdings eine frühe Trennung von Kindern in eine akademische und eine nicht-akademische Laufbahn zu größerer Ungleichheit bei Bildung als eine spätere Trennung führt, ist zu vermuten, dass die Ausgestaltung des Bildungssystems hier ein wichtiger Faktor ist, heißt es in der Studie. Allgemein kann man sagen: Je stärker der Zusammenhang zwischen familiärer  Herkunft und späterem Lebenserfolg, desto geringer ist die Chancengleichheit  einer Gesellschaft. Ähneln sich also die Bildungsabschlüsse beziehungsweise Einkommen von  Geschwistern, spricht das für eine ungleiche Chancenverteilung. Die HochschülerInnenschaft (ÖH) sieht sich durch die Studien bestätigt, dass  Uni-Zugangsbeschränkungen zu weniger sozialer Durchmischung führen. Auf lange  Sicht würden Kinder von Nicht-Akademikern vom Studieren abgehalten. Man habe bereits in den vergangenen Wochen davor gewarnt, dass  Zugangsbeschränkungen sich negativ auf die soziale Durchmischung auswirken  werden, so der stellvertretende ÖH-Chef Florian Kraushofer (Fachschaftslisten)  in einer Aussendung. Das Wissenschaftsministerium versuche momentan durch  äußerst kurzfristige Studien darüber hinwegzutäuschen. Die ÖH fordert daher  einmal mehr ein Ende der protektiven Elitenpolitik an den Hochschulen und ein  Ende der Zugangsbeschränkungen. Für die Universitätenkonferenz (uniko) bedarf es ob der Studie einer gründlichen Betrachtung. Die kürzlich vom Ministerium  vorgelegten Evaluierungen der Zulassungsregelungen ließen zwar den Schluss zu,  dass sich im Medizinstudium die Bildungsschicht aus Ärztinnen und Ärzten  großteils selbst reproduziert. Darüber hinaus seien aber keine Hinweise auf  strukturelle Auswirkungen auf die soziale Durchmischung erkennbar, so  uniko-Präsident Heinrich Schmidinger.",,19.717391304347824,8.72941813758477,0.10264900662251655,6.559602649006623,0.5463576158940397,0.2152317880794702
de_90,de,human,"Faymann: Klar, dass kein einziger Flüchtling weniger kommt, egal welche Mittel man heranzieht – Mittwochabend 6.000 Menschen an Grenze bei Spielfeld, auch Slowenien erwägt Grenzmaßnahmen. Brüssel/Prishtina/Wien – Bundeskanzler Werner Faymann (SPÖ) hat nach einem Telefonat in Übereinstimmung mit EU-Kommissionspräsident Jean-Claude Juncker klargestellt, dass Zäune keinen Platz in Europa haben. Das teilte die EU-Kommission nach dem Gespräch der beiden am Mittwochabend mit. Zuvor hatte Innenministerin Johanna Mikl-Leitner (ÖVP) von einem Zaun als technischer Sperre gesprochen. Faymann will keine Zäune an Österreichs Grenzen sehen, auch wenn nach dem Ministerrat am Mittwoch von technischen Sicherungen an der Grenze zu Slowenien die Rede war. Es kommt weder ein Zaun zu Ungarn noch ein Zaun zu Slowenien, sagte Faymann abends in der ZiB 2. Innerhalb von Schengen gebe es keine Zäune. Was nun an der Grenze zu Slowenien genau geplant ist, soll laut Faymann die Innenministerin vorschlagen. Sie solle gemeinsam mit Deutschland klären, ob man bei den Kontrollen etwas ändern müsse. Klar sei aber, dass kein einziger Flüchtling weniger kommen werde, egal welche technischen Hilfsmittel man heranziehe oder was man organisatorisch ändere: Wer das vorspielt, streut Menschen Sand in die Augen. Um die Situation zu entschärfen, müsse in erster Linie die Lage in den Krisengebieten selbst verbessert werden. Während ihres Besuchs des steirischen Grenzübergangs Spielfeld am Dienstag hatte Mikl-Leitner das Wort Zaun noch vermieden. Am Mittwoch sagte sie dann: Natürlich geht es auch um einen Zaun. Etwa zehn Tage solle die Planung der technischen Sperre dauern. Es gehe aber nicht darum, rund um Österreich einen Zaun zu bauen. Und: Ein Zaun hat auch ein Tor. Faymann und Vizekanzler Reinhold Mitterlehner (ÖVP) versicherten nach dem Ministerrat, dass sich die Republik nicht abschotten wolle. Es ist ein Unterschied, ob man eine Grenze baut oder ob man ein Türl baut mit Seitenteilen, sagte der Bundeskanzler am Vormittag. Bundespräsident Heinz Fischer, derzeit auf Besuch im Kosovo, äußerte bei einer Pressekonferenz mit seiner kosovarischen Kollegin Atifete Jahjaga Verständnis für die Ankündigung der Innenministerin. Österreich sei angesichts der Zahl der Flüchtlinge an die Grenzen der Kapazitäten gestoßen, so Fischer. Man soll jetzt einmal abwarten, wie die Resultate konkret ausschauen. Verteidigungsminister Gerald Klug (SPÖ) antwortete auf die Frage, ob es sich um Zäune handeln werde, dass es viele Möglichkeiten gebe, etwa Absperrgitter oder Container. Sie sollten auf jeden Fall eine geordnete, aber kontrollierte Abwicklung der Flüchtlingsbewegung ermöglichen. Keinesfalls dürfe man jedoch den Aspekt der Menschlichkeit aus den Augen verlieren. Täglich kommen tausende Flüchtlinge über die steirisch-slowenische Grenze nach Österreich. Am Mittwoch gegen 19 Uhr befanden sich im Sammelzentrum in Spielfeld rund 6.000 Flüchtlinge, teilte die Polizei mit. Der Großteil konnte in den beheizten Zelten des Roten Kreuzes untergebracht werden, man bemühe sich, in der Nacht noch bis zu 2.000 dieser Menschen in Transitquartiere zu bringen, sagte Polizeisprecher Joachim Huber. Slowenien erwägt unterdessen ebenfalls weitere Maßnahmen an der Grenze. Sollten die beim EU-Sondergipfel zur Flüchtlingskrise getroffenen Vereinbarungen nicht umgesetzt werden, werde auch Slowenien zusätzliche Maßnahmen ergreifen müssen, um den Zustrom von Flüchtlingen einzudämmen, sagte Ministerpräsident Miro Cerar nach einer Sitzung des slowenischen Sicherheitsrats. Beim Sondertreffen am Sonntag wurde vereinbart, dass auf der Balkan-Route 100.000 Unterkünfte geschaffen werden sollen. Zur besseren Information über die Flüchtlingsströme werden alle Staaten eine Kontaktperson nennen, das Grenzmanagement wird verstärkt. Dass die Entscheidungen des Balkangipfels rasch umgesetzt werden müssen, um eine humanitäre Katastrophe auf dem Westbalkan zu vermeiden, darüber waren sich auch Faymann und Juncker einig. Insbesondere müssten Aufnahmekapazitäten für 50.000 Flüchtlinge auf der Balkanroute geschaffen werden. Juncker habe Faymann aufgerufen, eng mit der Kommission und dem UN-Flüchtlingshochkommissariat zusammenzuarbeiten, um sicherzustellen, dass dieses Ziel so rasch wie möglich erreicht werde, auch durch einen Beitrag Österreichs. Der permanente Kontakt der Chefs und der Kotaktpersonen der betroffenen Staaten sei wichtig. Die EU-Kommission hat für Donnerstag eine erste Videokonferenz einberufen, um die Fortschritte zu prüfen.",,15.317073170731707,7.08292011018965,0.13643659711075443,6.261637239165329,0.6099518459069021,0.1492776886035313
de_91,de,human,"Lied ist Allgemeingut – Niederlage für Warner Music Group. Das Urheberrecht für das weltbekannte Geburtstagslied Happy Birthday to You ist ungültig. Das entschied ein Bundesgericht in Los Angeles am Dienstag. Das Lied sei Allgemeingut, urteilte Richter George King. Das Urteil ist eine Niederlage für den US-Musikriesen Warner Music Group. Das Gericht urteilte, dass Warner/Chappell Music kein gültiges Urheberrecht an dem Lied besitzen. Der Konzern hatte sich 1988 die Rechte gesichert. Das Label verdiente etwa zwei Millionen Dollar (1,79 Mio. Euro) im Jahr mit der kommerziellen Nutzung des Songs. Ursprünglich wurde das Urheberrecht 1935 von der Firma Clayton F Summy angemeldet, doch nach Ansicht von Richter King galt dieses nur für die Melodie, nicht aber für den Text. Die Melodie ist seit Jahren Allgemeingut. Nun ist Happy Birthday nach 80 Jahren endlich frei, sagte Klägeranwalt Randall Newmann nach dem Urteil. Komponiert hatte das Lied 1893 die Musikerin Mildred Hill aus dem US-Bundesstaat Kentucky gemeinsam mit ihrer Schwester, der Kindergärtnerin Patty. Es hieß ursprünglich Good Morning to You. Der Geburtstagstext entstand später. Drei Dokumentarfilmer hatten 2013 die Klage eingebracht. In Deutschland ist laut der Verwertungsgesellschaft Gema Happy Birthday to You nur noch bis Ende 2016 geschützt.",,11.411764705882353,5.980938579987078,0.12371134020618557,5.804123711340206,0.7371134020618557,0.1958762886597938
de_92,de,human,"Spekulationen über einen Strategiewechsel des Messengers. WhatsApp-Nutzer können nun in Gruppen von bis zu 256 Teilnehmern diskutieren. Dazu müssen sie die Android- oder iOS-App auf die neueste Version aktualisieren. Bislang war die maximale Teilnehmerzahl einer WhatsApp-Gruppe auf 100 Mitglieder beschränkt. Der Blog Gadgets hat nun von der Erweiterung berichtet. Die Süddeutsche Zeitung vermutet, dass WhatsApp einen Strategiewechsel durchführen könnte. Mit größeren Gruppen könnte WhatsApp etwa als Kommunikationstool in Unternehmen genutzt werden. Business-Messenger wie Slack feiern zurzeit große Erfolge. Langfristig könnte Facebook, zu dem WhatsApp gehört, für die Kommunikation in großen Gruppen dann Geld verlangen. Schon jetzt bieten Mediendienste – etwa auch DERSTANDARD – Nachrichten via WhatsApp an. Der soziale Messenger wächst weiterhin stark an. Mittlerweile hat der Service mehr als eine Milliarde Nutzer, mit 42 Milliarden Nachrichten pro Tag wird die doppelte Summe aller SMS erreicht.",,11.333333333333334,4.20977698010503,0.11764705882352941,6.397058823529412,0.8088235294117647,0.17647058823529413
de_93,de,human,"SPÖ-Kandidat Rudolf Hundstorfer greift den ideologischen Background des FPÖ-Konkurrenten an. Wien – Aufstehen für Österreich, plakatiert die FPÖ im Präsidentschaftswahlkampf.  Doch ihr Kandidat Norbert Hofer ist Mitglied einer Burschenschaft, die ein gespaltenes Verhältnis zum Österreich-Begriff an den Tag legt. Erhellendes dazu bietet das Dokumentationsarchiv des österreichischen Widerstandes (DÖW), das in einer Analyse aus diversen Grundsatzdokumenten zitiert: Demnach bekennt sich die Marko-Germania zu Pinkafeld zur österreichischen Eigenstaatlichkeit, beruft sich aber auch auf das deutsche Vaterland, unabhängig von bestehenden staatlichen Grenzen. Laut einer Festschrift aus dem Gründungsjahr 1994 lehnt die Burschenschaft die geschichtswidrige Fiktion einer österreichischen Nation ab, die seit 1945 (...) in den Gehirnen der Österreicher festgepflanzt worden sei. SPÖ-Präsidentschaftskandidat Rudolf Hundstorfer greift diesen Hintergrund auf – und Hofer dafür an: Es ist unverständlich, dass jemand, dessen Burschenschaft Österreich nicht als Nation anerkennt, Präsident dieses Landes werden möchte. Wie sich die Marko-Germanen laut Festschrift noch definieren: Als wertkonservative Gesellschaft müsse die Burschenschaft sich dem gefährlichen Begriff Pluralismus entgegenstellen, es brauche Trutzburgen für diejenigen, die sich nicht der liberalen Gesellschaft (...) ausliefern wollen. Hundstorfer stößt überdies ein Loblied auf die Elitenbildung sauer auf: Nach Jahrzehnten sozialistischer Gleichmacherei, heißt es, müsse darangegangen werden, ein neues und gesundes Verhältnis zum Begriff der Elite zu finden; einer Elite, die sich auf Ethos und Leistung gleichermaßen bezieht, weg von der Ideologie der Masse.",,21.9,13.7,0.16129032258064516,6.949308755760368,0.7188940092165899,0.17050691244239632
de_94,de,human,"52-jährige Deutscher war zuletzt für die Youngsters beim FC Liefering zuständig, nun tritt er die Nachfolge von Adi Hütter beim Meister an. Salzburg – Der neue Trainer des FC Red Bull  Salzburg heißt Peter Zeidler. Der 52-jährige Deutsche hat einen Vertrag bis Juni 2017 unterzeichnet. Zeidler war seit September  2012 Chefcoach des FC Liefering, wo er die Youngsters zuletzt auf den zweiten Rang in der Ersten Liga geführt hat. Der sportliche Leiter Christoph Freund erläutert  die Entscheidung: Peter Zeidler kennt unsere Philosophie in- und  auswendig und ist unseren Weg bereits etliche Jahre mit dem FC Liefering  erfolgreich mitgegangen. Er ist ein Trainer, dessen Arbeit wir gut kennen und  von deren Qualität wir überzeugt sind.  Der Trainer brennt Peter Zeidler zu  seiner neuen Aufgabe: Ich freue mich sehr, dass der Klub sich für mich  entschieden hat. Für mich ist es eine tolle und spannende Aufgabe, den FC Red  Bull Salzburg zu trainieren, und ich brenne schon auf die Arbeit mit der  Mannschaft und dem Trainer- und Betreuerteam. Anstelle von Zsolt Löw, der in den Betreuerstab  von Rasenball Leipzig wechseln wird, sind fortan Richard Kitzbichler und  Gerhard Struber als Co-Trainer-Funktion tätig. Richard Kitzbichler, 41  Jahre alt, war bereits bisher im Trainerteam von Red Bull Salzburg im Einsatz.  Der 38-jährige Salzburger Struber war zuletzt Coach der U15-Mannschaft. Sein erstes Training wird Zeidler am Samstag leiten. Zwei Tage davor stehen bereits die ersten Leistungstests auf dem Programm. Letsch übernimmt Liefering Das Traineramt beim FC Liefering übernimmt mit dem heutigen  Trainingsstart der bisherige U18-Trainer Thomas Letsch, Co-Trainer bleibt  René Aufhauser. (red, 21.6.2015) Steckbrief von Peter Zeidler: Peter Zeidler (Deutschland/52 Jahre): Geboren: 8. August 1962 in Schwäbisch-Gmünd Vertrag bis: 30. Juni 2017 Stationen als Trainer: * Nachwuchs VfB Stuttgart (1984-1993) * SV Tübingen (Spielertrainer/1993-1996) * TSV Bobingen (Spielertrainer/1996-1998) * VfB Stuttgart II (Co-Trainer/1998-2000) * VfR Aalen (Co-Trainer/2000-2002) * VfR Aalen (2002-2004) * 1. FC Nürnberg II (2005-2007) * Stuttgarter Kickers (2007) * 1899 Hoffenheim (Co-Trainer unter Ralf Rangnick/2008-2011) * Tours FC (2011-2012) * FC Liefering (2012-2015) Größte Erfolge als Cheftrainer: * Meistertitel Regionalliga West 2012/13 und Aufstieg* Plätze drei (2013/14) und zwei (2014/15) in der Erste Liga mit FC Liefering * Platz sechs in der französischen Ligue 2 (2. Spielklasse) 2011/12 mit Tours FC * Platz sechs in der deutschen Regionalliga Süd 2003/04 (3. Spielklasse) mit VfR Aalen",,17.454545454545453,12.250147578804075,0.10732984293193717,5.772251308900524,0.6413612565445026,0.17015706806282724
de_95,de,human,"Browser-Erweiterungen und Apps helfen, dass der Seriengenuss ungetrübt bleibt. Am 14. Juni ging die fünfte Staffel der populären Fernsehserie Game of Thrones zu Ende. Das Web hat sich für Fans, die die letzte Folge noch nicht gesehen haben, somit in ein Minenfeld verwandelt. Twitter, Facebook und Medien wimmeln nur so vor Hinweisen auf die Handlung. Doch es gibt Methoden, wie man den Spoilern entkommt. Für Nutzer des Chrome-Browsers bietet sich die Erweiterung Silencer an. Basierend auf Schlagwörtern können entsprechende Postings auf Twitter und Facebook ausgeblendet werden. Praktisch: mit sogenannten Mute Packs kann man verschiedene Serien auswählen, um gleich mehrere Begriffe und Namen zu unterdrücken. Ähnlich funktioniert auch die Chrome-Erweiterung Spoiler Alert. Hier kann man auch ein bestimmtes Datum setzen oder einzelne Freunde blockieren. Im Fall eines Spoilers wird der entsprechende Eintrag – etwa auch auf Websites wie Wikipedia - mit einem Warnhinweis überblendet. Allerdings ist dafür eine Registrierung erforderlich. Für iOS, Android und Chrome gibt es die App Spoiler Shield, mit der man sich vor Spoiler zu über 50 Serien und Sportereignissen auf Twitter und Facebook schützen kann. In mehreren Twitter-Apps wie etwa TweetDeck gibt es die Möglichkeit bestimmte Wörter oder Nutzer direkt in den Einstellungen zu blockieren. Speziell für Facebook gibt es die Chrome- und Firefox-Erweiterung Facebook Purity, mit der generell nervige Inhalte wie Postings bestimmter Games ausgeblendet werden können. Mit CommentBlocker für Firefox kann man unerwünschte Spoiler auch in den Kommentaren auf besuchten Websites blockieren. (Birgit Riegler, 15.6.2015) Wie blockieren Sie Spoiler im Internet? Posten Sie weitere Apps und Browser-Erweiterungen oder verraten Sie uns Ihren Trick!",,12.380952380952381,7.060798487667433,0.12403100775193798,5.9689922480620154,0.6744186046511628,0.20155038759689922
de_96,de,human,"Raimund Löw, ORF-Korrespondent in Peking, startet eine neue europäisch-asiatische Gesprächsreihe – Erstmals zu sehen am Donnerstag in ORF 3. Wien – Es soll eine Diskussion ohne Zensur und ohne Tabus werden. Was ORF-Korrespondent Raimund Löw für das neue Format Inside Asia verspricht, ist in China eigentlich tabu: eine Debatte zwischen chinesischen Experten und Journalisten aus dem Ausland. Ein politischer Meinungsaustausch ist sehr ungewöhnlich, sagt Löw zum STANDARD. Als Vehikel dienen soll eine neue ORF-Sendung. Sie heißt Inside Asia und ist als vierteljährliches Format konzipiert – zu sehen erstmals am Donnerstag, 25. Juni, um 21.05 Uhr auf ORF 3. China rangiert im Pressefreiheit-Ranking von Reporter ohne Grenzen an Position 176 von 180 untersuchten Ländern. Dutzende Journalisten sitzen im Gefängnis, Tausende werden vom Staat kontrolliert. Als Korrespondenten sind wir dem Zensursystem für chinesische Medien aber nicht unterworfen, so Löw, dennoch sei es sehr schwierig gewesen, Diskutanten zu rekrutieren: Der Druck steigt. Der Generalverdacht sei immer im Spiel. Die chinesischen Gäste der ersten Sendung sind der Ökonomie-Professor Shi Shiwei (Wirtschaftsuniversität Peking) und Liu Liqun, Professor für deutsche Politik in Peking. Die Runde komplettieren die österreichische Botschafterin in Peking, Irene Giner-Reichl, und der China-Korrespondenten des STANDARD und der Welt, Johnny Erling. In Anlehnung an den EU-Talk Inside Brüssel möchte Inside Asia Themen aufs Tapet bringen, die Asiens und vor allem Chinas geopolitische Situation beleuchten. Mit Fragen wie: Wie verändert der Aufstieg Chinas die geopolitische Situation? Wie positioniert sich Peking gegenüber Europa und den USA? In welche Richtung gehen Wirtschaft und Gesellschaft? Welche Antworten gibt es in Asien zu den Herausforderungen unserer Zeit, vom Terrorismus bis zum Umweltschutz? Wie tief sind die Gräben in Asien 75 Jahre nach dem Ende des Zweiten Weltkrieges? (omark, 22.6.2015)",,12.304347826086957,7.686435158396538,0.15,6.046428571428572,0.7107142857142857,0.17857142857142858
de_97,de,human,"Provozierendes Cover der ""New York Daily News"" rund um Waffendebatte. New York – Nach der Bluttat im kalifornischen San Bernardino mit insgesamt 16 Toten hat eine New Yorker Tageszeitung mit ihrer Titelseite Aufsehen erregt. Gott bringt das nicht in Ordnung stand am Donnerstag in Großbuchstaben auf der New York Daily News. Während die jüngste Gruppe unschuldiger Amerikaner in Blutlachen liegen gelassen werden, verstecken sich Feiglinge, die die Waffenplage ernsthaft beenden könnten, weiterhin hinter bedeutungslosen Plattitüden. This has been on the cover far too often. https://t.co/kpSUXcAiOA pic.twitter.com/BrHzTr5zsU Daneben druckte die Zeitung vier Twitter-Mitteilungen von US-Politikern und Präsidentschaftsbewerbern, die alle angeben, dass sie für die Opfer und Angehörigen beten wollen. Diese Formulierung ist in den USA, wo sich ein großer Teil der Menschen als religiös bezeichnet, weitverbreitet, aber auch umstritten. Zahlreiche andere Medien, Politiker und Kommentatoren im Internet schlossen sich der Daily News an und forderten angesichts immer neuer bewaffneter Attacken und Schießereien endlich Taten gegen Waffengewalt und keine nutzlosen Gebete. Andere kritisieren das provozierende Cover und riefen dazu auf, sich nicht über Gebete lustig zu machen. Die 1919 gegründete New York Daily News, die dem Medienmogul Mortimer Zuckerman gehört, gilt als deutlich weniger elitär als die New York Times und hat eine Auflage von rund 300.000 Exemplaren.",,15.0,10.447145885018411,0.13106796116504854,6.135922330097087,0.7766990291262136,0.1796116504854369
de_98,de,human,"Marco Marsala wollte mit der Geschichte nur Aufmerksamkeit für sein Startup erzeugen. Der Fall eines Unternehmers, der nach eigenen Angaben seine komplette Firma mit einem Mausklick gelöscht hat, entpuppt sich als Scherz. Zur italienischen Zeitung La Repubblica sagte Marco Marsala nun, dass er Werbung für sein Startup machen wollte. Die Firma bietet Outsourcing-Dienstleitungen für Server Management an. Komplett aus der Luft gegriffen sei die Geschichte aber nicht. Marsala kenne jemanden, dem das tatsächlich einmal passiert sei. Allerdings sei das schon vor vielen Jahren gewesen. Zahlreiche Medien, auch der WebStandard, hatten über den Pechvogel berichtet. In Foren schwankten die Reaktionen zwischen Mitleid und Schadenfreude. Ob Marsala seinem Startup einen guten Dienst mit dem Scherz erwiesen hat, ist zu bezweifeln. Denn nun wird der Unternehmer als Troll kritisiert.",,11.454545454545455,3.9164834960978214,0.14285714285714285,5.984126984126984,0.8174603174603174,0.1746031746031746
de_99,de,human,"Suche nach verborgenen Hohlräumen im Inneren von vier Pyramiden läuft bis Ende 2016. Kairo – Ägyptische Wissenschafter wollen in Zusammenarbeit mit internationalen Kollegen die großen Pyramiden auf ihr Inneres untersuchen und in den antiken Stätten nach womöglich verborgenen Hohlräumen und Kammern forschen. Moderne Infrarottechnologie und hoch entwickelte Detektoren sollen es dem Team aus Frankreich, Kanada und Japan erlauben, die Pyramiden zu scannen und dabei einige Meter unter die Oberfläche vorzudringen. Wie der ägyptische Minister für Altertümer, Manduh al-Damati, mitteilte, werden vier Pyramiden ins Visier genommen: Die Cheops- und die Chephren-Pyramide in Gizeh sowie zwei weniger bekannte, aber ähnlich imposante Pyramiden in der Nekropole von Dahschur südlich von Kairo. Die Cheops-Pyramide, die größte des Landes, ist nach dem Pharao benannt, der von etwa 2638 bis 2613 vor unserer Zeitrechnung regierte. Sie gilt als eines der Sieben Weltwunder des Altertums, von denen außer den ägyptischen Pyramiden keines erhalten geblieben ist. Chephren, der Namensgeber der sogenannten Mittleren Pyramide, herrschte von etwa 2558 bis 2532. Bei den beiden Pyramiden aus Dahschur handelt es sich um die sogenannte Knickpyramide und die Rote Pyramide, die beide unter der Regentschaft von Pharao Snofru im 27. Jahrhundert vor unserer Zeitrechnung errichtet wurden. Beide übertreffen in ihren Ausmaßen die wegen ihres Standorts Gizeh bekanntere Mykerinos-Pyramide. Damati sagte, die bei dem bis Ende 2016 befristeten Projekt verwendete Technik könne auch bei einer nochmaligen Untersuchung des Grabs von Tutanchamun Anwendung finden. Tutanchamun, dessen goldene Totenmaske weltbekannt ist, lebte vor rund 3.300 Jahren. Ein Großteil der Altertumsforscher vermutet, dass Tutanchamuns Vater der mit der berühmten Nofretete verheiratete Echnaton (Amenophis IV.) war. Und Nofretetes Mumie wurde nie gefunden. Der britische Archäologe Nicholas Reeves schließt in einer vor einiger Zeit veröffentlichten Studie nicht aus, dass sich Nofretetes Grab in einer geheimen Seitenkammer von Tutanchamuns Grabkammer befinden könnte.  (APA, red, 26. 10. 2015)",,15.0,11.004544515789828,0.1342281879194631,6.201342281879195,0.7248322147651006,0.18120805369127516
de_100,de,human,"Rund 2.000 Arbeitsplätze in Deutschland betroffen, Grund sind Probleme bei Prozessindustrie und Antriebe. München – Der deutsche Elektrokonzern Siemens reagiert mit Einschnitten auf die Probleme in seiner Sparte Prozessindustrie und Antriebe. Weltweit seien rund 2.500 Arbeitsplätze betroffen, davon gut 2.000 in Deutschland und hier schwerpunktmäßig in Bayern, teilte das Unternehmen am Mittwoch mit. Etwa jeweils die Hälfte der Jobs solle gestrichen beziehungsweise verlagert werden. Zunehmender Wettbewerb in den Branchen Öl und Gas sowie Metall und Bergbau mache eine Neuordnung der Kapazitäten notwendig, erklärte Siemens. Konkret sind am Standort Ruhstorf nahe Passau rund 700 Arbeitsplätze betroffen, in Bad Neustadt/Saale rund 350, in Nürnberg rund 750 und in Erlangen gut 150 Stellen. In Berlin soll es um etwa 20 bis 30 Jobs gehen. Die IG Metall wies die Pläne umgehend zurück und kündigte entschiedenen Widerstand an. Von der von Siemens-Chef Joe Kaeser versprochenen Ruhe im Unternehmen sei nichts zu spüren, kritisierte Bayerns IG-Metall-Bezirkschef Jürgen Wechsler. Erneut reagiere Siemens reflexartig und ideenlos mit Stellenstreichungen auf Marktveränderungen. Die Sparte Prozessindustrie und Antriebe baut unter anderem große Elektroantriebe für die Öl-, Gas- und Bergbauindustrie. Seit einiger Zeit lässt die Nachfrage aus der Öl- und Gasindustrie nach, denn die Kunden halten sich angesichts des Ölpreisverfalls mit Bestellungen zurück. Wegen der Probleme wurde im vergangenen Jahr auch der Chef der Sparte ausgetauscht, mittlerweile wird sie von Jürgen Brandes geführt. In Deutschland beschäftigt Siemens in dem Geschäftsfeld mit einem Jahresumsatz von rund neun Milliarden Euro etwa 16.000 Mitarbeiter, weltweit sind es rund 46.000. Siemens-Chef Kaeser hat seit seinem Amtsantritt bereits mehrfach den Rotstift angesetzt. Wegen des Konzernumbaus und der Schwierigkeiten in der Stromerzeugungssparte und in anderen Geschäftsfeldern strich er insgesamt rund 13.000 Jobs. Zugleich will Siemens aber auch einstellen: Der Wandel zum digitalen Industrieunternehmen werde vorangetrieben, erklärte das Unternehmen. Angesichts der Ausweitung der Investitionen unter anderem in Forschung und Entwicklung rechne man in den kommenden Jahren mit mindestens 25.000 Neueinstellungen jährlich, davon rund 3.000 in Deutschland.",,12.538461538461538,6.946115512288805,0.12578616352201258,6.333333333333333,0.6918238993710691,0.22012578616352202
de_101,de,human,"Für das in Bau befindliche Wiener Krankenhaus Nord soll das Tramwaynetz umstrukturiert werden: Die Linie 25 soll verlängert und dafür Linie 30 aufgelassen werden, die Linien 26 und 33 ihre nördlichen Äste tauschen. Kritiker befürchten allerdings eine Ausdünnung der Intervalle. Wien – Der Wiener Norden, namentlich der Bezirk Floridsdorf, war lange Zeit und ist noch heute mit Spitalsbetten unterversorgt. Das neue Krankenhaus Nord, laut Gemeinde das modernste Spital Europas, soll diesen Mangel beheben. Das Kernstück, schrieb der Krankenanstaltenverbund vor acht Jahren, wird bis 2012/13 am linken Donauufer entstehen. Das Zeitkorsett wurde mittlerweile mehrfach gedehnt (zuletzt auf 2017), auch die veranschlagten Kosten (von 605 Millionen auf mehr als eine Milliarde Euro) und der Ort (vom Donauufer auf das Areal der früheren ÖBB-Hauptwerkstätte an der Brünner Straße) wurden revidiert und adaptiert. Wie gut die Bevölkerung ein derartiges Infrastrukturprojekt aufnimmt, hängt nicht zuletzt von der Anbindung an das öffentliche Nahverkehrsnetz ab. 2008 forderten die SPÖ und die ÖVP im Gemeinderat noch per Antrag, umgehend die Verlängerung der U6 zum neu entstehenden Krankenhaus Nord einzuleiten. Die Pläne wurden verworfen, doch nun steht zumindest eine Neuordnung des Floridsdorfer Straßenbahnnetzes bevor. Eine offizielle Bestätigung der Wiener Linien gibt es dafür nicht, doch wie aus dem Umfeld des Verkehrsunternehmens vertraulich kolportiert wird, wurden leitende Mitarbeiter im Bezirk bereits über die Umstrukturierung informiert. Demnach sind vier Tramwaylinien betroffen. Die Linie 25 soll ihre Passagiere von ihrer Donaustädter Endhaltestelle an der Oberdorfstraße weiterhin bis zur U6-Endstation Floridsdorf bringen. Statt dort zu wenden und retour zu fahren, soll sie künftig auf die Brünner Straße abbiegen und am Krankenhaus Nord vorbei bis zur Station Hanreitergasse führen. Die Linie 30, die bisher diesen neuen Streckenabschnitt des 25ers und darüber hinaus die Brünner Straße bis Stammersdorf befuhr, soll aufgelassen werden. Die Linien 26 und 31, die sich derzeit noch an der U-Bahn-Station Floridsdorf kreuzen, sollen dort ihre Äste nach Nordosten beziehungsweise Nordwesten tauschen: Der 26er würde nach wie vor an der Hausfeldstraße bei der Asperner Seestadt starten, ab der U6-Station aber wie der 25er die Brünner Straße bedienen – anders als dieser jedoch bis nach Stammersdorf. Der vom Schottenring in der Innenstadt kommende 31er würde hingegen nicht mehr diese Trasse auf der Brünner Straße befahren, sondern den bisherigen Nordwestast des 26ers nach Strebersdorf übernehmen. Diese Strecke wurde bereits vor der U6-Verlängerung nach Transdanubien als Linie 32 geführt und könnte auch in Zukunft wieder diese Bezeichnung tragen. Weil die Linie 25 nach diesen Plänen nicht mehr wie derzeit der 30er den ganzen Weg von Floridsdorf bis Stammersdorf befährt, befürchten Kritiker eine Reduktion der eingesetzten Züge und dadurch eine Ausdünnung der Intervalle. Die Linie 31 (beziehungsweise 32) würde Richtung Strebersdorf künftig ein weniger dicht besiedeltes Einzugsgebiet versorgen, darum könnte auch auf dieser Strecke die Zahl der Züge gesenkt werden. Nicht das Krankenhaus, sondern dieser Spargedanke soll laut Insidern der stärkere Antrieb für die Umstrukturierung des Floridsdorfer Straßenbahnnetzes sein. Deshalb soll die offizielle Bestätigung der Stadt für die womöglich unpopuläre Neuordnung erst nach der Wiener Wahl folgen. Dass das Tramwaysystem im 21. Bezirk bearbeitet werden soll, bejaht Wiener-Linien-Sprecher Answer Lang prinzipiell. Es gibt das Grundsatzbekenntnis, dass die Straßenbahn mit Floridsdorf und mit dem neuen Hotspot Krankenhaus Nord mitwachsen soll. Wir wälzen gute Ideen mit Bezirksvorsteher Georg Papai, sagt Lang. Inhaltlich könne er die kolportierten Pläne allerdings weder ein- noch ausschließen.",,20.923076923076923,11.39474601236862,0.09926470588235294,6.106617647058823,0.6066176470588235,0.1875
de_102,de,human,"Sturm-Graz-Spieler Marko Stankovic hatte FPÖ-Chef Strache zur Scham aufgefordert und wurde vom medialen Echo überrascht. Wien / Graz – Schämen Sie sich, Herr Strache, schämen Sie sich, hatte Marko Stankovic, Spieler des SK Sturm Graz am Samstag auf Facebook geschrieben. Anlass zum Unmut gab ein Eintrag des FPÖ-Chefs zur Amokfahrt von Graz, in dem die Herkunft des Täters thematisiert wurde. Am Montag erklärte der rekonvaleszente Stankovic dem STANDARD die Hintergründe. STANDARD: Haben Sie erwartet, dass Ihr Facebook-Eintrag ein derartiges Echo hervorruft? Stankovic: Mir war zwar bewusst, dass man als Bundesliga-Spieler stärker wahrgenommen wird. Die Größenordnung hat mich dann aber doch überrascht, ein Echo ungeahnten Ausmaßes. STANDARD: Würden Sie Ihren Eintrag jetzt anders formulieren oder vielleicht sogar bleiben lassen? Stankovic: Ich bereue gar nichts. Ich habe niemanden beleidigt, ich wollte nur niveauvoll meine Meinung abgeben. Ich war zu diesem Zeitpunkt emotional sehr ergriffen, die Vorfälle haben mich persönlich getroffen. STANDARD: Woher kommt der persönliche Bezug? Stankovic: Meine Frau hat das alles miterleben müssen, wäre es zehn Sekunden früher passiert, hätte es auch sie erwischen können. Wir sind sehr oft in der Herrengasse. Vielleicht habe ich deshalb dünnhäutiger als sonst reagiert. STANDARD: Gab es auch negatives Feedback? Stankovic: Die Kommentare in den sozialen Medien lese ich nicht. Ich habe in meinem Umfeld aber sehr viele positive Rückmeldungen bekommen. Und zwar aus jeder Altersschicht. Mir wurde zu den Worten gratuliert. STANDARD: Macht Sie das ein klein wenig stolz? Stankovic: Ach was, ich bilde mir überhaupt nichts darauf ein. Es war nicht mein Ziel, den Sonntag damit zu verbringen, Nachrichten über mich zu lesen. Ich bin politisch gar nicht besonders interessiert. STANDARD: Hatten Sie zuvor ein konkretes Bild von Strache? Stankovic: Eigentlich nicht. Mir ging es nicht darum, etwas gegen die FPÖ zu sagen. STANDARD: Strache ist ja nicht zum ersten Mal unangenehm aufgefallen. Was hat Sie in diesem Fall besonders gestört? Stankovic: Es ist eine Unart, dass man über die Herkunft des Täters spricht, bevor man seine Anteilnahme bekundet. Ich war sehr erbost. Bei so einer Tragödie ist kein Platz für Parteipolitik. STANDARD: Sportler sollen immer als Vorbilder dienen, sie sollen gegen dies und für jenes sein. Ist das zu viel verlangt? Stankovic: Es ist positiv, wenn man sich für einen guten Zweck einsetzt. Ich würde es aber von niemandem verlangen, jeder hat mit seinem Leben genug zu tun. Aber Jugendliche sehen zu Sportlern auf, also sollte man zumindest nicht negativ auffallen. STANDARD: Ihre Eltern sind gebürtige Serben. Hat sich Ihre Familie in Österreich immer wohl gefühlt? Stankovic: Mit dem Thema Diskriminierung bin ich in Österreich nie in Berührung gekommen. Meine Familie war hier immer willkommen. STANDARD: Arnautovic, Dragovic, Junuzovic – wo wäre das Nationalteam ohne Spieler  mit Migrationshintergrund? Stankovic: Ich weiß, die Magazine schreiben gerne Geschichten über Spieler mit ausländischem Hintergrund. Aber wozu eigentlich? Ja, unsere Namen enden mit vic, na und? Wir spielen für Österreich, weil wir alle Österreicher sind.",,10.41304347826087,4.627780419035165,0.19624217118997914,5.7160751565762,0.6659707724425887,0.13569937369519833
de_103,de,human,"Der Kobza-Werbeholding-Manager über Expansionspläne, seinen Silicon-Valley-Club und Glück mit ORF-Redakteuren. Wien – Er war mit 20 Pressesprecher der Unterrichtsministerin, mit 23 leitete er den SPÖ-Freundeskreis im ORF-Aufsichtsrat und organisierte dort die Wiederwahl von Alexander Wrabetz zum ORF-General mit. Als der Sozialdemokrat gleich danach Ende 2011 Wrabetz’ Büroleiter werden sollte, rebellierten die ORF-Redakteure. Wenn die ORF-Bewerbung ein Fehler war, sagt Niko Pelinka heute, dann hat er a) daraus gelernt und der Fehler hat sich b) gelohnt. Pelinka (28) managt seit gut drei Jahren die Werbeholding von Rudi Kobza, eine der großen im Land mit Lowe GGK, McCann und FCB, beteiligt auch am Bundesländersenderzusammenschluss R9 und dem Medienhaus um den Biber. Pelinka hat mit Unternehmerin Eveline Steinberger-Kern, der Frau des ÖBB-Chefs, mit Digitalinvestor Markus Wagner und Kobza den Innovation Club für den Austausch österreichischer Manager mit dem Silicon Valley gegründet, übrigens als GmbH. Niko Pelinka hat dieses Interview auf dem Rückflug von Schanghai autorisiert – ein Campus-Standort von sechs der Londoner Hult International Business School, an der er gerade ein Executive MBA absolviert.  STANDARD: Sie waren vor ein paar Wochen mit einer kleinen, feinen Reisegruppe aus Österreich – etwa mit ORF-General Alexander Wrabetz und W24-Chef Marcin Kotlowski – im Silicon Valley bei Google, Facebook und Co. Was kann die Kommunikationsbranche da lernen? Pelinka: Nicht nur die Kommunikationsbranche – die der digitale Wandel ja schon voll erfasst hat – sollte sich das ansehen. Europas gesamte wirtschaftlichen und institutionellen Entscheidungsträger sollte sehr genau schauen, was die digitale Transformation dort mit Wirtschaft und Gesellschaft tut – das gilt für Banken, in der Mobilität, im Gesundheitswesen, Bildung. Jede Branche wird in den nächsten Jahren von jenen Playern geprägt, die die digitale Transformation bestmöglich bewältigen. STANDARD: Sie haben für all diese Branchen auch gleich eine Art Club gegründet, quasi ein missionarisches Silicon-Valley-Reisebüro. Pelinka: Ja, gemeinsam mit den Unternehmern Eveline Steinberger-Kern und Markus Wagner. Wir haben einen Club gegründet, die Plattform Innovation Club, die einen strukturierteren Austausch zwischen dem Valley und Österreich ermöglichen soll. Der Club organisiert branchen- und themenspezifische Touren nach Kalifornien – also etwa für Financial Services, Medizintechnik, Mobilität, Energie. Und in Österreich gibt es dazu Vernetzungsveranstaltungen mit spannenden Speakern. Und wir wollen zum dritten österreichischen Unternehmen anbieten, Trainee-Arbeitsplätze in dynamischen Coworking Spaces in der Bay-Area zu  organisieren. Das ist eine Non-Profit-Idee für einen strukturierten Austausch mit einem dynamischen Wirtschaftsraum. STANDARD: Und wenn diese Positionierung und das Netzwerken auch zum Beispiel dem Agenturgeschäft nützen, wird das nicht stören. Pelinka: Das ist nicht die Grundidee des Clubs. Da geht es um Ermöglichung, um Innovationsbereitschaft der österreichischen Gesellschaft. Aber natürlich: Wer drüben war, versteht, dass er oder sie noch viel zu tun hat. Und natürlich wollen wir mit den Leuten daran arbeiten, dass sie ihre Schlüsse umsetzen können. Steigende Innovationsbereitschaft geht einher mit steigender Bereitschaft, dafür Dienstleistungen in Anspruch zu nehmen. STANDARD: Und welchen Schluss haben Sie aus Ihrer Studienreise für Medien und Kommunikation mitgenommen? Pelinka: Knapp gesagt: Alles verändert sich. Und wir wissen heute natürlich noch nicht genau, wohin. Alle zwei, drei Jahre verändert sich diese Welt grundlegend. Aber man kann die Richtung ein bisschen besser erahnen, wenn man sich zum Beispiel im Silicon Valley umsieht. Und: Man kann von dort einen positiven Zugang zu diesem Wandel mitnehmen. In Europa ist die Grundhaltung zu Veränderung eher Verunsicherung und pessimistisch. Im Valley diskutiert man Ideen nicht lange, wägt nicht so lange Gefahren und Möglichkeiten ab – sondern geht mit der Idee sehr schnell zum Kunden. STANDARD: Was nimmt man spezifischer für die Werbung mit? – Sie sind ja Geschäftsführer einer Holding von Rudi Kobza über eine Reihe von Werbe-, PR- und sonstigen Agenturen. Pelinka: Wir gründen alle ein bis zwei Jahre neue Agenturen oder Dienstleister – weil es Spezialistentum braucht für die sich ständig verändernde Kommunikationsbranche. Mit klassischen Überlegungen komme ich zum Beispiel in der digitalen Bewegtbildwelt nicht unbedingt weiter: Einen tollen Spot aufwendig zu produzieren und ihn einfach online zu stellen wird relativ wenig Erfolg haben. Hier kann ich eine relativ junge Zielgruppe erreichen, die ich über etablierte Kanäle nicht erreiche. Aber ich muss zugleich völlig andere Gesetzmäßigkeiten akzeptieren. STANDARD: Und das eine oder andere etablierte Medium wundert sich, dass kein klassisch journalistisches Interview herauskommt, wenn LeFloid die deutsche Kanzlerin interviewt.  Pelinka: Ich bin ziemlich überzeugt, dass es in seiner Welt und in seiner Community vollkommen egal ist, was etablierte Medien darüber schreiben. Diese Kanäle erfordern eine andere Denkweise. Und man muss die Relevanz dieser Kanäle erkennen. STANDARD: Also gründen Sie – mit Diego5 – ein Youtube-Netzwerk, eine Mischung aus Youtuber-Vermarktung und Werbe-Dienstleistung in dieser Welt. Wie wirbt man eigentlich vernünftigerweise auf Youtube – und da meine ich nicht Preroll-Spots? Pelinka: Präsent sein allein hilft in der digitalen Bewegtbildwelt nichts: Die Kanäle auf Youtube sind vielleicht am ehesten vergleichbar mit klassischem Fernsehen. Man wird als Unternehmen selbst zu einem Medium, statt sich der Medien zu bedienen. STANDARD: Haben Sie einen Beispielfall auf Ihrer Kundenliste? Pelinka: Diego5 ist gerade erst am Start, aber wir arbeiten mit einigen Kunden an spannenden Projekten. Ein international wirklich spannendes Format ist zum Beispiel Coke TV in Deutschland, ein regelmäßiges Fernsehformat, das den Coke-Lifestyle transportiert. STANDARD: Die halbe Funktion von Diego5 ist die Vermarktung von Youtube-Stars. Kann man damit Geld verdienen? Pelinka: Im Moment: nein. Das ist ein mittel- bis langfristig angelegtes Projekt, wir sind Österreichs erstes Multichannel-Network und seit kurzem auch formeller Youtube-Partner. Diese Networks, im Prinzip ist das die Idee einer Art Künstler- und Talentagentur für Youtube, sind ja international längst etabliert, etwa die Maker Studios, hinter denen Disney steht. Diese Künstler haben eine nicht zu unterschätzende Relevanz aufgebaut – aufgrund ihrer Nutzerzahlen, aber auch aufgrund ihrer Deutungshoheit in bestimmten Zielgruppen. Jetzt geht es darum, deren Partner zu sein, und andererseits, sie für gemeinsame, sinnstiftende Projekte mit der werbetreibenden Wirtschaft zusammenzubringen. STANDARD: Da kommt jetzt doch ein wenig Schleichwerbeverdacht auf. Pelinka: Natürlich müssen Kooperationen klar gekennzeichnet sein. Das hat sich in dieser Community aber relativ schnell etabliert, auch ohne gesetzliche Regelungen. STANDARD: Mir scheint, dass die Schmerzgrenze des Publikums beim Überlappen von redaktionellen Inhalten und Werbung, beides im weiteren Sinne, höher liegt, als man glaubt. Pelinka: Das gilt wahrscheinlich nicht nur für ein jüngeres Publikum. Wir bewegen uns hier im weiten Feld von Branded Entertainment – Red Bull tut das etwa auch im Printsektor mit hervorragenden Beispielen wie Red Bulletin, das übrigens auch Qualitätszeitungen gerne beilegen. Natürlich leben wir in einer Zeit, in der die Grenzen zwischen PR und Marketing und Inhalten verschwimmen. STANDARD: Wenn Sie erst mittel- bis langfristig Geld verdienen, jedenfalls im einen Teil der Neugründung … Pelinka: ... dann tun wir womöglich etwas sehr Amerikanisches: In der Strategie praktisch aller sozialen Medien stand ganz oben das Ziel, rasch eine größtmögliche Community aufzubauen. Und erst viel später kam die Frage der Monetarisierung. Das geht natürlich in einer Welt voller Venture Capital viel leichter. Aber der Gedanke gefällt mir sehr gut: Im wahrscheinlich kapitalistischsten und leistungsorientiertesten Wirtschaftsraum der Welt wird erst sekundär und sehr langfristig an Monetarisierung gedacht. Das könnte auch für uns relevant sein – wir in der Kommunikations- und Medienbranche schauen ja sehr schnell: War das ein Erfolg? STANDARD: Das muss man sich – mit begrenzten Mitteln – aber auch leisten können. Pelinka: Betriebswirtschaftliche Notwendigkeiten existieren natürlich immer. Aber wir haben in Österreich eine noch immmer sehr vitale Volkswirtschaft. Die könnte schon mehr Experimentieren zulassen. Bisher war die Bereitschaft dazu überschaubar. Aber langsam findet auch hier – mit herausragenden ersten Beispielen – ein Umdenken statt. STANDARD: Dafür denken die Facebooks dieser Welt schön langsam auch merkbar ans Geldverdienen. Pelinka: Soziale Medien beginnen jetzt, nachdem sie einen ordentlichen Börsengang hinter sich haben, mit Monetarisierung. Da müssen nun alle feststellen, dass das profitorientierte Unternehmen sind und dass soziale Netwerke primär dafür da sind, Geld zu verdienen. Das wurde in den letzten Jahren vergessen. Facebook schien vielen als Selbstzweck, als Initiative, die Welt zu vernetzen. Aber das ist ein börsennotiertes Unternehmen, das Profite machen möchte und dementsprechend überlegt: Wie hol ich aus meinem wunderbaren Produkt möglichst viel Geld heraus? STANDARD: Fürs Erste hilft bei Diego5 die Werbe-Dienstleistung bei der Monetarisierung. Pelinka: Wir gehen davon aus, dass die Monetarisierung gemeinsam mit Youtube-Stars in den nächsten Jahren immer besser funktionieren wird. Aber natürlich ist die Dienstleistung für Unternehmen ein wichtiges wirtschaftliches Standbein von Diego5. Aber diese Gründung zeigt auch: Wir zeigen in der Kobza Media Group immer wieder die Bereitschaft, zu experimentieren, etwas auszuprobieren, auch mit dem Risiko des Scheiterns. Auch wenn man mit einem Projekt vielleicht gegen eine Wand läuft. STANDARD: Sie leiten die Holding von Rudi Kobza. Zu der gehören einerseits drei Werbeagenturen – Lowe GGK, McCann, FCB Neuwien – und Kobza Integra für PR, die Digitalagentur Integra Performance, Diego 5, die Eventagentur Alphaaffairs – und andererseits Beteiligungen an Biber und dem Regional-TV-Programm R9. Wie passen dazu die Medien? Pelinka: Da haben sich spannende Gelegenheiten ergeben. Bei R9 zum Beispiel wollte  Marcin Kotlowski (Wien Holding, W24), der dieses Projekt maßgeblich geprägt hat, einen Partner aus der Kommunikationsbranche an Bord, der aber keine Eigeninteressen verfolgt. Die Medienbeteiligungen sind nicht der strategische Hauptfokus der Gruppe. Wir sind Dienstleister im Kommunikationsbereich und wollen das auch bleiben. Und wir werden uns in den nächsten ein, zwei Jahren auch wieder das eine oder andere überlegen, wie wir weiter wachsen können. STANDARD: Wie zum Beispiel?  Pelinka: Unser Fokus ist längst der deutschsprachige Raum. Die Grenzen verschwimmen auch geografisch. Deutschland könnte eine spannende Perspektive ein. STANDARD: Vermutlich im Digitalbereich? Pelinka: Da gibt es die Grenzen schon heute nicht mehr. Diego5 hat bereits eine Niederlassung in Berlin – und erste große und spannende Kunden aus Deutschland. Auch weil wir hier mit Sandra Thier eine Partnerin an Bord haben, die Deutschland nach zehn Jahren RTL2-Nachrichten gut kennt. STANDARD: Was kann man sich konkreter unter den Deutschland-Plänen vorstellen? Pelinka: Unser Ziel in Deutschland ist, als relevanter Player in den Kommunikationsdienstleistungen wahrgenommen zu werden und Erfolg zu haben. Wir planen unsere Gruppe in die Richtung, dass wir Dienstleistungen auch nach Deutschland transferieren können. STANDARD: Mit eigenen Büros in Deutschland? Pelinka: Ich kann mir durchaus vorstellen, dass wir das nach Diego5 auch bei anderen Agenturen unserer Gruppe so weiterdenken. Schon weil wir beobachten, dass immer mehr deutsche Agenturen versuchen, Österreich bei ihren Kunden einfach mitzubetreuen. Bei Medien brauchen wir gar nicht darüber reden – Sevenone Media und andere tun das ja schon eine ganze Weile. Die Grenzen lösen sich auch hier auf. STANDARD: Womöglich auch zwischen Kommunikationsgenres: Kann man noch genau trennen zwischen einer Integra Performance und einer Mediaagentur? Wäre eine eigene Mediaagentur nicht eine logische Fortentwicklung, oder legt sich dann die internationale Werbeholding IPG quer, die ja an Ihren Agenturen beteiligt ist – und an der einen oder anderen Mediaagentur in Österreich? Pelinka: Mediaagenturen sind wichtige Partner im klassischen Werbegeschäft. Aber im Digitalbereich, in Social Media, im Bereich Targeting liefert die Integra Performance Resultate, die mit jeder Mediaagentur zumindest mithalten können – wenn nicht sogar respektablere Ergebnisse. Denn ihr Fokus liegt allein auf dem Digitalbereich. Und gerade hier, wo das Einkaufsvolumen nicht mehr diese Relevanz hat, kommen auf Mediaagenturen große Hausaufgaben zu. STANDARD: Weil? Pelinka: Facebook, Google und Co sind eher eine Herausforderung in Technik und Knowhow, aber weniger im Einkaufsvolumen. Möglichst großes Einkaufsvolumen ist aber eine zentrale Idee hinter den Mediaagenturen – um bei Medien möglichst gute Konditionen zu erzielen. In einer Welt, in der diese Konditionen viel fixer und ohnehin schon günstig sind, geht es um Knowhow. Das bringt auch Media- und Kreativfunktionen wieder zusammen. Und wir können unsere Maßnahmen in der digitalen Welt noch viel genauer auf ihre Effizienz überprüfen – und prognostizieren. STANDARD: Sie machen übrigens nicht den Eindruck, als würden Sie es sehr bereuen, dass Sie 2011/12 nicht – wie geplant – Büroleiter von ORF-General Alexander Wrabetz geworden sind. War der Protest der ORF-Redakteure womöglich sogar ein Glücksfall? Pelinka: Hier gibt es zwei Ebenen. Auf der persönlichen Ebene – von pekuniär bis Lebensqualität – kann ich das nur voll unterstreichen. Und auf der Erfahrungsebene: Ditech-Gründer Damian Izdebski hat gerade ein Buch über seine besten Fehler geschrieben. Wenn meine Bewerbung damals einer war – dann habe ich daraus zumindest einiges gelernt, und ich bin – glaube ich auch – dadurch gewachsen. Insofern hat sich’s ausgezahlt. Auch hier lässt sich das Prinzip aus dem Valley anwenden: Man muss den Mut haben, Dinge auszuprobieren – manche funktionieren, manche nicht. STANDARD: Was war denn der Fehler? Pelinka: Die Ereignisse von damals reflektiere ich lieber für mich. Ganz allgemein: Ich würde es heute nicht mehr so tun wie damals. Und ich bin froh, nun in anderen Welten als der direkt politischen spannende Erfahrungen sammeln zu können. STANDARD: Und der politische ORF ist kein Thema mehr für Sie? Pelinka: Null. Das habe ich völlig abgeschlossen. Der ORF war ein spannender Grenzbereich zwischen Politik und Wirtschaft. Aber die Welt ist groß und spannend, und es gibt viele interessante Aufgaben auf dieser Welt. STANDARD: Aber die Kobza-Agenturen haben, soweit ich das überblicke, doch einen ordentlichen Anteil am politiknahen Geschäft – zuletzt kritisierte der Rechnungshof einiges an Verkehrssicherheitskampagnen für das Infrastrukturministerium. Pelinka: Ich würde schätzen, dass wir nicht einmal 20 Prozent unseres Umsatzes mit öffentlichen Institutionen und öffentlichkeitsnahen Unternehmen machen. Wenn ich mir den Anteil der öffentlichen Hand an der kommerziellen Kommunikation in Österreich ansehe – dann ist unser Anteil unterproportional. Wir haben aufgrund unserer Network-Struktur einen relativ hohen Anteil an internationalem Geschäft. Und dass eine der größten Kommunikationsgruppen in Österreich auch öffentliche Unternehmen unter ihren Kunden hat, und das teilweise schon seit einem Jahrzehnt und mehr, ist nicht weiter ungewöhnlich. Strategisch stehen sie nicht im Fokus.",,15.273972602739725,7.830849205987855,0.1492604213357239,6.0945764231286415,0.4625728372926939,0.17929179740026893
de_104,de,human,"Ehemann von angeschossener Frau gegen Beihilfe zur Entsperrung – fürchtet Überwachung Unschuldiger. In der Auseinandersetzung zwischen dem FBI und Apple rund um Hilfe zur Entschlüsselung eines iPhones, das im Besitz der zwei San Bernardino-Attentäter war, erhält der Tech-Konzern nun Unterstützung von unerwarteter Seite. Salihin Kondoker, dessen Ehefrau trotz dreier Schusswunden überlebte, hat beim zuständigen Gericht eine Eingabe zugunsten des Unternehmens gemacht. In diesem spricht er sich dagegen aus, dass Apple den Behörden helfen muss, sich Zugriff auf die Inhalte des Geräts zu verschaffen, berichtet Buzzfeed. Meiner Meinung nach ist es unwahrscheinlich, dass darauf irgendwelche wichtigen Informationen sind, schreibt er. Denn es hatte sich nicht um sein privates Handy, sondern sein Arbeitstelefon gehandelt. Kondoker sorgt sich, dass hier ein Präzedenzfall geschaffen werden könnte, der Tür und Tor für umfassende Überwachung öffnet. Der Attentäter war beruflich für das County tätig. Laut Kondoker war unter den Angestellten allgemein bekannt, dass die zuständige Verwaltung die Position des Handys abfragen und auch auf das iCloud- und Mobilfunkkonto Zugriff hatte, um Kommunikation einzusehen. Folglich wäre es sehr riskant gewesen, diese Geräte zur Anschlagsplanung zu nutzen. Während die zwei Terroristen ihre Arbeitshandys unangetastet ließen, hatten sie ihre privaten Smartphones nach dem Angriff zerstört. Ich denke, das wird einen Grund gehabt haben, so Kondoker. Zuerst hatte er befürchtet, dass Apples Widerstand gegen die Forderung des FBI die Ermittlungen behindern könnte, doch je mehr er über den Fall las, desto mehr wurde ihm bewusst, dass es um viel mehr geht, als nur ein einzelnes Telefon. Er teile Apples Befürchtung, dass eine Software, die die Sicherheitsschranken für iPhones unterlaufen kann, gegen unschuldige Bürger eingesetzt würde. Dass das gefundene iPhone möglicherweise keine wertvollen Daten beinhalten könnte ist eine Befürchtung, die auch schon San Bernardinos Polizeichef und FBI-Chef James Comey geäußert hatte. Letzterer will Apple dennoch zwingen, den Zugriff zu ermöglichen, da man den Überlebenden nicht in die Augen sehen könne, würde man dieser Spur nicht folgen.",,19.6875,8.446291715895207,0.14603174603174604,6.053968253968254,0.7396825396825397,0.13333333333333333
de_105,de,human,"Nationalratspräsidentin Bures: Veranstaltung ""Zeichen des Widerstands"" – Bundespräsident Fischer: ""Flüchtlinge dürfen nicht zum Sündenbock werden"". Wien – Die Spitzen der Republik sind am Montagabend zu einer Gedenkveranstaltung anlässlich der Attentate von Paris zusammengekommen. Die Veranstaltung im Parlament sei ein Zeichen des Widerstands, sagte Nationalratspräsidentin Doris Bures (SPÖ) in ihrer Ansprache. Bundespräsident Heinz Fischer betonte, dass die europäischen Werte auch im Kampf gegen den Terror aufrechterhalten werden müssten. Hass und Angst schwächen die Vernunft und stärken irrationales Verhalten, so Fischer. Genau das dürften die Terroristen nicht erreichen. Wir bekämpfen den Terror, aber nicht den Islam oder eine bestimmte Religion, eine bestimmte Nationalität. Flüchtlinge dürften nicht in doppelter Weise zum Opfer werden: Was die Terroristen in ihrem Fanatismus verbrechen, darf nicht dazu führen, dass Flüchtlinge zum Sündenbock werden. Dass die Spitzen der österreichischen Republik heute hier versammelt sind, ist ein Zeichen des Widerstands – steht dieses Haus doch wie kein anderes in diesem Land für unsere Demokratie, für jene Werte, die von den Terroristen auf abscheuliche Weise bekämpft werden, sagte Bures. Bei der Antwort auf die Frage, wie man den Terror bekämpfen soll, dürfe man sich nicht von Angst leiten lassen. Angst ist oft kein guter Ratgeber, ganz besonders, wenn es um das sensible Verhältnis von Freiheit uns Sicherheit geht, so Bures. Die Spannung zwischen Freiheit und Überwachung sprach auch Vizekanzler Reinhold Mitterlehner (ÖVP) an. Über diese Balance müsse man sorgsam diskutieren. Das Erschütternde an dem Anschlag sei, dass sich der Angriff weniger gegen den Staat und sein Symbole, sondern gegen die Gesellschaft an sich gerichtet habe. Unsere Trauer gilt den Toten, unser Mitgefühl den Verletzten und Angehörigen, betonte er. Ein Waffenstillstand gefolgt von einem demokratischen Prozess sei die beste, aber wahrscheinlich auch die schwierigste Option, um der Terrorgruppe Islamischer Staat (IS) den Boden zu entziehen. Es ist das Gebot der Stunde auf diese Morde, diesen Terror, mit einem Schulterschluss und einem stärkeren Zusammenhalt zu reagieren und sich nicht einschüchtern zu lassen, sagte Bundeskanzler Werner Faymann (SPÖ). In Österreich gebe es traditionell eine intensive und respektvolle Zusammenarbeit der Glaubensgemeinschaften. In der Hilfe für Schutzsuchende, die vor eben diesem Terror auf der Flucht sind, zeige sich, ob wir in der Lage sind, diese Menschenrechte auch für Flüchtlinge zu leben, so Faymann. An der Gedenkveranstaltung nahmen unter anderem die Mitglieder der Bundesregierung, die Klubobleute, der französische Botschafter in Wien Pascal Teixeira da Silva, Vertreter der Glaubensgemeinschaften sowie des Nationalrats und des Bundesrats teil. Musikalisch begleitet wurde die Veranstaltung in der Säulenhalle des Parlaments von Mitgliedern der Wiener Philharmoniker. Auch die IG Autoren meldete sich anlässlich der Veranstaltung zu Wort: Europa darf sich angesichts des Terrors nicht spalten lassen. Der Ausbau von Grenzbefestigungen zur symbolischen und tatsächlichen Abschottung ist der falsche Weg, hieß es in einer Erklärung.",,19.652173913043477,8.447323711258953,0.13495575221238937,6.134955752212389,0.6327433628318584,0.20353982300884957
de_106,de,human,"Das vielfältige Festival bietet hohes Niveau unter anderem mit Künstlern wie John Scofield und Bill Frisell. Salzburg – Vor kurzem ist der künstlerische Leiter von Jazz & The City, Gerhard Eder, verstorben. Das gewohnt vielfältige und umfangreiche Programm der 16. Auflage des Gratisfestivals hat aber noch er zusammengestellt. Der Donnerstag, der erste Tag, demonstriert die Internationalität neuerer afrikanischer Musik. Oud-Spieler und Sänger Dhafer Youssef kommt aus Tunesien, wo der Weltenbummler seit einigen Jahren auch wieder lebt. Mühelos mischt er mit seinen drei Begleitern orientalische und westliche Klänge, arabische Melodie und Mystik mit Songstrukturen und Improvisation des Rock und Jazz. Im Anschluss folgt mit Tony Allen ein weiterer Höhepunkt: Einst gehörte der heute 75-jährige Schlagzeuger als Mitglied diverser Bands des Politrebellen Fela Kuti zu den Erfindern des Afrobeats; heute reicht sein Einfluss weit über die nigerianische Hauptstadt Lagos hinaus. Zuletzt hat er etwa mit Damon Albarn, Air, Charlotte Gainsbourg oder Flea zusammengearbeitet, morgen präsentiert er sein aktuelles Album Film of Life (2014): eine französisch-nigerianische Kooperation im Zeichen der Polyrhythmik. Seit der gemeinsamen Studentenzeit kennen sich Gitarrist John Scofield und Tenorsaxofonist Joe Lovano. Wenn sie am Samstag mit ihrem Quartett das brandneue Album Past Present vorstellen, sind sie musikalisch wiedervereint: der stromrudernde Hansdampf in allen Soundgassen zwischen Southernrock, Freistilfunk, Latin und Fusion Scofield und der an Sonny Rollins und Ornette Coleman geschulte Lovano. Fast zeitgleich – für Fans also eine harte Entscheidungsfrage – gastiert am Samstag ein anderer Vielseitigkeitsgitarrist in den Kavernen: Bill Frisell spielt erstmals in Österreich das Programm Music For Strings: eine Hommage an US-Folksänger und Protestikone Woody Guthrie – beteiligt sind Frisells langjährige Weggefährten Jenny Scheinman (Geige), Eyvind Kang (Viola) und Hank Roberts (Cello). Highlight am Sonntag ist das Duo Christian Fennesz und Arve Henriksen: Letzterer bläst seine Trompete etwa im norwegischen Improvisationsquartett Supersilent, bei David Sylvian oder Dhafer Youssef – und jetzt mit dem österreichischen Gitarristen und Laptop-Avantgardisten Fennesz: Melodie trifft auf Elektrorauschen.",,24.23076923076923,14.283685401150967,0.1111111111111111,6.368253968253968,0.7682539682539683,0.17142857142857143
de_107,de,human,"Dem US-Fiskus entgehen Milliarden, weil Apple, Microsoft, Google oder Pfizer Einnahmen nicht ins Heimatland bringen. US-Firmen horten mehr Geldreserven als je zuvor. Die Summe ist höher als das vom Forbes-Magazin geschätzte Vermögen der 70 reichsten Menschen der Welt zusammen. Warum sitzen Tech-Giganten wie Apple, Microsoft und Google, aber auch Autohersteller wie General Motors oder Pharma-Riesen wie Pfizer trotz historisch niedriger Zinsen auf ihren Geldbergen? 1,73 Billionen Dollar (1,6 Bio. Euro) hielten US-Unternehmen, die nicht zum Finanzsektor gehören, Anfang 2015 laut Berechnungen der Ratingagentur Moodys an flüssigen Mitteln. Das waren vier Prozent mehr als im Vorjahr. Die Summe stellt einen Rekordwert dar. Der Tech-Sektor hält das meiste Cash, gefolgt von der Gesundheits-, Pharma- und Energiebranche, erklärt Moodys-Analyst Richard Lane. Einer Studie der US-Notenbank Federal Reserve zufolge haben börsennotierte US-Konzerne ihre Vorräte schon seit der Erholung von der Finanzkrise 2008 massiv erhöht. Dabei spielen Steuern eine wichtige Rolle. 1,1 Billionen Dollar - 64 Prozent der Cash-Reserven - befanden sich zum Jahreswechsel laut Moodys im Ausland. Wenn Firmen die Gewinne, die sie im Rest der Welt machen, in die USA zurückbringen, werden sie relativ stark besteuert, heißt es in der Fed-Analyse. Bis zu 35 Prozent der internationalen Erträge wandern auf der Heimreise in die USA an den Fiskus. Deshalb ist der Anreiz für US-Konzerne hoch, die Mittel auf Konten im Ausland zu lassen. Die Unternehmen mit den höchsten Barreserven sind global aufgestellt - sie machen einen großen Teil ihres Umsatzes außerhalb der US-Grenzen, wo sie folglich auch die meisten Cash-Vorräte behalten. Diese Strategie zur Steuervermeidung - aber auch die vergleichsweise hohe Besteuerung der Auslandseinnahmen an sich - ist umstritten und in den USA ein Politikum. Immer mehr Konzerne verlegen ihren Sitz ins Ausland, um dem Fiskus zu entkommen. Bei vielen Übernahmeplänen war dieses Kalkül in den vergangenen Jahren ein Faktor. Mit niedrigen Abgaben buhlen kleine Steueroasen wie Bermuda oder die Caymans, aber auch EU-Staaten wie Irland oder Luxemburg, um internationale Konzerne. Vor allem für Technologie- und Pharmafirmen ist es einfach, ihr Einkommen dort zu verbuchen, wo die Steuern niedrig sind. Ihre Gewinne stammen häufig aus geistigem Eigentum, dessen Quelle und damit der Ort, an dem die Steuern anfallen, durch die Verlagerung beispielsweise von Patentrechten verlegt werden kann. Die fünf US-Konzerne mit den größten Barreserven sind laut Moodys Apple, Microsoft, Google, Pfizer und Cisco. Der Cash-King ist Apple. Mit 193,5 Mrd. Dollar hielt man zuletzt mehr Reserven als jeder industrielle US-Wirtschaftssektor insgesamt - abgesehen von der Tech- und Pharmabranche. Eine prall gefüllte Kriegskasse macht zwar durchaus Sinn für Firmen, um bei Übernahmemöglichkeiten rasch reagieren zu können und mit einem flüssigen Forschungs- und Entwicklungsbudget flexibel zu bleiben. Das inzwischen erreichte Ausmaß scheint Experten dennoch übertrieben. So wundert es wenig, dass nicht nur Apples Cash-Konto schon länger Begehrlichkeiten weckt. Der berüchtigte New Yorker Finanzinvestor Carl Icahn machte über Monate beharrlich Druck, um Apple zu höheren Ausschüttungen an die Aktionäre zu drängen. So etwas ist keine Ausnahme, oft sind solche Angriffe auf die Firmenkassen erfolgreich. Laut Moodys sind auch die Dividendenzahlungen und Aktienrückkäufe der US-Konzerne 2014 auf neue Höchststände geklettert.",,15.71875,7.107365787512276,0.13320079522862824,5.996023856858847,0.679920477137177,0.20278330019880716
de_108,de,human,"CID-947 hat ein Zehntel der Masse seiner Heimatgalaxie und kratzt damit an herkömmlichen astronomischen Theorien. Zürich – Sind die Theorien zu Bildung und Wachstum von Galaxien falsch? Oder galten in der Frühzeit des Universums andere Gesetze? Solche Fragen stellen sich nun Astronomen nach der Entdeckung eines unverhältnismäßig großen Schwarzen Lochs in einer weitentfernten Galaxie. Das Objekt CID-947 wurde von Benny Trakhtenbrot von der ETH Zürich und einem internationalen Team von Astrophysikern mit dem Keck-Observatorium auf Hawaii und anderen Weltraumteleskopen entdeckt. Es handelt sich um ein supermassereiches Schwarzes Loch, wie vermutlich alle Galaxien – zumindest die großen – eines in ihrem Zentrum haben. Dieses liegt in einer Galaxie, die so weit von uns entfernt ist, dass das bei uns eintreffende Licht sie uns so zeigt, wie sie etwa zwei Milliarden Jahre nach dem Urknall aussah. Anders als ein stellares Schwarzes Loch, das aus einem kollabierten Stern hervorgegangen ist und eine entsprechende Masse hat, bringt ein supermassereiches Schwarzes Loch Millionen oder gar Milliarden Mal mehr auf die hypothetische Waage als die Sonne. Trotzdem wahren diese riesigen Objekte eine gewisse Relation zu ihren Wirtsgalaxien – nicht so CID-947. Es gehört mit fast zehn Milliarden Sonnenmassen zu den massereichsten bisher bekannten Schwarzen Löchern, berichten die Zürcher Forscher im Fachjournal Science. Die dazugehörige Galaxie hat jedoch die Masse einer normalen Galaxie,  sagt Trakhtenbrot. Damit hat das Schwarze  Loch ein Zehntel der Masse seiner Galaxie, während es andere nur auf wenige  Tausendstel bringen. Dieses Missverhältnis verblüfft die Astronomen. Bisher  wurde stets beobachtet, dass die Masse von Schwarzen Löchern parallel zur Zahl  der Sterne ihrer Heimatgalaxie und damit deren Masse ansteigt. Schließlich gibt es ein gemeinsames Reservoir aus kaltem Gas, aus dem einerseits Sterne entstehen und andererseits auch das Schwarze Loch gefüttert wird. Außerdem deuteten Studien an, dass Strahlung, die während des Wachstums des  Schwarzen Lochs ausgesandt wird, die Sternbildung kontrolliert oder sogar  stoppt. Dies gelte aber offenbar nur für das lokale Universum, das die nahe  Vergangenheit des Universums abbilde, so Trakhtenbrot. CID-947 ist offenbar viel effizienter gewachsen als seine Galaxie, sagt der Astrophysiker. Aus ihren Beobachtungen schließen die Forscher zudem, dass das Schwarze  Loch am Ende seines Wachstums angelangt ist, während ringsum weiterhin Sterne  entstehen. Entgegen früherer Annahmen stoppte der Energie- und Gasfluss,  angetrieben vom Schwarzen Loch, die Sterngeburten also nicht. Die Galaxie könne in Zukunft noch weiterwachsen, doch das Verhältnis  zwischen der Masse des Schwarzen Lochs und der Sterne würde weiterhin unüblich  groß bleiben. CID-947 könnte damit ein Vorläufer der extremsten, massereichsten  Systeme sein, die wir heute im lokalen Universum beobachten, vermuten die  Forscher. Weitere Erkenntnisse über die Galaxienentwicklung erhoffen sie sich  von Beobachtungen mit dem Radioteleskop Alma in Chile.  (red/APA, 12. 7. 2015)",,16.884615384615383,8.531962183356466,0.11617312072892938,6.052391799544419,0.6241457858769932,0.1776765375854214
de_109,de,human,"Juristin deckte Verfassungsbruch im Verteidigungsministerium auf – und ortet Mobbing gegen eine Transgender-Person. Wien – Monika Donner ist viel gewohnt, auch und gerade in rechtlichen  Auseinandersetzungen. Aber dass die Juristin im Verteidigungsministerium – von ihrem Vorgesetzten wegen ihrer Führungsqualitäten und wegen ihrer uneingeschränkten Loyalität dem Dienstgeber, der Truppe und mir  ausdrücklich gelobt – in der Vorwoche als Nazi denunziert wurde, hat selbst sie schockiert. Was mir passiert, das ist Nötigung – und es ist Mobbing gegen eine Transgender-Person, sagte Donner im Gespräch mit dem STANDARD. Am Montag der Vorwoche wurde sie von der Abteilung Disziplinarwesen des BMLVS in Kenntnis gesetzt, dass eine Mitteilung an die Staatsanwaltschaft ergangen ist, weil sie üblicherweise dem Nationalsozialismus zuzuordnende Äußerungen getätigt habe. Mir zu unterstellen, dass ich ein Nazi wäre, ist bei meiner Biografie absurd, sagt die Frau, die eine Karriere als Panzeroffizier hinter sich hatte, bevor sie erstritten hat, dass sie auch ohne geschlechtsanpassende Operation als Frau leben und arbeiten darf. TV-Auftritt Anlass der Anzeige sind Formulierungen, die Donner in der Puls-4-Sendung Gültige Stimme am 18. Mai verwendet hat – dabei verwies sie darauf, dass jeder, der unliebsame Meinungen vertritt, Gefahr laufe, als Nazi abgestempelt zu werden. Dass ihr das passiert ist, habe genau diesen Grund: Donner erstellte eine Analyse der österreichischen Sicherheitslage, leitete diese nicht nur innerhalb ihres Ressorts,  sondern auch ans Parlament weiter und stellte sie unter dem Titel God bless you, Putin auch als E-Book zum Download auf ihre Website. Sie weist darin darauf hin, dass entgegen den politischen Äußerungen keineswegs eine zehnjährige Vorwarnzeit für einen Österreich bedrohenden militärischen Konflikt bestehe: Am Beispiel der Panzertruppe wird ersichtlich, dass mit 40 Kampfpanzern, die nicht einmal für unser einziges Panzerbataillon (Sollbestand: 60 Kampfpanzer und 300 Soldaten) reichen, die postulierte lageangepasste Aufwuchsfähigkeit nicht  sichergestellt werden könnte. Verfassungswidrig organisiert Donner verweist zudem darauf, dass das Bundesheer verfassungswidrig organisiert ist – laut Bundesverfassung müsste es ein Milizheer sein, tatsächlich wird aber die Berufskomponente immer stärker. Auch müsse man von der Fiktion eines 55.000-Mann-Heeres abgehen und wieder für die Größenordnungen der 1980er-Jahre planen, also 240.000 Mann plus Reserven. Dies aber in der kostengünstigen Milizvariante, bei der  Berufsmilitärs kaum eine Rolle spielen würden. Im STANDARD-Gespräch sagt Donner, dass die Angriffe auf sie und ihre Fachmeinung auch mit der geplanten Neuorganisation des Ministeriums zusammenhängen könnten – ihr Referat soll demnächst mit der Abteilung Personalführung in den direkten Einflussbereich des Ministers verschoben werden. Diese Umstrukturierung wird auch von Ex-Generalstabschef Edmund Entacher im Profil scharf kritisiert: Das Heer werde unzuverlässig.",,24.176470588235293,14.038750129207067,0.1271393643031785,6.383863080684597,0.6748166259168704,0.17114914425427874
de_110,de,human,"Hypo refundierte 2,3 Milliarden – Peschorn im Ausschuss. Wien – Die BayernLB hat ihre Kredite an ihre frühere Tochter Hypo Alpa Adria zu einem guten Teil ins trockene gebracht. Finanzminister Hans Jörg Schelling hat die Rückzahlungen der Hypo an die Bayern in einer Anfrage an den FP-Abgeordneten Erwin Angerer aufgelistet. Demnach floss nach der Verstaatlichung gut eine Milliarde, davor 890 Millionen Euro nach München. Dazu kommen Zinsen von 360 Millionen. Macht in Summe mehr als 2,3 Milliarden. Aus dem Vergleich erhalten die Bayern weitere 1,23 Milliarden als Garantiesumme. Womit München auf mehr als 3,5 Milliarden Euro kommt. Zahlreiche Gläubigergruppen sehen darin eine Bevorzugung der BayernLB, wodurch sich ihre Ansprüche vermindern würden. Akten umgestuft Im U-Ausschuss geht es am Donnerstag mit der Aussage des Präsidenten der Finanzprokuratur, Wolfgang Peschorn, weiter. Seine Befragung über jene Arbeitsunterlagen, die der Jurist Ende 2009 für die Verstaatlichung vorbereitet hat, wird nun doch medienöffentlich stattfinden. Ursprünglich waren diese Dokumente dem Ausschuss von der Behörde unter Geheimhaltungsstufe 2 geliefert worden – die Diskussion darüber hätte daher unter Ausschluss der Medienöffentlichkeit stattfinden müssen. Die Auftraggeber der Finanzprokuratur (Bundeskanzleramt und Finanzministerium) haben nun aber der Umstufung zugestimmt – selbige hatten die Neos beantragt. Von der Aufhebung dieser Vertraulichkeitsstufe hat die Finanzprokuratur die Parlamentsdirektion Ende voriger Woche verständigt. Wegverhandelt Die Term-Sheets, um die es geht, wurden am 14. Dezember (dem Tag der Notverstaatlichung) erstellt, um 38 Minuten nach Mitternacht. Sie beinhalteten Gewährleistungsklauseln und andere Absicherungen beim Ankauf der Hypoanteile von der BayernLB. Sie wurden dann aber wegverhandelt – was sich in der Folge als fatal erwiesen hat.",,14.277777777777779,5.414030697646784,0.12062256809338522,6.2957198443579765,0.7392996108949417,0.16731517509727625
de_111,de,human,"Longford AFC spielt in der Gloucester Northern Senior League Division Two und hat jetzt einen echten Star. London – Stuart Pearce kehrt im Alter von 53 Jahren auf den Fußballplatz zurück. Der 78-fache Teamspieler schloss sich dem Longford AFC an. Der Klub hat in den britischen Medien die zweifelhafte Ehre, der schlechteste Klub Englands zu sein. Longford spielt in der Gloucester Northern Senior League Division Two, verlor in dieser Saison alle 18 Spiele und kassierte 179 Gegentore. pic.twitter.com/KjiPIxPY4I So habe ich früher auch einmal angefangen. Ich hoffe, dass ich den jungen Fußballern helfen kann, dass ihre Zuversicht in der Kabine und auf dem Platz steigt, sagte Pearce bei seiner Vorstellung im Trikot mit seiner angestammten Rückennummer drei. Eines hat Pearce jedenfalls schon geschafft, wie Manager Nick Dawe feststellte: Vor einem Jahr hat uns ein Mann mit seinem Hund zugeschaut, nun blicken Hunderte auf das Debüt von Stuart Pearce. Pearce hatte zuletzt in der Saison 2014/15 den Zweitligisten Nottingham Forest trainiert, davor war er unter anderem Teammanager der englischen U21-Auswahl.  (APA, 29.1.2016)",,12.5,10.601549751939908,0.13450292397660818,5.608187134502924,0.7485380116959064,0.16374269005847952
de_112,de,human,"Seit kurzem deckt Niederösterreich seinen gesamten Strombedarf aus erneuerbarer Energie. Der World Wide Fund sieht in Sachen Energiewende trotzdem auch Aufholbedarf.. Sankt Pölten – Es war ein Anlass für viele lobende Worte und für feierliche Mienen, als der niederösterreichische Landeshauptmann Erwin Pröll (ÖVP) im November verkündete, dass in seinem Bundesland nun 100 Prozent des Strombedarfs aus erneuerbarer Energie gedeckt werden. Niederösterreich sei zur Modellregion geworden. Das Jahr 2015 sei ein bedeutendes Jahr für die Umweltpolitik in Niederösterreich, ergänzte Umweltlandesrat Stephan Pernkopf (ÖVP). Selbst die britische Zeitung Guardian und Le Monde berichteten dann darüber, dass Österreichs größtes Bundesland nun den gesamten Strom aus erneuerbarer Energie bezieht. Zwar war es im Burgenland im Jahr 2013 so weit gewesen. Das flächenmäßig aber eher vergleichbare Oberösterreich will etwa laut Energiestrategie erst im Jahr 2030 dieses Ziel erreichen. Ist Niederösterreich in Sachen Energiewende also wirklich eine Modellregion, wie Pröll es ausdrückte? Der Ende September präsentierte Energiewende-Bericht des World Wide Fund for Nature (WWF) zeigte Positives, aber auch Aufholbedarf: Niederösterreich belegt darin hinter Vorarlberg und Wien Rang drei der neun Länder. Für die Bewertung nach dem sogenannten WWF-Bundesländer-Energiewende-Index wurden Politik, Effizienz, Erneuerbare, Gebäude und Verkehr betrachtet. Besonders gut bewertete der WWF die niederösterreichische Energiepolitik und dabei insbesondere die Schritte für den Ausbau der erneuerbaren Energie und für Energieeffizienz. Hier gebe es breit aufgesetzte Umsetzungsstrategien und regelmäßige Bewertungen. Auch die Mittelverteilung bei der Wohnbauförderung hin zur Sanierung wurde positiv vermerkt. Allerdings steige der Strombedarf deutlich. Klar negativ ordnete der WWF die hohen Ausgaben im Bereich Verkehr für den Straßenbau ein. Kein Bundesland schnitt da schlechter ab. Umweltlandesrat Pernkopf sagt im STANDARD-Gespräch, man wolle als Wirtschaftsstandort weiter wachsen, daher steige auch der Strombedarf – wobei auch die Energieeffizienz wachse. Wir müssen uns anschauen, wo wir Erneuerbare weiter ausbauen und ältere Anlagen optimieren können, sagt Pernkopf. Der Verkehr sei wiederum ein anderes Thema. Da bestehe über Niederösterreich hinaus Handlungsbedarf. Kritik am Ökostrom aus finanziellen Gründen weist Pernkopf ebenso zurück. Vor wenigen Tagen hat die Arbeiterkammer (AK) moniert, dass die Ausgaben für die Ökostromförderung laut einem bis 23. November aufliegenden Verordnungsentwurf pro Durchschnittshaushalt – bei rund 3500 Kilowattstunden Verbrauch – von heuer 103 Euro nächstes Jahr auf fast 120 Euro steigen. AK-Direktor Werner Muhm sagte, es müsse jetzt Schluss sein mit massiv steigenden Förderungen. Pernkopf hält dagegen, dass der Strompreis insgesamt seit 2012 zurückgegangen ist. Außerdem bleibe das für Ökostrom investierte Geld im Land, wo dieser zudem Arbeitsplätze schaffe. Niederösterreich hat seit 2002 insgesamt 2,8 Milliarden Euro in den Ökostromausbau investiert. 59 Prozent kommen nach Informationen des Landes aus der Großwasserkraft, 26 Prozent aus der Windkraft, neun Prozent aus Biomasse, vier Prozent aus Kleinwasserkraft und zwei Prozent aus Photovoltaik. Eines der nächsten Ziele ist es, bis zum Jahr 2050 die Hälfte des Gesamtenergiebedarfs durch Erneuerbare zu decken.",,15.233333333333333,7.701442866257089,0.11816192560175055,6.450765864332604,0.6914660831509847,0.13785557986870897
de_113,de,human,"Keine offensichtlichen Hinweise auf Fremdverschulden. Wien – Bei einem Wohnungsbrand in Ottakring ist am Freitagabend ein 59-jähriger Mann ums Leben gekommen. Die von Bewohnern alarmierte Feuerwehr stieß bei den Löscharbeiten in der Hasnerstraße auf die Leiche des Mieters. Laut Polizei gab es keine offensichtlichen Hinweise auf ein Fremdverschulden, eine Obduktion wurde dennoch angeordnet.",,13.25,4.815340071064556,0.09433962264150944,6.415094339622642,0.8867924528301887,0.18867924528301888
de_114,de,human,"US-Technologieriesen horten insgesamt eine halbe Billion Dollar und stecken sie in Anleihen. Wer in den USA eine große Unternehmensanleihe platzieren will sollte nicht nur an der Wall Street die Werbetrommel rühren, sondern auch einen Abstecher nach Reno einplanen. In der Casinostadt in Nevada haben nämlich die Kapitalmanagement-Einheiten von Apple und Oracle ihren Sitz - und diese spielen an den Anleihenmärkten mittlerweile eine ähnlich gewichtige Rolle wie große Fondsanbieter. Insgesamt haben die zehn größten US-Technologiefirmen ihre liquiden Mittel seit 2008 auf über eine halbe Billion US-Dollar verdreifacht, die nach Veranlagung gieren. Laut Insidern kaufen einzelne US-Technologiegrößen bei Neuemissionen von Unternehmensanleihen mit guter Bonität und bis zu drei Jahren Laufzeit gleich ein Fünftel am Stück. Als Großabnehmer, welche die Papiere in der Regel bis Laufzeitende halten, sind Apple & Co. bei Emittenten sehr beliebt. Damit stehen sie im direkten Wettbewerb mit Fondsgrößen wie Pimco, Blackrock oder Vanguard. Auch diese bieten bei Platzierungen im großen Stil mit, da bei Emissionen ein Abschlag gegenüber den Marktpreisen gewährt wird. Viel von dem riesigen Geldreserven der US-Technologieriesen sind im Ausland geparkt und können nicht direkt in die USA zurückgeholt werden, ohne Rückführungssteuern bezahlen zu müssen. Um eine Versteuerung zu umgehen, werden die liquiden Mittel in Unternehmensanleihen investiert. Bei Apple waren es laut Bloomberg-Daten Ende März etwa fast 90 Prozent der insgesamt 193,5 Milliarden Dollar an Barreserven, die bei ausländischen Töchtern in der Bilanz stehen. Am Markt für Unternehmensanleihen wird jedoch befürchtet, dass die hohe Nachfrage der US-Technologiefirmen abreißen könnte. Ein Auslöser könnten Steuernachlässe für die Heimführung der Barreserven sein. Dem Vernehmen nach bemühen sich diese seit Jahren im Kongress um derartige Sonderregelungen. Auch im Fall eines deutlichen Renditeanstiegs wird befürchtet, dass sich die Techies aus Unternehmensanleihen zurückziehen und stattdessen US-Staatsanleihen zuwenden könnten.",,17.875,6.9988838395847095,0.0979020979020979,6.321678321678322,0.7097902097902098,0.16433566433566432
de_115,de,human,"Das Direktorium ist einstimmig für den Verbleib in London, die Investitionsstrategie für China und Südostasien bleibt aber aktuell. London – Europas größte Bank HSBC hat Überlegungen für eine Verlagerung des Konzernsitzes von London nach Hongkong eine Absage erteilt. Das Direktorium habe sich einstimmig für einen Verbleib in der britischen Hauptstadt entschieden, teilte das in Asien stark vertretene Geldhaus am Sonntag mit. London sei eines der führenden internationalen Finanzzentren, in dem viele Spitzenkräfte lebten. Die Stadt bleibe daher der ideale Heimatstandort für ein globales Institut wie HSBC. An der Investitionsstrategie Pivot für China und Südostasien werde aber festgehalten. Aus Verärgerung über steigende Steuern für Banken in Großbritannien nach der Finanzkrise hatten Aktionäre einen Umzug nach Hongkong ins Gespräch gebracht. Im vergangenen Frühjahr begann HSBC zu prüfen, ob der Hauptsitz verlagert werden solle. Hongkong, wo die Bank einst gegründet wurde, galt dabei als potenzieller Favorit. Im Sommer schraubte die britische Regierung aber die Abgaben zurück. Ein Umzug hätte zudem nach Schätzung von Analysten bis zu 2,5 Milliarden Dollar gekostet. HSBC verfolgt seit einiger Zeit einen Sparkurs. Dem Institut setzt unter anderem die Konjunkturabkühlung in China zu.",,14.153846153846153,4.6549585447406985,0.10869565217391304,6.054347826086956,0.7391304347826086,0.20652173913043478
de_116,de,human,"Afghanistans Präsident Ghani verurteilt ""feigen Terroranschlag"". Kabul – Bei einem Taliban-Anschlag in der afghanischen Hauptstadt Kabul sind am Dienstag mindestens 28 Menschen getötet und mehr als 320 Personen verletzt worden. Wie die Polizei am Dienstag weiter mitteilte, war ein Lastwagen auf einem Parkplatz direkt neben einem Regierungsgebäude zur Explosion gebracht worden. Die 28 Todesopfer seien überwiegend Zivilisten. Viele der Verwundeten schwebten in Lebensgefahr, teilte das Gesundheitsministerium mit. Präsident Ashraf Ghani verurteilte den feigen Terroranschlag. Dieser werde die Entschlossenheit der afghanischen Sicherheitskräfte im Kampf gegen den Terrorismus aber nicht schwächen. Es handelt sich um den ersten großen Anschlag der Taliban in der Hauptstadt seit dem Beginn ihrer Frühjahrsoffensive vor einer Woche. Sicherheitsdienst getroffen Ein mit Sprengstoff beladenes Auto war vor einem nur wenige Hundert Meter vom Präsidentenpalast entfernten Gebäude explodiert, in dem eine Einheit des Sicherheitsdienstes NDS untergebracht ist. Er ist für den Personenschutz von Ministern und anderen wichtigen Persönlichkeiten zuständig. Anschließend drangen mehrere Attentäter auf das schwer bewachte Gelände ein und lieferten sich Zeugen zufolge mehr als 30 Minuten lang ein Feuergefecht. Auch in dem Gebäude sei es zu Schusswechseln gekommen, sagte ein Sprecher der radikal-islamischen Taliban, die sich zu dem Angriff bekannten. Nach Angaben des Innenministeriums kam es nach der Explosion zu Schusswechseln zwischen Sicherheitskräften und Angreifern. Spezialeinheiten der afghanischen Polizei waren am Anschlagsort im Einsatz. Wenn noch irgendwelche der Terroristen am Leben sind, werden unsere Kräfte sie bald zur Hölle schicken, sagte Sprecher Sediq Sediqqi. Das Gebäude liegt in einem dicht besiedelten Gebiet der afghanischen Hauptstadt. Die Sicherheitslage in der Hauptstadt und weiten Teilen des Landes am Hindukusch hat sich in den vergangenen Monaten weiter verschlechtert. Die Taliban hatten vor wenigen Tage ihre Frühjahrsoffensive angekündigt. Neben Selbstmordattentaten sei auch die Tötung von feindlichen Kommandanten in Städten geplant. Ziel sei es, den Feind in einen Zermürbungskrieg zu verwickeln.",,14.95,6.476688968909963,0.09364548494983277,6.464882943143813,0.7023411371237458,0.1705685618729097
de_117,de,human,"Am 5. Oktober im Hauptabend – Corinna Milborn und Paul Tesarek moderieren – ORF überlegt noch Duell zwischen Häupl und Strache. Wien – Der ORF und der Privatsender Puls 4 haben sich auf eine gemeinsame Elefantenrunde zur Wiener Landtagswahl geeinigt. Hintergrund: Wiens Bürgermeister Michael Häupl (SPÖ) zeigt sich im Vorfeld der Wien-Wahl am 11. Oktober nur zu einer Fernsehkonfrontation bereit. Der Landeshauptmann wünschte deshalb eine Kooperation der heimischen TV-Anstalten. Zu Mittag bestätigten der ORF und Puls 4 die APA-Informationen über die Finalisierung der Zusammenarbeit. Gesendet wird die 90 minütige Konfrontation auf ORF 2 und Puls 4 aus den Wiener Sofiensälen am Montag, 5. Oktober. Die Moderation vor  Live-Publikum übernehmen Puls 4-Infochefin Corinna Milborn und ORF Wien-Chefredakteur Paul Tesarek. ATV zog sich –  wie berichtet – im Juni von dem Projekt zurück, weil man sich in den journalistischen Planungen nicht auf Augenhöhe gleichberechtigt sah, und plant ein eigenes Wahlkampf-Format. Nun ziehen der ORF und Puls 4 die Wahlkonfrontation mit den Spitzenkandidaten gemeinsam durch. Umstritten war lange, wie der ORF und der Privatsender die Werbung unter einen Hut bringen. Dem ORF ist Unterbrecherwerbung untersagt. Puls 4 wird jetzt auch durchsenden, heißt es auf STANDARD-Anfrage.  Der ORF überlegt darüber hinaus auch noch ein TV-Spitzenduell zwischen Bürgermeister Häupl und seinem Herausforderer Heinz-Christian Strache von der FPÖ. Sowohl Häupl als auch Strache sind zu einer direkten Konfrontation im ORF bereit, heißt es. Offizielle Stellungnahmen gab es dazu vorerst nicht. Eine ganze Reihe direkter Konfrontationen gibt es im Vorfeld der oberösterreichischen Landtagswahl am 27. September. Zwischen 1. und 17. September bringt der ORF Oberösterreich via Bundesland heute (19.00 Uhr) sechs knapp 20-minütige Duelle der Spitzenkandidaten der im Landtag vertretenen Parteien ÖVP, FPÖ, SPÖ und Grüne: Den Anfang machen ÖVP-Landeshauptmann Josef Pühringer und FPÖ-Chef Manfred Haimbuchner. Die Elefantenrunde findet am 20. September, eine Woche vor der Wahl, am Pressestunde-Sendeplatz um 11.05 Uhr statt. Neben den Spitzenkandidaten der Landtagsparteien sind dazu auch die im Nationalrat vertretenen NEOS eingeladen. ORF 2 zeigt die oberösterreichische Spitzenrunde österreichweit. ORF III überträgt ebenfalls und lässt im Anschluss eine Journalistenrunde über die Wahlkonfrontation diskutieren.",,11.433333333333334,7.45065246956414,0.12316715542521994,6.120234604105572,0.6304985337243402,0.16715542521994134
de_118,de,human,"Die Erfolgsgeschichte aus dem Radio und Internet wird im Fernsehen fortgesetzt – Produziert von Fox 21 Television. Wien – Der erfolgreiche US-Podcast Serial wird für das Fernsehen adaptiert. In Serial rekonstruiert US-Journalistin Sarah Koenig in zwölf Episoden die Geschichte eines Kriminalfalls aus dem Jahr 1999 – und Millionen Menschen lauschten ihren Recherchen. In Baltimore wurde die Highschool-Schülerin Hae Min Lee ermordet. Ihr Ex-Freund Adnan Syed sitzt seitdem in Haft, hat die Tat aber immer abgestritten. Der Stoff soll jetzt ins Fernsehen kommen. Die Rechte teilt sich Fox 21 Television Studios mit den Autoren und Produzenten Christopher Miller und Phil Lord (Lego Movie). Laut US-Medienberichten soll es sich bei der TV-Adaption aber nicht um eine Dokumentation des Mordfalls handeln, sondern um einen Einblick in die Arbeit des Produzententeams um Sarah Koenig und Julie Snyder. In den USA hörten sich bei der Ausstrahlung durchschnittlich drei Millionen durch die einzelnen Episoden. Serial sorgte aber nicht nur in den USA, sondern auch in Europa für Lobeshymnen. Der Startschuss zur zweiten Staffel soll noch im Herbst erfolgen. Dieses Mal geht es um den mutmaßlichen US-Army-Deserteur Bowe Bergdahl, der 2009 in Afghanistan gefangengenommen und später im Austausch gegen Guantanamo-Häftlinge freigelassen wurde. Eine dritte Staffel ist für Frühjahr 2016 avisiert.",,15.615384615384615,6.889662954114794,0.08374384236453201,5.827586206896552,0.7192118226600985,0.18719211822660098
de_119,de,human,"Angeklagter soll 39-Jährigen in dessen Haus getötet haben – Urteil nicht rechtskräftig. Innsbruck/Mühlbachl – Der Mordprozess im Fall eines im vergangenen Dezember in seinem Haus in Mühlbachl im Wipptal erstochenen 39-jährigen Tirolers hat am Donnerstag mit einem Schuldspruch geendet. Der 25-jährige Angeklagte wurde wegen Mordes zu 20 Jahren Haft verurteilt. Sieben der acht Geschworenen befanden den Angeklagten schuldig. Das Urteil war vorerst nicht rechtskräftig. Dem 25-Jährigen wurde vorgeworfen, seinen Bekannten durch die Zufügung massiver Stichverletzungen vorsätzlich getötet zu haben. Der Angeklagte hatte sich zu Prozessbeginn vergangene Woche vor Richterin Verena Offer nicht schuldig bekannt. Er habe das Opfer zwar an jenem Abend zu Hause besucht, sei nach einer halben Stunde jedoch wieder gegangen, hatte der gebürtige Slowake, der seit Ende 2012 in Österreich lebt, gesagt. Sowohl Staatsanwältin Birgit Unterguggenberger als auch Verteidiger Hermann Rieder hatten in ihren Eröffnungsplädoyers die Beziehung zwischen dem Angeklagten und dem Opfer skizziert. Demnach soll das Opfer den heterosexuellen Beschuldigten für sexuelle Dienste bezahlt haben. Der Slowake soll damals in Geldnöte geraten sein. Vor dem Tatabend habe es bereits zwei Treffen zwischen den beiden gegeben. Insgesamt wurden zehn Gutachten an drei Prozesstagen gehört. 14 DNA-Spuren des Angeklagten konnten laut Gutachten am Tatort sicher gestellt werden. Unter anderem habe man blutige Spuren am Waschbecken im Bad gefunden. Auf der Innenseite der Haustür habe man außerdem drei, teilweise mit Blut behaftete, Fingerabdrücke gefunden, die laut Gutachten ebenfalls dem Beschuldigten zuzuordnen sind. Darüber hinaus konnten laut einer Sachverständigen blutige Fußabdrücke des Angeklagten am Tatort sichergestellt werden. Ein Socken des Täters sei bei der Tat mit Blut durchtränkt worden, wodurch mehrere Abdrücke hinterlassen wurden. Diese stimmten laut der Gutachterin mit Vergleichsfußabdrücken des Beschuldigten überein. Der Verteidiger hatte in seinem Schlussplädoyer das Ermittlungsverfahren bemängelt. Es gibt viele Spuren am Tatort, die nicht eindeutig zugeordnet werden konnten, meinte der Rechtsanwalt. Außerdem weise das Opfer die selbe Zehenstellung auf wie sein Mandant, weshalb die blutigen Fußabdrücke auch vom 39-Jährigen stammen könnten. Darüber hinaus seien gefundene Mikrospuren und auf der Leiche sicher gestellte helle Haare nicht ausgewertet worden. Der Beschuldigte saß seit 18. Dezember des vergangenen Jahres in Untersuchungshaft. Eine nahe Verwandte hatte den 39-Jährigen, der allein in dem Haus wohnte, am 16. Dezember 2014 blutüberströmt im Wohnzimmer liegend gefunden. Die Frau, die einen Schlüssel zu dem Haus besaß, wollte nach dem Rechten sehen, da das Opfer entgegen seiner Gewohnheiten in der Früh nicht erreichbar war.",,14.0,6.654751256486923,0.11479591836734694,6.239795918367347,0.6760204081632653,0.14540816326530612
,en,gemini,"**Bangladesh hit by nationwide strikes** 
Streets in towns and cities across Bangladesh have come to a standstill due to opposition-led strikes, just a day after 18 people were killed in blasts at a political rally.",en_0,35.0,0.0,0.05714285714285714,5.142857142857143,0.8857142857142857,0.22857142857142856
,en,gemini,"Aiming for long-term consistency, Washington head coach Joe Gibbs has indicated he plans to keep roster turnover to a minimum this offseason as he works to establish a steady foundation for the franchise.",en_1,33.0,0.0,0.06060606060606061,5.212121212121212,0.8484848484848485,0.24242424242424243
,en,gemini,"Does Putin's Power Grab Mean a More Secure Russia? On the surface, Russia remains unchanged following the wave of deadly terror attacks that reached its tragic peak during the Beslan school massacre in September.",en_2,17.0,8.0,0.08823529411764706,5.264705882352941,0.9411764705882353,0.20588235294117646
,en,gemini,"**U2 Teams Up with Apple for New TV Ads**

Irish rock band U2, historically hesitant to license their music for commercials, are set to appear in a new series of promotional spots for Apple's iTunes. The advertisements are scheduled to debut during Tuesday night's baseball broadcasts.",en_3,23.0,12.0,0.08695652173913043,5.195652173913044,0.8913043478260869,0.2826086956521739
,en,gemini,"**SABC Apologizes for Iraq Beheading Broadcast**

South Africa's public broadcaster has issued an apology after a recent news bulletin mistakenly aired graphic footage of an American hostage being beheaded in Iraq.",en_4,31.0,0.0,0.03225806451612903,5.903225806451613,0.967741935483871,0.1935483870967742
,en,gemini,Astronomers have uncovered a colossal cosmic storm resulting from a massive galaxy cluster collision. The impact is so exceptionally powerful that its staggering energy output is surpassed only by the Big Bang itself.,en_5,16.5,2.5,0.06060606060606061,5.606060606060606,0.9393939393939394,0.18181818181818182
,en,gemini,"**West Issues Immediate Ultimatum to Iran Over Uranium Enrichment**

Four Western nations paved the way for a potential confrontation yesterday by demanding that Tehran halt all uranium enrichment activities without delay.",en_6,31.0,0.0,0.03225806451612903,6.161290322580645,1.0,0.12903225806451613
,en,gemini,"(AP) — Business software provider Computer Associates International Inc. revealed a restructuring strategy Wednesday involving a global layoff of 800 employees, a move projected to generate $70 million in yearly savings once completely in place.",en_7,17.5,8.5,0.08571428571428572,6.0285714285714285,0.9142857142857143,0.2
,en,gemini,"True to its word regarding more adaptable software licensing, Computer Associates has introduced Measured Workload Pricing for its suite of mainframe management tools.",en_8,23.0,0.0,0.08695652173913043,6.304347826086956,0.9565217391304348,0.13043478260869565
,en,gemini,"Economic growth accelerated across the Great Plains and Rocky Mountain states during September and early October, according to a report released Wednesday by the Federal Reserve Bank of Kansas City.",en_9,30.0,0.0,0.06666666666666667,5.633333333333334,0.9333333333333333,0.23333333333333334
,en,gemini,"Veteran center Dikembe Mutombo reportedly stated he is headed to the Houston Rockets in a sign-and-trade agreement. According to the Houston Chronicle, the 38-year-old is set to join the Rockets from the Chicago Bulls in exchange for players Eric Piatkowski, Adrian Griffin, and Mike Wilks, where he is expected to serve in a backup and mentoring role.",en_10,28.5,11.5,0.10526315789473684,5.192982456140351,0.7192982456140351,0.3508771929824561
,en,gemini,"**RBC Centura Chief Exits** 
RALEIGH, N.C. — The chief executive of RBC Centura Bank has resigned, and the incoming leader plans to direct operations from Raleigh instead of the bank's traditional headquarters in Rocky Mount.",en_11,12.0,12.192894105447921,0.14285714285714285,5.428571428571429,0.9142857142857143,0.22857142857142856
,en,gemini,"**SCO Puts Plans for Pro-Company Website on Hold**

According to a report by InfoWorld, SCO Group has temporarily shelved its controversial initiative to launch a pro-company website—a move that was initially announced last month as a direct counter to the legal watchdog site Groklaw.",en_12,44.0,0.0,0.045454545454545456,5.4772727272727275,0.9090909090909091,0.22727272727272727
,en,gemini,"Parisians observed the 60th anniversary of the city's liberation on Wednesday with solemn tributes, a traditional flag-raising ceremony atop the Eiffel Tower, and a procession of vintage 1940s tanks and military jeeps, while also reflecting on the darker history of wartime collaboration.",en_13,42.0,0.0,0.09523809523809523,5.880952380952381,0.8095238095238095,0.3333333333333333
,en,gemini,"**NEW YORK (CBS.MW) --** Spurred by Oracle's buyout of PeopleSoft and encouraging economic reports, U.S. equities finished Monday's session on an upbeat note, pushing the Dow Jones Industrial Average to its highest close in over nine months.",en_14,9.75,8.407585860400118,0.16216216216216217,5.54054054054054,1.0,0.1891891891891892
,en,gemini,"ATHENS -- Rifle shooter Matt Emmons made sure to keep his nerves under control, but unfortunately, he ended up aiming at the completely wrong target.",en_15,25.0,0.0,0.12,5.0,1.0,0.12
,en,gemini,"**Bills Coach Mularkey Keeps Faith in Bledsoe (AP)** 

AP - Buffalo Bills coach Mike Mularkey has a clear message for fans and analysts calling for rookie quarterback J.P. Losman to take over the starting job: Not just yet.",en_16,13.0,11.224972160321824,0.10526315789473684,4.842105263157895,0.9473684210526315,0.18421052631578946
,en,gemini,"**BRUSSELS** – Greece’s place in the eurozone remains secure despite a damning European Union review that uncovered five years of flawed budget data, a senior European Commission official stated Monday.",en_17,30.0,0.0,0.06666666666666667,5.766666666666667,0.9333333333333333,0.16666666666666666
,en,gemini,"Back in December 2005, travelers heading to Vienna for the holidays armed themselves with more than just winter coats. Many Americans went so far as to stitch red maple leaves onto their jackets and backpacks, hoping the discreet Canadian flag would shield them from rising anti-U.S. sentiment abroad—while others worried that very same deception could make them easy targets for identity theft.",en_18,15.75,9.41740410091868,0.0967741935483871,5.387096774193548,0.9354838709677419,0.14516129032258066
,en,gemini,"WASHINGTON (Reuters) — Federal authorities and industry leaders announced plans on Monday for a major U.S. crackdown on counterfeit and pirated merchandise, a burgeoning illicit market that drains hundreds of billions of dollars from American companies every year.",en_19,13.0,8.831760866327848,0.10526315789473684,5.973684210526316,0.8947368421052632,0.23684210526315788
,en,gemini,Cisco is shifting its focus toward smaller enterprises with a new line of switches designed to cut down on the expenses and technical hurdles typically associated with managing a corporate network.,en_20,31.0,0.0,0.03225806451612903,5.387096774193548,0.9354838709677419,0.3225806451612903
,en,gemini,"PITTSBURGH—Activist investor Carl Icahn is escalating his campaign against Mylan Laboratories, warning that he may nominate a slate of new directors to block the generic drugmaker's proposed $4 billion acquisition of King Pharmaceuticals.",en_21,33.0,0.0,0.06060606060606061,6.242424242424242,0.9696969696969697,0.18181818181818182
,en,gemini,"In a surprising about-face, storage vendor Quantum has acquired Certance, a major manufacturer of the rival LTO tape format, despite years of aggressively promoting its own proprietary DLT technology as the superior choice.",en_22,33.0,0.0,0.12121212121212122,5.787878787878788,0.9090909090909091,0.21212121212121213
,en,gemini,Disgraced media mogul Conrad Black is launching a C$1.1 billion ($870 million) lawsuit against Hollinger International's special committee and other defendants. The legal action stems from a damning internal report that accused Black of siphoning millions of dollars from the publishing firm.,en_23,14.333333333333334,4.988876515698588,0.07142857142857142,5.976190476190476,0.9047619047619048,0.19047619047619047
,en,gemini,"**Milosevic Proceedings Halted** 

Judges in The Hague have temporarily halted the trial of Slobodan Milosevic, giving his court-appointed defense counsel additional time to ready their arguments.",en_24,26.0,0.0,0.07692307692307693,6.5,1.0,0.19230769230769232
,en,gemini,"ATHENS — A sudden earthquake jolted the Greek capital on Tuesday, sending tremors through the city and the nearby Olympic venues. According to the Athens Geodynamic Institute, the seismic event shook the area, though officials have not yet released specific details regarding the quake's magnitude or its exact epicenter. There are no immediate reports of any damage or injuries.",en_25,19.666666666666668,7.408703590297623,0.1016949152542373,5.440677966101695,0.8813559322033898,0.2542372881355932
,en,gemini,"**Bush Campaign Blocks International Web Traffic** (washingtonpost.com) 
washingtonpost.com — Following a cyberattack last week that knocked the Bush-Cheney reelection campaign offline for six hours, the campaign has restricted access to its website so that it can only be viewed from within the United States, according to computer security experts.",en_26,17.0,17.795130420052185,0.10204081632653061,6.142857142857143,0.8979591836734694,0.14285714285714285
,en,gemini,"**Nextel Partners Faces Changes in Sprint Merger** 

The upcoming $35 billion combination of Sprint Corp. and Nextel Communications could bring significant shifts for Kirkland-based Nextel Partners Inc.",en_27,13.5,1.5,0.07407407407407407,6.444444444444445,0.8888888888888888,0.18518518518518517
,en,gemini,"Coming off their first back-to-back victories of the season, the Houston Texans are eager to prove themselves against tougher competition. ""I knew that was going to come up,"" Texans coach Dom Capers said with a laugh when asked about the team's newfound momentum.",en_28,21.5,1.5,0.09302325581395349,5.1395348837209305,0.9069767441860465,0.23255813953488372
,en,gemini,"North Carolina turned the page completely ahead of its rematch with Kentucky, with players brushing off the painful memories of last season. Rashad McCants insisted he wasn't dwelling on past trips to Lexington, Jawad Williams echoed that last year was ancient history, and Sean May focused more on bouncing back from his most recent outing than the Tar Heels' Jan. 3 loss at Rupp Arena.",en_29,21.666666666666668,13.474255287605157,0.09230769230769231,4.969230769230769,0.9076923076923077,0.18461538461538463
,en,gemini,"According to a Mac community website, holiday shoppers might soon find a brand-new digital photo-displaying iPod under the Christmas tree this season.",en_30,22.0,0.0,0.09090909090909091,5.863636363636363,0.9545454545454546,0.18181818181818182
,en,gemini,"Seeking to quiet mounting speculation about his future, Denver Broncos head coach Mike Shanahan assured reporters Thursday night that he plans to fulfill the remaining four years of his current agreement.",en_31,31.0,0.0,0.06451612903225806,5.612903225806452,0.9354838709677419,0.12903225806451613
,en,gemini,"**Iran Claims U.S. Has No Viable Path Forward on Nuclear Issue**

TEHRAN (Reuters) — Washington has reached an impasse regarding Tehran's atomic ambitions, hindered by a lack of concrete evidence needed to push for United Nations sanctions and overextended by military commitments in Iraq, Iranian President Mohammad Khatami stated on Saturday.",en_32,17.333333333333332,21.699974398346395,0.09803921568627451,5.745098039215686,0.9607843137254902,0.17647058823529413
,en,gemini,**Low Hopes Surround Georgia Basketball** (AP) — The Georgia Bulldogs are bracing for what is projected to be a tough rebuilding year on the hardwood.,en_33,25.0,0.0,0.04,5.04,0.96,0.32
,en,gemini,"Retail investors are jumping back into the U.S. stock market with renewed enthusiasm now that presidential election uncertainty is behind them, and trading firms predict this strong engagement will continue, according to industry executives on Friday.",en_34,12.333333333333334,11.440668201153676,0.1388888888888889,6.0,1.0,0.19444444444444445
,en,gemini,"**(AP)** Far from the violence and turmoil of the Middle East, Norway's tranquil capital became an unlikely turning point. It was inside Oslo's secretive talks that two longtime adversaries finally chose to pursue peace.",en_35,17.0,2.0,0.08823529411764706,5.5,0.9705882352941176,0.20588235294117646
,en,gemini,"**U.S. Iraq War Military Deaths Reach 1,229** (AP) — The Associated Press reports that as of Tuesday, Nov. 23, 2004, at least 1,229 U.S. service members have lost their lives since the Iraq conflict began in March 2003. According to the Department of Defense, at least 957 of those fatalities were the result of hostile action. The official toll also includes three civilian military contractors.",en_36,8.375,6.781177995009422,0.2153846153846154,5.107692307692307,0.8615384615384616,0.16923076923076924
,en,gemini,"**Iraq: Black Watch soldiers hope for Christmas at home**

Troops declared ""mission accomplished"" after a massive battle group convoy consisting of over 200 vehicles successfully reached the relative security of the Shaibah Logistics Base.",en_37,34.0,0.0,0.058823529411764705,6.029411764705882,0.9411764705882353,0.17647058823529413
,en,gemini,"**Revlon's Q3 Loss Deepens on Falling Sales and Refinancing Costs**

Cosmetics giant Revlon Inc. reported a wider loss for the third quarter, driven by a 7 percent decline in sales as the company finalized a major restructuring of its debt.",en_38,20.0,6.0,0.075,5.0,0.925,0.25
,en,gemini,"As traditional passwords increasingly feel obsolete, physical key rings are expanding to include more than just house and car keys. America Online is now offering its subscribers a small, blue hardware token as an optional security device to make logging onto the internet service significantly more secure.",en_39,23.5,3.5,0.0851063829787234,5.553191489361702,0.9574468085106383,0.1702127659574468
,en,gemini,"**Police Probe Sharon Death Threats**  
Israeli law enforcement is investigating death threats directed at Prime Minister Ariel Sharon as opposition intensifies against his proposed withdrawal from the Gaza Strip.",en_40,29.0,0.0,0.034482758620689655,6.310344827586207,0.9655172413793104,0.06896551724137931
,en,gemini,"**Red Hat Executive Questions Sun’s Open-Source Commitment**

A senior Red Hat official has publicly challenged the open-source credibility of longtime business partner Sun Microsystems. In a blog post published Thursday, Michael Tiemann, Red Hat's vice president of open-source affairs, took aim at Sun's approach.",en_41,22.0,2.0,0.11363636363636363,6.159090909090909,0.9090909090909091,0.13636363636363635
,en,gemini,Arsenal are still battling the lingering fallout from Old Trafford nearly a week and a half after their high-stakes showdown descended into ugly post-match chaos and a bitter war of words with Manchester United.,en_42,34.0,0.0,0.029411764705882353,5.235294117647059,0.9117647058823529,0.2647058823529412
,en,gemini,"**Federer and Moya Overcome Rain Delays in Houston**

Battling through rain-plagued scheduling that pushed the finish past midnight, Roger Federer secured his second round-robin victory at the ATP Tennis Masters Cup early Thursday morning, downing Lleyton Hewitt 6-3, 6-4 for his fifth straight win over the Australian.",en_43,47.0,0.0,0.0851063829787234,5.787234042553192,0.9361702127659575,0.1276595744680851
,en,gemini,"Online auction platforms are looking to capitalize on the recent insurance industry scandal. While consumers can easily scour the internet for cheap flights, rare antiques, or stock trades, businesses shopping for group insurance policies have historically—and largely—[been left to traditional brokers].",en_44,20.5,7.5,0.12195121951219512,6.439024390243903,0.9024390243902439,0.21951219512195122
,en,gemini,"**Holiday e-mail carries global computer virus**

A malicious computer worm disguised as a festive greeting card is currently circulating rapidly across the internet in multiple languages.",en_45,26.0,0.0,0.038461538461538464,6.230769230769231,0.9615384615384616,0.19230769230769232
,en,gemini,"**U.S. Forces Could Exit Iraq in Four Years, Rumsfeld Says**

The defense secretary indicated that American troops might withdraw within the timeframe, though he emphasized that the ultimate choice depends on the advancements made by Iraq's emerging leadership.",en_46,13.0,16.97056274847714,0.13157894736842105,5.868421052631579,0.9210526315789473,0.15789473684210525
,en,gemini,"**Questions Linger Over Vote Outcome (AP)** 

AP — With the Electoral College set to formalize President Bush’s re-election on Monday, ongoing anxieties remain regarding the reliability of America’s electoral process—especially in Ohio, where fresh reports highlight equipment malfunctions, ballot confusion, and severe lines in low-income and minority districts.",en_47,48.0,0.0,0.10416666666666667,6.541666666666667,0.9375,0.20833333333333334
,en,gemini,"**US Envoy Optimistic Over Nairobi Talks on Sudan** 

Nairobi, Nov. 18 (NNN) — The US special envoy has expressed confidence ahead of a two-day UN Security Council meeting in Kenya, where international ambassadors have gathered to discuss advancing the ongoing peace process in Sudan.",en_48,22.0,12.0,0.09090909090909091,5.431818181818182,0.9772727272727273,0.18181818181818182
,en,gemini,"**Bobby Valentine Returns to Japan for Lotte Marines Autumn Camp**

Chiba Lotte Marines manager Bobby Valentine has arrived back in Japan to oversee his squad's autumn training camp. Valentine, whose name had recently surfaced as a potential successor to Art Howe for the managerial post...",en_49,22.5,5.5,0.1111111111111111,5.444444444444445,0.8444444444444444,0.17777777777777778
,en,gemini,"For decades, millions of physical paper checks have been flown across the country every night to reach their banks of origin. Beginning in October, however, new digital technology is set to bring an end to the nightly transport rush, replacing paper transit with electronic processing.",en_50,22.5,1.5,0.13333333333333333,5.355555555555555,0.8888888888888888,0.26666666666666666
,en,gemini,"Fueled by a suffocating defense, 11th-ranked Pittsburgh cruised to a 70-51 victory over Memphis on Tuesday night in the Jimmy V Classic. Carl Krauser paved the way for the Panthers, scoring 17 points—nearly all of them coming from the charity stripe—to help secure another dominant win.",en_51,23.0,1.0,0.08695652173913043,5.239130434782608,0.9130434782608695,0.2391304347826087
,en,gemini,"**Washington moves to draft fresh Darfur UN resolution**

The United States has announced it is working on a new United Nations resolution aimed at addressing the ongoing crisis in Sudan's conflict-ridden Darfur region.",en_52,33.0,0.0,0.030303030303030304,5.636363636363637,0.9393939393939394,0.21212121212121213
,en,gemini,"To lure customers away from rival Novell, Microsoft is launching a targeted U.S. campaign aimed at NetWare users. The software giant is dangling a variety of incentives, including educational training vouchers, specialized migration tools, and dedicated online technical support for those contemplating a transition.",en_53,11.25,9.54921462739214,0.18181818181818182,6.204545454545454,0.9318181818181818,0.22727272727272727
,en,gemini,"**Chelsea adopt zero-tolerance drug stance as Mutu is sacked**

CHELSEA enforced a strict no-drugs policy yesterday by dismissing Romanian striker Adrian Mutu for gross misconduct following his positive test for cocaine.",en_54,31.0,0.0,0.03225806451612903,6.096774193548387,0.9354838709677419,0.12903225806451613
,en,gemini,"Like the rest of the Crimson Tide faithful, injured quarterback Brodie Croyle will be watching from home tonight as Alabama takes on No. 17 LSU. If the Crimson Tide can pull off the upset against the Tigers, Croyle...",en_55,12.666666666666666,8.576453553512405,0.18421052631578946,4.7368421052631575,0.8421052631578947,0.18421052631578946
,en,gemini,"**Amazon Expands into China**

US e-commerce giant Amazon.com is marking its entry into the Chinese market by acquiring Joyo.com, the country's biggest online retailer, in a transaction valued at $75 million (£41 million).",en_56,11.666666666666666,2.8674417556808756,0.15151515151515152,5.7272727272727275,0.9393939393939394,0.15151515151515152
,en,gemini,**UK Factory Output Drags Down Q3 Growth (London)** — AFP — Fresh data suggests that Britain’s industrial sector exerted a heavier downward pull on the nation's broader economic growth during the third quarter than initial estimates indicated.,en_57,37.0,0.0,0.02702702702702703,5.594594594594595,0.9459459459459459,0.10810810810810811
,en,gemini,"**MPAA Launches Wave of P2P Lawsuits**

The Motion Picture Association of America announced today that it has initiated legal action against individuals who trade copyrighted films using peer-to-peer file-sharing networks, though the exact number of lawsuits remains undisclosed.",en_58,38.0,0.0,0.05263157894736842,6.342105263157895,0.9473684210526315,0.13157894736842105
,en,gemini,Talks between US Airways Group Inc. and its pilots union hit a wall Monday after negotiations over labor concessions broke down. The carrier is currently pushing for $295 million in yearly cost-cuts from the pilot group.,en_59,12.0,4.242640687119285,0.08333333333333333,5.138888888888889,1.0,0.19444444444444445
,en,gemini,"**Akamai Expands Web Application Portfolio**

The company has rounded out its suite of hosted services by introducing four new solutions tailored specifically for e-commerce websites.",en_60,25.0,0.0,0.04,6.32,1.0,0.12
,en,gemini,"Stargazers and sports fans alike are keeping an eye on the forecast for tonight's lunar eclipse. Astronomers note that if weather permits, observers will be treated to a full moon shifting into a deep red hue as the Earth's shadow moves across its surface.",en_61,22.0,6.0,0.06818181818181818,4.840909090909091,0.9545454545454546,0.22727272727272727
,en,gemini,"Despite Canada’s official opposition to the Iraq conflict, Ottawa continues to reject refugee claims filed by U.S. military deserters. The Canadian government maintains that these service members do not face persecution back home and has formally dismissed the legal argument that the U.S. war in Iraq violates international law.",en_62,8.5,8.88350531415762,0.14285714285714285,5.73469387755102,0.8775510204081632,0.16326530612244897
,en,gemini,"Three Years On, Bin Laden Remains Elusive 
The international coalition spearheaded by the United States is continuing its active manhunt for Osama bin Laden, the primary suspect behind the devastating September 11, 2001, terrorist attacks on American soil.",en_63,38.0,0.0,0.13157894736842105,5.7368421052631575,0.9473684210526315,0.18421052631578946
,en,gemini,"**Moss ruled out for Packers clash**

EDEN PRAIRIE, Minn. — The Minnesota Vikings have officially downgraded All-Pro wide receiver Randy Moss from doubtful to out ahead of Sunday's upcoming matchup in Green Bay.",en_64,16.5,7.5,0.09090909090909091,5.393939393939394,0.9696969696969697,0.15151515151515152
,en,gemini,"**Hillary Rosen and Larry Lessig Form Unlikely Alliance**

In a surprising twist, former Recording Industry Association of America chief Hillary Rosen has penned a glowing tribute in *Wired* to her longtime adversary, Creative Commons founder Larry Lessig. Despite years of intense policy clashes, the former foes are burying the hatchet, marking a stunning reconciliation in the tech and copyright worlds.",en_65,30.0,7.0,0.1,5.766666666666667,0.8333333333333334,0.25
,en,gemini,"New England's historic NFL winning streak has now reached 19 games. While this region of the country is deeply devoted to its rich historical roots, the franchise's record-breaking run on the gridiron may not quite match the legendary status of Paul Revere's midnight ride.",en_66,22.0,11.0,0.06818181818181818,5.2272727272727275,0.9090909090909091,0.20454545454545456
,en,gemini,"Purdue signal-caller Kyle Orton was held out of the starting lineup for Saturday's matchup against Ohio State due to an ongoing right hip issue. Although the Boilermakers quarterback was dressed and cleared to play if needed, he ultimately began the game on the bench as he continues to recover from the injury that has lingered for the past month.",en_67,29.5,5.5,0.05084745762711865,4.915254237288136,0.8305084745762712,0.288135593220339
,en,gemini,"Costly miscues derailed the New York Knicks on Wednesday night, handing them a painful 94-93 defeat to the Detroit Pistons at Madison Square Garden. Despite squandering a lead and letting another crucial game slip away, the team was left looking at the narrow loss as a tough lesson moving forward.",en_68,25.0,1.0,0.08,4.98,0.88,0.22
,en,gemini,"**Trucking Stock Takes a Hit**

While the broader trucking sector continues to present compelling long-term value for investors, questions are now swirling around the market outlook for SCS Transportation.",en_69,29.0,0.0,0.06896551724137931,6.068965517241379,0.9310344827586207,0.2413793103448276
,en,gemini,"In a grand government-backed push for peace, millions of paper origami cranes drifted from the skies yesterday across Thailand’s three volatile southern provinces, offering a symbolic gesture of harmony to the predominantly Muslim region.",en_70,34.0,0.0,0.08823529411764706,6.029411764705882,0.9117647058823529,0.2647058823529412
,en,gemini,Tech giants Yahoo and Adobe Systems have formed a strategic partnership to cross-promote their customer bases and integrate Yahoo's web search capabilities directly into Adobe's widely used Acrobat Reader software.,en_71,30.0,0.0,0.03333333333333333,6.166666666666667,0.9666666666666667,0.13333333333333333
,en,gemini,"Highlighting the ongoing crisis within the American aviation industry, US Airways sought Chapter 11 bankruptcy protection on Sunday, marking the carrier's second trip to bankruptcy court in just two years.",en_72,30.0,0.0,0.1,5.866666666666666,0.9,0.2
,en,gemini,"**China allegedly blocks Google News**

Media watchdog Reporters Without Borders has accused Beijing of restricting access to Google News. The Paris-based advocacy group reported that the English-language news platform has been inaccessible within the country for the past ten days.",en_73,20.0,1.0,0.05,6.05,0.9,0.175
,en,gemini,"**Sprint Nearing $35 Billion Acquisition of Nextel, Sources Say**

**Reuters** — Sprint Corp. is reportedly on the verge of acquiring Nextel Communications Inc. in a predominantly stock transaction valued at roughly $35 billion, a move that would merge the country's third- and fourth-largest wireless carriers.",en_74,15.0,5.0990195135927845,0.1111111111111111,5.911111111111111,0.9111111111111111,0.2222222222222222
,en,gemini,"**Orton Sparks Purdue Past Illinois in Big Ten Opener**

Purdue’s aerial attack clashed with Illinois’ ground game on Saturday afternoon, as quarterback Kyle Orton led the Boilermakers to a victory over the Fighting Illini in the Big Ten conference opener for both teams at Memorial Stadium in Champaign.",en_75,48.0,0.0,0.041666666666666664,5.333333333333333,0.875,0.22916666666666666
,en,gemini,"An early wake-up call for LSU. Can a season truly be derailed before Labor Day? Usually, the answer is no. Even the most devastating defeats can be overcome when they happen on opening weekend. There is still plenty of time for a squad to recover from the sting of an unexpected early upset.",en_76,10.6,5.238320341483518,0.11320754716981132,4.509433962264151,0.8490566037735849,0.2830188679245283
,en,gemini,"**BRANSON’S SPACE VISION ATTRACTS £800M**

MORE than £800 million has already been pledged towards Sir Richard Branson’s commercial space travel venture, despite the spacecraft still being years away from construction.",en_77,30.0,0.0,0.06666666666666667,6.266666666666667,1.0,0.03333333333333333
,en,gemini,"Boston stands just one victory away from a sweep after Pedro Martinez delivered a dazzling seven-inning performance, pushing the Red Sox to a commanding three-games-to-none series lead. By Marc Topkin, Times Staff Writer. ST.",en_78,11.333333333333334,11.2644968324772,0.14705882352941177,5.647058823529412,0.9411764705882353,0.14705882352941177
,en,gemini,"**Politics: Parties eye rising global oil prices nervously**

The National Party's decision to delay key policy rollouts until closer to the election has drawn a mixed reaction from voters and opponents alike.",en_79,32.0,0.0,0.0625,5.53125,0.96875,0.1875
,en,gemini,"**Traian Basescu Secures Upset Win in Romanian Presidential Election**

Final results released Monday revealed that former sea captain turned politician Traian Basescu pulled off a surprise victory in Romania's presidential run-off vote held over the weekend.",en_80,36.0,0.0,0.027777777777777776,6.194444444444445,0.9444444444444444,0.1111111111111111
,en,gemini,"**Shift in Bush Environmental Strategy**

The Bush administration has shaken up traditional policymaking standards by introducing a fresh set of priorities and methods for addressing environmental challenges.",en_81,27.0,0.0,0.037037037037037035,6.703703703703703,0.9629629629629629,0.2222222222222222
,en,gemini,"WASHINGTON/CHICAGO (Reuters) - Following a second round of advanced diagnostic testing, the U.S. Agriculture Department announced Tuesday that a cow previously suspected of carrying mad cow disease has tested negative, prompting cattle prices to rally in anticipation of the result.",en_82,13.666666666666666,10.624918300339486,0.125,6.075,0.875,0.225
,en,gemini,"**AP –** Making an unannounced trip to the Russian Embassy on Sunday, President Bush signed a condolence book for the victims of the deadly school hostage crisis, forcefully condemning the acts of ""evil terrorists.""",en_83,17.5,16.5,0.08823529411764706,5.352941176470588,0.8823529411764706,0.3235294117647059
,en,gemini,"**Padres Shut Out Mets 4-0 Behind Lawrence**

(AP) — Brian Lawrence pitched out of a bases-loaded predicament in the opening inning and surrendered only four hits over the remainder of the game Wednesday night, leading the San Diego Padres to a 4-0 win against the struggling New York Mets.",en_84,49.0,0.0,0.04081632653061224,4.918367346938775,0.8571428571428571,0.24489795918367346
,en,gemini,"Disney Chief Executive Michael Eisner testified in court for the first time Monday as part of a shareholder lawsuit, defending his controversial decision to hire former super-agent Michael Ovitz as the company's second-in-command nearly a decade ago.",en_85,37.0,0.0,0.05405405405405406,5.783783783783784,0.8918918918918919,0.21621621621621623
,en,gemini,"**Multinational oil corporations initiated negotiations on Monday with Nigerian residents who have seized three offshore platforms in a labor dispute, an action that has halted 90,000 barrels of daily crude production.**",en_86,16.0,15.0,0.0967741935483871,6.129032258064516,1.0,0.1935483870967742
,en,gemini,"**Beijing cracks down on cybercafes, shutting 1,600 venues**

Between February and August, local authorities across China shuttered 1,600 internet cafes and slapped operators with a combined 100 million yuan ($12 million) in fines as part of a sweeping regulatory crackdown.",en_87,40.0,0.0,0.125,5.85,0.925,0.2
,en,gemini,"No. 19 Pittsburgh secured a BCS berth on Saturday, dominating South Florida 43-14 behind a career-best performance from quarterback Tyler Palko, who threw for 411 yards and five touchdowns.",en_88,14.5,13.5,0.13793103448275862,5.551724137931035,0.9655172413793104,0.1724137931034483
,en,gemini,"**Bangladesh Strike Turns Violent, Leaving Over 80 Injured** (Reuters) — Reuters - Opposition protesters clashed with police and targeted railway stations across Bangladesh on Tuesday, injuring more than 80 people on the opening day of a two-day nationwide strike called to condemn a deadly weekend grenade attack.",en_89,47.0,0.0,0.06382978723404255,5.702127659574468,0.9361702127659575,0.19148936170212766
,en,gemini,"**Roddick Ready to Defend US Open Title**

Defending champion Andy Roddick is eager to harness a ""charged"" home crowd atmosphere as he prepares to kick off his US Open campaign next week. The American star, who begins his title defense against a compatriot...",en_90,21.5,10.5,0.11627906976744186,5.023255813953488,0.8604651162790697,0.16279069767441862
,en,gemini,"**Cheney Backs Bush’s Attacks on Kerry (AP)** — Vice President Dick Cheney on Wednesday reinforced President Bush's ongoing questioning of Sen. John Kerry's capability to act as commander in chief, while relishing praise from enthusiastic Republican supporters following his recent debate performance.",en_91,21.0,0.0,0.07142857142857142,6.190476190476191,0.9523809523809523,0.11904761904761904
,en,gemini,"Lawmakers have directed the U.S. Federal Trade Commission to explore new ways to curb unwanted emails, specifically asking the agency to investigate potential anti-spam bounties and the feasibility of a national ""Do Not Spam"" registry originally proposed under the CAN-SPAM Act.",en_92,14.0,15.641824275533422,0.0975609756097561,5.804878048780488,0.8780487804878049,0.24390243902439024
,en,gemini,"**Feds Target Alleged 'Spam King'**

Federal prosecutors are moving to shut down an unlawful internet enterprise operating out of a Rochester dance club. Authorities say the business has been flooding user computers with intrusive pop-up advertisements by hijacking web browsers.",en_93,20.0,3.0,0.05,5.975,1.0,0.175
,en,gemini,"**Microsoft prepares for European antitrust court battle** 

US software titan Microsoft has announced it will comply with the ultimate verdict of a European appeal court—set to begin hearings this week—following an EU ruling that penalized the company for abusing its dominant market position.",en_94,43.0,0.0,0.023255813953488372,5.813953488372093,0.9302325581395349,0.20930232558139536
,en,gemini,"**Marlins Postpone Cubs Game Due to Hurricane Frances (AP)**

AP - The Florida Marlins called off Sunday's matchup against the Chicago Cubs as Hurricane Frances made landfall along the state's eastern coast.",en_95,32.0,0.0,0.03125,5.46875,0.875,0.125
,en,gemini,"**NEW YORK (Reuters)** — U.S. chain store revenues presented a varied picture during the second week of October, though overall figures managed a year-over-year increase. According to a report released Tuesday, heightened demand for seasonal merchandise helped lift retail performance for the period.",en_96,11.0,8.154753215150045,0.13953488372093023,6.0,0.9069767441860465,0.20930232558139536
,en,gemini,"**MOTOR RACING: FRANCHITTI MAKES IT A DOUBLE**

DARIO FRANCHITTI secured his second Indy Racing League victory of the 2004 season with a dominant performance at Pikes Peak. The Scottish driver, who managed only a fourth-place finish at the Colorado circuit last year, bounced back in style by controlling the front of the field.",en_97,26.5,0.5,0.09433962264150944,5.188679245283019,0.8679245283018868,0.22641509433962265
,en,gemini,"**U.S. Equities, Treasuries and Dollar Drop**

NEW YORK (Reuters) — Wall Street equities and government debt traded lower on Tuesday, pressured by a sharp decline that saw the U.S. dollar plunge to an all-time low relative to the euro.",en_98,8.2,10.49571341072154,0.1794871794871795,5.0256410256410255,0.9230769230769231,0.23076923076923078
,en,gemini,"ST. LOUIS -- While the cookie-cutter multipurpose bowls that popped up in cities like Pittsburgh, Cincinnati, Atlanta, Queens, Philadelphia, and St. Louis during the late 1960s and early '70s earned a dreary reputation, even these uniform stadiums managed to possess unique quirks of their own.",en_99,15.0,10.03327796219494,0.2,5.555555555555555,0.9555555555555556,0.17777777777777778
,en,gemini,"Wall Street managed slight gains in New York yesterday, though major indexes finished well off their highs after oil prices surged to record closing levels. The jump in energy costs quickly trimmed earlier market advances, reigniting investor anxiety over how expensive fuel might weigh on corporate earnings and dampen future consumer spending.",en_100,26.0,1.0,0.07692307692307693,5.653846153846154,0.9807692307692307,0.11538461538461539
,en,gemini,"**Nigeria Blocks Halliburton From State Contracts**

The Nigerian government announced Monday that it has prohibited Halliburton, the world's second-biggest oilfield services provider, from securing public contracts following the disappearance of two radioactive devices from its local subsidiary.",en_101,37.0,0.0,0.08108108108108109,7.027027027027027,0.9459459459459459,0.10810810810810811
,en,gemini,"Healthcare giant Johnson & Johnson has announced a $25.4bn (£13.1bn) acquisition of Guidant Corporation, securing the company's entry into the booming market for heart-regulating medical devices.",en_102,9.333333333333334,6.128258770283412,0.15384615384615385,6.538461538461538,0.9230769230769231,0.19230769230769232
,en,gemini,"NEW YORK, December 3 (newratings.com) - The governing board of Calpers, the massive California public employees' retirement system, is set to kick off its search for a new president today following the departure of Sean Harrigan.",en_103,18.5,13.5,0.1388888888888889,5.388888888888889,0.9444444444444444,0.25
,en,gemini,"According to an ESPN report on Tuesday, the Denver Broncos will be without Quentin Griffin for the remainder of the year. The running back and primary kickoff returner suffered a season-ending injury, though the network did not cite specific sources for the news.",en_104,21.5,0.5,0.09302325581395349,5.1395348837209305,0.8837209302325582,0.32558139534883723
,en,gemini,"Best known for inventing logarithms, John Napier was a true polymath who also popularized the modern decimal point and famously argued that the reigning Pope was the Antichrist. Among his many pursuits, the versatile 16th-century Scottish mathematician devised an early system for automating binary arithmetic. By utilizing just a standard chessboard and a handful of counters, Napier created a rudimentary yet ingenious method to multiply, divide, and extract square roots using binary numbers.",en_105,24.333333333333332,5.185449728701348,0.1095890410958904,5.794520547945205,0.8356164383561644,0.2465753424657534
,en,gemini,"**MOSCOW, Sept. 16, 2004** — Investigators revealed that several firearms utilized by attackers in the tragic Russian school massacre were looted from law enforcement outposts during raids allegedly orchestrated by one of Chechnya’s most wanted rebel commanders.",en_106,18.5,16.5,0.10810810810810811,6.108108108108108,0.972972972972973,0.08108108108108109
,en,gemini,"**Sony Introduces Educational Robots** 
Humanoid technology is heading to the classroom to help spark student interest in STEM subjects.",en_107,19.0,0.0,0.05263157894736842,6.157894736842105,0.9473684210526315,0.2631578947368421
,en,gemini,"**IOC Launches Probe Into Jones Doping Allegations**

The International Olympic Committee (IOC) announced Tuesday that President Jacques Rogge has established a Disciplinary Commission to investigate doping claims made against Marion Jones. The panel will review statements broadcast last Friday on ABC's ""20/20"" by Victor Conte, the founder of the California-based BALCO laboratory.",en_108,26.0,5.0,0.057692307692307696,6.365384615384615,0.9615384615384616,0.15384615384615385
,en,gemini,"**A.I.G. Nears Settlement in U.S. Inquiries**
Insurance giant A.I.G. has reached a tentative deal to pay $126 million and submit to independent oversight to resolve federal probes into its sales practices.",en_109,4.0,6.48074069840786,0.2903225806451613,5.645161290322581,0.9354838709677419,0.1935483870967742
,en,gemini,"**Siemens Issues Safety Alert for 65-Series Mobile Phones**

German tech giant Siemens has issued a formal warning regarding its latest line of 65-series handsets, cautioning that a potential hardware defect could pose a physical injury risk to users during operation.",en_110,40.0,0.0,0.05,5.7,0.95,0.15
,en,gemini,"MILAN (Reuters) — The global boom in blockbuster video games and inexpensive internet calling is driving a surge in sales for Plantronics, the world’s top manufacturer of phone headsets said on Wednesday.",en_111,32.0,0.0,0.0625,5.40625,0.96875,0.3125
,en,gemini,"**LAGOS (Reuters)** – Militants clashing with government forces in southern Nigeria’s Port Harcourt region plan to expand their armed campaign across the entire oil-rich delta, a rebel commander announced Sunday, aiming to push for sweeping political changes or complete independence.",en_112,40.0,0.0,0.075,6.125,0.975,0.2
,en,gemini,"Manchester United brought Arsenal's historic 49-match unbeaten Premier League streak to a halt on Sunday, securing a hard-fought 2-0 victory over their fierce rivals in a fiery clash at Old Trafford.",en_113,31.0,0.0,0.06451612903225806,5.451612903225806,0.9354838709677419,0.1935483870967742
,en,gemini,"**BHP to Boost Pilbara Capacity**

Mining giant BHP Billiton has revealed plans for another major expansion of its Pilbara operations to satisfy ongoing Asian market demand. Backed by a $780 million investment under its Rapid Growth Project, the company will significantly increase its overall production capacity.",en_114,23.0,3.0,0.06521739130434782,5.826086956521739,0.9130434782608695,0.13043478260869565
,en,gemini,"**JAKARTA (AFP)** — Indonesian President Susilo Bambang Yudhoyono has officially prolonged the civil emergency in the separatist-plagued province of Aceh for another six months, while vowing to resolve the bloody insurgency independently without international intervention.",en_115,35.0,0.0,0.05714285714285714,6.828571428571428,0.9428571428571428,0.2
,en,gemini,"**Back to Earth for Rooney**

Following a fairytale debut, Wayne Rooney was given a stark introduction to the realities of Manchester United yesterday. The 18-year-old striker might well have been forgiven for assuming that life at Old Trafford would be an uninterrupted dream.",en_116,21.5,1.5,0.06976744186046512,5.441860465116279,0.9302325581395349,0.2558139534883721
,en,gemini,**(AP) ST. LOUIS** — Punter Sean Landeta has lost his job with the St. Louis Rams following a series of struggles by the team's special teams unit.,en_117,9.0,4.96655480858378,0.1111111111111111,4.481481481481482,0.9629629629629629,0.18518518518518517
,en,gemini,"**Ford Shakeup Follows Signs of Recovery as Two Top Executives Depart**

Two of Ford Motor Company’s highest-ranking executives are stepping down following retirements that signal the automaker's severe financial crisis has eased, even as significant hurdles persist.",en_118,37.0,0.0,0.05405405405405406,6.216216216216216,0.918918918918919,0.10810810810810811
,en,gemini,HISTORIC SERIES TRIUMPH FOR AUSTRALIA Australia secured their first Test series victory on Indian soil in 35 years following a crushing 342-run triumph during the third Test in Nagpur.,en_119,29.0,0.0,0.034482758620689655,5.379310344827586,0.9310344827586207,0.20689655172413793
,de,gemini,"Hier ist eine inhaltlich identische, sprachlich natürliche und im Umfang vergleichbare Nachrichtenfassung:

Mit einer grundlegenden Rede hat der britische Premier David Cameron in London den entscheidenden Schlagabtausch über den EU-Verbleib seines Landes eröffnet. Vor dem Forschungsinstitut Chatham House nannte er am Dienstag vier zentrale Bedingungen für einen Verbleib in der Gemeinschaft: Neben mehr Flexibilität für die EU und Sonderrechten für Nicht-Euroländer fordert London vor allem Einschränkungen bei den Sozialleistungen für Zuwanderer aus anderen Mitgliedstaaten. Zwar betonte der Konservative, er wolle die EU-Mitgliedschaft langfristig sichern, schloss einen Austritt jedoch ausdrücklich nicht aus. Die geforderten Reformen nannte er vorteilhaft für ganz Europa. 

In seiner knapp dreiviertelstündigen Ansprache unterstrich Cameron die Rolle der 28er-Runde für die Sicherheit des Kontinents und verglich die EU mit Institutionen wie der Nato. Als zweitgrößte Wirtschaftsmacht und drittgrößter Nettozahler könne Großbritannien erwarten, dass auf seine Sorgen eingegangen werde. Angesichts globaler Krisen wie dem Ukraine-Konflikt, der Euro- und Flüchtlingskrise sowie dem Terror des IS sei die europäische Zusammenarbeit wichtiger denn je, so Cameron. 

Die Rede und ein parallel verschickter Brief an EU-Ratspräsident Donald Tusk bilden das Fundament für die anstehenden Verhandlungen bis zum EU-Gipfel im Dezember. In London wird spekuliert, dass es bei einer Einigung bereits im kommenden Juni zum versprochenen Referendum kommen könnte. Die britischen Kernforderungen umfassen neben dem Abschied vom Ziel einer „immer engeren Union“ und dem Schutz der Euro-Außenseiter vor allem eine vierjährige Wartezeit für EU-Ausländer beim Bezug britischer Sozialhilfen.

Die Reaktionen in der britischen Heimat waren geteilt und machten deutlich, dass Cameron innenpolitisch mindestens ebenso harte Kämpfe bevorstehen wie in Brüssel. EU-Gegner aus den eigenen Reihen taten die Forderungen als unzureichend ab, während die Labour-Opposition signalisierte, den geplanten Kurs bei den Sozialleistungen mitzutragen. Die Brexit-Kampagne „Vote Leave“ versuchte unterdessen, den Auftritt des Premiers mit Störaktionen zu begleiten. 

Aus Brüssel kam umgehend Gegenwind: Die EU-Kommission stufte Camerons Vorstoß als hochproblematisch ein, insbesondere die Einschränkung der Freizügigkeit für Arbeitnehmer. Zustimmung gilt hingegen als wahrscheinlich bei der Aufwertung nationaler Parlamente. Bundeskanzlerin Angela Merkel zeigte sich optimistisch, dass sich für alle Streitpunkte Kompromisse finden lassen werden, vermied jedoch inhaltliche Details.",de_0,21.3125,7.974324030913216,0.0967741935483871,6.75366568914956,0.7390029325513197,0.16715542521994134
,de,gemini,"**Wien** – Trotz des Dieselskandals blickt Europas größter VW-Händler, die Porsche Holding Salzburg, auf ein starkes Geschäftsjahr zurück. „Für uns war das ein sehr gutes Jahr“, betonte Holding-Sprecher Alain Favey in Wien. Während das Geschäft in Österreich auf hohem Niveau stabil blieb und ein Marktanteil von 35 Prozent gehalten werden konnte, verlief die Entwicklung in Zentral- und Südosteuropa sogar besonders erfreulich. Den Rekordwert aus dem Jahr 2011 wird man zwar verfehlen, Grund zur Sorge gebe es laut Favey jedoch nicht – vor allem dank vier Konzernmarken unter den Top Ten. 

Besonders glänzen konnten die Porsche-Verkäufer, die ein Absatzplus von 22 Prozent auf voraussichtlich 1235 Neuzulassungen verzeichnen. Konkrete Finanzzahlen nannte der Sprecher zwar nicht, sprach aber von einem glänzenden Jahr für die Händler. Ganz anders stellt sich die Situation europaweit dar: Laut ACEA-Zahlen sank der VW-Marktanteil im November um 2,3 Prozentpunkte auf 24,3 Prozent.

Großes Augenmerk liegt derzeit auf der Bewältigung der Abgasaffäre. Rund 7000 Mitarbeiter sind in die Abwicklung eingebunden, wobei sämtliche Kosten von der Volkswagen AG getragen werden und die Bilanzen der Holding daher nicht belasten. Die ersten Anschreiben an die rund 388.000 betroffenen österreichischen Halter wurden bereits verschickt. Die Rückruf- und Umrüstwellen starten Ende Jänner mit den 2,0-Liter-TDI-Motoren (inklusive Software-Update), gefolgt von den 1,2-Liter-Varianten im August. Ab Ende September sind schließlich die 1,6-Liter-TDI an der Reihe, bei denen neben Software auch Hardware getauscht werden muss. Dieser Eingriff soll laut Favey maximal eine Stunde dauern; für Ersatzmobilität wird gesorgt. Den Mehraufwand für die Händler beziffert er auf überschaubare vier Prozent.

Deutlich lieber richtet Favey den Blick jedoch auf das Jahr 2016. Flankiert von niedrigen Zinsen und günstigen Ölpreisen soll der Markt weiter angekurbelt werden. Zudem setzt der Konzern verstärkt auf Elektromobilität: Mit dem Marktstart des e-Golf im kommenden Jahr soll ein Modell angeboten werden, das – alle Förderungen eingerechnet – exakt so viel kostet wie ein vergleichbarer Diesel.",de_1,17.22222222222222,7.605228870510046,0.11974110032362459,6.029126213592233,0.7378640776699029,0.18770226537216828
,de,gemini,"Hier ist eine zusammenfassende Neuformulierung im typischen Stil eines Auslandsberichts oder Interview-Nachberichts, der die Kernaussagen des Gesprächs aufgreift:

**Nepals steiniger Weg: Kritik an politischer Führung und Einflüsse von außen**

Ein Jahr nach der verheerenden Erdbebenkatastrophe in Nepal stockt der Wiederaufbau weiterhin massiv. Der Politologe Lok Raj Baral macht dafür in erster Linie die politische Elite des Landes verantwortlich. In der Bevölkerung wisse man sich mit der Kritik der internationalen Geber einig, so Baral: Die Parteien seien zu sehr mit Machterhalt und internen Machtkämpfen beschäftigt, anstatt pragmatische Lösungen zu finden. Selbst bei der Besetzung zentraler Koordinierungsstellen für den Wiederaufbau habe man sich wegen egoistischer Eigeninteressen blockiert.

Auch rund um die neue Verfassung gibt es spürbaren Unmut. Vor allem die Minderheit der Madhesi im Süden des Landes fordert Nachbesserungen bei der internen Grenzziehung der neuen Provinzen und kritisiert diskriminierende Regelungen beim Erwerb der Staatsbürgerschaft. Laut Baral könnten die etablierten Parteien diese Konflikte jedoch rasch lösen, sofern der politische Wille vorhanden wäre. 

Trotz der erst achtjährigen Geschichte als Republik wünscht sich die Mehrheit der Nepalesen das Königshaus zwar nicht zurück – nach 250 Jahren Monarchie wächst angesichts der aktuellen Staatskrise jedoch die Sehnsucht nach effizienterer Führung. Viele Bürger bezweifeln zudem, dass der Säkularismus in einem so religiös und ethnisch vielfältigen Land das richtige Modell ist, und plädieren für einen stärker hinduistisch geprägten Staat. Während das traditionelle Kastensystem im Zuge von Bildung und Modernisierung in den Bergregionen an Bedeutung verliert, hält es sich in den südlichen Grenzgebieten zu Indien hartnäckiger.

Besonders herausfordernd bleibt für Kathmandu das Verhältnis zum großen Nachbarn Indien. Die jüngste inoffizielle Blockade durch Neu-Delhi habe viele Nepalesen überrascht. Indien dominiert Nepals Innenpolitik historisch bedingt seit den 1950er-Jahren und blickt nach wie vor mit geopolitischem Misstrauen auf den wachsenden Einfluss Chinas in der Region. Vor allem über die gut vernetzte Madhesi-Minderheit im Süden übt Indien starken Druck aus. Für Nepal, so Baral, bleibe daher nur eine ausbalancierte Kooperation mit beiden Großmächten.",de_2,21.266666666666666,9.461970666245424,0.08463949843260188,6.4043887147335425,0.7398119122257053,0.19435736677115986
,de,gemini,"Oft wird dem UN-Flüchtlingshochkommissariat (UNHCR) vorgeworfen, in der europäischen Flüchtlingskrise zu langsam reagiert zu haben – obwohl das eigentlich gar nicht in seinen Aufgabenbereich fällt. Ein Beispiel dafür ist der 27-jährige Salzburger Josef Hofer. Als er im Herbst 2015 von den dramatischen Zuständen im ungarischen Röszke hörte, zögerte er nicht lange und packte als Freiwilliger mit an, um Menschen nach Österreich zu bringen. Große Hilfsorganisationen wie das Rote Kreuz oder eben das UNHCR ließen damals vor Ort auf sich warten, weshalb sich die Helfer zunächst selbst organisieren mussten. Als Hofer einer UNHCR-Mitarbeiterin ein Koordinierungstreffen vorschlagen wollte, nahm diese zwar seine Nummer entgegen, meldete sich jedoch nie wieder.

Solche Erlebnisse sind kein Einzelfall und reihen sich in zahlreiche Beschwerden über das UNHCR ein – etwa von den griechischen Ägäis-Inseln. Freiwillige kritisierten dort Ende vergangenen Jahres, die Organisation beobachte das Geschehen zwar, trage aber kaum zur konkreten Entlastung bei. Die UNHCR-Mitarbeiterin Aikaterini Kitidi entgegnete damals treffend: Man sei in der EU, wo man eigentlich gar nicht gebraucht werden sollte. Schließlich ging man lange davon aus, dass Europa diese Situation allein bewältigen könne. 

Doch die Realität belehrte das UNHCR eines Besseren. Während die Agentur traditionell vor allem in Asien und Afrika humanitäre Hilfe leistet und etwa das Wiener Büro mit einer Handvoll Mitarbeitern primär für den rechtlichen Schutz zuständig war, musste die Mission in Griechenland massiv aufgestockt werden. Mittlerweile zählt man dort über 100 Beschäftigte. Auch andernorts entlang der Balkanroute wurde auf direkte Nothilfe umgestellt. Das Hauptproblem dabei: Das UNHCR muss ständig unvorhergesehene Krisen antizipieren, wie der Migration-Experte Demetrios Papademetriou betont.

Um flexibler zu reagieren, hat die Organisation auch ihre Strukturen angepasst. Die Länder entlang der Hauptfluchtroute von der Türkei bis Deutschland wurden aus den regulären Regionalstrukturen ausgegliedert und unterstehen nun direkt einem eigens ernannten Flüchtlingskoordinator, wie der Wiener Büroleiter Christoph Pinter erklärt.

Das größte Hindernis bleibt jedoch die chronische Unterfinanzierung. Nur zwei Prozent des Budgets kommen direkt von der UN für die Verwaltung; den Rest muss das UNHCR über Spenden von Staaten, Stiftungen und Unternehmen einwerben. Österreich landete im Spendenjahr 2015 mit 3,7 Millionen Euro lediglich auf Platz 39 – hier sieht Pinter durchaus Luft nach oben. Generell klafft weltweit eine riesige Lücke zwischen Planbudgets und tatsächlichen Einnahmen, weshalb Projekte jenseits der reinen Überlebenshilfe, wie etwa Traumatherapien, oft gestrichen werden müssen. Zudem wächst die Sorge, dass andere globale Krisenherde wie der Kongo oder der Südsudan in Vergessenheit geraten, wenn Geberländer primär mit ihren eigenen Problemen beschäftigt sind. 

Papademetriou appelliert daher an die internationale Gemeinschaft, tiefer in die Tasche zu greifen, um den Menschen in den Krisenregionen vor Ort eine echte Perspektive zu bieten – nur so ließen sich Fluchtbewegungen nach Europa eindämmen. Der Kritik am UNHCR begegnet er mit Nachdruck: Der Vorwurf, die Organisation tue zu wenig, sei schlicht unfair angesichts einer Krise, in der niemand genug tun kann.",de_3,20.304347826086957,8.669962051011154,0.11349036402569593,6.184154175588865,0.7044967880085653,0.17987152034261242
,de,gemini,"Hier ist eine Neufassung im natürlichen Stil einer Kultur- oder Nachrichtenmeldung, die Länge und Thema beibehält:

***

**Christian Hölbling wagt mit seinem aktuellen Programm „Ich kann auch anderst“ im Wiener Café Niedermair einen scharfen Blick auf soziale und regionale Gegensätze.**

Wien – „I bin a Ölien, bin a echter Ölien, bin a Steirer in Völkermarkt“: Humor entsteht oft dort, wo Menschen oder Verhaltensweisen nicht in ihre Umgebung passen – wenn etwa der adlige Prinz auf eine Arbeiterfamilie trifft. Dieses Stilmittel setzt Kabarettist Christian Hölbling in seinem neuen Soloprogramm gekonnt ein. Darin widmet er sich, gestützt auf eigene Biografie, dem Gefühl der Fremde an neuen Orten. So wird Stings Hit „Englishman in New York“ für den gebürtigen Steirer, der heute in Kärnten lebt, kurzerhand zum „Ölien“. Ob er selbst tatsächlich, wie er scherzhaft auf der Bühne befürchtet, vom „Kärntnervirus“ infiziert ist, lässt er offen. Wenn er mit spürbarer Selbstironie von den Symptomen dieses vermeintlichen Sprachverfalls erzählt – etwa wenn Einheimische seine Sätze kaum noch entschlüsseln können –, wirkt das erstaunlich lebendig.

Hölbling mischt im Tourneealltag spielerisch Fakten mit Fiktion. So behauptet er etwa, das Erfolgsrezept für Nespresso gehe auf einen Ratschlag an den damaligen Nestlé-Chef Peter Brabeck-Letmathe zurück: Man müsse Kaffee eben wie teure Bonbons vermarkten und von Hollywoodstars anpreisen lassen, um Kilopreise von 80 Euro zu rechtfertigen. Dank Hölblings starker Bühnenpräsenz und präziser Mimik nimmt man ihm diese augenzwinkernde Anekdote im Stile von *Forrest Gump* sofort ab. 

Mit feinem Gespür für Sprache und kleinen Gesten schlüpft er in verschiedene Rollen. Etwa in die seines cholerischen Kapfenberger Bandleaders Mike, der VIP-Zelten abgrundtief verfällt ist. Wenn dieser Mike gemeinsam mit Hölbling zur Eröffnung eines Wellnessresorts reist und dort über den modernen Lifestyle des Kabarettisten – von Hugo-Boss-Garderobe bis zum Smart Home – schimpft, entfaltet das eine herrlich komische Dynamik. 

So verbindet „Ich kann auch anderst“ treffsichere Gesellschaftskritik mit einem rasanten Erzählfluss. Auch die musikalischen Einlagen fügen sich nahtlos ein: Lässige Swing-Nummern erhalten durch dialektale Färbung einen ganz eigenen, schrägen Charme. Nach 15 Jahren mit seiner Kunstfigur Herfried ist es Hölbling mit diesem Programm gelungen, sich künstlerisch völlig neu zu erfinden. (Florian Kutej, 18.09.2015)",de_4,18.63157894736842,12.014073003711278,0.1168091168091168,6.0256410256410255,0.7635327635327636,0.1452991452991453
,de,gemini,"Hier ist eine überarbeitete Version im natürlichen, sachlichen Nachrichtenstil, die in Länge und Inhalt dem Original entspricht:

***

**Die Allianz wagt den Schritt in den Mobilfunkmarkt und bringt mit „Allianz SIM“ ein neues Angebot auf den Markt, das Tarife direkt mit einer integrierten Handyversicherung verbindet. Prominente Unterstützung holt sich der Versicherer dabei vom ehemaligen Telekom-Manager Michael Krammer.**

Für eine monatliche Grundgebühr von 14,90 Euro erhalten Kunden neben einem Tarif auch einen umfassenden Geräteschutz. Wie Allianz-Chef Wolfram Littich bei der Präsentation betonte, geht das Unternehmen damit völlig neue Wege. Schätzungen zufolge haben rund 30 Prozent aller Nutzer bereits einmal ihr Smartphone beschädigt – versichert sind die Geräte jedoch nur in den seltensten Fällen. Diesen Markt will die Allianz nun erschließen und gleichzeitig ihre Markenbekanntheit steigern.

Das Besondere: Im Gegensatz zu vielen Mitbewerbern, bei denen eine Versicherung meist nur in den ersten sechs Lebensmonaten des Geräts möglich ist, versichert die Allianz Smartphones und Tablets, die bis zu 34 Monate alt sind – und das sogar, wenn sie bereits gebraucht wurden. Auch ein reiner Versicherungsschutz ohne Tarif ist separat für 4 bis 6 Euro im Monat erhältlich.

Der Versicherungsschutz deckt diverse Schäden wie Bedienfehler, Flüssigkeitsschäden, Vandalismus oder Stürze ab. Bei Teilschäden übernimmt die Allianz in den ersten zwei Jahren nach Abzug eines Selbstbehalts von 60 Euro die vollen Reparaturkosten, im dritten Jahr liegt die Abdeckung bei 80 Prozent. Totalschäden werden im ersten und zweiten Jahr zu 50 Prozent entschädigt, danach zu 40 Prozent. Die Reparatur erfolgt über eine Konzerntochter und soll innerhalb von sieben Werktagen inklusive Abholung und Zustellung abgewickelt werden.

Zum Start umfasst das Portfolio zwei Tarife im Netz von T-Mobile: Ein Paket mit 2.000 Minuten, 2.000 SMS und 3 GB Datenvolumen (bis 21 Mbit/s) für 14,90 Euro sowie einen reinen Datentarif mit 3 GB für 9 Euro monatlich. Beide Angebote kommen ohne versteckte Zusatzkosten aus und sind jeweils monatlich kündbar. Ist das Datenvolumen zu 80 Prozent aufgebraucht, werden Kunden per SMS informiert und können für 4,90 Euro unkompliziert Einheiten nachladen. Der Vertrieb erfolgt rein digital über die Website www.allianz-sim.at.

Technisch und administrativ setzt die Allianz auf bewährte Expertise: An ihrer Seite steht Michael Krammer mit seiner Firma Ventocom. Für die Kooperation wurde die eigene Tochtergesellschaft ATK gegründet, die sich um Technik und Abrechnung kümmert, während die Allianz Marketing und Vertrieb übernimmt. Krammer, der zuvor bereits den erfolgreichen Diskonter „Hofer Telekom“ (Hot) mitaufgebaut hat, sieht großes Potenzial: In Österreich wechseln jährlich rund 2,5 Millionen Menschen ihren Mobilfunkanbieter. Die neuen Allianz-Kunden nutzen künftig übrigens die gleiche Vorwahl (0677) wie die Hot-Nutzer. 

Eine Verbindung zwischen der Allianz und Krammer besteht auch abseits des Telekom-Marktes: Krammer ist Präsident des Fußballvereins Rapid, dessen neue Heimstätte ab dem kommenden Jahr den Namen „Allianz Stadion“ tragen wird. Ob es für die Fans des Klubs in Zukunft einen eigenen Rapid-Tarif geben wird, ist laut Krammer allerdings noch offen und soll erst 2016 entschieden werden. Datenschutzbedenken erteilte die Allianz indes eine Absage: Sensible Daten wie Bewegungsprofile fließen keinesfalls an den Versicherer.",de_5,18.37037037037037,10.513300740272692,0.11812627291242363,6.057026476578411,0.6985743380855397,0.17718940936863545
,de,gemini,"Hier ist eine journalistisch überarbeitete Version im natürlichen Nachrichtenstil, die den Inhalt prägnannt zusammenfasst:

**Burma: Klare Mehrheit für Suu Kyis NLD zeichnet sich ab**

Naypyidaw – Bei der Parlamentswahl in Burma steuert die Partei von Friedensnobelpreisträgerin Aung San Suu Kyi (70) auf einen klaren Sieg zu. Wie die Auszählung von rund zwei Dritteln der Stimmen am Donnerstag ergab, ist der NLD der erste Platz nicht mehr zu nehmen. Bislang sicherte sich die Partei 291 der bislang vergebenen 491 Sitze, während die militärnahe Regierungspartei USDP abgeschlagen bei 33 Mandaten liegt. Für die absolute Mehrheit in beiden Kammern fehlen der NLD noch 38 Sitze; die Auszählung für insgesamt 130 Mandate läuft noch.

International stieß der Verlauf der Wahl auf positive Resonanz. US-Präsident Barack Obama gratulierte Burmas Staatschef telefonisch zu dem friedlichen Urnengang. Auch Bundesaußenminister Frank-Walter Steinmeier zeigte sich erleichtert und hob hervor, dass die unterlegene Regierung und das Militär das Votum bereits anerkannt haben. Die Wähler hatten damit der reformorientierten, aber aus der Junta hervorgegangenen Regierung von Präsident Thein Sein eine Abfuhr erteilt. Vor 25 Jahren hatte Suu Kyi schon einmal frei gewählt gewonnen, damals hatte das Militär die Machtübernahme jedoch blockiert.

Wie Suu Kyi künftig regieren wird, ist trotz des Wahleriegnisses offen. Da ihre Söhne ausländische Pässe besitzen, verbietet ihr die Verfassung das Präsidentenamt. Die NLD hat nun jedoch in beiden Parlamentshäusern genügend Sitze, um eigene Kandidaten für die Abstimmung im kommenden Jahr zu nominieren. Neben den gewählten Abgeordneten sitzen allerdings 166 Militärvertreter im Parlament. Gewählt ist am Ende der Kandidat mit den meisten Stimmen unter den drei Vorschlägen aus Oberhaus, Unterhaus und Armeeführung.",de_6,18.785714285714285,8.929714212580791,0.10266159695817491,6.015209125475285,0.7452471482889734,0.19771863117870722
,de,gemini,"Hier ist eine überarbeitete Version im natürlichen Stil einer Online-Nachrichtenmeldung:

**SOS Mitmensch bringt Sachverhaltsdarstellung gegen „Steirerkrone“-Chefredakteur ein**

Graz/Wien – Wegen eines umstrittenen Kommentars über Flüchtlinge schaltet die Menschenrechtsorganisation SOS Mitmensch die Justiz ein. Bei der Staatsanwaltschaft Graz wurde eine Sachverhaltsdarstellung gegen Christoph Biró, Chefredakteur der „Steirerkrone“, eingebracht. Biró hatte in seinem Text unter anderem von angeblichen Plünderungen, sexuellen Übergriffen und Sachbeschädigungen durch Schutzsuchende geschrieben. Laut der Organisation handle es sich dabei um längst widerlegte Falschmeldungen aus den sozialen Medien.

Geprüft werden soll nun, ob der Beitrag den Tatbestand der Verhetzung oder der wissentlichen Verbreitung beunruhigender Gerüchte erfüllt. Laut SOS-Mitmensch-Sprecher Alexander Pollak gebe es für die Behauptungen keinerlei Belege; der Kommentar habe gezielt Ängste geschürt. 

Unterdessen fordert auch die steirische Grün-Abgeordnete Sabine Jungwirth in einem offenen Brief Aufklärung. Sie verlangt von Biró, die Quellen für seine Thesen offenzulegen – etwa zu den behaupteten Supermarktplünderungen, die das Innenministerium längst dementiert hatte. Jungwirth kritisiert: „Wissen Sie mehr als die Polizei und das Innenministerium?“",de_7,16.1,7.712976079309464,0.1125,7.325,0.8125,0.16875
,de,gemini,"**Österreichische Legionäre starten in die Königsklasse – Titelverteidiger Barcelona gejagt**

Mit dem Auftakt der 24. Champions-League-Saison am Dienstagabend jagt der FC Barcelona den historischen Rekord: Erstmals will ein Club die Titelverteidigung in der europäischen Königsklasse schaffen. Aus Österreich sind in dieser Spielzeit drei Legionäre mit dabei. Während Aleksandar Dragovic (Dynamo Kiew) und der verletzte Martin Stranzl (Mönchengladbach) vorerst über die Gruppenphase hinauskommen wollen, greift David Alaba mit Bayern München ganz nach oben. Zu den absoluten Topfavoriten zählen neben den Bayern auch Real Madrid, Paris St. Germain sowie die englischen Schwergewichte.

Finanziell bricht die UEFA in neue Dimensionen vor: Bis 2018 werden insgesamt 1,257 Milliarden Euro an Prämien ausgeschüttet. Schon die 32 Gruppenstarter dürfen fix mit zwölf Millionen Euro kalkulieren – ein deutliches Plus im Vergleich zum Vorjahr. Unter den Teilnehmern finden sich mit Borussia Mönchengladbach, KAA Gent und dem FC Astana gleich drei Neulinge, wobei Astana als erster kasachischer Club überhaupt Geschichte schreibt. Stammgäste wie Real Madrid oder der FC Porto gehen hingegen bereits zum 20. Mal an den Start.

Zum Auftakt blickt die Fussballwelt am Dienstag unter anderem nach Manchester, wo City mit breiter Brust und fünf Sieg im Rücken den kriselnden Vorjahresfinalisten Juventus Turin empfängt. Im selben Pulk gastiert Borussias Gladbach bei Sevilla, wobei die Deutschen nach Fehlstart in der Liga den Klassenerhalt fast höher gewichten als das Abenteuer Europacup. 

Real Madrid startet am Mittwoch gegen Schachtar Donezk, wobei alle Augen auf den formstarken Cristiano Ronaldo gerichtet sind. Nach fünf Treffern am Wochenende will der Portugiese im ewigen Torjägerduell mit Lionel Messi vorlegen – beide halten aktuell bei 77 Champions-League-Toren. PSG-Star Zlatan Ibrahimovic erlebt indes eine emotionale Rückkehr: Der Schwede trifft mit Paris auf seinen Jugendverein Malmö FF. Manchester United feiert nach einjähriger Pause gegen Eindhoven ein Comeback auf Europas Bühne, während der FC Astana für sein Debüt bei Benfica Lissabon eine Flugstrecke von rund 6.000 Kilometern bewältigen musste.",de_8,17.333333333333332,7.6739096221475585,0.09646302250803858,6.090032154340836,0.7556270096463023,0.13504823151125403
,de,gemini,"**Luxus, Palmen und Pistolen: Die schillernde Welt des Glock Horse Performance Centers**

In Treffen am Ossiacher See in Kärnten hat Waffenindustrieller Gaston Glock senior seiner deutlich jüngeren Frau Kathrin ein Reitsportzentrum der Superlative errichtet. Das Glock Horse Performance Center (GHPC) ist zweimal jährlich Treffpunkt für Reitstars, Prominente und Milliardäre. Während die einen das finanzielle Engagement für den Pferdesport loben, sehen andere darin schlicht zur Schau gestelltes Geld. Die Bedingungen für Mensch und Tier suchen weltweit ihresgleichen: Die 232 Teilnehmerpferde beim Fünf-Sterne-Turnier bewegen sich ausschließlich auf roten Teppichen, umrahmt von unzähligen Palmen und mit absoluter Vorfahrt vor Autos. 

Gaston Glock, der sein geschätztes Milliardenvermögen durch die Produktion von Pistolen gemacht hat, übergab seiner Frau Kathrin, mit der er seit über zehn Jahren liiert ist, bereits 2010 die Verantwortung für die internationale Positionierung des Zentrums. Interviews geben die Glocks nur selten; Gaston Glock hat sich nach zwei Schlaganfällen weitgehend aus der Öffentlichkeit zurückgezogen. Kathrin Glock, mittlerweile auch Aufsichtsrätin im Waffenkonzern, leitet die gemeinsamen Projekte – darunter ein weiteres Trainingszentrum im niederländischen Osterbeek. Während in den Niederlanden Top-Reiter wie Edward Gal oder Hans-Pensionierter Minderhout trainieren und die Spitzenspferde stehen, ist das Kärntner Areal auf Turniere und pensionierte Tiere ausgerichtet.

Das Angebot vor Ort lässt keine Wünsche offen: Neben klimatisierten Überwachungsboxen und Reithallen gibt es eine strikte Trennung zwischen der ""Public Lounge"" mit freiem Eintritt und dem exklusiven VIP-Bereich. Dort kümmern sich Spitzenköche wie Alfons Schuhbeck, Weltmeister-Barkeeper und sogar Hunde-Physiotherapeuten um das Wohl von Gästen und Vierbeinern. Das jahreszeitliche Motto „Amerika“ beziehungsweise „New York“ spiegelt sich in der Dekoration und Kulinarik wider. 

Der Waffenkonzern selbst wird in Treffen dezent gehalten – man findet Pistolenmotive lediglich auf einigen Sprunghindernissen, Serviettenhaltern und T-Shirts. Den weltweiten Erfolg der österreichischen Pistolen, die von US-Polizeibehörden bis hin zu Hollywood-Produktionen geschätzt werden, hat Glocks Ruf in den USA kaum geschadet; dort ist der Name längst zum umgangssprachlichen Verb geworden. Rechtliche Auseinandersetzungen mit Organisationen wie Amnesty International oder Medien begleiteten den Großindustriellen zwar durch die Jahrzehnte, doch das Turniergeschehen läuft professionell und gastfreundlich ab.

Ein absolutes Highlight sind die prominenten Gäste und Show-Größen. Ob Robbie Williams, Cher oder John Travolta – sie alle zieren den hauseigenen ""Walk of Fame"", und viele von ihnen treten abends im VIP-Bereich auf. Wie viel die Glocks für diese Engagements investieren, bleibt ein Geheimnis. Die Reaktionen in der Bevölkerung auf das Luxus-Projekt sind gemischt, doch die Region profitiert spürbar. Zudem engagiert sich Kathrin Glock als Wohltäterin und hat in den letzten Jahren rund drei Millionen Euro gespendet. Wie tief die Glocks für den Pferdesport in die Tasche greifen, zeigte sich nicht zuletzt beim Kauf des Top-Pferdes „London“ für stolze 8,6 Millionen Euro.",de_9,21.8,7.447147104764348,0.10779816513761468,6.497706422018348,0.7155963302752294,0.20642201834862386
,de,gemini,"**Schneemangel: Slalom-Auftakt in Levi abgesagt – Sorge auch um Olympia-Generalprobe**

Wegen akuten Schneemangels und zu hoher Temperaturen müssen die für kommende Woche geplanten Weltcup-Slaloms der Damen und Herren im finnischen Levi gestrichen werden. Wie die Rennleiter Markus Waldner und Atle Skaardal erklärten, reichte der künstlich zusammengetragene Schnee nicht aus, zumal ein Umschwung auf Südwind die Temperaturen überraschend auf plus drei Grad kletterten ließ. Ein Nachholtermin gilt aufgrund des engen Weltcup-Kalenders als äußerst unwahrscheinlich. Die Herren würden stattdessen mit zehn statt elf geplanten Slaloms in die Saison starten, was Waldner mit einem Schmunzeln als Entlastung für die Techniker bezeichnete. Für die Skistars bedeutet dies nun eine Zwangspause bis zu den Überseerennen Ende November.

Während der Saisonstart in Finnland ins Wasser fällt, gibt es im südkoreanischen Jeongseon zumindest einen kleinen Lichtblick im Hinblick auf die Olympia-Generalprobe 2018. Die FIS hat dem potenziellen Austragungsort für die Herren-Rennen im Februar 2016 eine neue Frist bis zum 15. November gesetzt. Bis dahin müssen Experten des Seilbahnherstellers Doppelmayr garantieren, dass die Liftanlagen bis Jahresende betriebsbereit sind. Schneilanzen und Sicherheitsnetze machen laut FIS hingegen Fortschritte. Sollte es dennoch zu einer Absage kommen, stünde Europa als Ersatz bereit – im Gespräch ist hierbei unter anderem das österreichische Saalbach.",de_10,18.181818181818183,9.063595331356014,0.09,6.37,0.79,0.175
,de,gemini,"**Berlin/Wien –** Die Hilfsorganisation Oxfam hat das internationale Krisenmanagement im Syrien-Konflikt scharf kritisiert. In ihrem am Dienstag veröffentlichten Bericht „Solidarity with Syrians“ bezeichnete die Organisation die bisherigen Hilfszusagen und Aufnahmequoten für Flüchtlinge als unzureichend und ungerecht. 

Laut Oxfam gelingt es den Industriestaaten weder, den syrischen Flüchtlingen ein sicheres Leben zu ermöglichen, noch die vereinbarten Resettlement-Programme adäquat umzusetzen. Bislang hätten auf diesem Weg lediglich 17.000 Menschen Zuflucht gefunden. Die Organisation fordert stattdessen, bis Ende 2016 zehn Prozent der in den Nachbarländern gestrandeten Syrer umzusiedeln.

Gemessen an ihrer Wirtschaftskraft erfüllen laut Bericht nur wenige Staaten ihren fairen Beitrag. Während Norwegen und Deutschland in Sachen Finanzhilfe und Aufnahme gute Werte aufweisen, zeigen sich andere reiche Staaten wie Großbritannien, die USA oder Kuwait zwar spendabel, verweigern aber die Aufnahme größerer Flüchtlingszahlen. Länder wie Österreich, Frankreich oder Russland schneiden hingegen in beiden Bereichen mangelhaft ab. Besonders negativ hebt der Bericht das Nachbarland Jordanien hervor, das bezogen auf seine Wirtschaftskraft eine enorme Last schultert. 

Zudem kritisiert Oxfam Staaten wie den Iran, Katar, Russland, Saudi-Arabien, die Türkei und die USA für ihre Rolle im Bürgerkrieg. Durch Waffenlieferungen würden sie das Blutvergießen weiter anheizen, weshalb solche Exporte umgehend gestoppt werden müssten. Angesichts von zwei Millionen neuen Vertriebenen allein im Jahr 2015 warnt Oxfam vor einer Verschärfung der Krise und fordert von der Weltgemeinschaft deutlich mehr diplomatischen Druck, um den Krieg endlich zu beenden.",de_11,17.384615384615383,7.859716784273724,0.12,6.76,0.8,0.1688888888888889
,de,gemini,"Hier ist eine neue Fassung im natürlichen, sachlichen Nachrichtenstil, die den Inhalt prägnant zusammenfasst und ungefähr die Länge des Originals beibehält:

**Klare Absage an Reformen: Luxemburger stimmen in Referendum gegen Ausländerwahlrecht**

Luxemburg – Bei einer Volksabstimmung im Großherzogtum haben die Bürger reformpolitische Pläne der Regierung deutlich abgelehnt. Mit einer Mehrheit von 78 Prozent stimmten die Luxemburger am Sonntag gegen die Einführung eines Wahlrechts für Nicht-Staatsbürger bei nationalen Wahlen. Damit bleibt Luxemburg, wo rund 45 Prozent der Bevölkerung keinen Pass des Landes besitzen, bei der bisherigen Regelung; in keinem EU-Staat dürfen Ausländer auf nationaler Ebene wählen.

Auch zwei weitere Reformvorschläge von Premierminister Xavier Bettel fielen bei der Bevölkerung durch: So lehnten fast 81 Prozent die Senkung des Wahlalters von 18 auf 16 Jahre ab. Zudem fand die Idee, die Amtszeit von Regierungsministern auf maximal zehn Jahre zu deckeln, mit rund 30 Prozent Zustimmung keine Mehrheit. 

Bettel hatte das umstrittene Ausländerwahlrecht – das für Ausländer mit mindestens zehn Jahren Wohnsitz gegolten hätte – zuvor mit einem drohenden Demokratiedefizit begründet. Die Koalition aus Liberalen, Sozialdemokraten und Grünen hatte geplant, erfolgreiche Reformen in eine neue Verfassung einzuarbeiten, die 2017 in einem weiteren Referendum beschlossen werden sollte. An diesem Zeitplan will die Regierung trotz der Niederlage festhalten. 

Nach Bekanntgabe der Ergebnisse betonte der 42-jährige Premierminister, man respektiere die eindeutigen Voten der Bürger. Die Ablehnung fiel dabei drastischer aus als zuvor in Umfragen prognostiziert, in denen die Ablehnung des Ausländerwahlrechts noch bei rund 53 Prozent gelegen hatte. 

Aus der Opposition kam heftige Kritik. Der frühere Chef der Christlich-sozialen Volkspartei (CSV), Michel Wolter, forderte via Twitter den Rücktritt des Regierungschefs. Bettel lehnte dies jedoch ab und betonte, es habe sich um eine Richtungsentscheidung für die Bürger und nicht um ein Misstrauensvotum gegen die Regierung gehandelt. Auch der sozialdemokratische Fraktionschef Alex Bodry zeigte sich enttäuscht,erkannte das klare Resultat aber an. 

Aufgrund der im Großherzogtum geltenden Wahlpflicht für die rund 245.000 Wahlberechtigten lag die Beteiligung an der Abstimmung bei über 80 Prozent.",de_12,20.25,9.536115561380326,0.10835913312693499,6.328173374613003,0.7058823529411765,0.19504643962848298
,de,gemini,"Hier ist eine überarbeitete Version im typischen Nachrichtenstil:

**Griechenland tiefer in der Rezession – Politisches Chaos belastet Tourismus**

Athen – Die griechische Wirtschaft ist im vergangenen Jahr offenbar stärker geschrumpft als zunächst angenommen. Wie die europäische Statistikbehörde Eurostat mitteilte, sank das Bruttoinlandsprodukt (BIP) im dritten Quartal um 0,9 Prozent im Vergleich zum Vorquartal. Noch im November hatte die Schätzung bei minus 0,5 Prozent gelegen. Nach einer Stagnation zum Jahresauftakt war das BIP im zweiten Quartal zwar leicht um 0,3 Prozent gewachsen, diese Erholung wurde nun jedoch gedämpft. 

Das Sommerquartal gilt in Griechenland wegen der Sommerferien traditionell als Gradmesser für den wichtigen Tourismussektor. Zum Vergleich: Im selben Zeitraum des Jahres 2014 hatte es noch ein Wirtschaftswachstum von 0,8 Prozent gegeben. Experten machen für den jüngsten Abschwung vor allem das harte politische Ringen zwischen der griechischen Regierung und den europäischen Geldgebern im Frühjahr verantwortlich. Die monatelangen Pleiteängste und die Debatte über einen möglichen Euro-Austritt (Grexit) hatten demnach viele Urlauber abgeschreckt.",de_13,19.75,6.299801584177076,0.10126582278481013,6.487341772151899,0.8227848101265823,0.13924050632911392
,de,gemini,"Hier ist eine journalistisch überarbeitete Version im natürlichen Nachrichtenstil, die Länge und Inhalt beibehält:

**Wolfsburg –** Im Zuge der Abgasaffäre hat Volkswagen bei rund 800.000 Neuwagen falsche CO2-Werte angegeben. Wie der Autobauer am späten Freitagabend in Wolfsburg mitteilte, entfällt mit etwa 430.000 Einheiten mehr als die Hälfte dieser Fälle auf Fahrzeuge des Modelljahres 2016, die zum Teil bereits bei den Händlern stehen. Der Konzern prüft derzeit, ob auch ältere Baureihen von den fehlerhaften Angaben betroffen sind. Unter www.volkswagen.de/info können sich Fahrzeughalter ab sofort informieren, ob ihr Wagen dazugehört. 

Parallel dazu setzt dem Wolfsburger Unternehmen der anhaltende Skandal um manipulierte Stickoxid-Emissionen bei Dieselmotoren zu. Im Oktober sank der weltweite Absatz der Kernmarke VW im Vergleich zum Vorjahresmonat um 5,3 Prozent auf rund 490.000 Fahrzeuge. Trotz dieser Entwicklung sehen die Konzernspitze und der Betriebsrat die Arbeitsplätze der Stammbelegschaft einstweilen nicht in Gefahr. In einem gemeinsamen Interview betonte Markenchef Herbert Diess, es drohe kein Jobabbau. Auch Betriebsratschef Bernd Osterloh erklärte in der „Süddeutschen Zeitung“ (Samstag): „Wir haben im Moment vielleicht ein Diesel-Problem, aber keine Absatzkrise. Jobs werden nur dann abgebaut, wenn wir weniger Autos verkaufen.“",de_14,11.75,7.487489565935968,0.14285714285714285,6.456043956043956,0.8571428571428571,0.14285714285714285
,de,gemini,"Hier ist eine überarbeitete Version im natürlichen Nachrichtenstil, die Länge und Thema beibehält:

**Neue Leitung fürs Landestheater NÖ: Marie Rötzer übernimmt**

St. Pölten – Die 47-jährige Dramaturgin Marie Rötzer wird neue künstlerische Leiterin des Landestheaters Niederösterreich. Die gebürtige Mistelbacherin, aktuell noch als persönliche Referentin des Intendanten am Hamburger Thalia Theater tätig, tritt im Sommer 2016 die Nachfolge von Bettina Hering an, die als Schauspielchefin zu den Salzburger Festspielen wechselt. Rötzers Vertrag ist auf vier Jahre bis zum Sommer 2020 angesetzt. 

Ihre Theaterlaufbahn startete Rötzer Anfang der 1990er-Jahre in St. Pölten. Nach einer Station als Lektorin an der Universität Czernowitz in der Ukraine arbeitete sie als Dramaturgin an renommierten Häusern wie dem Maxim-Gorki-Theater in Berlin, dem Schauspielhaus Graz, dem Staatstheater Mainz sowie zuletzt in Hamburg. Sie wolle an die starke regionale und überregionale Positionierung anknüpfen, die ihre Vorgängerin Hering aufgebaut habe, betonte die künftige Leiterin in einer ersten Stellungnahme.

Um die Nachfolge hatten sich laut Theater insgesamt 68 Personen beworben – 28 aus Österreich und 40 aus dem Ausland. Die Entscheidung fiel nach einem mehrstufigen Auswahlverfahren im Rahmen eines abschließenden Jury-Hearings.",de_15,18.0,10.039920318408907,0.1111111111111111,6.361111111111111,0.7722222222222223,0.14444444444444443
,de,gemini,"**Gevgelija/Belgrad** – Trotz verschärfter Grenzsicherungen haben am Samstag hunderte Menschen von Griechenland aus die mazedonische Grenze passiert. Berichterstattern vor Ort zufolge durchbrachen Migranten die Stacheldrahtzäune und überwältigten Polizeikräfte, die trotz des Einsatzes von Blendgranaten den Ansturm nicht stoppen konnten. Agenturen sprachen zeitweise sogar von Tausenden, die über Felder ins Land strömten. Im Niemandsland bei Gevgelija spitzte sich die Lage dramatisch zu: Laut serbischen Medienberichten wuchs die Zahl der dort feststehenden Menschen auf rund 2.000 an, da kontinuierlich neue Gruppen mit Bussen und Zügen eintrafen. Aus Frust über Einreisebeschränkungen lehnten viele die Versorgung mit Lebensmitteln durch mazedonische Polizisten ab und warfen mit Wasserflaschen. Neben starken Polizeikräften war auch das Militär im Einsatz, um die Grenze mit 300 Metern Stacheldraht abzusichern.

Angesichts der Krise kündigte der serbische Premierminister Aleksandar Vucic den raschen Bau einer Notunterkunft für bis zu 3.000 Menschen in Neu-Belgrad an. Medienberichten zufolge soll das Projekt im Wert von rund 1,5 Millionen Euro aus EU-Mitteln finanziert werden; weitere 400.000 Euro sind demnach für die Versorgung durch das Rote Kreuz vorgesehen. Bereits am Vortag hatte die mazedonische Polizei versucht, den Andrang mit Tränengas und Blendgranaten zu stoppen, wobei Augenzeugen zufolge mindestens vier Personen verletzt wurden. Hilfsorganisationen wie das UNHCR und Ärzte ohne Grenzen kritisierten die Grenzschließungen scharf. UNHCR-Sprecherin Melissa Fleming betonte, Schutzsuchende dürften nicht abgewiesen werden, und forderte ganz Europa auf, Mazedonien und Serbien in dieser Krise zu unterstützen.

Den Vereinten Nationen zufolge waren zuletzt 3.000 bis 4.000 Menschen im Grenzgebiet gestrandet, Tendenz steigend. Allein im Juli verzeichnete Griechenland rund 50.000 Ankünfte – mehr als im gesamten Vorjahr. Die überwiegende Mehrheit dieser Menschen zieht weiter über Serbien und Ungarn, das seinerseits eine Grenzbefestigung errichtet. Trotz dieser Maßnahmen gelang es einigen Gruppen in der Nacht, die Barrieren zu überwinden, während andere von den Behörden aufgegriffen und zurückgedrängt wurden. Das mazedonische Innenministerium verteidigte das Vorgehen und erklärte, man habe im Rahmen der Kapazitäten eine kontrollierte Gruppe von besonders schutzbedürftigen Menschen, vor allem aus Syrien, ins Land gelassen.",de_16,15.0,6.875516509523286,0.12654320987654322,6.564814814814815,0.7191358024691358,0.17901234567901234
,de,gemini,"Hier ist eine Neufassung im typischen Stil einer Kulturberichterstattung, die Länge und Thema beibehält:

**Fünf Stunden Fernsehkrimi statt Historiendrama: Ivo van Hoves „Kings of War“ bei den Wiener Festwochen**

Im Schnelldurchlauf rast die englische Geschichte vorbei, bis der Projektor bei Heinrich IV. stehen bleibt: Mit „Kings of War“ bringen Ivo van Hove und die Toneelgroep Amsterdam Shakespeares Königsdramen auf die Bühne der Halle E im Wiener Museumsquartier. Die fünfstündige Produktion, deren Vorlage von Rob Klinkenberg ins Holländische übertragen wurde, bildet den Auftakt der diesjährigen Festwochen.

Statt im Mittelalter verortet Ausstatter Jan Versweyveld das blutige Machtringen zwischen den Häusern Lancaster und York in einem modernen „War Room“, der stark an Churchills Hauptquartier erinnert. Kaum ist Heinrich IV. gestorben, rollt der rote Teppich für den Nachfolger. Heinrich V. (Ramsey Nasr) funktioniert tadellos als streitbarer Stratege, auch wenn er beim romantischen Dinner mit der französischen Prinzessin eher unbeholfen wirkt. Ganz anders sein Nachkomme Heinrich VI. (Eelco Smits): Der zierliche, weinerliche Herr hat das Charisma eines Buchhalters, schlüpft vor der Hochzeitsnacht lieber in den Pyjama und wird zur leichten Beute für intrigante Lords. 

Van Hoves Regiekonzept offenbart sich rasch als eine Mischung aus modernem Büro und stylisher Lounge. Es gibt Fließwasser, Computer und eine Empore, auf der vier Posaunisten gemeinsam mit einem Countertenor (Komposition: Eric Sleichim) für feierliche Klänge sorgen. Die eigentlichen Intrigen spielen jedoch im Verborgenen: Aseptisch weiße Korridore, durch die eine Live-Kamera streift, zeigen das unsichtbare Getriebe der Macht. Hier wird getötet, gelauert und gestorben.

Zwar bietet der Abend gediegene Unterhaltung, und dank Nahaufnahmen entgeht dem Publikum keine Regung. Doch wirkt Shakespeares Stoff oft auf das Format einer modernen Fernsehserie reduziert, gewürzt mit einer Portion Alltagspsychologie. Wenn in schicken Polstermöbeln Zigaretten geraucht werden, verkommt das große Finale – Richards mörderischer Weg an die Macht (gespielt von Hans Kesting) – bisweilen zur selbstbezogenen Stadttheater-Nummer. Das Wiener Publikum zeigte sich von dieser postmodernen Geschichtsbetrachtung dennoch durchgehend angetan.",de_17,17.38888888888889,9.97852632678398,0.13099041533546327,6.3706070287539935,0.7667731629392971,0.16293929712460065
,de,gemini,"Hier ist eine umformulierte Version im natürlichen Nachrichtenstil, die Länge und Thema beibehält:

**Moskau –** Der russische Konjunkturmotor stottert weniger stark als befürchtet. Nach Einschätzung der Weltbank dürfte die Wirtschaftsleistung im laufenden Jahr um 2,7 Prozent schrumpfen; zuvor war die Organisation noch von einem Minus von 3,8 Prozent ausgegangen. Grund für die Korrektur nach oben sind neben einem stabileren Rubel vor allem die wieder angezogenen Ölpreise, nachdem diese zuvor monatelang im Sinkflug waren. Für den Exportstaat ein entscheidender Faktor, bestreitet Moskau doch rund 40 Prozent seiner Staatseinnahmen über den Erdölverkauf. Zudem dämpft sich laut den Experten die Inflation. Neben den westlichen Sanktionen im Ukraine-Konflikt belasten vor allem die Nachwehen der Rohstoffkrise das Land. 

Das russische Wirtschaftsministerium teilt den moderateren Pessimismus und prognostiziert einen Rückgang des Bruttoinlandsprodukts (BIP) von 2,8 Prozent. Unabhängige Ökonomen blicken dagegen meist düsterer auf das Jahr 2015: Der Internationale Währungsfonds (IWF) rechnet gar mit einem Einbruch um 3,4 Prozent. 

Den Blick nach vorn gerichtet, rechnet Weltbank-Expertin Birgit Hansl jedoch bald wieder mit schwarzen Zahlen. So soll die Wirtschaft 2016 um 0,7 Prozent und im Jahr darauf um 2,5 Prozent wachsen. Voraussetzung dafür sei allerdings, dass die Regierung in ihren Haushaltsplänen für die kommenden Jahre wichtige Strukturreformen anpacke, betonte Hansl optimistisch.",de_18,18.454545454545453,4.924219114163942,0.12807881773399016,6.374384236453202,0.7733990147783252,0.1625615763546798
,de,gemini,"Hier ist eine überarbeitete Version im natürlichen, sachlichen Nachrichtenstil, die in Länge und Inhalt dem Original entspricht:

**Vorarlberg verfehlt Quote bei minderjährigen Flüchtlingen deutlich**

Bregenz – Bis auf Niederösterreich und Salzburg schafft es derzeit kein Bundesland, die vorgegebenen Quoten für unbegleitete minderjährige Flüchtlinge (UMF) zu erfüllen. Während im Erstaufnahmezentrum Traiskrichen noch immer über 1.000 Jugendliche ausharren, hinkt Vorarlberg bei der Unterbringung stark hinterher. Wie die „Vorarlberger Nachrichten“ in ihrer Montagsausgabe berichten, fehlen im Ländle 113 Plätze, womit die Quote nur zu knapp 60 Prozent erfüllt wird. Noch schlechter schneiden laut dem Bericht lediglich Kärnten mit rund 51 und Tirol mit rund 56 Prozent ab. 

Der Vorarlberger Kinder- und Jugendanwalt Michael Rauch übte scharfe Kritik an der Landespolitik. Salzburg erfülle die Vorgaben etwa nur deshalb, weil rund 200 Jugendliche in einer Kaserne untergekommen seien. Man könne sich nicht öffentlich als Musterknabe bei der Quotenerfüllung feiern lassen, wenn man bei den minderjährigen Flüchtlingen nur bei 60 Prozent liege, so Rauch. 

Landesrätin Katharina Wiesflecker (Grüne) wies die Vorwürfe zurück und betonte, dass man die Quote bereits im kommenden Frühjahr wieder erreichen werde. Noch im Dezember habe man fast 90 Prozent der geforderten Plätze bereitgestellt. Durch den abrupten Geburtstag von rund 50 Jugendlichen am Jahresanfang sei man jedoch massiv zurückgefallen. 

Unterdessen brachte Flüchtlingskoordinator Christian Konrad in den „VN“ ins Gespräch, die Kriterien bei der Suche nach Quartieren für junge Flüchtlinge zu überarbeiten. Denkbar seien etwa Erleichterungen bei der Bauordnung oder den Barrierefreiheitsrichtlinien, betonte Konrad, strich jedoch gleichzeitig hervor, dass die hohen Betreuungsstandards keinesfalls herabgesetzt werden dürften.",de_19,19.46153846153846,9.3200807574529,0.1111111111111111,6.48015873015873,0.7579365079365079,0.14285714285714285
,de,gemini,"**Uniqa stellt sich um: Konzern verschmilzt Versicherungen und halbiert Vorstandsposten**

**Wien** – Der Uniqa-Konzern baut seine Strukturen grundlegend um und will sich damit für künftige Herausforderungen rüsten. Bis spätestens zum ersten Quartal 2017 werden alle operativen Inlandsversicherungen zusammengelegt, wie das Unternehmen am Mittwochabend bekannt gab. Durch die Verschmelzung der Raiffeisen Versicherung, der Salzburger Landes-Versicherung und der FinanceLife mit der Hauptgesellschaft Uniqa Österreich sinkt die Gesamtzahl der Vorstandsmandate im Konzern – inklusive der Holding – massiv von 22 auf 10 Personen. Die Umsetzung steht allerdings noch unter dem Vorbehalt behördlicher Freigaben.

An der Spitze der börsennotierten Holding (Uniqa Insurance Group AG) steuern ab 1. Juni 2016 nur noch drei statt bisher fünf Vorstände die Geschäfte: Neben CEO Andreas Brandstetter und CFO/CRO Kurt Svoboda zieht Erik Leyers als neuer COO in das Gremium ein. Ihre Verträge laufen bis Mitte 2020. Die bisherigen Holding-Vorstände Hannes Bogner und Thomas Münkel verlassen das Unternehmen auf eigenen Wunsch, während sich Wolfgang Kindl künftig ganz auf den Chefposten der Uniqa International AG konzentriert. 

Auch die Vorstände der operativen Töchter wurden neu aufgestellt und personell eng miteinander verzahnt. Den Vorstand von Uniqa Österreich leitet ab Juni Hartwig Löger, unterstützt von Klaus Pekarek, Peter Eichler, Andreas Kößl sowie den Doppelmandataren Kurt Svoboda und Erik Leyers. Letztere beide sowie Eichler und Kößl übernehmen gleichzeitig auch Vorstandssitze in der International-Sparte, deren Gremium von Wolfgang Kindl angeführt wird.

Zusätzlich präsentierte der Versicherer solide Bilanzzahlen für das abgelaufene Jahr: Gestützt auf einen um fast zwölf Prozent gestiegenen Vorsteuergewinn (EGT) von 422,8 Millionen Euro erhöht Uniqa die Dividende von 42 auf 47 Cent je Aktie. Das Konzernergebnis kletterte sogar um 14,2 Prozent auf 331,1 Millionen Euro. Für das laufende Jahr 2016 dämpfte der Konzern jedoch die Erwartungen – bedingt durch hohe Investitionen könnte sich das Ergebnis im Jahresvergleich halbieren. Der endgültige, geprüfte Geschäftsbericht wird am 14. April veröffentlicht.",de_20,19.0,10.099504938362077,0.09868421052631579,6.282894736842105,0.7401315789473685,0.18421052631578946
,de,gemini,"Hier ist eine sprachlich glattgezogene, natürlich fließende Version im typischen Stil eines astronomischen Monatsberichts:

Astronomische Aussichten für den März: Der Monat beginnt am 2. mit dem Letzten Viertel des Mondes im Sternbild Schlangenträger in Nachbarschaft zum Saturn. Eine zarte Altlichtsichel zeigt sich am 7. tief in der Morgendämmerung im Ostsüdosten, bevor am 9. Neumond herrscht – die damit verbundene totale Sonnenfinsternis bleibt bei uns allerdings unsichtbar. Bereits am 10. lässt sich die junge Mondsichel tief in der Abenddämmerung im Westen entdecken; zudem passiert der Mond im Walfisch seine Erdnähe. Das Erste Viertel wird am 15. im Stier erreicht, gefolgt von einer Begegnung mit Jupiter am 21. Der Vollmond am 23. steht in der Jungfrau und bringt eine hierzulande ebenfalls unsichtbare partielle Halbschatten-Mondfinsternis. In den Folgetagen zieht der Mond weiter: Am 25. erreicht er in der Jungfrau den erdfernsten Punkt, am 28. und 29. trifft er auf Mars sowie am 29. und 30. auf Saturn.

Die Planeten bieten ein abwechslungsreiches Bild: Merkur verbirgt sich den gesamten Monat über. Venus lässt sich noch bis zum 13. tief in der Morgendämmerung im Ostsüdosten aufspüren und wechselt in dieser Zeit vom Steinbock in den Wassermann. Mars zeigt sich in der zweiten Nachthälfte – anfangs noch tief im Südosten, später höher im Süden – und wandert von der Waage in den Skorpion. Jupiter dominiert als präsentes Gestirn die gesamte Nacht im Löwen. Saturn ist in der späteren zweiten Nachthälfte im Schlangenträger auszumachen, zunächst tief im Südosten, später im Südsüdosten.

Die Tage werden unterdessen spürbar länger: Die helle Tageslänge wächst von 11 Stunden und vier Minuten zu Monatsbeginn auf 12 Stunden und 50 Minuten am 31. März an. Die bürgerliche Dämmerung nach Sonnenuntergang dauert jeweils 1 Stunde und 8 Minuten. Die astronomische Hauptsache ereignet sich am 20. März um 5:30 Uhr: Mit dem Übertritt der Sonne in das Tierkreiszeichen Widder ist die Tagundnachtgleiche erreicht – der astronomische Frühling beginnt.

Hinweise für Sternfreunde: Die mitgelieferte Sternkarte gilt für den 1. um 21:16 Uhr sowie den 31. um 19:18 Uhr (der Kreis mit „J“ markiert Jupiter, der Bogen zeigt die Milchstraße). Das Freiluftplanetarium Sterngarten Georgenberg in Wien-Liesing lädt am Samstag, den 19. März, um 11:30 Uhr zum Frühlingstagundnachtgleichen-Mittag mit Erklärungen an der Tierkreisscheibe und – bei passendem Wetter – der Beobachtung des Mittagssondurchgangs ein. Bereits am Samstag, den 5. März, um 19:00 Uhr findet im Stadtlokal in der Wiener Walfischgasse ein Vortrag zum Thema „An der Grenzfläche von Licht und Gravitation“ mit einem Exkurs zu Gravitationswellen statt (Referent: R. Vucsina). Nähere Informationen erhalten Interessierte telefonisch unter 01 889 35 41 oder direkt beim Astronomischen Büro.",de_21,11.54054054054054,7.535840829337707,0.14754098360655737,5.669789227166277,0.6370023419203747,0.1873536299765808
,de,gemini,"Hier ist eine Formulierung im natürlichen Nachrichtenstil, die das Thema aufgreift und etwa dieselbe Länge hat:

Die britische Polizei hat ihre permanente Überwachung der ecuadorianischen Botschaft in London beendet. Wie Scotland Yard am Montag mitteilte, steht das Gebäude nicht mehr rund um die Uhr unter Bewachung; stattdessen werde der verdeckte Einsatz ausgebaut. Eine dauerhafte Präsenz sei nach rund drei Jahren nicht mehr verhältnismäßig. Wikileaks-Gründer Julian Assange hält sich dort seit Juni 2012 auf, um einer schwedischen Festnahme wegen Vergewaltigungsvorwürfen zu entgehen. Der 44-Jährige weist die Anschuldigungen zurück und befürchtet eine Weitergabe an die USA. Die bisherige Polizeipräsenz hatte die britischen Steuerzahler umgerechnet mehr als 16 Millionen Euro gekostet.",de_22,18.0,6.27162924074226,0.10185185185185185,6.342592592592593,0.8703703703703703,0.1574074074074074
,de,gemini,"**Khol fordert von Regierung mehr Reformen und rügt Kanzler Faymann**

Wien – Der Chef des ÖVP-Seniorenbundes, Andreas Khol, hat die Regierungsarbeit nach den ersten sechs Monaten grundsätzlich positiv bewertet, gleichzeitig aber dringende Reformen bei Pensionen, im Pflege- und im Gesundheitssystem eingefordert. Zwar könne sich die Bilanz – etwa bei der Steuerreform – sehen lassen, betonte Khol am Dienstag vor Medienvertretern. Er kritisierte jedoch scharf, dass rund 230.000 Bezieher von Ausgleichszulagen von der Negativsteuer für Pensionisten ausgeschlossen wurden. Zudem sei es für ihn unverständlich, dass der Seniorenrat zuvor monatelang vergeblich um ein Gespräch mit Bundeskanzler Werner Faymann (SPÖ) gebeten hatte. Um diesen Missstand zu bekämpfen, kündigte Khol Musterprozesse bei Höchstgerichten an. 

Die Koalition müsse nun dringend an ihrem Image arbeiten, mahnte der Seniorenbund-Obmann. Positiv wertete er hingegen den jüngsten Kurswechsel in der Regierung, bei dem die Partner konstruktiver aufeinander zugegangen seien. Bei der von der ÖVP geforderten Abschaffung der kalten Progression sprach sich Khol gegen jährliche Verhandlungen aus; stattdessen befürwortet er eine automatische Anpassung der Steuerstufen an die Teuerung, finanziert durch Einsparungen in der Verwaltung.

Im Pensionsbereich urgierte Khol die rasche Umsetzung des lange ausstehenden Bonus-Malus-Modells sowie ein verlässliches Pensionsmonitoring. Die Wiener Seniorenbund-Chefin Ingrid Korosec forderte zudem Nachbesserungen im Gesundheitssystem. So müsse das Konzept der Erstversorgungszentren massiv ausgebaut und dürfe nicht auf ein einzelnes Pilotprojekt in Wien beschränkt bleiben. Sie forderte von Bürgermeister Michael Häupl (SPÖ) mehr Einsatz für neue Hausarzt-Verträge, die vor allem auf Vorsorge und längere Öffnungszeiten setzen müssten.",de_23,18.53846153846154,9.377677132550836,0.10833333333333334,6.6625,0.7791666666666667,0.17083333333333334
,de,gemini,"**„Satire muss wehtun dürfen“**

Wien – Anlässlich eines Auftritts bei den Wiener Journalismustagen äußerte sich „Spiegel“-Chefredakteur Klaus Brinkbäumer im Gespräch mit dem *STANDARD* zu aktuellen Herausforderungen seines Mediums. Dabei verteidigte er den Satiriker Jan Böhmermann, kritisierte Bundeskanzlerin Angela Merkel und sprach über die geplante Bezahlschranke für Spiegel Online.

Geplant sei, noch in diesem Jahr erste Tests mit kostenpflichtigen Inhalten zu starten. Brinkbäumer vermeidet jedoch den Begriff „Paywall“, da dieser zu abweisend klinge. Stattdessen setze man auf nutzerfreundliche Modelle: Tagesaktuelle Nachrichten sollen frei verfügbar bleiben, während exklusiver und hochwertiger Journalismus künftig etwas kosten soll. Als Vorbild dient hierbei weniger *Bild.de* als vielmehr die *New York Times*, die den digitalen Wandel früh verstanden habe. Auch den Einsatz technischer Mittel gegen Adblocker hält Brinkbäumer für denkbar, um den Qualitätsjournalismus langfristig abzusichern.

Kritik äußerte Brinkbäumer am Umgang der Politik mit der Satire-Affäre um Jan Böhmermann. „Satire darf alles“, so der Chefredakteur. Die Meinungs- und Kunstfreiheit dürfe nicht dort enden, wo es unangenehm werde, weshalb er auch das Verhalten von Kanzlerin Merkel, die sich auf die Seite des türkischen Präsidenten Erdoğan gestellt hatte, scharf verurteilte. Zum Abzug des Türkei-Korrespondenten Hasnain Kazim betonte er, dass dies aufgrund akuter Gefahren und fehlender Akkreditierungen unumgänglich gewesen sei, der *Spiegel* aber dennoch weiterhin kritisch über die Türkei berichten werde.

Ebenfalls angesprochen wurde der kürzlich geleakte „Spiegel“-Innovationsreport. Brinkbäumer sieht in dem internen Papier keinen Skandal, sondern ein leidenschaftliches Dokument zur Weiterentwicklung des Medienhauses. Eine offene, angstfreie Fehlerkultur sei in Zeiten des Umbruchs gesund und notwendig. Den oft beschworenen internen Konflikt zwischen Print- und Onlineredaktion wies er indes zurück: Das Verhältnis sei von Vertrauen und enger Zusammenarbeit geprägt.",de_24,16.75,8.066132902450839,0.12359550561797752,6.745318352059925,0.8239700374531835,0.13857677902621723
,de,gemini,"Hier ist eine sprachlich überarbeitete Version im natürlichen Nachrichtenstil, die den Inhalt und Umfang des Originals beibehält:

***

**Vater sein ohne Belehren: Wolf Wondratscheks Raoulito-Gedichte**

Ursprünglich als streng limitierte Liebhaberausgabe mit 444 Exemplaren geplant, war der Lyrikband eigentlich schnell vergriffen. Doch weil sich nicht nur einige Fehler eingeschlichen hatten, sondern auch die Nachfrage groß war, legten Autor Wolf Wondratschek und sein Verlag kurzerhand weitere 500 Stück nach. Im Zentrum steht der Band *For a Life without a Dentist* – ein Wunsch, den sich vermutlich die meisten Leser, aber wohl kaum die Zahnärzteschaft zu eigen machen. Den Titel hat sich der in Wien und München lebende Dichter von einem 1984er-Gemälde des verstorbenen Künstlers Martin Kippenberger geborgt.

Das Buch versammelt 42 Gedichte, die Wondratschek teils für sich selbst, vor allem aber für seinen am 27. Juli 1991 geborenen Sohn Raoul verfasst hat. Das erste Stück entstand am Tag der Geburt. In diesem Moment seien schließlich zwei Menschen auf die Welt gekommen, blickt der Autor zurück: sein Sohn und er selbst in einer völlig neuen, unerwarteten Rolle als Vater. Das Werk fungiert dabei als eine Art lyrisches Pendant zu seinem Roman *Das Geschenk* (2011). Darin beschreibt er sein Alter Ego Chuck, einen älteren Draufgänger – Wondratschek war selbst 49, als sein Sohn zur Welt kam –, der im fortgeschrittenen Alter noch Vater wird. Ein FAZ-Rezensent charakterisierte diese Haltung treffend als: „Vater ja, angepasst niemals!“

Obwohl die beiden ab dem fünften Lebensjahr des Sohnes nicht mehr in einem gemeinsamen Haushalt lebten, beschreibt Wondratschek das Verhältnis als äußerst eng. Das gängige Vorurteil, ein uneheliches Kind ohne den klassischen bürgerlichen Rahmen müsse scheitern, lässt er nicht gelten. Vielmehr hält er ein „ungeschütztes“ Kind für spannender als ein behütetes. Statt Geld steckte der Vater zu Anlässen wie Geburtstag oder Weihnachten stets ein Gedichtblatt in den Umschlag – ganz ohne pädagogischen Zeigefinger. Schließlich funktioniere Beziehung am besten durch absichtslose Gesten. 

Wondratschek lehnt es strikt ab, den Besserwisser zu mimen. Während manche Väter Spaziergänge für erzieherische Gespräche nutzen, ging es ihm stets um das Gegenteil: Er wollte seinem Sohn nichts beibringen, sondern ihm das Gefühl vermitteln, dass ihm das eigene Leben wichtig sein muss. 

Inzwischen hat Raoulito Medientechnik studiert und Verlags-Volontariate absolviert, ohne sich bereits endgültig festgelegt zu haben – für den Vater kein Problem. Ein Kind müsse nicht früh wissen, wohin der berufliche Weg führt. Wondratschek misst seinen Sohn ohnehin nicht an Titeln oder Karriere, sondern an Neugier und Empathie. Zum Abschied hat der Autor der Redaktion übrigens ein exklusives, bislang unveröffentlichtes Gedicht überlassen, das im Infokasten zu finden ist.",de_25,19.227272727272727,8.908279183800254,0.12559241706161137,5.85781990521327,0.7109004739336493,0.13744075829383887
,de,gemini,"Hier ist eine neu formulierte Version im professionellen Nachrichtenstil, die in Länge und Inhalt dem Original entspricht:

***

**New York – Mit dem geplanten Kauf von EMC will der US-Konzern Dell seine Marktposition stärken und vor allem Konkurrenten wie Hewlett-Packard Paroli bieten.** 

Wie das Unternehmen mitteilte, soll jede EMC-Aktie mit 24,05 Dollar in bar sowie einem Wertpapier vergütet werden, das an die Softwaretochter VMware gekoppelt ist. Insgesamt beläuft sich das Angebot demnach auf 33,15 Dollar je Aktie, was einem Aufschlag von knapp zwanzig Prozent gegenüber dem Schlusskurs vom Freitag entspricht. Über die Transaktion war im Vorfeld bereits tagelang spekuliert worden. 

Gründer Michael Dell hatte sein Unternehmen erst vor zwei Jahren mit Unterstützung von Finanzinvestoren für 25 Milliarden Dollar von der Börse genommen. Für den aktuellen Mega-Deal benötigen Dell und sein erneut beteiligter Partner Silver Lake Medienberichten zufolge frisches Bankkapital in Höhe von rund 40 Milliarden Dollar. Nach Vollzug der Übernahme werden Dell und seine Partner voraussichtlich 70 Prozent an EMC halten, die Leitung des fusionierten Konzerns soll Michael Dell übernehmen.

Der komplexe Aufbau der Transaktion ist vor allem der Tatsache geschuldet, dass ein Gros des EMC-Wertes auf dessen 80-Prozent-Anteil an VMware entfällt. VMware gilt in der Branche als äußerst wachstumsstark und sorgt dafür, dass Rechenzentren durch virtuelle Technologien effizienter arbeiten. Der Datenspeicherspezialist EMC sieht sich hingegen wachsendem Konkurrenzdruck ausgesetzt. Die VMware-Aktie soll auch künftig an der New Yorker Börse gehandelt werden. Der Abschluss der Transaktion ist für Mitte nächsten Jahres geplant, wobei die Zustimmung der Aufsichtsbehörden und Aktionäre noch aussteht.

Zudem hält die Vereinbarung laut einem Bericht der „Financial Times“ eine Klausel bereit, wonach EMC bis zum Abschluss weitere Offerten einholen darf. Damit soll offenbar der aktivistische Investor Elliott Management beschwichtigt werden, der seit längerem eine Abspaltung von VMware gefordert hatte. Dem Technologieblog „Recode“ zufolge signalisierte der Finanzinvestor inzwischen Unterstützung für den Dell-Deal. Laut „Financial Times“ soll nun unter anderem bei Microsoft und Cisco ausgelotet werden, ob dort generelles Interesse an einer Übernahme besteht. 

Bereits beim damaligen Börsenrückzug hatte Michael Dell mit erbittertem Widerstand eines Großinvestors zu kämpfen: Der Milliardär Carl Icahn hatte sich damals einen monatelangen, öffentlich ausgetragenen Disput mit dem Management geliefert, bevor der Kaufpreis schließlich erhöht wurde. Für EMC löst der Verkauf zudem eine personelle Zukunftsfrage: Der langjährige Vorstandschef Joe Tucci, der das Unternehmen seit 2001 führt, will sich im Alter von 68 Jahren ohnehin bald zurückziehen.

Mit der Vereinbarung zeichnet sich der bislang größte Zusammenschluss der Tech-Branche in diesem Jahr ab. Bisher hielt diesen Rekord die im Mai angekündigte Übernahme des Chipherstellers Broadcom durch den US-Rivalen Avago für 37 Milliarden Dollar.",de_26,21.3,7.975587752636166,0.09411764705882353,6.258823529411765,0.6847058823529412,0.17411764705882352
,de,gemini,"Hier ist eine überarbeitete Version im typischen Stil einer Nachrichtenagentur (wie APA oder dpa), die in Länge und Inhalt dem Original entspricht:

**ÖAW-Präsident Zeilinger fordert mehr Geld für die Wissenschaft**

**Wien –** Der Präsident der Akademie der Wissenschaften (ÖAW), Anton Zeilinger, schlägt Alarm: Angesichts massiver finanzieller Engpässe könne es „so nicht weitergehen“. Im Vorfeld der Bundespräsidentenwahl betonte Zeilinger am Freitag anlässlich der ÖAW-Jahresfeier, er erwarte sich vom künftigen Staatsoberhaupt starken Rückenwind für die Forschung. Als oberster Schirmherr der Akademie spiele der Bundespräsident eine wichtige Rolle – insbesondere bei der Vertretung internationaler und europäischer Wissenschaftsprojekte.

Dringenden Handlungsbedarf ortet Zeilinger vor allem beim Wissenschaftsfonds FWF, der seit Jahren unter Budgetkrisen leidet. Erst kürzlich hatte die Junge Kurie der Akademie vor den Folgen für den Forschungsstandort gewarnt. Zeilinger forderte die Politik auf, diese Sorgen ernst zu nehmen, um vor allem dem Nachwuchs Perspektiven zu bieten. Er habe zwar Verständnis für höhere Sicherheitsausgaben im Finanzrahmen, kritisierte jedoch, dass die Mittel für die Wissenschaft nicht im selben Maße gestiegen seien. „Damit sichern wir uns zwar ab, wissen aber bald nicht mehr, was wir überhaupt noch schützen sollen“, warnte Zeilinger und verwies auf die schwindende Geduld in der Forschungsgemeinschaft.

Positives berichtete der ÖAW-Chef indes von der jahrelang diskutierten Akademiereform, die nun kollegial abgeschlossen wurde. Mit neuen Satzungen und Geschäftsordnungen wird die Trennung von Gelehrtengesellschaft und Forschungsträgerorganisation vollzogen. Die beiden Fachklassen kümmern sich künftig um wissenschaftliche Aktivitäten, sind aber nicht mehr für die Institutsverwaltung zuständig. Dennoch bleibt die ÖAW durch den Präsidenten und einen neu besetzten Akademierat, der nun strenger von den Instituten getrennt ist, klammerartig verbunden. 

Gescheitert ist das Präsidium hingegen mit dem Plan, die bisherigen Kategorien der wirklichen und korrespondierenden Mitglieder zu einer einzigen zusammenzuführen; die dafür nötige Zweidrittelmehrheit wurde knapp verfehlt. Zudem wurde die Umbenennung der Jungen Kurie in „Junge Akademie“ beschlossen, der Public Corporate Governance Kodex umgesetzt und die Kontrollbefugnisse des Finanzchefs gestärkt.

„Das Thema ist abgehakt, jetzt können wir uns den wesentlichen Aufgaben widmen“, so Zeilinger. Dazu zähle die weitere Internationalisierung der Akademie, die etwa durch Kooperationen wie zuletzt mit Kuba vorangetrieben werde. Zudem will sich die ÖAW verstärkt aktuellen gesellschaftlichen Debatten öffnen. Noch in diesem Jahr sollen zwei Studien zu den Themen „Digitaler Stillstand“ und „Mobilität“ vorgelegt werden.",de_27,20.38888888888889,9.0008572979892,0.11444141689373297,6.659400544959128,0.7384196185286104,0.20708446866485014
,de,gemini,"Hier ist eine überarbeitete Version im natürlichen Nachrichtenstil, die etwa die gleiche Länge hat und das Thema präzise erfasst:

**Großangelegte Razzien: Über 60 Festnahmen bei internationalem Schlag gegen Kinderpornografie**

Bei einer länderübergreifenden Operation gegen Missbrauchsdarstellungen im Netz sind in Amerika, Spanien und mehreren Staaten Lateinamerikas mindestens 60 mutmaßliche Täter gefasst worden. Wie die mexikanische Sicherheitsbehörde CNS am Sonntag mitteilte, richtete sich die Aktion gegen ein internationales Netzwerk zur Verbreitung von Kinderpornografie. Im Zuge der koordinierten Durchsuchungen konnten zudem vier Minderjährige aus akuter Gefahr befreit werden – darunter drei Mädchen im Alter von neun, 14 und 15 Jahren in Mexiko. An dem Großeinsatz, der maßgeblich von US-FBI und südamerikanischen Behörden gelenkt wurde, waren Ermittler in insgesamt zwölf Ländern beteiligt, darunter Spanien, die USA, Brasilien, Kolumbien und Argentinien.",de_28,31.5,11.672617529928752,0.12698412698412698,6.698412698412699,0.8492063492063492,0.16666666666666666
,de,gemini,"Hier ist eine sprachlich überarbeitete Version im typischen Nachrichtenton:

**Wirtschaftskammer-Chef fordert mehr Anreize für Jobsuchende**

Wien – Trotz rund 376.500 Arbeitslosen in Österreich Ende Juli gäbe es laut Wirtschaftskammer-Präsident Christoph Leitl genügend Beschäftigungsmöglichkeiten. In einem Interview mit dem „Volksblatt“ zeigte er sich überzeugt, dass jeder, der arbeiten möchte, auch einen Job finden kann – wenngleich vielleicht nicht im Traumberuf oder direkt im Heimatort. 

Kritisch äußerte sich Leitl zur Mindestsicherung: Es störe ihn, dass Bezieher durch zusätzliche Transferleistungen netto oft auf ein Einkommen kommen, das mit einem Bruttolohn von 1.700 Euro vergleichbar sei. Das nehme den Menschen den Anreiz zur Arbeit. Mit Blick auf die Wirtschaft betonte Leitl zudem, Österreich müsse bei Lohn- und Produktionskosten seine Komfortzone verlassen, um im globalen Wettbewerb gegen die starke Konkurrenz aus Asien und Amerika bestehen zu können.",de_29,19.142857142857142,10.077252622027656,0.12121212121212122,6.371212121212121,0.8787878787878788,0.14393939393939395
,de,gemini,"Hier ist eine überarbeitete Version im typischen Stil eines Wirtschaftsressorts, die Länge und Thema beibehält:

***

**Österreich bleibt im internationalen Standortvergleich im Mittelfeld gefangen. Vor allem die hohe Abgabenlast auf Arbeit sorgt bei Wirtschaftsführern weiterhin für deutliche Kritik.**

Wien – Im renommierten Wettbewerbsindex der Lausanner Managementhochschule IMD kommt Österreich auch in diesem Jahr nicht über ein mittelmäßiges Ergebnis hinaus. Zwar ging es im weltweiten Ranking um zwei Ränge nach oben auf Platz 24, im innereuropäischen Vergleich hinkt die Alpenrepublik jedoch spürbar hinterher. Besonders beim Steuersystem orten die Studienautoren massiven Handlungsbedarf: Unter den 61 analysierten Staaten belegt Österreich hier den vorletzten Platz. Sowohl Arbeitnehmer als auch Betriebe ächzen unter einer international überdurchschnittlichen Steuerlast, erläutert IMD-Chefökonom Christos Cabolis im Gespräch mit der APA. Auch bei der Staatsverschuldung rangiert das Land im hinteren Drittel, wenngleich internationale Manager hier eine leichte Trendwende zum Positiven registrieren.

Das IMD-Ranking stützt sich zu einem Drittel auf die Einschätzung von rund 5.400 Führungskräften weltweit, der Rest fliesst aus harten Wirtschaftsdaten ein. Insgesamt fließen 340 Kriterien aus den Bereichen Konjunktur, Verwaltung, Unternehmenseffizienz und Infrastruktur in die Bewertung ein. 

Gerade bei der Infrastruktur kann Österreich traditionell punkten. Chefökonom Cabolis relativiert daher die Fundamentalkritik am Steuersystem: Die hohen Abgaben spiegelten sich schliesslich in einer exzellenten Infrastruktur wider. So sei die Zufriedenheit mit öffentlichen Leistungen und Investitionen – etwa in Logistik und Verkehr – zuletzt gestiegen. Dennoch hat sich das Image des Standorts in den Chefetagen über das vergangene Jahrzehnt merklich eingetrübt: Noch 2007 stand Österreich auf Platz elf, und auch beim konkurrierenden Index des Weltwirtschaftsforums ging es in den letzten Jahren von Rang 14 auf 23 bergab.

An der globalen Spitze bleibt indes vieles beim Alten: Die Top-Vier-Plätze sind seit sechs Jahren fest in Hand derselben Akteure. Nach den USA im Vorjahr führen nun Hongkong und die Schweiz das Feld an. Innerhalb der EU führen Schweden, Dänemark, Irland und die Niederlande das Image-Ranking an, während osteuropäische Staaten wie Lettland oder die Slowakei aufholen. 

Einzelne Platzverschiebungen dürften freilich nicht überbewertet werden, betont Cabolis, da das Ranking stets relativ zur weltweiten Konkurrenz berechnet wird. Dennoch geben die Indizes ein verlässliches Barometer für die Stimmung unter Investoren ab. Südamerika bleibt derweil Sorgenkind: Chile führt den Kontinent als bester Vertreter auf Rang 36 an, das krisengeschüttelte Venezuela bildet das Schlusslicht der globalen 61er-Liste. Der Gesamtindex zeige zudem, dass die weltweite Wohlstands- und Leistungsungleichheit in den vergangenen zwanzig Jahren zwar stark gewachsen, das Tempo dieses Anstiegs mittlerweile aber abgeflacht sei.",de_30,19.333333333333332,6.88914490051686,0.10643564356435643,6.512376237623762,0.7351485148514851,0.16831683168316833
,de,gemini,"Hier ist eine in Ton und Länge vergleichbare Neufassung im typischen Nachrichtienstil:

**Linz – Wegen islamfeindlicher Facebook-Einträge geraten zwei Linzer FPÖ-Gemeinderäte massiv unter Druck. Die Sozialistische Jugend und die Grünen fordern den sofortigen Rücktritt der Mandatare, während die Justiz nun prüft, ob der Tatbestand der Verhetzung vorliegt.**

Auslöser war ein Bericht der Tageszeitung „Österreich“, die Auszüge eines Social-Media-Disputs öffentlich gemacht hatte. Darin hatte FPÖ-Gemeinderätin Susanne Walcher einen Vorstoß von Wirtschaftskammerpräsident Christoph Leitl zu einem aufgewerteten Integrationsjahr spöttisch kommentiert. Sie schrieb unter anderem von einem „notgeilen jungen Muselmanen“, der im Kindergarten kleine Mädchen betreue oder Omas im Pflegeheim bade. Parteikollege Markus Kraz setzte nach, man könne sie auch in Tierheimen einsetzen, dort gebe es wenigstens „liebe Schafe“. 

Die Reaktionen ließen nicht lange auf sich warten. Philipp Stadler, Chef der Linzer Sozialistischen Jugend, verlangte den Rücktritt des Duos und bot ihnen ironisch die Teilnahme an einer „Werteschulung für Menschlichkeit“ an. Die Linzer Grün-Klubobfrau Ursula Roschger nannte die Äußerungen „abstoßend und verwerflich“. Sie forderte nicht nur den Rücktritt, sondern nahm auch die Landes-FPÖ in die Pflicht, ihre Ortspartei zu kontrollieren. Zudem warf sie SPÖ-Bürgermeister Klaus Luger vor, bei der Bildung der Stadtkoalition wissentlich mit der FPÖ paktiert zu haben.

Der Linzer FPÖ-Fraktionschef Günther Kleinhanns versuchte unterdessen, die Wogen zu glätten, stellte sich aber im Kern schützend vor seine Mitarbeiter. Die Wortwahl sei zwar unsachlich gewesen, erfülle jedoch juristisch keine Verhetzung, da es sich um einen nicht-öffentlichen Beitrag gehandelt habe. Zugleich zeigte er Verständnis für die Entgleisung: Die Aussagen würden lediglich emotionale Stimmungen besorgter Eltern widerspiegeln, denen die Politik mehr Aufmerksamkeit schenken müsse. Die Staatsanwaltschaft prüft die Causa indes weiter.",de_31,17.8,5.256107558513873,0.12406015037593984,6.612781954887218,0.8045112781954887,0.18045112781954886
,de,gemini,"**Brüsseler Balkan-Gipfel: 100.000 neue Plätze und schärfere Kontrollen**

BRÜSSEL – Angesichts der anhaltenden Flüchtlingskrise haben sich die Staats- und Regierungschefs der am stärksten betroffenen Staaten bei einem Sondergipfel in Brüssel auf einen 17-punkteplan verständigt. Ziel ist es, die Situation entlang der Balkanroute durch gemeinsame Anstrengungen besser zu bewältigen und humanitäre Notlagen bei Kälte und Regen zu verhindern. 

EU-Kommissionspräsident Jean-Claude Juncker betonte die Notwendigkeit engerer Absprachen: Die Nachbarländer müssten kooperieren, statt gegeneinander zu arbeiten. Der ab Montag greifende Aktionsplan umfasst acht Bereiche. Unter anderem sollen die unkontrollierten Weiterreisen von Gruppen – das sogenannte Durchwinken – gestoppt werden. Zudem ist bis Jahresende die Schaffung von insgesamt 100.000 neuen Unterkünften geplant: Die Hälfte davon soll in Griechenland entstehen, weitere 50.000 Plätze sind für den Winter im Bereich zwischen Griechenland und Österreich vorgesehen, unterstützt durch das UNHCR und internationale Finanzhilfen.

Um die Migrationsströme zu ordnen, wird die Registrierung mithilfe biometrischer Daten ausgebaut. Gleichzeitig sollen Rückführungen abgewiesenem Asylsuchender – verstärkt auch mit Unterstützung der EU-Grenzschutzagentur Frontex – intensiviert und neue Abkommen mit Herkunftsländern wie Afghanistan oder Pakistan geschlossen werden. Das Grenzmanagement wird unter anderem durch engere Kontrollen an den Binnengrenzen sowie eine engere Kooperation mit der Türkei verschärft. Zudem sollen hunderte Polizisten aus anderen EU-Staaten, etwa zur Unterstützung nach Slowenien, entsandt werden. Die Einhaltung der Maßnahmen wird wöchentlich überprüft.

Kritik und offene Fragen gab es jedoch bei der Umsetzung. So blieb zunächst unklar, wie die Unterbringung der 50.000 Menschen in Griechenland konkret erfolgen soll; der griechische Migrationsminister sprach von einer Kombination aus Mietwohnungen und kleineren Strukturen, während Premierminister Alexis Tsipras an der Fertigstellung von Registrierungszentren und Kapazitäten auf dem Festland festhielt. Zuvor war Athen mehrfach vorgeworfen worden, zu wenig zur Kontrolle der Grenzen beizutragen.

In Berlin wurden die Beschlüsse verhalten bewertet. Bundesminister mahnten an, dass die vereinbarten Plätze schnell Realität werden müssten und die Koordinationchefsache bleiben müsse. Österreichs Innenministerin Johanna Mikl-Leitner äußerte sich hingegen zufrieden und sprach von einem wichtigen Schritt in die richtige Richtung.",de_32,15.428571428571429,7.925675146674397,0.1125,6.965625,0.7375,0.2125
,de,gemini,"Hier ist eine überarbeitete Version im natürlichen Nachrichtenstil, die den Inhalt prägnant und flüssig zusammenfasst:

**Rom (Reuters) –** Mit einem neuen Dekret greift die italienische Regierung ihrer angeschlagenen Finanzbranche erneut unter die Arme. Der am Freitag verabschiedete Erlass soll es den Banken erleichtern, an ausstehende Gelder zu kommen. Laut Ministerpräsident Matteo Renzi wird sich die Schuldeneinforderung dadurch drastisch von bisher sechs bis acht Jahren auf nur noch sechs bis acht Monate verkürzen. Ziel der Maßnahme sei es, die tiefen Probleme des Sektors nachhaltig zu bewältigen.

Konkret erhalten die Institute schnelleren Zugriff auf Sicherheiten von Firmenkrediten; Privatkredite und Hypotheken bleiben hingegen unangetastet. Darüber hinaus ist eine Entschädigung für rund die Hälfte jener 10.000 Kleinanleger vorgesehen, die im Zuge der Rettung von vier Regionalbanken im Vorjahr erhebliche Verluste erlitten hatten – ein Fall, der für Renzi seinerzeit heftige Kritik zur Folge hatte. 

Italiens Banken leiden unter einer anhaltenden Belastung durch faule Kredite im Volumen von rund 360 Milliarden Euro, die sich infolge der Wirtschaftskrise angesammelt haben. Erst kürzlich hatte die Branche daher bereits unter Federführung der Regierung einen milliardenschweren Hilfsfonds ins Leben gerufen.",de_33,20.22222222222222,7.161281353032008,0.09392265193370165,6.320441988950276,0.8011049723756906,0.1712707182320442
,de,gemini,"Hier ist eine Zusammenfassung im typischen Stil einer Nachrichtenmeldung, die Länge und Inhalt des Originals beibehält:

**Österreicher fordern von der Kirche mehr Sozialarbeit und weniger Mission**

**Die Bedeutung von Ostern schrumpft, die Kirche hat in Krisenzeiten für die Mehrheit keine passenden Antworten, und von Gläubigen wird vor allem eins erwartet: Hilfe für Schwache statt Missionierung. Das zeigt eine aktuelle Umfrage.**

Wien/Linz – Die Erwartungen der Bevölkerung an die katholische Kirche haben sich spürbar verschoben. Einer in der Karwoche veröffentlichten Market-Umfrage für den „Standard“ zufolge wünschen sich die Menschen von der Kirche vor allem mehr Einsatz für sozial Benachteiligte, Obdachlose und Flüchtlinge. Auf wenig Gegenliebe stößt hingegen die traditionelle Kernaufgabe der Glaubensverbreitung: Nur noch 19 Prozent der Befragten fordern, dass die Kirche den Menschen stärker den Weg zu Gott weisen solle. Mehr als die Hälfte (53 Prozent) spricht sich sogar explizit gegen die Bekehrung Andersgläubiger aus. Auch der Erhalt von Kirchengebäuden oder die Jugendarbeit rangieren auf der Wunschliste weit hinten.

Generell wird der Kirche ein massiver Veränderungsbedarf attestiert. Auf die Frage, ob die Institution in schwierigen Zeiten die richtigen Antworten liefere, reagiert die große Mehrheit skeptisch: Lediglich ein Prozent („ganz bestimmt“) und 15 Prozent („eher schon“) stimmen dem zu. Mehr als 80 Prozent verneinen dies ganz oder teilweise, wobei die radikale Ablehnung mit 24 Prozent niedriger liegt als noch zu Beginn des Jahrzehnts. Zudem ist der Eindruck, dass sozial Schwache in der Kirche eine Heimat finden, laut Umfrage von 83 auf 68 Prozent gesunken.

Auch das Verhältnis zum Osterfest ist von Säkularisierung geprägt. Während traditionelle Symbole wie der Osterhase von 81 Prozent als sympathisch wahrgenommen werden, feiert nur noch jeder zweite Österreicher die Auferstehung Jesu Christi als Kern des Festes. Hier zeigt sich ein deutlicher Generationenkonflikt: Bei den Über-50-Jährigen feiern noch 63 Prozent die Auferstehung, bei den unter 29-Jährigen ist es nur noch gut jeder Dritte. Neun Prozent der Befragten gaben zudem an, christliche Feste generell abzulehnen – eine Haltung, die besonders unter Wählern der Grünen überdurchschnittlich oft vertreten ist.",de_34,22.0,11.86029791643813,0.1033434650455927,6.0303951367781155,0.668693009118541,0.20972644376899696
,de,gemini,"Hier ist eine journalistisch aufbereitete, natürlich klingende Zusammenfassung im gleichen Stil:

**ORF-Budget 2016 wird zur ""Herausforderung"" – Grünes Licht für Küniglberg-Anleihe**

Wien – Der ORF steht vor einem seiner wirtschaftlich schwierigsten Jahre. Wie Finanzdirektor Richard Grasl am Donnerstag nach einer Stiftungsratssitzung in Wien miterklärte, belasten vor allem gesetzliche Steueränderungen, die Kosten für das neue Frühfernsehen sowie finanzielle Rückstellungen das kommende Budget. Letztere waren wegen einer Klage des Zentralbetriebsrats zur Anrechnung von Vordienstzeiten nötig geworden; laut Generaldirektor Alexander Wrabetz seien diese aber ausreichend dotiert. 

Das laufende Jahr 2015 schließt der öffentlich-rechtliche Sender hingegen positiv ab: Dank rechtzeitig eingeleiteter Gegenmaßnahmen werde trotz eines schwierigen Werbe- und Finanzmarkts ein ausgeglichenes Ergebnis erwartet, so der kaufmännische Direktor.

Mit großer Mehrheit segnete der Stiftungsrat unterdessen die Teilfinanzierung des Großprojekts am Küniglberg durch eine Privatplatzierungs-Anleihe ab. Ab kommender Woche startet die Platzierung am Markt, am 23. Oktober soll feststehen, wie viele Papiere gezeichnet wurden und wie hoch der Zinssatz ausfällt. Stiftungsrat Thomas Zach wertete den Beschluss als erfreulichen Meilenstein für das Standortprojekt. Die Anleihe richtet sich allerdings exklusiv an Groß- und institutionelle Investoren.

Mit dem Erlös will der ORF einen Teil der rund 300 Millionen Euro schweren Sanierungs- und Ausbaukosten am Küniglberg – darunter den geplanten Newsroom-Zubau – finanzieren. Nach Prüfung verschiedener Optionen, wie etwa Leasing, habe sich die Anleihe als beste Lösung erwiesen. Die Abwicklung der Transaktion übernimmt die UniCredit Bank Austria.",de_35,18.916666666666668,8.097924974268958,0.1013215859030837,6.832599118942731,0.8193832599118943,0.14096916299559473
,de,gemini,"Hier ist eine natürlich formulierte, journalistische Version im gleichen Stil:

**Krähen halten Tokios Polizei in Atem**

Tokio – Eine Serie rätselhafter Sachbeschädigungen hat in Japan die Ermittler auf den Plan gerufen. Wie die Zeitung „Yomiuri Shimbun“ berichtete, hatten sich in der Stadt Matsue Dutzende Autofahrer gemeldet, deren Scheibenwischer manipuliert worden waren. Die Polizei leitete daraufhin eine großangelegte Fahndung ein, setzte rund 50 Beamte für Tag- und Nachtpatrouillen ein und wertete Überwachungskameras aus. Die vermeintlichen Vandalen entpuppten sich jedoch schnell als gefiederte Diebe: Krähen hatten es auf die Gummikanten abgesehen, um damit ihre Nester zu polstern. Gegen die tierischen Täter stand die Polizei am Ende ratlos da: Verhaften lassen sich die Vandalen schließlich nicht.",de_36,22.6,4.498888751680797,0.11504424778761062,6.1946902654867255,0.8495575221238938,0.168141592920354
,de,gemini,"Hier ist eine umgeschriebene, natürlich wirkende Nachrichtenfassung in ähnlicher Länge und im typischen Stil von Sport- und Nachrichtenportalen:

***

**Keine unbefristeten Verträge: Mainz 05 gewinnt richtungsweisenden Rechtsstreit um Ex-Torhüter Müller**

Im Profifußball dürfen Verträge von Spielern auch in Zukunft befristet werden. Das Landesarbeitsgericht Rheinland-Pfalz hat am Mittwoch im langjährigen Rechtsstreit zwischen dem FSV Mainz 05 und dem ehemaligen Torhüter Heinz Müller zu Gunsten der Vereine entschieden und damit eine Branchenkrise abgewendet.

Der 37-jährige Müller war im Sommer 2014 nach Ablauf seines zweijährigen Arbeitspapiers aussortiert worden und hatte daraufhin geklagt. Er wollte gerichtlich feststellen lassen, dass sein Kontrakt in ein unbefristetes Arbeitsverhältnis übergegangen sei. In erster Instanz hatte das Arbeitsgericht Mainz dem Torhüter noch recht gegeben und argumentiert, Fußballprofis müssten wie reguläre Arbeitnehmer behandelt werden – ein Urteil, das im deutschen Profifußball die Angst vor Zuständen wie nach dem „Bosman-Urteil“ und dem Zusammenbruch des Transfersystems ausgelöst hatte. Die Clubs hatten vor chaotischen Zuständen und aufgeblähten Kadern gewarnt.

Das Landesarbeitsgericht hat das erstinstanzliche Urteil nun jedoch komplett kassiert und Müllers Klage abgewiesen. Die Richter befanden, dass die Entscheidung des damaligen Trainers Thomas Tuchel, den Torhüter auszusortieren, im freien Ermessen des Coaches lag. Auch die Tatsache, dass Müller dadurch die Chance auf Einsätze und mögliche Vertragsverlängerungen verwehrte wurde, sei rechtlich nicht zu beanstanden. 

Bei der Deutschen Fußball Liga (DFL) und den Vereinen sorgte das revidierte Urteil für spürbare Erleichterung. Ob Müller und sein Anwalt den Weg zum Bundesarbeitsgericht antreten und Revision einlegen, ist noch offen. Das Gericht hat diese ausdrücklich zugelassen, die Seite des Spielers will das Urteil zunächst eingehend prüfen.",de_37,21.5,10.275375094532235,0.09689922480620156,6.589147286821706,0.7364341085271318,0.17054263565891473
,de,gemini,"Hier ist eine überarbeitete Version im natürlichen Nachrichtenstil, die in Länge und Inhalt dem Original entspricht:

Hamburg – Nach seiner fristlosen Entlassung geht der Publizist Matthias Matussek juristisch gegen den Axel-Springer-Verlag vor. Wie die „Süddeutsche Zeitung“ berichtet, reicht der ehemalige „Welt“-Kolumnist eine Kündigungsschutzklage ein. Auslöser für den Rauswurf waren umstrittene Facebook-Beiträge Matusseks im Anschluss an die Terroranschläge von Paris. Unter anderem hatte er geschrieben, der Terror werde die Debatte über offene Grenzen und unregistrierte junge Männer im Land in eine „neue frische Richtung bewegen“ – versehen mit einem Smiley. „Welt“-Chefredakteur Jan-Eric Peters hatte den Post daraufhin als „durchgeknallt“ bezeichnet. Nach einer weiteren Eskalation des internen Streits zog die Zeitung am 17. November die Konsequenzen und trennte sich von dem Autor.",de_38,17.142857142857142,8.951114398754596,0.09166666666666666,6.466666666666667,0.825,0.15833333333333333
,de,gemini,"Hier ist eine umgeschriebene Version im typischen Stil einer Nachrichten- oder Medienreportage, die Länge und Thema beibehält:

**Frauen-Onlinemagazin scheitert vorerst an Paywall**

Wien/Berlin – Die Geschichten klingen vielversprechend: Ein Porträt über Palästinas einzige Brauerin oder Einblicke in den harten Alltag homosexueller Menschen in Belarus. Mit solchen Beiträgen will Pauline Tillmann mit ihrem Onlinemagazin *Deine Korrespondentin* Schlagzeilen machen. „Wir wollen faszinierende Frauen rund um den Globus vor die Linse und in den Fokus rücken“, erklärt die 32-jährige Gründerin. Derzeit liefern acht freie Journalistinnen im wöchentlichen Rhythmus Berichte aus Regionen wie Indien, Afrika oder Nahost. Pro veröffentlichter Story zahlt das Portal ein Honorar von 100 Euro – und bietet damit eine Bühne für Ecken-und-Kanten-Themen, die in klassischen Medien oft durchs Raster fallen.

Bevor Tillmann das Projekt an den Start brachte, berichtete sie von 2011 bis Anfang 2015 als ARD-Auslandskorrespondentin aus St. Petersburg über Russland und die Ukraine. Doch die Arbeit vor Ort reichte ihr bald nicht mehr aus: Sie wollte nicht nur berichten, sondern als Verlegerin eigene Akzente setzen. Den entscheidenden Impuls gab eine dreimonatige USA-Reise, bei der sie sich intensiv mit der Zukunft des Medienmarkts auseinandersetzte. „Die Branche befindet sich im Umbruch, das ist die absolute Pionierzeit – und da wollte ich unbedingt mitmischen“, so Tillmann.

Nachdem im März eine erfolgreiche Crowdfunding-Kampagne den Grundstock gelegt hatte, folgte im Sommer der Testlauf für ein Bezahlmodell. Fünf Euro monatlich sollten die Leser für die exklusiven Inhalte berappen. Das Ergebnis glich einer Bruchlandung: Lediglich zehn Abonnements kamen zustande – zu wenig für ein tragfähiges Geschäftsmodell. 

Ab diesem Donnerstag fällt die Paywall daher wieder; sämtliche Artikel sind künftig frei abrufbar. „Ich hatte gehofft, dass der Markt in Deutschland reif für Paid Content ist, aber das war ein Irrtum“, zieht Tillmann Bilanz. Es gebe im Netz noch schlicht zu viele hochwertige Gratis-Angebote. 

An ein Ende des Projekts ist jedoch nicht zu denken. Im Gegenteil: Die Reichweite soll erst einmal ausgebaut werden, ein neuer Anlauf mit Bezahlschranke ist in ein bis zwei Jahren geplant. Mittlerweile zeigt sich auch die Investorenszene interessiert. Für frisches Kapital in Höhe von 12.000 Euro überlässt Tillmann Anteile von fünf Prozent an ihrem Unternehmen; im Paket enthalten sind ein Mentoring und ein Platz in einem Cowworking-Space. 

Zusätzlich setzt die Gründerin künftig auf Stiftungsgelder, Events und Kooperationen. Denkbar sei etwa, dass Regionalzeitungen Artikel des Portals lizenzieren. Ganz nach ihrem eigenen Motto, das den Geist der Gründerzeit widerspiegelt: „In Deutschland wird oft zu viel geredet – man muss einfach machen.“",de_39,16.28,8.530041031554303,0.12098765432098765,6.029629629629629,0.7407407407407407,0.1728395061728395
,de,gemini,"Hier ist eine textgleiche, aber sprachlich überarbeitete Version im natürlichen und professionellen Nachrichtenstil:

***

Das geplante Tabakgesetz sorgt in Österreich für massiven Unmut. Trafikanten, Raucher und Dampfer laufen Sturm gegen die Reformpläne der Bundesregierung und überhäufen das Parlament mit kritischen Stellungnahmen. Begleitet wird der Protest von einer breit angelegten Online-Kampagne, bei der neben bissigen Kommentaren auch Internet-Memes und eigens produzierte Hip-Hop-Songs eingesetzt werden. 

Im Zentrum der Kritik stehen zahlreiche Verschärfungen. Trafikanten stören sich vor allem an geplanten Verboten von Kautabak, dem Aus für den Online-Tabakversand sowie größeren Schockbildern auf den Verpackungen. Angeregt durch Interessenvertretungen, machen die Betroffenen nun von ihrem Recht auf individuelle Stellungnahmen Gebrauch – ein sonst eher unüblicher Massenansturm auf das Parlament. Fast täglich gehen Dutzende teils sehr emotionale Schreiben ein. So schimpft eine Bürgerin über die „verlogenen“ Pläne, während ein 65-Raucher seine noch immer intokaute Lungenkapazität ins Feld führt und die Politik kritisiert. Auch das kommende Gastro-Rauchverbot erhitzt die Gemüter: Gastronomen und Gäste warnen vor „amerikanischen Verhältnissen“ und sehen ihre persönlichen Freiheitsrechte massiv beschnitten.

Ebenfalls auf den Barrikaden sind die Nutzer von E-Zigaretten. Ihnen stößt sauer auf, dass der Gesetzesentwurf den Tabakwaren gleichgestellt werden soll. Damit würden künftig auch für sie strenge Rauchverbote gelten, zudem droht das Aus für den Online-Handel mit Dampf-Zubehör. Die Vorgaben gehen auf eine EU-Richtlinie zurück, die von den Mitgliedstaaten bis Mai 2016 umgesetzt werden muss. 

Die gut vernetzte Dampfer-Community, angeführt hierzulande vom Österreichischen Dampferclub, reagiert mit kreativen Mitteln. Im Netz kursieren Rapsongs gegen die Brüsseler EU-Politik, und via Memes wird für den Konsum geworben. Viele Nutzer argumentieren in ihren Parlaments-Eingaben, die E-Zigarette habe ihnen beim Rauchstopp geholfen. Unter dem Motto „Dampf rettet Leben“ fordern sie vehement eine Kursänderung der Regierung.",de_40,16.352941176470587,5.212441862794287,0.11510791366906475,6.73021582733813,0.7841726618705036,0.1906474820143885
,de,gemini,"Hier ist eine umformulierte Version im typischen Nachrichtenstil:

**Muse kommen im Mai in die Wiener Stadthalle – Tickets ab Freitag erhältlich**

Wien – Rock-Fans können sich auf spektakuläre Live-Effekte freuen: Die britische Band Muse tritt am 9. Mai 2016 in der Wiener Stadthalle auf. Wie der Veranstalter mitbekannt gab, spielen die Musiker auf einer speziellen 360-Grad-Bühne direkt in der Hallenmitte. Passend zum jüngsten Album „Drones“ ist zudem der Einsatz kleiner Kameradrohnen während der Show geplant. Zuletzt war das Trio rund um Sänger Matthew Bellamy im Juni beim Festival „Rock in Vienna“ auf der Donauinsel zu erleben. Der Vorverkauf für das Konzert in der Stadthalle beginnt am kommenden Freitag, den 18. September.",de_41,15.857142857142858,10.534685179763784,0.0990990990990991,5.612612612612613,0.7927927927927928,0.23423423423423423
,de,gemini,"Hier ist eine Formulierung im natürlichen Nachrichtenstil, die den Inhalt prägnant zusammenfasst und in Länge und Thema dem Original entspricht:

**Keine Auslieferung serbischer Nationalisten an UN-Tribunal**

Belgrad/Den Haag – Ein Gericht in Belgrad hat am Mittwoch die Überstellung von drei serbischen Ultranationalisten an den UN-Kriegsverbrechertribunals in Den Haag abgelehnt. Zur Begründung hieß es, die bestehende Auslieferungspflicht Serbiens beziehe sich lediglich auf schwere Vorwürfe wie Völkermord und Verbrechen gegen die Menschheit, nicht jedoch auf den aktuellen Anklagepunkt der Missachtung des Gerichts. Das UN-Tribunal hatte die drei Parteigänger des radikalen Politikers Vojislav Šešelj beschuldigt, Zeugen im Prozess gegen Šešelj bedroht, erpresst und bestochen zu haben, um Aussagen gegen ihn zu verhindern. Die entsprechenden Vorwürfe waren im Dezember publik geworden. Šešelj selbst war im März in erster Instanz überraschend von allen Kriegsverbrechervorwürfen freigesprochen worden; das Berufungsverfahren läuft derzeit. Die serbische Regierung hatte im März dennoch Schritte zur Auslieferung der drei Parteimitglieder eingeleitet.",de_42,24.833333333333332,13.45878482214828,0.09395973154362416,6.758389261744966,0.7718120805369127,0.18120805369127516
,de,gemini,"Hier ist eine redigierte, natürlich klingende Programmübersicht im typischen Stil von TV-Magazinen:

**TV-Tipps des Tages: Europapolitik, Frauenrechte und prominente Gäste in der Wildnis**

Los geht es um 11:05 Uhr im *ORF 2* mit dem **Europastudio**: Paul Lendvai debattiert mit internationalen Journalisten über die Zukunft der EU ohne die Briten. Um 13:05 Uhr widmet sich das *ORF 2*-**Panorama** dem Weltfrauentag und zeigt eine historische Reportage aus dem Jahr 1978 zur Gleichberechtigung, gefolgt vom Magazin *Heimat, fremde Heimat* mit Beiträgen über Migrantinnen und Essstörungen.

Kulturinteressierte kommen am Nachmittag auf *Arte* auf ihre Kosten: **Metropolis** (16:50 Uhr) reist unter anderem nach Breslau, Paris und ins Museum nach ’s-Hertogenbosch. Am Abend zeigt *ORF 3* ab 19:25 Uhr in **Erlebnis Bühne** ein Porträt der Operndiva Christa Ludwig im Gespräch mit Hermi Löbl, gefolgt von „Ariadne auf Naxos“.

Aktuelle politische Brennpunkte stehen abends im Fokus: Bei **Anne Will** (21:45 Uhr, ARD) diskutieren Politiker wie Heiko Maas, Sebastian Kurz und Katja Kipping über das anhaltende Flüchtlingsdrama vor dem EU-Gipfel. Zeitgleich widmet sich die Talkrunde **Im Zentrum** (22:00 Uhr, ORF 2) der österreichischen Flüchtlingspolitik im europäischen Kontext – unter anderem mit Vizekanzler Reinhold Mitterlehner.

Spät abends zeigt *ORF 2* (ab 23:05 Uhr) zum Weltfrauen-Schwerpunkt bewegende Dokumentationen, darunter den Film „Wenn Frauen Frieden machen“ über ein israelisch-palästinensisches Unternehmensprojekt sowie Porträts über Vivienne Westwood und Coco Chanel. Das Kulturmagazin **Titel, thesen, temperamente** (23:05 Uhr, ARD) blickt unter anderem auf Juli Zehs neuen Roman und Pekings Pop-Szene. 

Ein echtes Highlight für Nachtschwärmer läuft schließlich ab 23:15 Uhr auf *Dmax*: In **Stars am Limit** entführt Abenteurer Bear Grylls den damaligen US-Präsidenten Barack Obama in die raue Wildnis.",de_43,29.444444444444443,8.05689644012591,0.13962264150943396,6.256603773584906,0.7660377358490567,0.13584905660377358
,de,gemini,"Hier ist eine neu formulierte Version im typischen Nachrichtenstil, die Länge und Thema beibehält:

**Kittel holt Giro-Etappensieg und Gesamtführung**

Arnheim – Marcel Kittel hat beim Giro d'Italia seine Dominanz in den Sprintentscheidungen unterstrichen. Einen Tag nach seinem Auftakterfolg gewann der deutsche Radprofi auch die dritte Etappe von Nijmegen nach Arnheim. Nach 190 Kilometern verwies der 27-Teilnehmer vom Team Etixx den Italiener Elia Viviani mit deutlichem Vorsprung auf den zweiten Platz. 

Dank der gewonnenen Zeitgutschriften löste Kittel zudem den bisherigen Spitzenreiter Tom Dumoulin aus den Niederlanden ab und übernahm das Rosa Trikot. Für Kittel ist es das zweite Mal nach 2014, dass er beim Giro die Gesamtwertung anführt – damals hatte er das Rennen nach Etappensiegen in Nordirland krankheitsbedingt aufgeben müssen. „Ich bin stolz, das Rosa Trikot zu tragen“, sagte der Etappensieger.

Aus österreichischer Sicht verlief der Tagesabschnitt vor Hunderttausenden Zuschauern erfreulich. Matthias Brändle (IAM) machte im Gesamtklassement einen weiteren Platz gut und verbesserte sich auf Rang sieben (23 Sekunden Rückstand). Sein Landsmann Georg Preidler (Giant) fuhr als Tages-21. über den Zielstrich und kletterte in der Gesamtwertung vom zwölften auf den zehnten Platz (26 Sekunden zurück). 

Nach drei Etappen in den Niederlanden führt der 99. Giro d'Italia ab Dienstag über die Alpen weiter nach Italien.

**Ergebnis 3. Etappe (Nijmegen–Arnheim, 190 km):**
1. Marcel Kittel (GER/Etixx) 4:23:45 Std.
2. Elia Viviani (ITA/Sky) gleicher Zeit
3. Giacomo Nizzolo (ITA/Trek)
4. André Greipel (GER/Lotto)
5. Alexander Porsew (RUS/Katjuscha)
6. Kristian Sbaragli (ITA/Dimension Data)
*Ferner:* 21. Georg Preidler (AUT/Giant), 86. Matthias Brändle (AUT/IAM) alle gl. Zeit – 168. Stefan Denifl (AUT/IAM) +6:03 Min. – 178. Riccardo Zoidl (AUT/Trek) +7:39.

**Gesamtwertung:**
1. Marcel Kittel (GER/Etixx) 9:13:10 Std.
2. Tom Dumoulin (NED/Giant) +0:09 Min.
3. Andrey Amador (CRC/Movistar) +0:15
4. Tobias Ludvigsson (SWE/Giant) +0:17
5. Moreno Moser (ITA/Cannondale) +0:21
6. Bob Jungels (LUX/Etixx) +0:22
7. Matthias Brändle (AUT/IAM) +0:23
*Ferner:* 10. Georg Preidler (AUT/Giant) +0:26 – 171. Riccardo Zoidl (AUT/Trek) +8:16 – 178. Stefan Denifl (AUT/IAM) +8:38.",de_44,8.0,7.358668357794092,0.20625,6.11875,0.70625,0.103125
,de,gemini,"Hier ist eine umformulierte Version im typischen Stil einer Nachrichtenmeldung, die Länge und Inhalt beibehält:

**Linz: Überraschende Bewegung in der Debatte um die „Aphrodite vom Bauernberg“**

In der jahrelangen Kontroverse um die NS-Leihgabe der Aphrodite zeichnet sich in Linz eine unerwartete Wende ab. Der Gemeinderat hat am Donnerstagabend einen Dringlichkeitsantrag deutlich angenommen, der die Einsetzung einer Arbeitsgruppe zur Prüfung einer Rückkehr vorsieht. Bemerkenswert ist dabei der Kurswechsel der bisher strikten Gegner: Sowohl SPÖ als auch Grüne stimmten dem Antrag zu, wodurch die politischen Fronten erstmals aufweichen.

Die Statue war 1942 von Adolf Hitler an die Stadt Linz geschenkt und 2008 unter dem damaligen Bürgermeister Franz Dobusch ins Stadtmuseum Nordico verbannt worden, nachdem Kunststudenten auf die Hintergründe aufmerksam gemacht hatten. Der Abguss – das Original des Bildhauers Wilhelm Wandschneider stand einst in der Berliner Reichskanzlei – soll nun von hochrangigen Experten unter die Lupe genommen werden. Laut Vizebürgermeister Bernhard Baier (ÖVP) gehören dem Gremium Kulturdirektor Julius Stieber, Nordico-Leiterin Andrea Bina und Stadtarchiv-Chef Walter Schuster an, unterstützt von weiteren Fachleuten. Sie sollen nicht nur über eine Wiederaufstellung im öffentlichen Raum beraten, sondern auch flankierende Projekte für eine kritische Erinnerungskultur entwickeln.

In der Causa drängt die Zeit: Die behördliche Verwahrungsfrist des Bundesdenkmalamts läuft am 15. Mai aus, und eine Aufforderung zur Wiederaufstellung liegt bereits im Rathaus vor. Ob das Bundesdenkmalamt angesichts der neu gegründeten Arbeitsgruppe einer Verlängerung der Frist zustimmt, ist derzeit noch unklar.",de_45,23.1,8.791473141629906,0.09956709956709957,6.48051948051948,0.7792207792207793,0.18614718614718614
,de,gemini,"Hier ist eine naturalistische, im Nachrichtenton gehaltene Version in ähnlicher Länge:

„Vom ‚Großvater-Typ‘ bis zum Manager: Die Plakate zur Hofburg-Wahl lassen Wien-Touristen oft ganz anders reagieren, als von den Parteizentralen geplant. Was Urlauber, die weder die Kandidaten noch meist die Slogans kennen, beim Anblick der Werbeflächen in der Wiener Innenstadt empfinden, hat *DER STANDARD* in einer Umfrage herausgefunden.“",de_46,19.666666666666668,13.299958228840003,0.15517241379310345,6.396551724137931,0.9137931034482759,0.1896551724137931
,de,gemini,"**Wegen zu langer Wartezeit soll ein 58-jähriger Mann in einer Wiener Spitalsambulanz einen Sicherheitsmitarbeiter mit Pfefferspray attackiert haben. Vor Gericht traf er auf eine verständnisvolle Richterin – zu einem Urteil kam es vorerst dennoch nicht.**

Wien – Schon zu Prozessbeginn ließ Richterin Martina Krainz durchklingen, dass sie die Gefühlslage des Angeklagten durchaus nachvollziehen kann. „Sie waren also in der Ambulanz, da war Ihnen sicher ein bisschen fad beim Warten, und dann sind Sie grantig geworden“, formulierte sie ihre Vermutung, wie es zu dem Vorfall kommen konnte. Dem 58-jährigen Heinrich S. wird zur Last gelegt, im Krankenhaus einen Security-Mann besprüht und sich später gegen die Beamten gewehrt zu haben. Auf die Frage nach seinen Vorstrafen antwortet der Angeklagte fatalistisch: „Mit der jetzt sind es 23.“ 

Er zeigt sich teilschuldig: Den Sicherheitsmann habe er tatsächlich attackiert, die Polizisten hingegen nicht. Ganz im Gegenteil – die Beamten hätten seinen Kopf im Warteraum mehrfach gegen den Boden geschlagen, so seine Darstellung. Warum er trotz Waffenverbots einen Pfefferspray bei sich trug, will die Richterin von dem unter Sachwalterschaft stehenden Mann wissen. „Den habe ich davor im Bus gefunden. Ich wusste nicht, dass der unter das Waffenverbot fällt“, rechtfertigt er sich. Krainz kontert trocken: „Was soll er sonst sein? Ein Kochzubehör?“ Laut seiner Anwältin Katrin Ehrbar hatte S. an jenem Abend zwar Alkohol und Tabletten konsumiert, will aber klarer Sinne gewesen sein.

Gegen zwei Uhr nachts war er wegen einer Handverletzung in die Ambulanz gekommen – um diese Uhrzeit hatten schließlich keine Kassenarztpraxen mehr geöffnet. Nach einer Viertelstunde Wartezeit, von insgesamt mindestens einer Stunde, beschwerte er sich bei einem Pfleger. Dieser fühlte sich bedroht und holte den Sicherheitsdienst. Der betroffene Security-Mitarbeiter schildert als Zeuge, S. sei zunächst unauffällig gewesen, habe ihm dann aber den Mittelfinger gezeigt. Nach einer Ermahnung habe er sich weggedreht, dann ein Zischgeräusch gehört und den Pfefferspray im Gesicht gespürt. Danach soll der 58-Jährige noch ein Messer gezückt und Stichbewegungen angedeutet haben, woraufhin die Polizei gerufen wurde. Als diese eintraf, sei S. laut Zeugenaussage bereits wieder ruhig gewesen, wurde jedoch trotzdem an der Wand fixiert.

Die Befragung des Pflegers verläuft recht humorvoll. Da vorherige Verhandlungen zu einer Stunde Verspätung geführt hatten, entschuldigt sich die Richterin bei ihm. Als der Zeuge abwinkt („Kein Problem“), scherzt Krainz: „Wobei, andererseits, ich habe auch schon so lange im Spital warten müssen, also nehme ich das wieder zurück.“ 

Ein anwesender Polizist berichtet schließlich von der Amtshandlung und einer widerspenstigen Leibesvisitation auf der Inspektion. Dabei soll es zu einer kuriosen Situation gekommen sein: Obwohl zwei Beamte den Beschuldigten an der Wand hielten, habe dieser es geschafft, dem Zeugen den Pfefferspray aus einer mit Druckknopf gesicherten Gürteltasche zu entwenden. Zudem sei er am Kopf getroffen worden, sodass seine Brille zu Boden flog. 

Ein Urteil gibt es vorerst nicht. Richterin Krainz will zur lückenlosen Klärung des Vorfalls noch weitere Polizisten als Zeugen laden und hat den Prozess vertagt.",de_47,14.575757575757576,7.3403422553774,0.13836477987421383,5.89727463312369,0.6708595387840671,0.11949685534591195
,de,gemini,"**Wien – Innenministerin Johanna Mikl-Leitner (ÖVP) hat per Weisung angeordnet, den Großteil der Asylverfahren in Österreich vorerst auf Eis zu legen. Damit macht sie Ernst mit ihrer Ankündigung aus der vergangenen Woche, den Druck auf EU-Ebene zu erhöhen und das heimische System zu entlasten. Neu eintreffende Flüchtlinge müssen sich künftig auf deutlich längere Wartezeiten einstellen, wie das Innenministerium am Freitag mitbekanntgab.**

Konkret werden alle verfügbaren Kräfte des Bundesamtes für Fremdenwesen und Asyl (BFA) gebündelt, um beschleunigt jene Fälle abzuarbeiten, die unter die sogenannte Dublin-Verordnung fallen. Das bedeutet: Asylanträge werden zwar entgegengenommen und die Betroffenen in der ohnehin stark überlasteten Grundversorgung untergebracht, die inhaltliche Prüfung wird jedoch nach hinten gereiht – es sei denn, ein anderer EU-Staat ist für das Verfahren zuständig. 

Im Jahr 2014 traf dies auf rund ein Viertel der knapp 23.000 Anträge zu. In rund 80 Prozent dieser Dublin-Fälle wurden die Betroffenen in ihr Erstaufnahmeland – meist Ungarn oder Italien – zurückgeschickt. Mikl-Leitner begründete den Schritt damit, dass Österreich zum bevorzugten Zielland für Flüchtlinge geworden sei. Vor allem der im Europavergleich sehr zügige Familiennachzug habe dazu geführt, dass Österreich zum „Asylexpress“ mutiert sei. 

Kritik kam umgehend von Hilfsorganisationen. Herbert Langthaler von der Asylkoordination nannte den Stopp inhuman, da vor allem Menschen aus Kriegsgebieten wie Syrien oder dem Irak, die oft unter Lebensgefahr geflohen seien, nun jegliche Hoffnung auf ein Wiedersehen mit ihren Familien in Sicherheit genommen werde. Zudem bezweifelte Langthaler, dass die Maßnahme rechtlich gedeckt sei, da solche Eingriffe nur bei einem massiven Zustrom vorgesehen seien.

Auch Rechtsexperten melden Bedenken an. Asylrechtler Georg Bürstmayr verwies im Gespräch mit der Tageszeitung „Standard“ auf das Allgemeine Verwaltungsverfahrensgesetz (AVG), wonach Behörden innerhalb von sechs Monaten entscheiden müssen. Sollte die Weisung rechtswidrig sein, stehe gar der Verdacht des Amtsmissbrauchs im Raum, so Bürstmayr.

Mikl-Leitner wies die Kritik am Samstag zurück. Sie habe keine Anweisung zum Nichtstun erteilt, sondern lediglich Prioritäten gesetzt. Angesichts der enormen Antragszahlen lasse die personelle und kapazitive Situation operativ keine andere Handlungsweise mehr zu. Es handle sich um eine „Entscheidung der Vernunft“.

Politischen Gegenwind gab es von der Opposition. Grünen-Menschenrechtssprecherin Alev Korun warf der Ministerin vor, rechtsstaatliche Verfahren auszuhebeln, und forderte sie auf, die Agenden abzugeben. Niki Scherak (NEOS) sprach von einer „Bankrotterklärung“ für das Land, die unweigerlich zu noch mehr Zeltstädten in der Grundversorgung führen werde. Die FPÖ forderte unterdessen schärfere Maßnahmen wie temporäre Grenzkontrollen, während die Sozialistische Jugend (SJ) und die Jungen Grünen den sofortigen Rücktritt der Innenministerin forderten. Bereits laufende Verfahren sind von dem Stopp laut Ministerium übrigens nicht betroffen.",de_48,16.64,8.79035835446997,0.11835748792270531,6.480676328502415,0.7391304347826086,0.178743961352657
,de,gemini,"Hier ist eine Neufassung im typischen Agentur- und Nachrichtenstil (ähnliche Länge, gleicher Inhalt):

**Washington – Bei einem US-Luftangriff auf ein Ausbildungslager der Terrororganisation Al-Kaida im Jemen sind nach Pentagon-Angaben Dutzende Extremisten getötet worden. Das Lager in einer Bergregion des Bürgerkriegslandes sei von mehr als 70 Kämpfern genutzt worden, teilte das US-Verteidigungsministerium am Dienstag mit. Zwar würden die genauen Auswirkungen des Angriffs noch ausgewertet, erste Erkenntnisse bestätigten jedoch zahlreiche Todesopfer unter den Terroristen. Die Attacke sei ein schwerer Schlag gegen die Gruppierung Al-Kaida auf der Arabischen Halbinsel (AQAP), die den Jemen als Ausgangbasis für Anschlagsdrohungen gegen US-Bürger missbrauche. AQAP ist in dem krisengeschüttelten Land stark präsent. Im Jemen bekämpfen sich seit einem Jahr Truppen von Präsident Hadi und ein von Saudi-Arabien angeführtes Militärbündnis auf der einen sowie schiitische Huthi-Rebellen auf der anderen Seite, die weite Teile im Norden und Westen kontrollieren.**",de_49,20.142857142857142,11.519282857496833,0.08571428571428572,6.6,0.8,0.19285714285714287
,de,gemini,"Hier ist eine Version im natürlichen, flüssigen Nachrichtenstil, die in Länge und Inhalt dem Original entspricht:

Welche Romane liegen zurzeit auf Ihrem Nachttisch, an welchen Orten greifen Sie am liebsten zum Buch und von wem holen Sie sich Lesetipps? Erst vergangene Woche haben wir unseren neuen Community-Buchklub ins das Leben gerufen. Aus drei nominierten Werken hat sich Ernest Hemingways Klassiker „Der alte Mann und das Meer“ durchgesetzt – am 15. Oktober besprechen wir diese bekannte Novelle. Das Ganze ist zwar noch ein Testlauf, aber unsere Vorfreude ist riesig. Bevor es richtig losgeht, interessiert uns brennend: Was haben Sie in der letzten Zeit gelesen? Welche Bücher, Artikel oder Blogs finden Sie besonders lesenswert oder anregend? Bei welcher Lektüre beißen Sie sich gerade die Zähne aus, und welches Buch konnten Sie gar nicht mehr aus der Hand legen? Wann und wo schmöckern Sie am liebsten? Schreiben Sie uns fleißig in die Kommentare. Und nicht vergessen: In zwei Wochen findet bereits das erste Treffen unseres Buchklubs statt. Bis dahin wünschen wir Ihnen eine gute Zeit und viel Lesevergnügen! (kub, 1.10.2015)",de_50,11.933333333333334,9.38414738919963,0.14124293785310735,5.435028248587571,0.8022598870056498,0.15819209039548024
,de,gemini,"**Porto-Novo –** Bei den Präsidentschaftswahlen im westafrikanischen Benin hat sich am Sonntag ein Rekordergebnis abgezeichnet: 33 Kandidaten hatten sich um die Nachfolge von Staatschef Thomas Boni Yayi beworben, der nach zwei Amtszeiten nicht mehr antreten durfte. Als aussichtsreichster Anwärter galt Regierungschef Lionel Zinsou. Der 61-jährige Deutsch-Beniner, einziger Kandidat des Regierungsbündnisses, war im Wahlkampf mit dem Versprechen angetreten, massiv in den Agrarsektor zu investieren und neue Jobs zu schaffen. 

Benin zählt zu den ärmsten Staaten der Region und leidet stark unter Korruption sowie massiver Jugendarbeitslosigkeit; die Wirtschaft stützt sich vor allem auf den Export von Baumwolle. Beobachter berichteten zudem, dass sich zahlreiche einflussreiche Persönlichkeiten aus Politik, Religion und traditionellen Stammesstrukturen im Wahlkampf für Empfehlungen bezahlen ließen. Neben dem Favoriten Zinsou galten vor allem vier prominente Wirtschafts- und Finanzexperten als schärfste Konkurrenten: der Baumwoll-Milliardär Patrice Talon, der Lebensmittelgroßhändler Sebastien Ajavon, Ex-Regierungschef Pascal Koupaki sowie der frühere IWF-Afrika-Direktor Abdoulaye Bio Tchane.

Von den knapp elf Millionen Einwohnern waren rund 4,7 Millionen Bürger zur Stimmabgabe aufgerufen. Vor den Wahllokalen, die bis 18.00 Uhr MEZ geöffnet blieben, bildeten sich gebietsweise lange, aber friedliche Warteschlangen. Um einen ordnungsgemäßen Ablauf in dem zwischen Togo und Nigeria gelegenen Land zu garantieren, hatte allein die Afrikanische Union rund 40 Wahlbeobachter entsandt. Mit offiziellen Ergebnissen wird innerhalb der nächsten fünf Tage gerechnet; sollte im ersten Wahlgang kein Kandidat die absolute Mehrheit erreichen, ist für den 20. März eine Stichwahl angesetzt.",de_51,19.25,10.158124826955023,0.13043478260869565,6.769565217391304,0.8173913043478261,0.14782608695652175
,de,gemini,"**Salzburg vor Play-off-Hinspiel in Minsk stark ersatzgeschwächt**

Red Bull Salzburg steht vor dem Hinspiel im Europa-League-Play-off am Donnerstag (18.00 Uhr MESZ/live auf Puls 4) bei Dinamo Minsk vor großen personellen Herausforderungen. Nach dem verpassten Einzug in die Champions League will der österreichische Meister im Duell mit den Weißrussen zumindest die Gruppenphase der Europa League fixieren, reist jedoch mit einem stark dezimierten Kader an.

Neben den Langzeitverletzten Omer Damari und Kapitän Jonatan Soriano fielen kurz vor dem Abflug am Mittwoch auch Abwehrchef Martin Hinteregger (Schambeinentzündung), Marco Djuricin (Knöchelverletzung) und Harvard Nielsen (Erkältung) aus. Trainer Peter Zeidler muss seine Startelf daher auf einigen Positionen umbauen: Paulo Miranda ersetzt Hinteregger in der Innenverteidigung, während im Sturm voraussichtlich Dimitri Oberlin neben Jordi Reyna auflaufen wird.

Während Salzburg in der heimischen Bundesliga zuletzt aufwind spürte, präsentiert sich der Gegner aus Minsk in herausragender Verfassung. Die Weißrussen sind in der Liga seit Anfang Juni ungeschlagen, feierten zuletzt sieben Siege in Folge und schoben sich bis auf drei Punkte an Tabellenführer BATE Borissow heran. Gefährlichster Akteur ist der montenegrinische Angreifer Fatos Beqiraj. Allerdings muss Dinamo das ""Heimspiel"" wegen UEFA-Stadionauflagen rund 350 Kilometer entfernt im Stadion von Dinamo Brest austragen.

Minsks serbischer Trainer Vuk Rasovic schob den ""Bullen"" die Favoritenrolle zu. Zeidler warnte jedoch davor, den Gegner zu unterschätzen: „Wir brauchen zwei hochkonzentrierte Leistungen, um unser Saisonziel zu erreichen.“ Das Rückspiel findet am 27. August in Salzburg statt.",de_52,17.846153846153847,9.002958093752842,0.09565217391304348,6.460869565217391,0.7782608695652173,0.14782608695652175
,de,gemini,"**Traismauer plant neuerliche Windkraft-Volksbefragung**

In Traismauer (Bezirk St. Pölten-Land) kommt es zu einer Neuauflage der Bürgerbefragung zum Thema Windkraft. Wie Bürgermeister Herbert Pfeffer (SPÖ) am Freitag ankündigte, wird der genaue Termin sowie die genaue Fragestellung im Februar vom Gemeinderat beschlossen. Zuvor soll noch ein rechtliches Gutachten des Verfassungsrechtlers Theo Öhlinger eingeholt werden. 

Die Initiative geht auf die unabhängige Bürgerliste MIT (Miteinander in Traismauer) zurück, die hartnäckig eine zweite Befragung gefordert hatte. Bereits im November 2014 hatte sich eine klare Mehrheit von fast zwei Dritteln für die Umwidmung von Teilflächen in einer Windkrafteignungszone ausgesprochen, womit bis zu fünf Windräder möglich wären. 

Weil die Bürgerliste jedoch nicht locker ließ und Unterschriften sammelte, schaltete sie schließlich die Bezirkshauptmannschaft St. Pölten ein. Diese verwies auf die nö. Gemeindeordnung: Demnach muss eine Volksbefragung stattfinden, wenn eine entsprechende Initiative von mehr als zehn Prozent der Wahlberechtigten unterstützt wird und auf ihrem Anliegen beharrt. 

Obwohl der Gemeinderat im Dezember 2015 – gestützt auf das erste Votum und die Stimmen von SPÖ und Grünen – das Umwidmungsverfahren für die Gebiete Seelackenberg und Reutbühel gestartet hatte, treibt die Bürgerliste den Widerstand voran. Laut Sprecherin Elisabeth Wegl wurde diese Woche zudem eine Sachverhaltsdarstellung bei der Volksanwaltschaft eingebracht. MIT fordert nun, sämtliche Schritte für die Windkraftprojekte bis zur neuen Volksbefragung sofort zu stoppen.",de_53,16.307692307692307,9.168378896927916,0.09905660377358491,6.570754716981132,0.7735849056603774,0.2028301886792453
,de,gemini,"Hier ist eine sprachlich natürliche, im typischen Nachrichtenstil gehaltene Variante, die Länge und Thema beibehält:

**Münchnerin verliert während der Fahrt Ehemann aus dem Auto**

München – In München hat eine Autofahrerin am Wochenende ihren Ehemann während der Fahrt auf der Straße verloren. Laut Polizeiangaben vom Montag stürzte der 28-Jährige am Vortag aus dem Wagen, nachdem er sich gegen die Beifahrertür gelehnt hatte und diese plötzlich aufsprang. Wie es dazu kommen konnte, ist noch unklar. Der Mann zog sich leichte Verletzungen zu und wurde im Krankenhaus ambulant versorgt. Zuvor hatte sich der Gurt des 28-Jährigen in der Tür verklemmt, weshalb er an einer roten Ampel die Tür geöffnet und ihn gelöst hatte. Er blieb daraufhin ungegurtet. Kurz nach der Weiterfahrt durch seine 30-jährige Frau kam es dann zu dem ungewöhnlichen Unfall.",de_54,18.571428571428573,11.80625914936822,0.1,5.530769230769231,0.7769230769230769,0.16923076923076924
,de,gemini,"Hier ist eine journalistisch aufbereitete, eigenformulierte Version im natürlichen Nachrichten- und Kommentarstil, die thematisch und in der Länge dem Original entspricht:

***

**Die Illusion vom Schutz: Warum Impfskepsis zur Gefahr wird**

Immer mehr Eltern entscheiden sich bewusst gegen den Piks für ihren Nachwuchs und fallen dabei auf die Demagogie von Pseudomedizinern herein. Ein aktuelles Kinderbuch mit dem Titel *„Sarah will nicht geimpft werden“*, verfasst vom deutschen Homöopathen Andreas Bachmair, befeuert diesen Trend. Bachmair, der bereits 2012 das Werk *„Leben ohne Impfung“* herausbrachte und die Plattform impfschaden.info betreibt, richtet sich damit gezielt an Kinder ab sechs Jahren. Er bewirbt die Geschichte als Vorlesebuch gegen angebliche Impfpropaganda – wohl wissend, dass Impfgegner oft mit gesellschaftlichem Gegenwind zu kämpfen haben. 

Dass dieser Gegenwind berechtigt ist, zeigt sich an der wachsenden Verbreitung irrationaler Ideologien. Impfungen zählen zu den größten Errungenschaften der modernen Medizin und haben historisch mehr Leben gerettet als fast jede andere Therapie. Dennoch wächst die Skepsis – paradoxerweise besonders in bildungsnahen Schichten. Forscher der Medizinischen Universität Wien wiesen nach, dass gerade Akademiker in Österreich und Deutschland wissenschaftliche Fakten oft ignorieren.

Das psychologische Motiv ist nachvollziehbar: Eltern wollen ihre Kinder beschützen. Wenn Impfgegner jedoch gezielt Ängste schüren, lassen sich viele von der Illusion leiten, durch den Verzicht auf Impfungen das Risiko zu minimieren. Dabei blenden sie völlig aus, welche Gefahren von den eigentlichen Infektionskrankheiten ausgehen. Der enorme Erfolg von Impfungen ist hierbei ihr größtes Problem: Die einst bedrohlichen Krankheiten sind aus dem alltäglichen Bewusstsein verschwunden, während vermeintliche Nebenwirkungen dramatisiert werden.

Diese Unkenntnis gipfelt bisweilen in absurden Verschwörungstheorien. Ein prominentes Beispiel ist der deutsche Biologe Stefan Lanka, der die Existenz von Viren rundweg leugnet und Impfungen als Pharma-V Verschwörung darstellt. Erst kürzlich musste Lanka nach einem juristischen Streit mit dem Mediziner David Bardens eine ausgelobte Prämie von 100.000 Euro für den wissenschaftlichen Nachweis von Masernviren auszahlen. Für seine antiwissenschaftliche Propaganda erhielt Lanka im Oktober zudem den Negativpreis „Das Goldene Brett“.

Die Konsequenzen mangelnden Wissens sind gravierend. Krankheiten wie Masern, Mumps oder Polio können zu schweren Komplikationen bis hin zum Tod führen. Obwohl die Medizin die Werkzeuge zu ihrer Ausrottung besitzt, greifen immer mehr Menschen zu fragwürdigen Alternativen. Dabei vergessen sie, dass Impfen keine reine Privatsache ist. Personen, die aus gesundheitlichen Gründen nicht geimpft werden können – wie Säuglinge oder immungeschwächte Menschen –, sind auf die sogenannte Herdenimmunität angewiesen. Wenn jedoch die Zahl der Verweigerer steigt, bricht dieser Schutz zusammen. Während in Europa die Fallzahlen wieder steigen, fordern vermeidbare Masernepidemien weltweit nach wie vor Menschenleben – wie aktuell Hunderte Tote in der Demokratischen Republik Kongo.

Um diesem Trend entgegenzuwirken, braucht es massive Aufklärungsarbeit. Staatliche Kampagnen verfehlen oft ihr Ziel, weil sie als Bevormundung wahrgenommen werden. Solange grundlegende Mechanismen von Medizin und Immunität in der Bevölkerung nicht verstanden werden, greifen die Mythen der Impfgegner. 

Es ist eine Tragödie, dass der gut gemeinte Wunsch nach Schutz durch mangelnde Information ins Gegenteil verkehrt wird. Im Buch von Andreas Bachmair ärgert sich die kleine Sarah darüber, dass sie wegen fehlender Impfungen nicht mit zu den Pfadfindern darf. Wüsste sie jedoch, welchen lebensgefährlichen Erregern sie ohne Impfschutz ausgesetzt ist, würde sie ihre Prioritäten vermutlich schnell überdenken.",de_55,16.70967741935484,8.38275321769912,0.12209302325581395,6.554263565891473,0.7170542635658915,0.16279069767441862
,de,gemini,"**Volksanwaltschaft prüft Volksschule in Groß-Siegharts nach neun negativen Schulstufen**

Groß-Siegharts/Wien – Neun negative Jahresbeurteilungen in einer dritten Volksschulklasse in Groß-Siegharts (Bezirk Waidhofen a.d. Thaya) sorgen für Aufsehen und rufen die Volksanwaltschaft auf den Plan. Volksanwalt Peter Fichtenbauer hat ein Prüfverfahren eingeleitet, da Zweifel an der pädagogischen Eignung der Lehrerin bestehen und der Verdacht von Mängeln in der Schulverwaltung im Raum steht. Es müsse geklärt werden, ob die Schulaufsicht informiert war und ob die Unterrichtsqualität überprüft wurde. Ein derartiger Vorfall sei für die betroffenen Kinder traumatisierend, betonte Fichtenbauer. Sollten sich pädagogische Defizite bestätigen, seien dienstrechtliche Konsequenzen unumgänglich.

Der zuständige Pflichtschulinspektor Franz Weinberger bestätigte gegenüber der APA acht Fälle. Die betroffene Klasse in Groß-Siegharts sei bereits seit dem Schuleintritt extrem leistungsschwach gewesen. Weinberger wies darauf hin, dass in der ersten und zweiten Schulstufe eine sogenannte Umstufung möglich gewesen wäre, was von den Eltern jedoch trotz entsprechender Empfehlungen abgelehnt worden sei. Im Halbjahr der dritten Klasse habe es dann acht angekündigte negative Noten gegeben. Vier Familien hätten daraufhin eingelenkt und eine freiwillige Wiederholung beantragt. Lediglich eine Familie sei mit dem letztlich positiven oder negativen Ausgang in den verbleibenden Fällen nicht einverstanden gewesen.",de_56,14.615384615384615,7.322656742955246,0.10052910052910052,6.931216931216931,0.798941798941799,0.1746031746031746
,de,gemini,"**Google plant angeblich Verschmelzung von Android und Chrome OS**

Bereits seit Jahren wird spekuliert, dass Google seine beiden Betriebssysteme Android und Chrome OS zusammenlegen könnte. Wie das *Wall Street Journal* unter Berufung auf Insider berichtet, macht Konzernchef Sundar Pichai diesen Schritt nun tatsächlich wahr. Demnach arbeiten Entwickler seit rund zwei Jahren an einer gemeinsamen technologischen Basis. Eine erste Betaversion wird dem Vernehmen nach für das kommende Jahr erwartet, die offizielle Fertigstellung ist für 2017 anvisiert. 

Berichte über ein bevorstehendes Aus für Chrome OS wies Android- und Chrome-Chef Hiroshi Lockheimer umgehend via Twitter zurück. Das Unternehmen stehe weiterhin voll hinter dem Laptop-System und den Chromebooks, betonte er. Tatsächlich wäre eine komplette Einstellung überraschend: Obwohl der globale Marktanteil bei Laptops laut Marktforschern von IDC bei nur rund drei Prozent liegt, sind Chromebooks vor allem im US-Bildungssektor sowie im Geschäftskundenbereich enorm erfolgreich. 

Experten gehen daher eher von einer architektonischen Vereinheitlichung aus, die verschiedene Geräteklassen bedienen soll. Dies würde nicht nur Entwicklungsaufwand sparen, sondern auch die jeweiligen Vorzüge beider Systeme vereinen. Spannend dürfte dabei sein, wie sich die Neuerung auf den oft schleppenden Update-Zyklus von Android auswirkt – im Gegensatz dazu erhalten Chromebooks herstellerunabhängig alle sechs Wochen Aktualisierungen. 

Erste Anzeichen für eine Annäherung gibt es längst: So lassen sich vereinzelt bereits Android-Apps unter Chrome OS ausführen, und künftig soll der Play Store ohnehin alle Plattformen vom Smartphone bis zum Desktop versorgen. Auch bei neueren Google-Projekten wie dem IoT-Betriebssystem Brillo, der Chromecast-Software oder dem tastaturbasierten Android-Tablet Pixel C fließen die Technologien beider Welten bereits hörbar ineinander.",de_57,20.916666666666668,7.123416003263853,0.09561752988047809,6.621513944223108,0.8127490039840638,0.11553784860557768
,de,gemini,"Hier ist eine überarbeitete Version im natürlichen Nachrichtenstil, die den Inhalt prägnant und flüssig zusammenfasst:

**Abuja/Wien –** Nigerias Wirtschaft steckt in der Krise: Wegen des anhaltend niedrigen Ölpreises geraten der Staatshaushalt und die Landeswährung massiv unter Druck. In den vergangenen zwölf Monaten hat der Naira gegenüber dem US-Dollar dramatisch an Wert verloren, während der illegale Devisenhandel boomt. Um das Ruder herumzureißen, hat die Regierung den Zahlungsverkehr drastisch verschärft. 

Banken dürfen Fremdwährungen seit Kurzem nur noch annehmen, wenn deren legaler Ursprung nachgewiesen ist, und den Naira nur noch bei triftigen Gründen – wie etwa für Auslandsreisen – in harte Währung tauschen. Zudem wurde das tägliche Abgeltungslimit für Kontoinhaber auf umgerechnet rund 270 Euro gedeckelt. 

Die drakonischen Maßnahmen zeigen jedoch absurde Nebenwirkungen. Weil Devisen durch die strengen Kontrollen extrem knapp geworden sind, blüht der Schwarzmarkt erst recht auf. Die Schattenwirtschaft hat sich dabei buchstäblich verlagert: Da Händler ihre Geschäfte bevorzugt im Schatten von Straßenbäumen abwickeln, greift die Zentralbank in der Hauptstadt Abuja mittlerweile zu radikalen Mitteln wie Macheten und Kettensägen, um die Treffpunkte des illegalen Devisenhandels zu beseitigen.

Experten blicken mit Sorge auf die Entwicklung. Das Problem ist gewaltig: Schätzungen der Organisation Global Financial Integrity zufolge fließen jährlich rund 15,7 Milliarden US-Dollar an Schwarzgeldern durch das Land – Gelder, die oft in die Terrorfinanzierung oder illegale Auslandstransfers fließen. Kritiker warnen allerdings, dass die neuen Kapitalverkehrskontrollen das ohnehin schwache Wirtschaftswachstum weiter abwürgen und ausländische Investoren abschrecken könnten. Ob die Strategie der Regierung aufgeht, ist somit völlig offen.",de_58,20.333333333333332,11.506037062728804,0.11475409836065574,6.60655737704918,0.7868852459016393,0.19672131147540983
,de,gemini,"Hier ist eine neu formulierte Version im natürlichen Nachrichtenstil und in ähnlicher Länge:

**Wien –** Nachdem die Gespräche zum Kinderbetreuungsgeld vorübergehend auf Eis lagen, verhandeln Frauenministerin Gabriele Heinisch-Hosek (SPÖ) und Familienministerin Sophie Karmasin (ÖVP) wieder miteinander. Auslöser für die Wiederaufnahme war Druck von der Regierungsspitze, nachdem Karmasin die Verhandlungen zuvor mangels Fortschritten abgebrochen hatte. Vor dem Ministerrat betonte die ÖVP-Ministerin am Dienstag, sie gehe die Gespräche zwar konstruktiv und offen an, erwarte nun aber Kompromissbereitschaft und konkrete Vorschläge von der SPÖ. Das Frauenressort gab sich indes wortkarg und bestätigte lediglich, dass wieder verhandelt werde. Weder zu den genauen Inhalten noch zu kommenden Terminen wurden vorerst Details genannt.",de_59,21.4,8.912911982062878,0.102803738317757,6.766355140186916,0.8691588785046729,0.21495327102803738
,de,gemini,"Hier ist eine überarbeitete Version im natürlichen, sachlich-prägnanten Nachrichtenenstil, die in Länge und Inhalt dem Original entspricht:

Nico Rosberg glaubt weiter fest an seine Chance auf den Formel-1-Weltmeistertitel, benötigt im Endspurt jedoch Schützenhilfe. Vor dem Großen Preis von Russland in Sotschi hofft der Mercedes-Pilot auf Unterstützung der Ferrari-Rivalen, um Teamkollege Lewis Hamilton noch abzufangen. „Es ist wichtig für mich, dass sie zwischen uns ins Ziel kommen“, betonte Rosberg mit Blick auf Sebastian Vettel und Kimi Räikkönen. Als WM-Zweiter hat der Deutsche bei fünf verbleibenden Rennen bereits 48 Punkte Rückstand auf den Titelverteidiger und kann den Titel aus eigener Kraft nicht mehr erreichen. „Jetzt brauche ich Glück, aber im Sport ist alles möglich“, so Rosberg.

Vettel, der als WM-Dritter nur elf Zähler hinter Rosberg liegt, zeigt sich von einer Zweckbündnis-Idee allerdings wenig begeistert. „Wir sind am besten beraten, unser eigenes Ding zu machen“, erklärte der Heppenheimer am Donnerstag. Mit Blick auf die 59 Punkte Rückstand auf Hamilton und den jüngsten Aufschwung samt Sieg in Singapur rechnet sich auch der Ferrari-Star noch eigene Chancen aus. 

Die Vorentscheidung im Kampf um die Team-Weltmeisterschaft könnte indes bereits am Sonntag fallen. Holen Hamilton und Räikkönen beziehungsweise Rosberg zusammen drei Punkte mehr als das Ferrari-Duo, ist den Silberpfeilen die Titelverteidigung kaum noch zu nehmen. Genau diese Konstellation könnte das teaminterne Duell bei Mercedes weiter verschärfen. Da Rosberg auf Ausfälle oder Patzer seines Stallgefährten angewiesen ist, stellt sich die Frage, wie aggressiv er in den verbleibenden Rennen agieren wird. Von den Fehlern des Vorjahres in Sotschi, als er sich durch ein verfrühtes Manöver in der Startrunde die Reifen ruinierte, will er sich jedoch nicht beeinflussen lassen: „Ich will einfach nur gewinnen.“

Hamilton selbst zeigt sich von den taktischen Spielereien seiner Verfolger unbeeindruckt. „Ich denke nicht weiter über dieses Wochenende hinaus. Worauf ich mich konzentriere, ist der dritte WM-Titel“, sagte der 30-jährige Brite. Mit bereits acht Saisonsiegen hat er beste Karten, sodass selbst eine vereinte Konkurrenz für ihn nur ein kalkulierbares Risiko darstellt.",de_60,19.176470588235293,7.221172253846545,0.12,5.996923076923077,0.7015384615384616,0.16923076923076924
,de,gemini,"Hier ist eine überarbeitete Version im Stil einer professionellen Nachrichtenmeldung:

**General Motors investiert Milliarden in Schwellenländer**

Washington – Mit einer Fünf-Milliarden-Dollar-Investition (rund 4,5 Milliarden Euro) setzt der US-Autobauer General Motors (GM) verstärkt auf die Zukunftsmärkte in den Entwicklungsländern. Wie das Unternehmen am Dienstag bekannt gab, soll eine gänzlich neue Chevrolet-Modellreihe speziell für Kunden in Staaten wie China, Indien und Brasilien entwickelt werden. Für das Vorhaben spannt sich GM mit dem chinesischen Partner SAIC Motor zusammen. 

Die Produktion der neuen Autos soll bereits 2019 anlaufen. Mittelfristig peilt der Konzern ein jährliches Volumen von bis zu zwei Millionen Fahrzeugen an, die in Fabriken in China, Mexiko, Indien und Brasilien gefertigt werden sollen. GM-Manager Dan Ammann begründete den Schritt mit den langfristigen Aussichten: Bis zum Jahr 2030 werde in den Schwellenländern mit einem massiven Wachstum der Automobilnachfrage gerechnet, an dem Chevrolet gezielt teilhaben wolle.",de_61,23.5,9.945685831890462,0.10638297872340426,6.48936170212766,0.8226950354609929,0.19148936170212766
,de,gemini,"Nach schweren Finanzproblemen gibt es beim finnischen Smartphone- und Tablet-Anbieter Jolla ein bittersweetes Ende für ein ambitioniertes Projekt. Wie das Unternehmen im eigenen Blog mitteilte, werden zwar noch einige der per Crowdfunding vorbestellten Jolla-Tablets ausgeliefert, das Vorhaben selbst ist jedoch endgültig gestoppt worden. Damit gehen zahlreiche Unterstützer leer aus, für die nun laut einem Bericht von *Heise* noch eine Lösung gefunden werden soll.

Die Crowdfunding-Kampagne für das Tablet war im November 2014 gestartet und hatte ihre finanziellen Ziele damals deutlich übertroffen. In der Folge kam es jedoch offenbar zu massiven Produktions- und Ablaufproblemen, wodurch sich die Auslieferung immer weiter hinzog und letztlich scheiterte. 

Wie es für das aus Nokia hervorgegangene Unternehmen nun weitergeht, ist nach den jüngsten Turbulenzen ungewiss. Jolla kündigte lediglich an, sich künftig auf die Lizenzierung des eigenen Betriebssystems Sailfish OS konzentrieren zu wollen. Offen blieb vorerst, ob es in Zukunft einen neuen Tablet-Anlauf geben wird und ob die verbliebenen Kunden ihr Geld oder das versprochene Gerät noch erhalten.",de_62,20.125,3.295356581616017,0.09316770186335403,6.198757763975156,0.7950310559006211,0.19254658385093168
,de,gemini,"Hier ist eine umformulierte Version im natürlichen Nachrichtenstil, die in Länge und Inhalt dem Original entspricht:

**New York als Testgebiet – Google plant kostenloses High-Speed-WLAN für Metropolen**

Erst kürzlich hat Google seine Initiative „Sidewalk Labs“ vorgestellt, die das urbane Leben smarter machen soll. Nun nimmt das erste Großprojekt konkrete Formen an: Der Tech-Konzern will flächendeckendes Gratis-WLAN in Städten etablieren, wobei New York als Testfeld dient. Dort existiert mit „LinkNYC“ bereits ein ähnliches Vorhaben, das Google nun massiv ausweiten will. Dafür holt sich Sidewalk Labs mit der Control Group und Titan zwei der wichtigsten Partner hinter LinkNYC an Bord und fasst sie in der neuen Tochtergesellschaft „Intersectio“ zusammen. 

„Unser Ziel ist es, Städte in vollständig vernetzte Orte zu verwandeln, in denen man kilometerweit gehen kann, ohne jemals das kostenlose High-Speed-WLAN zu verlieren“, beschreibt Sidewalk-Labs-Chef Dan Doctoroff die Vision. Um dies umzusetzen, sollen vorhandene Infrastrukturen wie ausgediente Telefonzellen oder Bushaltestellen mit Access Points ausgerüstet werden. 

Mit diesem Schritt treibt Google seine Bemühungen um weltweite Internetverfügbarkeit weiter voran. In den USA agiert der Konzern über Angebote wie Google Fiber und Project Fi bereits als eigener Netzwerkanbieter, während entlegene Regionen über Drohnen und Ballons erreicht werden sollen. Dahinter steckt ein klares Kalkül: Je besser und verbreiteter der Internetzugang ist, desto häufiger werden auch Google-Dienste genutzt. 

Ob für das neue Projekt auch auf Googles eigene Netzwerke zugegriffen wird, lässt Doctoroff offen. Zumindest in New York wolle man zunächst jedoch mit anderen Partnern zusammenarbeiten, so der ehemalige Vizebürgermeister der US-Metropole.",de_63,22.181818181818183,8.829889135700421,0.11065573770491803,6.352459016393443,0.8073770491803278,0.1721311475409836
,de,gemini,"Hier ist eine sprachlich überarbeitete Version im natürlichen, sachlich-analytischen Nachrichtenstil, die Länge und Thema beibehält:

Nach der Enthauptung eines Arbeitgebers am Freitag nahe Lyon ringen die Behörden um eine Erklärung für die Tat von Yassin S. Der 35-jährige Familienvater hatte seinen Chef auf einem Firmenparkplatz getötet, ein Selfie mit dem abgetrennten Kopf angefertigt und anschließend einen Anschlag auf ein Gaswerk versucht. Während seine Ehefrau fassungslos reagierte, standen anfangs private Motive im Raum. Zwar war der französische Staatsbürger mit nordafrikanischen Wurzeln 2006 wegen Kontakten zum Salafismus ins Visier der Polizei geraten, doch er galt im Geheimdienstregister lediglich als Fall der niedrigen Gefahrenstufe 13 von 16; die Überwachung wurde 2008 eingestellt – wie sich nun zeigt, zu früh. Offenbar waren die Sicherheitsbehörden angesichts der Fülle an Verdächtigen schlicht überlastet. Wie am Sonntag bekannt wurde, hatte zudem eine ehemalige Nachbarin die Polizei mehrfach auf das auffällige Verhalten des Mannes hingewiesen, ohne dass dies Konsequenzen hatte. Demnach war S. oft monatelang verschwunden, um danach optisch und charakterlich verändert zurückzukehren: Mit Bart und traditionellem Gewand mied er den Blickkontakt zu Frauen, grüßte Nachbarn nicht mehr und empfing mutmaßliche Mitglieder der Muslimbruderschaft. Am Sonntag soll der bei seiner Festnahme leicht verletzte Täter in ersten Verhandlungen die Tat gestanden und als Einzeltäter bezeichnet haben. Allerdings verschickte er eines der makabren Tatort-Bilder über eine kanadische Nummer offenkundig nach Syrien, wo die IS-Miliz solche Aufnahmen für Propaganda nutzt. Ein früherer Fitnesstrainer berichtete zudem gegenüber der Zeitung „Le Parisien“, S. habe ihm 2010 erzählt, er sei in Syrien gewesen, um eine Koranschule zu besuchen. Der sportliche und meist höfliche Mann habe jedoch zu extremen Wutausbrüchen geneigt und deshalb die brutale Kampfsportart Free Fight erlernen wollen. Der Trainer zeigte sich von der Tat wenig überrascht: S. sei wie im Krieg gewesen und habe auf ihn einen stark indoktrinierten Eindruck gemacht. Als das Fitnessstudio schließlich säkulare Regeln einführte und religiöse Symbole untersagte, blieb S. gänzlich fern.",de_64,18.470588235294116,10.971179608725782,0.11464968152866242,6.203821656050955,0.767515923566879,0.1751592356687898
,de,gemini,"Während der traditionelle Buchhandel weltweit unter dem Druck des Online-Shoppings leidet, boomt in China ein überraschendes Gegenmodell: Rund um die Uhr geöffnete Buchhandlungen erfreuen sich rasant wachsender Beliebtheit. Raubkopien, einst ein großes Problem, spielen im Zeitalter von E-Books und aggressiven Internet-Rabatten kaum noch eine Rolle. Stattdessen setzen immer mehr Läden auf den 24-Stunden-Betrieb – mit beachtlichem Erfolg.

Den Grundstein dafür legte im April 2014 die Pekinger Buchhandlung Sanlian Taofen (STB). Was anfangs viele als reinen PR-Coup zum Welttag des Buches abtat, erwiesen sich als Volltreffer. Vor allem junge Menschen nutzen die Nachtstunden zum Stöbern, Lesen und Kaffeetrinken, wenn tagsüber die Zeit fehlt. Laut Geschäftsführer Zhang Zuozhen tätigen rund 60 Prozent der Nachtkunden auch Käufe. Die Umsätze stiegen um mehr als die Hälfte, die Gewinne haben sich sogar verdoppelt. Allein in der Nachtschicht erzielt das Geschäft im Schnitt rund 2.200 Euro Umsatz – genug, um Personal und Gratis-Marketing mühelos zu finanzieren.

Mittlerweile hat das Konzept landesweit Nachahmer gefunden. Bis Mitte Juli zählte China bereits 15 solcher 24-Stunden-Läden – von Hangzhou über Changsha und Kanton bis nach Xiamen. Auch Ketten wie das taiwanesische Vorbild Eslite expandieren in diesem Segment.

Als besonders reizvoll gilt ein neuer Ableger, der am 20. Juli an historischer Stätte in Peking eröffnete: nahe dem Kaiserpalast, in originalgetreu rekonstruierten Gebäuden aus dem 15. Jahrhundert. Initiator Yu Huagang, Chef des staatlichen Antiquariats Cathay Bookshop, machte aus dem Projekt einen echten Publikumsmagneten. Neben neuen und alten Büchern, Schreibwaren und traditionellem Handwerk bietet der Laden auch Einblicke in alte Buchdruck- und Restaurierungskunst sowie Tee-Ecken. Den Erfolg bewies Yu gleich zu Beginn selbst: Er übernahm die erste Nachtschicht persönlich und verkaufte in den ersten Nächten Bücher im Wert von umgerechnet bis zu knapp 3.000 Euro – ein Start, der alle Erwartungen übertraf.",de_65,14.55,6.367691889531089,0.12802768166089964,6.069204152249135,0.7820069204152249,0.1384083044982699
,de,gemini,"Hier ist eine naturalistische Neuformulierung im typischen Stil einer Medien- oder Nachrichtenmeldung:

**NZZ.at zieht Jahresbilanz: Print-Erlöse nach wie vor leichter zu lukrieren als Digital-Abos**

Wien – Zum einjährigen Bestehen des österreichischen Ablegers der *Neuen Zürcher Zeitung* zieht die Redaktion eine durchwachsene, aber letztlich zuversichtliche Bilanz. Nach Anlaufschwierigkeiten und technischen Problemen nach dem Start am 21. Jänner 2015 habe erst ein Relaunch im vergangenen Herbst den gewünschten Aufschwung gebracht, heißt es vom rein auf Bezahlinhalte setzenden Portal. Bis kommenden Sommer peilt man nun eine kritische Masse an Abonnenten an. Dass im Dezember zudem ein erstes Print-Magazin herausgebracht wurde, könnte Schule machen – zumal Chefredakteur Michael Fleischhacker bei einer Diskussionsrunde am Dienstagabend betonte, dass sich Inhalte auf Papier nach wie vor unkomplizierter zu Geld machen lassen als im Netz. Eine schwarze Null schreibt NZZ.at im ersten Jahr naturgemäß noch nicht, was in der Branche zu diesem Zeitpunkt jedoch üblich sei.",de_66,18.75,10.985786271359915,0.10135135135135136,6.277027027027027,0.8581081081081081,0.08783783783783784
,de,gemini,"Hier ist eine umgeschriebene, natürlich klingende Nachrichtenfassung, die Länge und Thema beibehält:

**New York –** Forscher haben womöglich das legendäre Schiff des britischen Entdeckers James Cook entdeckt. Wie das Rhode Island Projekt für Meeresarchäologie (RIMAP) mitteilte, wurden in der Bucht von Newport im US-Bundesstaat Rhode Island insgesamt neun Fundorte mit den Überresten von 13 Schiffen lokalisiert. Diese waren während des Amerikanischen Unabhängigkeitskrieges kurz vor der Schlacht von Rhode Island versenkt worden. An einer dieser Stellen stießen die Taucher auf das Beiboot der 1778 gesunkenen „Lord Sandwich 2“ – dem finalen Namen des Schiffs, das einst als „Earl of Pembroke“ gebaut und als „Endeavour“ weltberühmt wurde. Da in unmittelbarer Nähe des Bootes fünf Wracks liegen, vermuten die Archäologen die Endeavour unter ihnen. Bevor die Arbeiten fortgesetzt werden, müssen jedoch Spenden gesammelt werden, um einen Hangar zur fachgerechten Lagerung der Fundstücke zu errichten.

Mit der Endeavour war James Cook zwischen 1768 und 1771 zu seiner historischen Erstexpedition in den südwestlichen Pazifik aufgebrochen. Im Jahr 1770 erreichte er mit dem Schiff die Küste Australiens. Zwar waren vor ihm schon andere Europäer dort gewesen, doch Cooks Ankunft markierte den Wendepunkt: Im Gegensatz zu früheren Entdeckern folgte darauf die dauerhafte europäische Besiedlung des Kontinents. Nach ihrer Rückkehr wurde die Endeavour verkauft und in „Lord Sandwich 2“ umgetauft. Während des Unabhängigkeitskrieges nutzte die britische Krone sie als Truppentransporter und Gefängnisschiff, ehe sie 1778 gezielt versenkt wurde – allerdings nicht vom Gegner, sondern von den Briten selbst, um der anrückenden französischen Marine den Weg zu versperren.",de_67,22.636363636363637,8.391258733974055,0.0963855421686747,6.076305220883534,0.7389558232931727,0.17269076305220885
,de,gemini,"**Fifa wählt neuen Präsidenten: Zwischen Machtpoker und Reformhoffnung**

Die Fifa sucht ihren neuen Chef – und steht in Zürich vor einer Schichetvende. Wenn der Kongress an diesem Freitag den Nachfolger von Joseph S. Blatter bestimmt, läuft alles auf ein Kopf-an-Kopf-Rennen hinaus. Von den ursprünglich fünf Bewerbern haben nach Einschätzung von Beobachtern nur zwei echte Chancen: Uefa-Generalsekretär Gianni Infantino (45) und der asiatische Verbandschef Scheich Salman bin Ibrahim al-Khalifa (50). Die übrigen drei Kandidaten – Prinz Ali bin al-Hussein aus Jordanien, der Franzose Jérôme Champagne und der Südafrikaner Tokyo Sexwale – gehen lediglich als Außenseiter ins Rennen. 

Beide Top-Favoriten gaben sich bei ihrer Ankunft in der Schweiz siegesgewiss. Die Machtverhältnisse bei der Abstimmung scheinen vorab abgesteckt: Infantino gilt die geschlossene Unterstützung der 53 europäischen Delegierten sicher, während der Scheich auf fast alle 44 Stimmen aus Asien bauen kann. Zu den entscheidenden „Königsmachern“ dürften daher die Delegierten aus Afrika werden, um deren Gunst beide Lager buhlen. Infantino wird zudem ein stark Rückhalt in Nord- und Mittelamerika (Concacaf) nachgesagt, während das Verhalten der südamerikanischen und ozeanischen Verbände noch als völlig offen gilt.

Im Zürcher Hallenstadion beginnt der Kongress am Morgen, die eigentliche Wahl wird am Nachmittag erwartet. Zieht sich das Prozedere in die Länge, muss die Wahl dennoch vor Mitternacht beendet sein – schließlich muss die Arena für ein Eishockeyspiel am Samstag umgebaut werden. 

Wichtiger noch als die Personalie gilt vielen Beobachtern jedoch das geplante Reformpaket, das vor der Präsidentenwahl von den 207 stimmberechtigten Mitgliedern mit einer Dreiviertelmehrheit abgesegnet werden soll. Interimspräsident Issa Hayatou appellierte eindringlich an die Verbände, diese Chance auf einen echten Neustart zu nutzen. Die Zustimmung gilt als wahrscheinlich, zumal der nord- und mittelamerikanische Verband bereits am Vortag weitreichende Anti-Korruptions-Maßnahmen beschlossen hatte. Die Concacaf ist besonders krisengeschüttelt: Ihre letzten drei Präsidenten gehören zu den Hauptverdächtigen im globalen Fifa-Skandal.

Unterdessen gehört die Ära Blatter endgültig der Vergangenheit an. Die Berufungskommission hatte die Sperren von Joseph S. Blatter und Uefa-Chef Michel Platini am Mittwoch zwar überraschend von acht auf sechs Jahre verkürzt – begründet wurde dies mildernd mit den langjährigen Verdiensten der Funktionäre. Tränen weinte dem 79-jährigen Schweizer jedoch niemand nach; die Fifa drängt mit Macht auf einen unbelasteten Neuanfang. 

Blatters Sprecher kündigte dennoch an, den Internationalen Sportgerichtshof (CAS) anzurufen, um gegen die Entscheidung vorzugehen. Auch Platini will vor dem CAS versuchen, seine Sperre kippen zu lassen, um rechtzeitig zur Heim-EM im Sommer an die Uefa-Spitze zurückzukehren. Eine offizielle Verabschiedung auf dem Kongress bleibt dem langjährigen Fifa-Patriarchen Blatter indes verwehrt; die Amtsübergabe an den neuen Präsidenten erfolgt durch Interimschef Hayatou. Für den dringend benötigten Neustart des Weltverbandes spielt das freilich keine Rolle mehr.",de_68,18.73913043478261,6.84116308001312,0.09976798143851508,6.408352668213457,0.7053364269141531,0.16937354988399073
,de,gemini,"Hier ist eine sprachlich überarbeitete Version im natürlichen Nachrichtenstil, die dem Original in Länge und Inhalt entspricht:

**VwGH-Entscheidung: Streit um Rektorwahl an Med-Uni Innsbruck von 2009 endgültig beendet**

Innsbruck – Der Verwaltungsgerichtshof (VwGH) hat eine Beschwerde des Arbeitskreises für Gleichstellungsfragen zur Rektorwahl an der Medizinischen Universität Innsbruck aus dem Jahr 2009 endgültig abgewiesen. Das gab der Universitätsrat der Hochschule am Donnerstag bekannt. Die damals unterlegene Bewerberin Margarethe Hochleitner hatte geltend gemacht, aufgrund ihres Geschlechts übergangen worden zu sein. Der Universitätsrat hatte im April 2009 den inzwischen verstorbenen Herbert Lochs aus einem Dreiervorschlag zum Rektor gekürt, womit die ebenfalls berücksichtigte damalige Vizerektorin Hochleitner das Nachsehen hatte.

Nachdem das Wissenschaftsministerium eine erste Beschwerde des Arbeitskreises abgewiesen hatte, befasste sich die Bundesgleichbehandlungskommission mit dem Fall und stellte eine geschlechtsspezifische Diskriminierung fest. Eine daraufhin eingeschaltete Schiedskommission lehnte die Beschwerde im Zuge einer erneuten Prüfung jedoch ab. Auch mit einer parallel angestrengten Schadenersatzklage wegen Diskriminierung blieb Hochleitner erfolglos: Sowohl das Landesgericht als auch das Oberlandesgericht wiesen ihre Forderungen ab.",de_69,23.428571428571427,13.318699452350474,0.08536585365853659,7.378048780487805,0.774390243902439,0.14634146341463414
,de,gemini,"Hier ist eine überarbeitete Version im natürlichen Nachrichtenstil, die den Inhalt prägnant und flüssig zusammenfasst:

**Lage an den Grenzen: Weniger Andrang in der Steiermark, mehr Zuzug nach Kärnten**

Während sich die Situation am steirischen Grenzübergang Spielfeld zum Wochenbeginn weiter entspannt hat, verzeichnet Kärnten einen starken Anstieg der Flüchtlingszahlen. Wie bereits am Sonntag blieb der Andrang in Spielfeld auch am Montag deutlich unter dem Niveau der Vorwochen. Am Vortag wurden rund 3.500 Menschen versorgt, was etwa der Hälfte des Höchststands entspricht; am Montagmittag warteten vor Ort lediglich gut 1.000 Personen auf ihre Weiterreise. 

Ganz anders stellt sich die Lage in Kärnten dar: Dort treffen seit Samstag täglich rund 3.200 Schutzsuchende ein – doppelt so viele wie in den Wochen zuvor. Neben den bewährten Zugverbindungen aus Slowenien (1.600 Personen täglich) rollen seit dem Wochenende zusätzlich Busse mit weiteren 1.600 Menschen durch den Karawankentunnel. Die Hälfte von ihnen findet in Kärntner Transitquartieren Platz, der Rest wird direkt weitergebracht. 

Verantwortlich für diese Verlagerung und den Rückgang in der Steiermark sind laut Polizei neben neuen Busrouten in Kärnten vor allem strengere Einreisebestimmungen auf der Balkanroute. Seit Mitte vergangener Woche lassen Mazedonien, Serbien und Kroatien nur noch Menschen aus Syrien, dem Irak und Afghanistan passieren. Zusammen mit dem winterlichen Wetter könnte dies zu einer dauerhaften Entlastung in Spielfeld führen. Auch in Bad Radkersburg war die Lage am Montagmittag mit rund 370 wartenden Personen ruhig. Die Versorgung der Menschen erfolgt unverändert durch das Rote Kreuz und zahlreiche Helfer in beheizten Zelten.",de_70,15.5625,10.01229712653395,0.11065573770491803,6.061475409836065,0.7540983606557377,0.1721311475409836
,de,gemini,"Hier ist eine sprachlich überarbeitete Version im natürlichen Nachrichtenstil, die in Länge und Inhalt dem Original entspricht:

**Wien-Brigittenau: CO-Alarm nach Einsatz mobiler Klimaanlagen**

Wegen des Verdachts auf eine Kohlenmonoxidvergiftung sind am Donnerstagabend vier Menschen in Wien-Brigittenau ins Krankenhaus eingeliefert worden. Wie die Feuerwehr am Freitag mitteilte, hatten mobile Klimaanlagen in einer Wohnung der Jägerstraße einen Unterdruck erzeugt. Dies führte dazu, dass die Abgase der Gastherme während des Duschens nicht über den Schornstein abziehen konnten. Der Wohnungsinhaber hatte daraufhin über Übelkeit und Kopfschmerzen geklagt und die Rettung gerufen. Vor Ort lösten die CO-Sensoren der Sanitäter sofort Alarm aus, woraufhin auch die Feuerwehr anrückte. Die Einsatzkräfte trennten die Wohnung vom Stromnetz und legten die Therme still. Vier betroffene Personen mussten schließlich vom Rettungsdienst in eine Klinik gebracht werden.",de_71,18.0,9.19627253681776,0.10317460317460317,6.634920634920635,0.8174603174603174,0.19047619047619047
,de,gemini,"Hier ist eine überarbeitete Version im typischen Stil eines aktuellen Radio- oder Online-Nachrichtenberichts:

***

**Wirtschaftsdelegationen in Moskau: Mitterlehner und Seehofer werben für Entspannung**

Um die heimischen Wirtschaftsbeziehungen zu stärken, haben Österreichs Vizekanzler Reinhold Mitterlehner und Bayerns Ministerpräsident Horst Seehofer nacheinander Moskau besucht. Beide Politiker warben bei ihren Gesprächen offen für ein Ende der EU-Sanktionen gegen Russland.

Mitterlehner zog nach Abschluss seines zweitägigen Arbeitsbesuchs eine durchweg positive Bilanz. Zum Ausklang wurde es in der Residenz des russischen Premiers Dmitri Medwedew sogar sehr herzlich: Nach einem kurzen Gespräch überreichte Medwedew dem österreichischen Gast den russischen Freundschaftsorden. 

Im Zentrum der politischen Gespräche stand jedoch die Wirtschaft – insbesondere das geplante Pipeline-Projekt Nord Stream 2. Mitterlehner betonte, Österreich wolle künftig unabhängiger von den Transitwegen durch die Ukraine sein, auch wenn der bestehende Vertrag bis 2019 als gesichert gilt. Medwedew sicherte zu, das Projekt gemeinsam voranzutreiben, und schlug vor, osteuropäische Bedenken durch finanzielle Kompensationen für eventuelle Transitausfälle auszuräumen. Für die Umsetzung hat die österreichische OMV, deren Chef Rainer Seele die Delegation begleitete, bereits ein starkes Eigeninteresse als Projektgesellschafterin.

Deutliche Kritik übte Mitterlehner sowohl an Kiew als auch an der EU. Die Sanktionen hätten politisch nichts gebracht, der Wirtschaft beider Seiten aber massiv geschadet, beklagte er. Österreich könne zwar nicht im Alleingang ausscheren, werde sich aber in Brüssel für eine Aufhebung der Strafmaßnahmen starkmachen, sobald das Minsker Abkommen dies erlaube. Medwedew zeigte sich erfreut über diese Töne und betonte, Russland werde abwarten, ob sich in der EU etwas bewege.

Kaum war Mitterlehner abgereist, landete bereits Horst Seehofer in der russischen Hauptstadt. Trotz zum Teil scharfer Kritik aus den eigenen Reihen ließ es sich der bayerische Ministerpräsident nicht nehmen, zu Gesprächen mit Präsident Wladimir Putin zusammenzukommen. Der Kreml wies Spekulationen zurück, das Treffen sei als Affront gegen Kanzlerin Angela Merkel gedacht. Es gehe vielmehr darum, den Gesprächsfaden trotz der politischen Restriktionen nicht abreißen zu lassen, hieß es. Dass Seehofer die EU-Sanktionen ebenfalls kritisch sieht, dürfte dem Treffen in Moskau dabei kaum geschadet haben.",de_72,19.176470588235293,7.277970742692491,0.12269938650306748,6.634969325153374,0.754601226993865,0.15030674846625766
,de,gemini,"Hier ist eine Neufassung im typischen Sportjournalismus-Stil, die Länge und Inhalt des Originaltexts beibehält:

**Rapid Wien hat die heftige Europacup-Schmach von Valencia gut verdaut und im Titelrennen der Bundesliga ein starkes Zeichen gesetzt.** 

Drei Tage nach dem 0:6 in Spanien feierten die Hütteldorf einen verdienten 2:0 (1:0)-Auswärtserfolg bei Sturm Graz. Matchwinner für die Wiener war Doppeltorschütze Philipp Schobesberger (12., 71.), der Rapid nach Punkten wieder an Tabellenführer Salzburg heranbrachte. Während Rapid damit im dritten Liga-Spiel des Jahres den dritten Sieg einfuhr und im Frühjahr weiter ohne Gegentor bleibt, wartet Sturm auch nach dem vierten Pflichtspiel 2016 auf den ersten vollen Erfolg. 

Vor 12.500 Zuschauern in der UPC-Arena begannen die Hausherren zwar druckvoll. Ein Fernschuss von Daniel Offenbacher, den Rapid-Keeper Richard Strebinger über die Latte lenkte, blieb jedoch die beste Phase der Steirer (5.). Die Gäste aus Wien schlugen dagegen eiskalt zu: Thanos Petsos schickte Schobesberger auf die Reise, der etwas überraschend zum 1:0 durch die Beine von Sturm-Torhüter Michael Esser vollendete (12.). Kurz darauf vergab derselbe Spieler die Chance auf den zweiten Treffer, als er das lange Eck verfehlte (18.). 

Sturm mühte sich zwar um eine Antwort, agierte im Spielaufbau aber zu harmlos und ideenlos. Die besten Möglichkeiten zum Ausgleich vergaben ein abgefälschter Schuss von Klem (27.) sowie Sascha Horvath, dessen Versuch von der Strafraumgrenze nur die linke Stange traf (70.). 

Praktisch im direkten Gegenzug machte Rapid den Sack zu. Nach einem perfekten Steilpass von Mario Pavelic umspielte Schobesberger Goalie Esser und schob zum 2:0-Endstand ein (71.). Der eingewechselte Philipp Prosenik ließ kurz darauf im Konter sogar noch das dritte Tor liegen (77.), was den insgesamt ungefährdeten Auswärtssieg der Wiener jedoch nicht mehr gefährdete. 

Sturm Graz, bei dem Trainer Franco Foda auf ein 4-1-4-1-System gesetzt hatte, muss nach der zweiten Heimniederlage der Saison den Blick nach unten richten. Der Tabellenvierte hat bereits zwölf Punkte Rückstand auf die Spitze und acht Zähler Rückstand auf den drittplatzierten Ligarivalen Austria Wien. Rapid hingegen baut seine Serie gegen die Steirer aus – die Grazer sind nun schon seit acht Pflichtspielen sieglos gegen die Grün-Weißen. Bei noch 13 ausbleibenden Runden bleiben die Wiener voll auf Kurs im Meisterschafts- und Europacuprennen.",de_73,13.555555555555555,9.476416471209065,0.1323943661971831,5.890140845070422,0.7267605633802817,0.16619718309859155
,de,gemini,"Hier ist eine Neufassung im typischen Feuilleton- und Nachrichtenstil, die Länge und Thema beibehält:

Auf den Filmfestspielen von Venedig präsentiert sich das Programm auf den ersten Blick harmonisch, doch hinter der sommerlichen Idula auf dem Lido verbergen sich ganz unterschiedliche Schicksale und Vertriebswege. So mancher US-Beitrag läuft hier lediglich außer Konkurrenz, angetrieben von einer Festival-Logik, die Venedig als idealen Startpunkt für das direkt anschließende Filmfest im kanadischen Toronto nutzt. 

Zu den prominentesten Werken dieser Art gehört Thomas McCarthys ""Spotlight"". Der Film widmet sich jener Recherche des *Boston Globe*, die Anfang der 2000er Jahre den systematischen Missbrauchsskandal in der katholischen Kirche aufdeckte. Benannt nach dem legendären Rechercheteam der Zeitung, erinnert das kluge Drehbuch stilistisch an den Watergate-Klassiker ""Die Unbestechlichen"". Die Spannung resultiert dabei nicht aus einem ungeklärten Rätsel, sondern aus dem langen Weg gegen eine Mauer des Schweigens und den Einfluss der Kirche in Boston. McCarthy vermeidet jedes billige Heldenpathos und setzt stattdessen auf starkes Ensemblekino. Herausragend besetzt ist der Film unter anderem mit Michael Keaton als Teamleiter, Mark Ruffallo als unermüdlichem Reporter und Liev Schreiber als neuem Chefredakteur.

Eine kurze Erwähnung findet der *Boston Globe* zudem in Scott Coopers Gangsterdrama ""Black Mass"". Darin schlüpft Johnny Depp in die Rolle des berüchtigten Bostoner Gangsters Whitey Bulger, der jahrelang heimlich mit dem FBI zusammenarbeitete. Mit streng nach hinten gekämmtem Haar und eisigem Blick liefert Depp eine bedrohliche, wenn auch gewöhnungsbedürftige Performance als skrupelloser Verbrecher ab.

Weitaus fesselnder gerät der Blick auf toxische Männlichkeit im brasilianischen Wettbewerbsbeitrag ""Neon Bull"" von Gabriel Mascaro. Der Film entführt in das brutale Milieu der ""Vaquejadas"", einer traditionellen Rodeo-Variante. Die kraftvollen, distanzierten Bilder von Kameramann Diego Garcia fangen die physische Wucht aus Schweiß und Gewalt sinnlich ein, während sie gleichzeitig die Brücke zu den modernen Träumen der Figuren schlagen – etwa wenn ein raubeiniger Cowboy davon träumt, als Modeschöpfer zu arbeiten.

Neben dem US-Kino spiegeln auch andere Beiträge die globale Verwertungskette wider: Cary Fukunagas Kindersoldaten-Drama ""Beasts of No Nation"" etwa wird kurz nach Venedig direkt von Netflix vertrieben. Alexander Sokurows essayistischer Louvre-Film ""Francofonia"" wiederum mag auf den ersten Blick wie ein gehobener Arte-Spätfilm wirken, bleibt trotz geschichtsträchtiger Kulisse visuell jedoch überraschend starr.",de_74,22.125,9.346623721965061,0.09322033898305085,6.516949152542373,0.751412429378531,0.16666666666666666
,de,gemini,"Hier ist eine in Tonfall und Länge vergleichbare Neufassung im typischen Nachrichtenstil:

**Wien –** Bundespräsident Heinz Fischer hat den Vorstoß von EU-Kommissionschef Jean-Claude Juncker zur Verteilung von 160.000 Flüchtlingen in Europa ausdrücklich unterstützt. In einem am Donnerstag ausgestrahlten Interview mit dem US-Sender CNN bezeichnete Fischer feste Quoten als fair und notwendig. Es entspreche der Wirtschaftskraft und Bevölkerungsgröße Österreichs, wenn das Land rund 2,5 bis drei Prozent der Schutzsuchenden aufnehme – das wären laut EU-Plan etwa 3.640 Menschen. Den größten Anteil tragen demnach Deutschland und Frankreich. 

Angesprochen auf Umfragehöchstwerte der FPÖ betonte Fischer, dass die Regierungslinie von SPÖ und ÖVP auch von den Grünen mitgetragen werde. Österreich verfolge einen humanen Kurs, der das Potenzial habe, rechtspopulistische Tendenzen zu überwiegen. Fischer zeigte sich zuversichtlich, dass das Land diese Krise meistern werde, und zog Parallelen zum Ungarn-Aufstand 1956 sowie dem Prager Frühling 1968, betonte jedoch das diesmal weitaus größere globale Ausmaß des Leids. 

Lob sprach der Bundespräsident der Zivilbevölkerung sowie den ÖBB für ihren Einsatz aus. Zugleich betonte er die Notwendigkeit, Fluchtursachen an der Wurzel zu packen und Kriege unter anderem in Syrien zu stoppen. Zu seiner umstrittenen Reise in den Iran erklärte Fischer gegenüber CNN, er habe diesen Schritt intensiv überlegt. Der iranische Präsident Hassan Rohani habe auf ihn jedoch den Eindruck eines dialogbereiten Partners gemacht, was in der aktuellen Situation von großer Bedeutung sei.",de_75,17.307692307692307,8.461538461538462,0.11210762331838565,6.2152466367713,0.7937219730941704,0.19282511210762332
,de,gemini,"Hier ist eine umformulierte Version im natürlichen Nachrichtenstil und mit ähnlicher Länge:

**Weihnachten außerhalb der Zelle: Vatileaks-Angeklagter unter Hausarrest**

Vatikanstadt – Der einzige Häftling im Vatikan darf die Feiertage in Freiheit verbringen – zumindest eingeschränkt. Wie Vatikansprecher Federico Lombardi am Mittwoch laut Kathpress mitteilte, wurde der spanische Geistliche Lucio Angel Vallejo Balda aus der Gendarmeriezelle entlassen. Er befindet sich demnach bereits seit Dienstag in einer anderen Unterkunft innerhalb des Kleinstaates unter Hausarrest. Vallejo, der als Sekretär der Wirtschaftspräfektur des Heiligen Stuhls tätig war, saß seit Anfang November in Untersuchungshaft. Er ist einer von fünf Angeklagten im laufenden Vatileaks-2-Prozess und war der einzige Insasse des vatikanischen Gefängnisses. Die Anklage wirft ihm vor, geheime Dokumente an zwei italienische Journalisten weitergereicht zu haben. Seit Anfang Dezember läuft das Verfahren vor einem vatikanischen Gericht, bei dem ihm eine mehrjährige Haftstrafe droht.",de_76,19.571428571428573,6.5869382190848595,0.10218978102189781,6.693430656934306,0.8321167883211679,0.15328467153284672
,de,gemini,"Hier ist eine umgeschriebene Fassung im natürlichen Nachrichtenstil, die dem Original in Länge und Thema entspricht:

**Wien – Das Zentrum für Soziale Innovation (ZSI) beteiligt sich an einem EU-weiten Projekt, das Forschung und Gesellschaft enger vernetzen soll.** 

Die Beziehung zwischen Wissenschaft und Öffentlichkeit ist von einem Widerspruch geprägt: Einerseits prägen technische Errungenschaften zunehmend unseren Alltag, andererseits wird die Forschung selbst immer spezieller und für Laien kaum noch nachvollziehbar. Um dieser Entfremdung entgegenzuwirken, hat die Europäische Kommission das Konzept „Responsible Research and Innovation“ (RRI) ins Leben gerufen. Insgesamt 26 europäische Institutionen arbeiten an dem geförderten Projekt, das Politik, Wirtschaft, Forschende und die Bevölkerung mit praktischen Hilfsmitteln ausstatten soll, um eine nachhaltigere Forschung zu ermöglichen.

Der Begriff der „Tools“ (Werkzeuge) ist allerdings nicht unumstritten. Er klinge etwas technokratisch, obwohl es eigentlich um einen tiefgreifenden Wandel von Denkweisen und Praktiken gehe, erklärt Ilse Marschalek vom ZSI, die das Projekt in Österreich koordiniert. Zudem gebe es Kritik, dass das Konzept zwar auf dem Papier existiere, aber oft noch der Bezug zur praktischen Umsetzung fehle.

**Gemeinsame Verantwortung statt Vorwürfe**

Wenn Forschende mit RRI konfrontiert werden, reagieren sie laut Marschalek oft abwehrend mit der Frage, ob ihre Arbeit bisher etwa nicht verantwortungsvoll gewesen sei. Darum gehe es jedoch nicht: Vielmehr soll die Verantwortung künftig auf mehrere Schultern verteilt werden – von der Wissenschaft über die Politik bis hin zur Wirtschaft. 

Nachdem in den vergangenen anderthalb Jahren zahlreiche Workshops und Gespräche stattgefunden haben, steht nun die konkrete Entwicklung von Arbeitshilfen an. Wie diese genau aussehen werden, ist noch offen; im Gespräch sind Trainingsmodule, Infovideos oder Leitfäden, mit denen Forschende ihre eigene Arbeit besser reflektieren können. Letztlich ziele das Projekt auf einen Paradigmenwechsel ab, so Marschalek: weg vom traditionellen Elfenbeinturm, hin zu einer Wissenschaft, die gemeinsam mit der Gesellschaft und für sie agiert.

Dazu brauche es nicht nur ein Umdenken in den Köpfen der Forschenden, sondern auch in der Vergabe von Fördermitteln, ergänzt ZSI-Mitarbeiterin Katharina Handler. Es müsse kritisch hinterfragt werden, wofür Gelder eingesetzt werden und welche gesellschaftlichen Gruppen davon profitieren. Angesichts rasanter Fortschritte in Bereichen wie Nano- und Gentechnik sei ein neues Nachdenken über Technikakzeptanz dringend nötig, betont Marschalek. Da Hightech längst unseren Alltag bestimmt, wächst auch das Bedürfnis der Menschen, sich stärker einzubringen und mitzureden.

**Parallelen in Österreich**

Eine ähnliche Initiative verfolgt hierzulande das Wissenschaftsministerium mit „Responsible Science“. Durch einen verstärkten Dialog soll das Vertrauen in die Forschung gestärkt werden – ein wichtiges Anliegen in Österreich, das im Europavergleich traditionell als eher wissenschaftskeptisch gilt.",de_77,22.72222222222222,6.739646838386477,0.12745098039215685,6.590686274509804,0.7254901960784313,0.18872549019607843
,de,gemini,"Hier ist eine natürliche und dem Nachrichtenstil entsprechende Formulierung:

Amtlichen Schätzungen zufolge werden sich die Kosten für die Versorgung in den kommenden zwei Jahren auf 7,4 Milliarden Euro belaufen. Aus rechtlichen Gründen kann der vollständige Artikel, der auf Agenturmeldungen beruht, gegenwärtig nicht mehr bereitgestellt werden.",de_78,22.5,6.5,0.13333333333333333,6.688888888888889,0.9333333333333333,0.2222222222222222
,de,gemini,"Hier ist eine sprachlich überarbeitete Version im natürlichen Nachrichtenstil:

**ÖBB planen Einstieg in den Carsharing-Markt**

Wien – Die ÖBB wollen künftig überschüssige Dienstwagen an ihre Kunden vermieten. Der konzerneigene Fuhrpark umfasst rund 600 Fahrzeuge, die künftig Teil des Mobilitätsangebots werden sollen, erklärte ÖBB-Chef Christian Kern gegenüber dem „Kurier“. Eine Aufstockung der Flotte durch Zukäufe ist nicht vorgesehen. Im Vergleich zu klassischen Carsharing-Anbietern müssen Nutzer allerdings Abstriche bei der Flexibilität machen: Die Fahrzeuge müssen zwingend zum jeweiligen Anmietbahnhof zurückgebracht werden. Aktuell läuft ein interner Testlauf, bei dem Bahn-Mitarbeiter das Buchungssystem erproben. Noch im Sommer wollen die ÖBB zudem auf dem florierenden Markt für Fernbusse Fuß fassen.",de_79,17.5,6.370504951205464,0.10476190476190476,6.761904761904762,0.8857142857142857,0.13333333333333333
,de,gemini,"Hier ist eine redigierte Fassung im typischen Stil einer Nachrichtenagentur:

**Vom „Maestro“ zum Sündenbock: Alan Greenspan wird 90**

Fast zwanzig Jahre lang galt er als mächtigster Notenbanker der Welt, doch die Finanzkrise hat sein Vermächtnis schwer beschädigt. Zum heutigen Sonntag begeht der langjährige Chef der US-Zentralbank Fed, Alan Greenspan, seinen 90. Geburtstag. 

Um die Jahrtausendwende wurde der damalige Fed-Chef noch als „größter Zentralbanker der Weltgeschichte“ gefeiert. Jahrelang genoss er an den Märkten Kultstatus, galt als unfehlbares Orakel und genoss parteiübergreifende Unterstützung. Seine Karriere an der Spitze der Federal Reserve hatte 1987 begonnen. Gleich zu Beginn musste er sich beim historischen Börsencrash am „Schwarzen Montag“ bewähren – und stoppte die Panik erfolgreich mit massiven Geldspritzen.

Es folgten Jahre des beispiellosen wirtschaftlichen Aufschwungs. Greenspan schien Konjunktur und Inflation mühelos zu steuern. Selbst nach den Terroranschlägen von 2001 reagierte er mit Zinssenkungen, die den nächsten Abschwung verhinderten. Die Märkte verließen sich blind auf seine „magische Hand“ in der Gewissheit, dass die Notenbank im Ernstfall eingreifen würde.

Im Jahr 2006 trat Greenspan ab, die Aufarbeitung der Krise überließ er seinem Nachfolger Ben Bernanke. Doch aus heutiger Sicht gilt die jahrelange Niedrigzinspolitik unter Greenspan als Brandbeschleuniger für die Spekulationsblasen, die 2007 zum Kollaps des US-Immobilienmarktes und der weltweiten Finanzkrise führten. Fehler weist der 90-Jährige bis heute von sich – er habe schließlich rechtzeitig vor Überhitzungen gewarnt.",de_80,15.785714285714286,8.410695329065687,0.1085972850678733,6.393665158371041,0.7782805429864253,0.1583710407239819
,de,gemini,"Hier ist eine überarbeitete Version im natürlichen Nachrichtenstil, die den Inhalt und die Länge des Originals beibehält:

**Erfolgreicher Abschluss auf der Mariahilfer Straße: Budget um eine halbe Million unterschrieben**

Wien – Mit einer kleinen technischen Panne ist am Freitag die Umgestaltung der Wiener Mariahilfer Straße zu Ende gegangen. Beim symbolischen Verlegen des letzten Pflastersteins versagte der Vakuumsauger, der Stein löste sich und zerbrach. Erst der zweite Anlauf saß – ein Zwischenfall, der symbolhaft für die gesamte Entstehungsgeschichte der neuen Begegnungszone steht. 

Vor allem Verkehrsstadträtin Maria Vassilakou (Grüne) zeigte sich bei der finalen Präsentation sichtlich erleichtert. Das Projekt war jahrelang von heftigem Gegenwind begleitet worden. Besonders Wirtschaft und Opposition hatten die Pläne zur Fußgängerzone vehement kritisiert, und auch der damalige Koalitionspartner SPÖ zögerte zunächst. Erst eine knappe Volksbefragung in den Bezirken Mariahilf und Neubau brachte die Wende. Die Strapazen der vergangenen zwei Jahre seien spurlos an ihr vorübergegangen, scherzte Vassilakou mit Blick auf das ein oder andere neue graue Haar. 

Trotz der holprigen Vorgeschichte zieht die Stadt eine durchgehend positive Bilanz. Nicht nur der Zeitplan wurde eingehalten, auch finanziell blieb man im grünen Bereich: Laut Projektkoordinator Peter Lux wird das Budget von 25 Millionen Euro voraussichtlich um rund 500.000 Euro unterboten; die endgültige Abrechnung läuft noch. Vassilakou sprach von einem „gelungenen Projekt“, das sie glücklich mache. Man habe viel gelernt, etwa dass ein Testabschnitt zu Beginn als Anschauungsobjekt hilfreich gewesen wäre. 

Die „Mahü“ soll jedoch kein Einzelfall bleiben. Laut der Stadträtin gibt es in den Bezirken zahlreiche Wünsche nach ähnlichen Reformen, um die Lebensqualität durch Verkehrsberuhigung und Grünflächen zu steigern. An die Dimensionen der Mariahilfer Straße werde ein künftiges Projekt allerdings nicht heranreichen.

Gefeiert wird das Ende der Bauarbeiten erst am Samstag mit einem großen Straßenfest. Neben Prominenten wie den Song-Contest-Teilnehmern „The Makemakes“ und der Band „Tagtraeumer“ erwartet die Besucher ein buntes Programm mit Kletterwand, Kinderanimation und einer Rüttelplatte. Für die Feierlichkeiten wird die gesamte Meile für den Verkehr gesperrt, was auch zu Umleitungen beim Bus 13A führt.

Kritik kommt indessen vom ÖAMTC. Es sei verfrüht, jetzt schon in uneingeschränkten Jubel auszubrechen, ließ der Autofahrerclub via Aussendung verlauten. Weder die Verkehrsabläufe auf der neuen Begegnungszone noch die Folgen für die angrenzenden Grätzel ließen sich zum jetzigen Zeitpunkt seriös bewerten, weshalb man vor einer schnellen Kopie des Konzepts in anderen Bezirken warnt.",de_81,17.318181818181817,9.498259953736808,0.10526315789473684,6.2973684210526315,0.7315789473684211,0.19736842105263158
,de,gemini,"Hier ist eine umgeschriebene Fassung im natürlichen Nachrichtenstil, die in Länge und Inhalt dem Original entspricht:

**Freiheit nach 55 Tagen im Hungerstreik. Jerusalem** – Nach einem lebensgefährlichen Protest im Gefängnis darf ein prominenter palästinensischer Häftling nach Hause. Wie das israelische Fernsehen am Montag berichtete, hat Israel der Freilassung von Khader Adnan, einem führenden Mitglied des Islamischen Jihad, noch vor Ende des Ramadans zugestimmt. Im Gegenzug beendet der 37-Jährige seinen nunmehr 55 Tage währenden Hungerstreik. Wegen seines kritischen Gesundheitszustands wird Adnan derzeit in einem israelischen Krankenhaus medizinisch versorgt. 

Zuvor hatten Beobachter gewarnt, dass ein Tod des in den Autonomiegebieten sehr populären Häftlings neue Unruhen im Nahostkonflikt hätte auslösen können. Israel hatte den Islamisten vor rund einem Jahr im Westjordanland festgenommen – im Zuge einer Razzia nach der Entführung und Tötung dreier israelischer Jugendlicher durch militante Palästinenser. Adnan befand sich seither ohne offizielle Anklage in sogenannter Verwaltungshaft. Diese umstrittene Maßnahme erlaubt es den Behörden, Verdächtige aus Sicherheitsgründen für sechs Monate oder länger gefangen zu halten, ohne ihnen den Prozess zu machen. Bereits im Februar 2012 hatte Adnan einen 66-tägigen Hungerstreik erst nach einer ähnlichen Vereinbarung abgebrochen.",de_82,18.4,6.003332407921453,0.09782608695652174,6.559782608695652,0.8097826086956522,0.09239130434782608
,de,gemini,"Hier ist eine Version im natürlichen, sachlich-journalistischen Nachrichtenstil:

**Protest gegen Open-Air-Toilette in San Francisco**

San Francisco – Ein neues Freiluft-Pissoir am Rande eines beliebten Parks sorgt in San Francisco für heftigen Streit. Obwohl sich im Vorfeld viele Anwohner für das in den USA neuartige, offene Modell starkgemacht hatten, geht nun die „Chinese Christian Union“ gemeinsam mit weiteren Bürgern gerichtlich dagegen vor. In der Klageschrift wird moniert, dass die lediglich durch ein Gitter sichtgeschützte Anlage anstößig sei und die Privatsphäre verletze. Zudem bemängeln die Kläger eine starke Geruchsbelästigung sowie unhygienische Zustände, da vor Ort keine Händewaschmöglichkeiten existieren. Auch sei das Pissoir gegenüber Frauen und Menschen mit Behinderungen diskriminierend; die Initiatoren fordern daher den sofortigen Abbau. 

Die Stadtverwaltung hatte das Urinal im Zuge einer Parksanierung zusätzlich zu herkömmlichen Sanitäranlagen errichten lassen, um dem weitverbreiteten Wildpinkeln entgegenzuwirken. Ein Einlenken lehnt die Stadt jedoch ab. Ein Sprecher der Justizbehörde zeigte sich befremdet über die Klage: Angesichts der Tatsache, dass der Dolores Park seit Jahren für seine bunte Gegenkultur mit nackten Sonnenanbetern und Drogenkonsum bekannt sei, sei es überraschend, dass man sich ausgerechnet an einem öffentlichen Pissoir störe.",de_83,22.875,10.203400168571259,0.1092896174863388,6.5683060109289615,0.8087431693989071,0.16393442622950818
,de,gemini,"Hier ist eine sprachlich überarbeitete Fassung im Stil einer modernen Nachrichten- oder Hintergrundanalyse, die Länge und Thema beibehält:

Der Erfolg der FPÖ ist längst kein isoliertes Phänomen mehr. Ob Geert Wilders in den Niederlanden mit einem knappen, aber euphorischen „Fantastic“ oder Italiens Lega-Chef Matteo Salvini mit einem schlichten „Trionfo“: Nach Norbert Hofers starkem Abschneiden bei der Bundespräsidentenwahl blickt Europas rechte Szene voller Bewunderung nach Österreich. Doch im Gegensatz zur Ära Jörg Haiders steht die FPÖ heute nicht mehr allein da. In ganz Europa erleben rechtspopulistische Kräfte einen Höhenflug. Ihr gemeinsames Erfolgsrezept in Zeiten von Wirtschaftskrise und Zuwanderung ist das Versprechen einer Rückkehr in nationale Sicherheit. 

Die Zahlen sprechen für sich: Ungarns Fidesz regiert ebenso mit absoluter Mehrheit wie die PiS in Polen. Auch die Dänische Volkspartei erzielt starke Ergebnisse, und der französische Front National wurde bei der Europawahl 2014 stärkste Kraft in Frankreich. In Staaten wie Schweden, Finnland, Großbritannien und den Niederlanden haben sich Rechtspopulisten fest jenseits der Zehn-Prozent-Hürde etabliert. Selbst Deutschland, das lange als immun galt, hat dieser Strömung nicht standgehalten: Die AfD feierte teils drastische Wahlerfolge in den Bundesländern – gipfelnd in 24,2 Prozent in Sachsen-Anhalt –, womit ihr der Einzug in den Bundestag gesichert schien.

Was diese Bewegungen heute schlagkräftiger macht als früher, ist ihre europaweite Vernetzung. Während osteuropäische Parteien teilweise noch an historischen Nationalkonflikten laborieren, haben die westlichen Rechten ihre alten Gräben zugeschüttet. Sie einen sich im Kampf gegen gemeinsame Feindbilder: den Islam, die Europäische Union und zunehmend auch die Globalisierung samt internationaler Konzerne. Viele dieser Parteien – die FPÖ fungiert hier als Vorbild – haben wirtschaftsliberalen Ballast abgeworfen und bedienen stattdessen antikapitalistische Töne. So war es im österreichischen TV-Duell bezeichnenderweise nicht die linke Seite, sondern Norbert Hofer, der am schärfsten gegen das Freihandelsabkommen TTIP agitiert. 

Die europäischen Rechtsparteien haben ihre Programmatik passgenau auf die Sorgen vieler Bürger zugeschnitten. Die Angst vor unkontrollierter Zuwanderung vermischt sich dabei mit tiefen Abstiegsängsten. Angesichts stagnierender Arbeitsmärkte und einer prekarisierten Berufswelt greift diese Verunsicherung längst weit in die bürgerliche Mitte aus.",de_84,19.470588235294116,7.9935094777967395,0.10876132930513595,6.595166163141994,0.7552870090634441,0.18126888217522658
,de,gemini,"Hier ist eine inhaltlich identische, sprachlich überarbeitete Version im natürlichen Stil einer Sportnachrichten-Agentur oder Tageszeitung:

Gianni Infantino ist der neue Mann an der Spitze des Fußball-Weltverbandes. Der Schweizer setzte sich am Freitag beim außerordentlichen Fifa-Kongress in Zürich im entscheidenden zweiten Wahlgang mit 115 zu 88 Stimmen gegen den favorisierten Scheich Salman bin Ibrahim al-Khalifa aus Bahrain durch. 

Die Wahl in Zürich entwickelte sich wie erwartet zu einem wahren Marathon, der sich über mehr als fünf Stunden hinzog. Nach dem Verzicht des Südafrikaners Tokyo Sexwale brachte bereits der erste Durchgang eine knappe Führung für Infantino (88:85 Stimmen). Da die absolute Mehrheit verpasst wurde, kam es erstmals seit 1974 zu einer Stichwahl. Um Punkt 18 Uhr stand die Überraschung fest: Der 45-jährige Europäer, der als Ersatz für den gesperrten Michel Platini angetreten war, machte das Rennen. Den entscheidenden Pusch erhielt Infantino dabei durch die Stimmen der abgeschlagenen Mitbewerber Prinz Ali bin Al Hussein und Jérôme Champagne, deren Lager fast geschlossen zu ihm wechselten. Der sichtlich bewegte Sieger kündigte an, ein Präsident für alle 209 Mitgliedsverbände sein zu wollen und den Ruf der Fifa gemeinsam wiederherzustellen.

Bereits vor der Kür des neuen Chefs hatte der Verband den Weg für einen Neustart geebnet. Unter dem Druck von Justizbehörden, Politik und Sponsoren sowie nach einem dramatischen Einbruch der Finanzen – 2015 musste die Fifa erstmals seit Jahren rote Zahlen schreiben – stimmten 89 Prozent der Delegierten für ein weitreichendes Reformpaket. Amtszeiten wie die des langjährigen Machthabers Joseph Blatter gehören damit der Vergangenheit an. 

Die Statutenänderungen, die unter anderem mehr Transparenz, eine Gewaltenteilung und Frauenquoten vorsehen, treten in 60 Tagen in Kraft. Künftig wird das allmächtige Exekutivkomitee durch ein breiter aufgestelltes „Fifa-Council“ ersetzt, das rein strategisch agiert. Das operative Milliardengeschäft wandert zum Generalsekretariat. Der neue Präsident verliert dadurch an direkter Macht und ist nicht mehr allein zeichnungsberechtigt. Ob der Neustart gelingt, dürfte vor allem von der Besetzung des einflussreichen Generalsekretärs abhängen, den der Präsident künftig zwar vorschlägt, vom Rat aber absegnen lassen muss. Ein Risiko bleibt indes bestehen: Im neuen Führungsgremium sitzen weiterhin viele jener Funktionäre, die die jahrelange Krise des Verbandes mitzu verantworten haben.",de_85,20.529411764705884,7.195731145116719,0.10601719197707736,6.177650429799427,0.7535816618911175,0.17191977077363896
,de,gemini,"Hier ist eine überarbeitete Version im natürlichen, sachlichen Nachrichtenstil, die in Länge und Inhalt dem Original entspricht:

Im Umgang mit der anhaltenden Flüchtlingskrise zeigen sich auch im Profifußball immer mehr Vereine solidarisch. So hat der österreichische Bundesligist Austria Wien angekündigt, ab sofort jeden Freitag um 15 Uhr ein geregeltes Training für Flüchtlinge in der vereinseigenen Akademie anzubieten, das von eigenen Coaches geleitet wird. „Das zeigt, dass wir über unseren Tellerrand hinausblicken und mehr darstellen als einen reinen Fußballverein“, erklärte Austria-Vorstand Markus Kraetschmer. Ergänzend dazu trugen die „Veilchen“ am Mittwochabend ein Benefizspiel beim Zweitligisten FAC aus, dessen Einnahmen vollständig der Betreuung unbegleiteter minderjähriger Flüchtlinge zugutekommen. 

Auch in Deutschland beziehen prominente Clubs und Sportler klar Position. Unter dem Hashtag #stehtauf rufen Schalke 04 und bekannte Gesichter wie Gerald Asamoah und Hans Sarpei zu mehr Mitgefühl auf. „Wir attackieren Menschen, die absolut nichts besitzen und Schutz suchen? Jeder sollte einmal in sich gehen und nachdenken“, appelliert Asamoah in einem am Dienstag veröffentlichten Videoclip des Vereins, an dem sich Spieler, Trainer und Vorstand beteiligen. 

Zudem demonstriert die deutsche Fußball-Nationalmannschaft geschlossen Solidarität. Unter der Führung von Kapitän Bastian Schweinsteiger beziehen die Weltmeister in einem Video deutlich Stellung gegen Gewalt und Fremdenhass und werben stattdessen für ein tolerantes Deutschland. In dem kurzen Spot halten fünf Nationalspieler nacheinander Schilder mit Kernwerten hoch: Schweinsteiger steht für Hilfsbereitschaft, Jérôme Boateng für Respekt, İlkay Gündogan für Integration, Mesut Özil für Weltoffenheit und Toni Kroos für Fairplay. Zum Abschluss zeigt das Quintett gemeinsam die Botschaft: „Gegen Gewalt und Fremdenhass.“",de_86,19.153846153846153,9.98341820486623,0.11693548387096774,6.653225806451613,0.7903225806451613,0.1814516129032258
,de,gemini,"Hier ist eine Version in eigenen Worten, die den ironischen, kritischen Ton des Originals beibehält, ungefähr gleich lang ist und wie ein typischer meinungsstarker Medienkommentar klingt:

Wo Michael Jeannée über den Anstand wacht, bleibt kein Stein auf dem anderen – und genau um dieses Thema soll es heute gehen. Doch bevor wir uns dem guten Benehmen widmen, gibt es erfreuliche Post aus der Rubrik Zähneknirschen: Das freiheitliche Magazin *Zur Zeit* musste – wenn auch nicht ganz freiwillig, sondern per Gerichtsurteil im Namen der Republik – eine handfeste Falschbehauptung richtigstellen. 

Im Mai des Vorjahres hatte das Blatt die Journalistin Colette M. Schmidt noch als „Märchen-tante“ verunglimpft und ihr vorgeworfen, mit allen Mitteln die Existenz unbescholtener, rechts stehender Bürger ruinieren zu wollen. Zur Untermauerung diente der Redaktion damals ein vermeintlich todsicheres Indiz: Schmidt sei eine Patchwork-Mutter, und es sei ja allgemein bekannt, dass dieser Frauentyp die systematische Existenzvernichtung quasi im Blut habe. Da die im Gerichtssaal herbeifantasierten Opfer jedoch beim besten Willen nicht aufzutreiben waren, verurteilte das Wiener Landesgericht für Strafsachen das Magazin wegen übler Nachrede zu einer Entschädigung. 

Für das rechte Blatt eine herbe Schmach, die man jedoch nicht auf sich sitzen lassen wollte. Unter einem Foto der Journalistin wurde enthüllt: Colette M. Schmidt, geboren 1971 in Kanada. Womit für die Redaktion alles gesagt war – was Gutes kann schließlich nicht aus dem Ausland kommen!

Doch nun zum eigentlichen Thema: Gutes Benehmen ist wieder gefragt. Allerdings nicht überall, glaubt man dem selbsternannten Knigge der Boulevardpresse, Michael Jeannée. Als echtes Schreckgespenst der feinen Brüsseler Finanzwelt galt einst der griechische Ex-Minister Yanis Varoufakis. Er sprach Klartext über die dortigen Sanierungsmethoden und zeigte sich auch noch stolz auf die Verachtung, die ihm dafür entgegengebracht wurde. Das rief den Benimm-Experten der *Krone* auf den Plan, der Varoufakis prompt als „üble, jämmerliche und unsympathische Figur“ und „notorischen Falschspieler“ titulierte. Ob Varoufakis seine Kollegen jemals ähnlich beschimpft hat, ist unwahrscheinlich – aber wo Jeannée den Ton angibt, wächst eben kein Gras mehr.

Noch mehr Fett weg als der Brüsseler Motorrad-Schreck bekam wenig später *Falter*-Herausgeber Armin Thurnher, der Varoufakis in einem Leitartikel unter dem Titel „Schlechtes Benehmen wieder gefragt“ verteidigt hatte. Vielleicht geschah das nicht ganz zu Unrecht: Thurnher kritisierte zwar das dünnhäutige Gehabe der EU-Granden, räumte aber gleichzeitig ein, Varoufakis hätte die Eurozone retten können, wenn er seine Positionen nur mit besseren Manieren vorgetragen hätte. Eine etwas naive Hoffnung, wie selbst Thurnher mit einem Zitat von Karl Marx einsieht – wonach bloße Empörung noch keinen echten Widerstand ersetzt.

Ob die Aufregung um Varoufakis nun tatsächlich das Resultat einer geeinten Bourgeoisie war oder doch nur an seinen mangelnden Manieren lag, konnte am Ende ohnehin nur einer endgültig klären: Michael Jeannée. Der lebt seit Jahren von der kreativen Masche, den *Falter* beharrlich als „Bolschewikenblattl“ zu beschimpfen. Seine jüngste Kolumne leitete er dementsprechend mit den Worten ein: „Sie werden das Wiener Bolschewikenblattl Falter und seinen Chefredakteur Armin Thurnher nicht kennen“ – und unterstellte seinem Publikum damit eine fast schon beleidigende Amnesie. In Jeannées Fall darf man eine solche Gedächtnislücke allerdings ausnahmsweise als wohltuend empfinden.",de_87,21.91304347826087,10.745729357884102,0.11507936507936507,6.117063492063492,0.7083333333333334,0.1488095238095238
,de,gemini,"Hier ist eine naturalistische, journalistische Umformulierung im gleichen Stil und mit ähnlicher Länge:

Beim Start seines neuen Streaming-Dienstes Apple Music setzt der iPhone-Konzern auf eine maximale Bitrate von 256 kbps – und bleibt damit seiner bisherigen iTunes-Linie treu. Wie unter anderem das Tech-Portal *TheNextWeb* anmerkt, hinken die Kalifornier damit der gesamten Konkurrenz hinterher. Ob Spotify, Google Play Music, Tidal oder Deezer: Sie alle übertragen Musik mit 320 kbps. Sogar die inzwischen von Apple übernommene Marke „Beats“ hatte diesen Wert einst als Branchenstandard bezeichnet. 

Warum Apple ein niedrigeres Niveau wählt, bleibt zunächst unklar. Zwar ist wissenschaftlich umstritten, ob Hörer den Unterschied zwischen 256 und 320 kbps im Alltag überhaupt wahrnehmen können, zudem spielen Faktoren wie der genaue Codec eine Rolle (hierzu schweigt sich Apple noch aus). Dennoch sorgt die Entscheidung für Kritik: Medien wie *Mashable* werten Apple Music als unausgegoren. Zwar schont die geringere Datenrate das mobile Datenvolumen, allerdings hätte man dies auch den Nutzern selbst überlassen können.",de_88,19.625,9.538573006482679,0.12101910828025478,6.1528662420382165,0.821656050955414,0.1337579617834395
,de,gemini,"**Uni-Zugangsregeln begünstigen Akademikerkinder**

**Wien –** Die Einführung von Zulassungsbeschränkungen an österreichischen Universitäten hat den Anteil von Studierenden aus Akademikerhaushalten in den betroffenen Fächern steigen lassen. Das geht aus einer aktuellen Studie hervor, die am Dienstag bei einer Tagung der Arbeiterkammer (AK) vorgestellt wurde. Die Untersuchung nahm die Entwicklung in Studiengängen wie Human- und Veterinärmedizin, Psychologie, Publizistik und Biologie unter die Lupe. Ausgelöst durch ein EUGH-Urteil, waren solche Hürden hierzulande ab 2005 eingefügt worden.

Besonders deutlich zeigt sich der Trend in der Humanmedizin: Lag der Anteil der Akademikerkinder zwischen 2000 und 2004 noch bei maximal 41 Prozent, kletterte er danach auf über 50 Prozent (aktuell 54,5 Prozent). Ein wesentlicher Faktor dabei ist der Zuzug aus dem Ausland, insbesondere aus Deutschland, wo der Akademikeranteil unter Studierenden generell höher ist – in der Bundesrepublik liegt er laut Ministeriumsangaben bei 68 Prozent, in der Schweiz bei 57 Prozent. Zwar dämpfen feste Quoten von 75 Prozent für Inländer und 20 Prozent für EU-Bürger diesen Effekt, ganz ausgleichen können sie ihn jedoch nicht.

Ähnliche Beobachtungen machten die Forscher in der Veterinärmedizin, wo seit 2005 Eignungstests gelten. Hier sprang der Anteil der Akademikerkinder von 34 auf 46 Prozent im darauffolgenden Jahr. Auch in der Biologie schlug die Regelung direkt an: Als 2005 Beschränkungen eingeführt wurden, stieg der Wert um rund acht Prozentpunkte auf 43 Prozent; nach ihrer Aufhebung im Jahr 2007 fiel er umgehend wieder unter die 40-Marke. In Publizistik und Psychologie trugen ebenfalls vor allem Studierende aus dem Ausland mit höherem sozioökonomischem Hintergrund zu diesem Anstieg bei. Neuere Beschränkungen aus dem Jahr 2013 blieben in dieser Analyse noch außen vor.

Wie stark das Elternhaus den Bildungsweg prägt, belegt eine zweite, von der AK in Auftrag gegebene Untersuchung der Linzer Ökonomen Rene Böheim und Christina Judmayr. Für ihre Studie analysierten sie Daten von mehr als 190.000 Geschwisterpaaren. Das Ergebnis: Wer Geschwister mit maximal Pflichtschulabschluss hat, schafft nur mit einer Wahrscheinlichkeit von drei Prozent den Sprung an die Universität. Mit 44 Prozent ist ein Lehrabschluss oder eine berufsbildende mittlere Schule weitaus wahrscheinlicher, während 39 Prozent ebenfalls nicht über den Pflichtschulabschluss hinauskommen. Umgekehrt machen Geschwister von Akademikern zu 77 Prozent mindestens Matura.

Im internationalen Vergleich ähnelt der österreichische Befund damit stark den Werten aus Skandinavien, während die soziale Herkunft in Deutschland und den USA noch stärkere Auswirkungen zeigt. Obwohl die Daten keine Rückschlüsse darauf zulassen, ob diese Unterschiede biologisch oder sozial bedingt sind, verweisen die Studienautoren auf das Schulsystem: Da eine frühe Trennung von Kindern in unterschiedliche Schultypen die Bildungsungleichheit verstärkt, spiele die Struktur des Bildungssystems eine zentrale Rolle für die Chancengleichheit.

Die Österreichische HochschülerInnenschaft (ÖH) sieht sich durch die Ergebnisse in ihrer Kritik bestätigt. Vizerevisor Florian Kraushofer sprach von einer „protektiven Elitenpolitik“ und forderte abermals die Abschaffung sämtlicher Zugangsbeschränkungen, die aus Sicht der Studierendenvertretung den Zugang für Nicht-Akademikerkinder langfristig erschweren. 

Die Universitätenkonferenz (uniko) betonte hingegen, die Daten müssten differenziert betrachtet werden. Während sich im Bereich der Medizin zweifellos eine soziale Reproduktion der Ärzteschaft zeige, ließen die bisherigen ministeriellen Evaluierungen darüber hinaus keine generellen Hinweise auf negative strukturelle Folgen für die soziale Mischung erkennen, so uniko-Präsident Heinrich Schmidinger.",de_89,21.25,10.353139620424328,0.10412573673870335,6.538310412573674,0.6895874263261297,0.19646365422396855
,de,gemini,"**Wien/Brüssel – Bundeskanzler Werner Faymann (SPÖ) hat sich nach Abstimmung mit EU-Kommissionspräsident Jean-Claude Juncker gegen Grenzzäune in Europa ausgesprochen. Zuvor hatte Innenministerin Johanna Mikl-Leitner (ÖVP) technische Sperren an der Grenze zu Slowenien ins Gespräch gebracht und den Begriff „Zaun“ verwendet. Faymann betonte jedoch in der „ZiB 2“, dass es innerhalb des Schengen-Raums keine Zäune geben werde – weder zu Ungarn noch zu Slowenien. Technische Hilfsmittel würden zudem keinen einzigen Flüchtling abhalten; wer das behaupte, täusche die Bevölkerung. Sinnvoll seien vor allem Maßnahmen direkt in den Krisenregionen.**

Während Mikl-Leitner die Planung der technischen Vorrichtungen auf rund zehn Tage schätzte und betonte, es gehe um eine kontrollierte Abwicklung samt „Tor“, beteuerten sowohl Faymann als auch Vizekanzler Reinhold Mitterlehner (ÖVP), man wolle keine Abschottung. Bundespräsident Heinz Fischer zeigte indes bei einem Auslandsbesuch Verständnis für die Innenministerin und verwies auf die ausgelasteten Kapazitäten Österreichs. Verteidigungsminister Gerald Klug (SPÖ) nannte Alternativen wie Container oder Absperrgitter, mahnte jedoch, die Menschlichkeit nicht zu vernachlässigen.

Der Ansturm an den Grenzen hält indes an: Allein am Mittwochabend harren rund 6.000 Schutzsuchende im steirischen Spielfeld aus, wie die Polizei mitteilte. Der Großteil wurde in Rot-Kreuz-Zelten untergebracht, ein nächtlicher Abtransport in Transitquartiere war geplant. Angesichts der Lage denkt nun auch Slowenien über schärfere Grenzkontrollen nach, falls vereinbarte EU-Beschlüsse ausbleiben. 

Faymann und Juncker forderten in ihrem Telefonat die rasche Umsetzung der Ergebnisse des Balkan-Gipfels, insbesondere die Schaffung von zehntausenden neuen Unterkünften, um eine humanitäre Krise zu verhindern. Die EU-Kommission will die Fortschritte bereits an diesem Donnerstag in einer ersten Videokonferenz überprüfen.",de_90,17.928571428571427,6.912352149948522,0.11244979919678715,6.7991967871485945,0.8032128514056225,0.1646586345381526
,de,gemini,"Hier ist eine naturalistische, im Nachrichtenton gehaltene Version des Textes:

**„Happy Birthday“ ist frei: Gericht schwächt Warner Music**

Das weltbekannte Geburtstagslied „Happy Birthday to You“ ist offiziell Allgemeingut. Das hat ein Bundesgericht in Los Angeles am Dienstag entschieden und damit eine schwere Niederlage für die Warner Music Group besiegelt. Laut Richter George King besitzt der US-Musikriese mit seiner Tochter Warner/Chappell Music keine gültigen Urheberrechte an dem Song. 

Warner hatte sich die Rechte im Jahr 1988 gesichert und damit zuletzt jährlich rund zwei Millionen Dollar (ca. 1,79 Millionen Euro) eingenommen. Zwar hatte die Firma Clayton F. Summy das Urheberrecht bereits 1935 angemeldet, doch nach Ansicht des Gerichts galt dies damals lediglich für eine bestimmte Klavier-Arrangement-Melodie, nicht jedoch für den Text – die Melodie selbst war ohnehin längst gemeinfrei. 

„Nach 80 Jahren ist *Happy Birthday* endlich frei“, konstatierte Klägeranwalt Randall Newman nach dem Urteil. Geklagt hatten im Jahr 2013 drei Dokumentarfilmer. Komponiert worden war das Stück ursprünglich 1893 von den Schwestern Mildred und Patty Hill unter dem Titel „Good Morning to You“, ehe der weltberühmte Geburtstagstext später hinzukam. In Deutschland war der Song übrigens laut der Gema noch bis Ende 2016 urheberrechtlich geschützt.",de_91,17.363636363636363,8.844851890149302,0.09947643979057591,6.06282722513089,0.8219895287958116,0.1518324607329843
,de,gemini,"Hier ist eine in Tonfall und Länge vergleichbare Neufassung im typischen Nachrichtenstil:

**WhatsApp vergrößert Gruppen auf bis zu 256 Mitglieder**

WhatsApp stockt die maximale Teilnehmerzahl für Gruppenchats drastisch auf: Ab sofort können bis zu 256 Nutzer in einer Runde kommunizieren – zuvor lag das Limit bei 100 Mitgliedern. Wie das Technik-Blog *Gadgets* berichtete, steht die Erweiterung nach einem Update der Android- und iOS-App zur Verfügung. 

Beobachter vermuten hinter dem Schritt einen möglichen Strategiewechsel des Messengers. So könnte WhatsApp durch die größeren Gruppen vermehrt als Konkurrenz zu etablierten Business-Diensten wie Slack positioniert werden, um künftig auch für die Unternehmenskommunikation attraktiv zu werden. Experten spekulieren zudem, dass der Mutterkonzern Facebook den Dienst langfristig für kommerzielle Großgruppen monetarisieren könnte. 

Bereits jetzt nutzen zahlreiche Medienhäuser – darunter DER STANDARD – den Messenger zur Verbreitung von Nachrichten. Der anhaltende Erfolg schlägt sich auch in beeindruckenden Nutzerzahlen nieder: Mittlerweile verzeichnet WhatsApp weltweit mehr als eine Milliarde Anwender, die täglich rund 42 Milliarden Nachrichten versenden – doppelt so viele wie weltweit via SMS verschickt werden.",de_92,24.0,12.615183595289334,0.08333333333333333,6.553571428571429,0.8214285714285714,0.15476190476190477
,de,gemini,"Hier ist eine sprachlich überarbeitete Version im natürlichen Nachrichtenstil, die das Thema und die Länge beibehält:

**Hundstorfer kritisiert Hofers Burschenschafts-Vergangenheit**

Im österreichischen Präsidentschaftswahlkampf nimmt SPÖ-Kandidat Rudolf Hundstorfer seinen FPÖ-Rivalen Norbert Hofer wegen dessen ideologischer Wurzeln ins Visier. Während die FPÖ mit dem Slogan „Aufstehen für Österreich“ wirbt, verweist Hundstorfer auf Hofers Mitgliedschaft in der Burschenschaft „Marko-Germania zu Pinkafeld“. 

Unter Berufung auf Analysen des Dokumentationsarchivs des österreichischen Widerstandes (DÖW) kritisiert der SPÖ-Politiker das dortige Verständnis der Nation. Laut einer Festschrift der Verbindung aus dem Jahr 1994 werde die Eigenstaatlichkeit Österreichs als „geschichtswidrige Fiktion“ abgelehnt, die seit 1945 in den Köpfen der Bürger verankert worden sei. Zwar bekenne sich die Burschenschaft formal zum Staat, berufe sich zugleich aber auf ein deutsches Vaterland jenseits der Landesgrenzen. Für Hundstorfer ist es unbegreiflich, dass ein Mitglied einer solchen Vereinigung das höchste Amt im Staat anstreben will.

Zudem stößt sich der SPÖ-Kandidat an weiteren Passagen der Festschrift. Darin wird der gesellschaftliche Pluralismus als Gefahr bezeichnet; die Verbindung sehe sich als „Trutzburg“ gegen die liberale Gesellschaft. Auch die dort geforderte Abkehr von der „Ideologie der Masse“ zugunsten einer neuen Elitenbildung wertet Hundstorfer als bezeichnend für den Hintergrund seines Mitbewerbers.",de_93,21.333333333333332,7.1492035298424055,0.08333333333333333,6.911458333333333,0.7552083333333334,0.19791666666666666
,de,gemini,"Hier ist eine neu formulierte Version im professionellen Nachrichtenstil, die den Inhalt prägnant und flüssig zusammenfasst:

***

**Peter Zeidler übernimmt Traineramt bei Red Bull Salzburg**

Beim österreichischen Serienmeister FC Red Bull Salzburg ist die Nachfolge von Adi Hütter geklärt: Neuer Cheftrainer wird Peter Zeidler. Der 52-jährige Deutsche hat einen Vertrag bis Sommer 2017 unterschrieben. 

Zeidler ist im Verein bestens bekannt. Seit September 2012 betreute er das Ausbildungsteam des FC Liefering und führte die jungen Spieler in der abgelaufenen Saison auf den starken zweiten Tabellenplatz der Ersten Liga. Sportdirektor Christoph Freund begründete die interne Lösung: „Peter Zeidler kennt unsere Vereinsphilosophie in- und auswendig und hat unseren Weg in Liefering über Jahre erfolgreich mitgeprägt. Wir sind von seiner fachlichen Qualität absolut überzeugt.“

Der neue Chefcoach blickt seiner neuen Aufgabe mit großer Vorfreude entgegen. „Es ist eine spannende und reizvolle Herausforderung, diesen Klub zu trainieren. Ich brenne darauf, mit der Mannschaft und dem Betreuerstab loszulegen“, so Zeidler, der seine erste Übungseinheit am kommenden Samstag leiten wird; zuvor stehen ab Donnerstag medizinische Leistungstests an.

Auch im Trainerteam gibt es Veränderungen: Da Zsolt Löw zum deutschen Schwesterklub RB Leipzig wechselt, rücken Richard Kitzbichler und der bisherige U15-Coach Gerhard Struber als Co-Trainer an Zeidlers Seite. Die Nachfolge von Zeidler beim FC Liefering tritt indes Thomas Letsch an, der bislang für die U18 verantwortlich war und künftig gemeinsam mit Co-Trainer René Aufhauser die Geschicke des Zweitligisten leitet.

*(red, 21.6.2015)*

**Zur Person: Peter Zeidler**
* **Geburtsdatum/-ort:** 8. August 1962 in Schwäbisch-Gmünd (Deutschland)
* **Wichtigste Stationen:** U.a. VfB Stuttgart (Nachwuchs), Co-Trainer bei 1899 Hoffenheim unter Ralf Rangnick, Tours FC (Frankreich) sowie ab 2012 FC Liefering.
* **Größte Erfolge:** Regionalliga-Meistertitel und Aufstieg mit Liefering (2013) sowie zweimalige Top-Plätze in der Ersten Liga (Plätze 3 und 2).",de_94,16.11111111111111,11.887850421935877,0.12937062937062938,6.318181818181818,0.7832167832167832,0.16433566433566432
,de,gemini,"Hier ist eine zeitgemäße, natürliche Nachrichtenversion, die Länge und Thema beibehält:

Wer das Finale der fünften „Game of Thrones“-Staffel am 14. Juni noch vor sich hatte, musste im Netz extrem wachsam sein. Pünktlich zum Serienende glichen Twitter, Facebook und Nachrichtenportale einem Minenfeld aus Enthüllungen. Glücklicherweise gibt es zahlreiche Tools, um dem ungewollten Verrat von Handlungsdetails zu entgehen. 

Für den Google Chrome-Browser empfiehlt sich etwa die Erweiterung „Silencer“. Damit lassen sich Beiträge auf Facebook und Twitter basierend auf bestimmten Keywords ausblenden. Über sogenannte „Mute Packs“ lässt sich das Ganze sogar bequem für ganze Serien einrichten. Ähnlich arbeitet „Spoiler Alert“: Die Chrome-Extension deckt Spoiler – sogar auf Wikipedia – mit einer Warnblende ab, benötigt dafür allerdings eine Registrierung. 

Auch plattformübergreifende Helfer wie die App „Spoiler Shield“ für iOS, Android und Chrome filtern Handlungsstränge zu mehr als 50 Serien und Sportereignissen aus den Social-Media-Feeds. Wer Twitter direkt nutzt, kann störende Begriffe oder Accounts ohnehin in den Einstellungen von Clients wie TweetDeck blockieren. 

Gegen generellen Social-Media-Lärm hilft zudem die Erweiterung „Facebook Purity“ für Chrome und Firefox, während „CommentBlocker“ gezielt nervige Spoiler in den Kommentarspalten besuchter Webseiten stoppt. 

*(Autorin: Birgit Riegler, 15.6.2015)* 

Wie schützen Sie sich im Netz vor lästigen Spoilern? Welche Apps, Erweiterungen oder Tricks nutzen Sie? Schreiben Sie es uns in die Kommentare!",de_95,13.25,6.869315832017043,0.14285714285714285,6.428571428571429,0.7904761904761904,0.15714285714285714
,de,gemini,"Hier ist eine überarbeitete Version im natürlichen Nachrichtenstil, die in Länge und Inhalt dem Original entspricht:

**ORF-Korrespondent Raimund Löw startet mit „Inside Asia“ eine neue Gesprächsreihe, die ab kommendem Donnerstag in ORF 3 zu sehen ist. Das Konzept verspricht eine Debatte frei von Zensur und Tabus.**

Wien – Eine Diskussion zwischen chinesischen Experten und ausländischen Journalisten ohne Einschränkungen – was ORF-Peking-Korrespondent Raimund Löw für das neue Format ankündigt, ist in der Volksrepublik normalerweise undenkbar. Ein derart offener politischer Meinungsaustausch sei äußerst ungewöhnlich, erklärte Löw im Gespräch mit dem „Standard“. Die vierteljährlich geplante Sendung „Inside Asia“ startet am Donnerstag, dem 25. Juni, um 21.05 Uhr in ORF 3.

Angesichts der massiven Einschränkungen – im Pressefreiheit-Ranking von „Reporter ohne Grenzen“ belegt China Platz 176 von 180, begleitet von inhaftierten Journalisten und staatlicher Kontrolle – war die Suche nach Teilnehmern laut Löw ein Drahtseilakt. Als Auslandskorrespondenten sei man zwar nicht der lokalen Zensur unterworfen, doch der Druck nehme zu und der Generalverdacht schwinge stets mit. 

Für die Premiere konnten dennoch hochkarätige Gäste gewonnen werden: Neben dem Pekinger Wirtschaftsprofessor Shi Shiwei und dem Politikwissenschaftler Liu Liqun diskutieren die österreichische Botschafterin Irene Giner-Reichl sowie der „Standard“- und „Welt“-Korrespondent Johnny Erling.

In Anlehnung an das EU-Format „Inside Brüssel“ widmet sich „Inside Asia“ den großen geopolitischen Fragen der Region. Im Fokus stehen Themen wie Chinas wirtschaftlicher und gesellschaftlicher Wandel, das Verhältnis zu den USA und Europa sowie asiatische Lösungsansätze für globale Herausforderungen vom Umweltschutz bis zum Terrorismus. Auch die Nachwirkungen des Zweiten Weltkriegs in Asien 75 Jahre nach Kriegsende sollen beleuchtet werden. *(omark, 22.6.2015)*",de_96,16.3125,12.117749120608167,0.10505836575875487,6.5136186770428015,0.7509727626459144,0.1867704280155642
,de,gemini,"Hier ist eine umformulierte Version im typischen Nachrichtenstil, die Länge und Thema beibehält:

**New York –** Mit einer drastischen Titelseite zur US-Waffendebatte hat die „New York Daily News“ heftige Reaktionen ausgelöst. Anlass für das provokante Cover am Donnerstag war der blutige Amoklauf von San Bernardino mit 16 Toten. „Gott bringt das nicht in Ordnung“, titelte das Boulevardblatt in riesigen Lettern. Dazu war zu lesen, dass sich Feiglinge, die der Waffenkrise ein Ende bereiten könnten, hinter bedeutungslosen Phrasen verstecken, während die Opfer in ihrem Blut liegen. Die Zeitung stellte dem vier Tweets von US-Politikern und Präsidentschaftsbewerbern gegenüber, die den Hinterbliebenen standardmäßig ihre Gebete zusicherten – eine in den USA übliche, aber zunehmend umstrittene Floskel. 

Das Aufmacherblatt stieß im Netz und bei anderen Medien auf geteiltes Echo. Viele Kommentatoren und Politiker unterstützten den Vorstoß und forderten angesichts der Serie von Schießereien konsequentes Handeln statt leerer Glaubensbekundungen. Kritiker warfen der Zeitung hingegen vor, sich in unangebrachter Weise über religiöse Gefühle und Gebete lustig zu machen. Die traditionsreiche „New York Daily News“ gehört dem Verleger Mortimer Zuckerman, erscheint in einer Auflage von rund 300.000 Exemplaren und gilt im Vergleich zur „New York Times“ als volksnaher.",de_97,19.2,6.43117407632541,0.1099476439790576,6.157068062827225,0.7696335078534031,0.2198952879581152
,de,gemini,"Hier ist eine umformulierte Version im natürlichen Nachrichtenstil, die Länge und Thema beibehält:

Der angebliche Super-GAU in der IT-Welt war offenbar nur ein PR-Gag: Entgegen erster Berichte hat der Unternehmer Marco Marsala seine Firma nicht versehentlich mit einem einzigen Befehl komplett gelöscht. Wie er der italienischen Zeitung *La Repubblica* verriet, handelte es sich dabei um eine bewusste Inszenierung, um Aufmerksamkeit für sein Startup zu generieren, das Outsourcing-Dienstleistungen für Server-Management anbietet. Völlig frei erfunden sei die Anekdote allerdings nicht – Marsala will von einem ähnlichen Vorfall aus der Vergangenheit bei einem Bekannten gehört haben. Zahlreiche Medien, darunter auch der *WebStandard*, hatten zuvor über das angebliche Missgeschick berichtet. In Internetforen reichte die Bandbreite der Reaktionen von echtem Mitgefühl bis hin zu offener Schadenfreude. Ob sich die Aktion für Marsala gelohnt hat, ist jedoch fraglich: Statt neuer Kunden erntet der Gründer nun vor allem Kritik als Internet-Troll.",de_98,24.0,9.521904571390467,0.1111111111111111,6.277777777777778,0.8333333333333334,0.19444444444444445
,de,gemini,"Hier ist eine sprachlich überarbeitete Version im natürlichen Nachrichtenstil, die den Inhalt und die Länge des Originals beibehält:

**Geheime Kammern gesucht: Wissenschaftler scannen vier Pyramiden bis Ende 2016**

Kairo – Mit modernster Technik wollen ägyptische Forscher gemeinsam mit internationalen Experten das Innere der großen Pyramiden nach bisher unentdeckten Hohlräumen durchsuchen. Ein Team aus Frankreich, Kanada und Japan setzt dabei auf Infrarot-Scans und hochempfindliche Detektoren, um einige Meter tief in das antike Gemäuer vorzudringen. Wie Altertümer-Minister Manduh al-Damati bekannt gab, konzentriert sich das bis Ende 2016 angesetzte Projekt auf vier Monumente: die Cheops- sowie die Chephren-Pyramide in Gizeh und zwei etwas weniger bekannte, aber ebenso imposante Bauwerke im südlich von Kairo gelegenen Dahschur. Die Cheops-Pyramide – benannt nach dem Pharao, der um 2638 bis 2613 v. Chr. regierte – ist das größte Bauwerk dieser Art und das einzige erhaltene der Sieben Weltwunder der Antike. Namensgeber der Mittleren Pyramide ist Chephren, der von ca. 2558 bis 2532 v. Chr. herrschte. Bei den beiden Anlagen in Dahschur handelt es sich um die Knickpyramide und die Rote Pyramide, die im 27. Jahrhundert vor unserer Zeitrechnung unter Pharao Snofru entstanden und in ihrer Größe sogar die Mykerinos-Pyramide übertreffen. Laut Damati könnte dieselbe Technologie eventuell auch bei einer erneuten Untersuchung von Tutanchamuns Grab zum Einsatz kommen. Der vor rund 3.300 Jahren lebende Pharao, berühmt durch seine goldene Totenmaske, war nach Ansicht vieler Experten der Sohn Echnatons. Da Nofretetes Grab beziehungsweise ihre Mumie bis heute verschollen ist, spekulieren Archäologen – wie etwa der Brite Nicholas Reeves in einer jüngeren Studie –, ob sie womöglich in einer versteckten Seitenkammer des Tutanchamun-Grabes ruht. *(APA, red, 26.10.2015)*",de_99,14.210526315789474,13.858605334890479,0.13108614232209737,6.0411985018726595,0.7677902621722846,0.1797752808988764
,de,gemini,"Hier ist eine neu formulierte Version im typischen Nachrichtenstil, die Länge und Thema beibehält:

**Siemens streicht und verlagert Tausende Stellen in Deutschland**

Wegen anhaltender Schwierigkeiten in der Sparte für Prozessindustrie und Antriebe klettert der Dax-Konzern Siemens zu einem großen Umbau. Weltweit stehen rund 2.500 Arbeitsplätze auf der Kippe, wie das Unternehmen am Mittwoch in München bekannt gab. Gut 2.000 davon entfallen auf Deutschland, wobei der Schwerpunkt auf bayerischen Standorten liegt. Etwa die Hälfte der betroffenen Jobs soll ganz wegfallen, der Rest an andere Orte verlagert werden. Als Hauptgrund nannte Siemens den verschärften Wettbewerb in den Branchen Öl, Gas, Metall und Bergbau. Besonders stark trifft es die Werke in Nürnberg (ca. 750 Stellen), Ruhstorf bei Passau (ca. 700), Bad Neustadt an der Saale (ca. 350) und Erlangen (gut 150). In Berlin sind zudem 20 bis 30 Arbeitsplätze betroffen. 

Die IG Metall kündigte umgehend massiven Widerstand an. Bayerns Bezirkschef Jürgen Wechsler warf dem Management vor, reflexartig und ohne neue Ideen auf Marktveränderungen zu reagieren. Von der einst versprochenen Ruhe im Konzern sei unter Chef Joe Kaeser nichts zu spüren. Die betroffene Division stellt unter anderem Großantriebe für die Rohstoffindustrie her. Infolge des drastischen Preisverfalls beim Öl halten sich Kunden derzeit stark mit Aufträgen zurück, was bereits im Vorjahr zu einem Chefwechsel in der Sparte geführt hatte. Die Division, die weltweit rund 46.000 und in Deutschland etwa 16.000 Menschen beschäftigt, erzielt einen Jahresumsatz von rund neun Milliarden Euro.

Kaeser hat seit seinem Amtsantritt im Zuge diverser Restrukturierungen bereits rund 13.000 Arbeitsplätze abgebaut. Gleichzeitig betonte Siemens, den Umbau zum digitalen Industriekonzern weiter voranzutreiben. Dank höherer Investitionen, etwa in Forschung und Entwicklung, rechnet das Unternehmen in den kommenden Jahren weltweit mit mindestens 25.000 Neueinstellungen jährlich, davon rund 3.000 in Deutschland.",de_100,11.23076923076923,7.991859763860168,0.15087719298245614,6.12280701754386,0.7649122807017544,0.18947368421052632
,de,gemini,"Hier ist eine Neufassung im natürlichen, sachlichen Nachrichtenstil, die in Länge und Inhalt dem Original entspricht:

**Geplante Öffi-Reform für Floridsdorf: Straßenbahnnetz soll für Krankenhaus Nord umgebaut werden**

Passend zum Bau des neuen Krankenhauses Nord in Floridsdorf zeichnet sich im Norden Wiens eine umfassende Reform des Straßenbahnnetzes ab. Laut übereinstimmenden Insiderinformationen stehen vier Tram-Linien vor großen Änderungen, um das künftige Großspital optimal anzubinden. Eine offizielle Bestätigung der Wiener Linien steht jedoch noch aus – Kritiker vermuten dahinter vor allem Einsparungsabsichten.

Die medizinische Versorgung im 21. Bezirk gilt seit Langem als verbesserungswürdig. Das künftige Krankenhaus Nord soll diesen Missstand beheben, auch wenn sich der Zeitplan der Stadt in der Vergangenheit mehrfach verschoben und das Budget deutlich erhöht hat. Neben dem Bau des Spitals ist vor allem eine funktionierende Verkehrsanbindung entscheidend. Frühere Forderungen nach einer U6-Verlängerung wurden zwar verworfen, nun greifen die Verantwortlichen jedoch zu einer Neuordnung des Tramnetzes. 

Wie aus dem Umfeld der Verkehrsbetriebe durchsickerte, wurden lokale Entscheidungsträger bereits eingeweiht. Demnach sind folgende Änderungen geplant: Die Linie 25 soll künftig nicht mehr an der U-Bahn-Station Floridsdorf enden, sondern über die Brünner Straße direkt am Krankenhaus Nord vorbei bis zur Hanreitergasse geführt werden. Die bisher dort verkehrende Linie 30 wird im Zuge dessen eingestellt. 

Zudem ist ein Tausch der nördlichen Linienäste vorgesehen: Die Linie 26 soll ab der U6-Station Floridsdorf künftig die Strecke der wegfallenden Linie 30 bis nach Stammersdorf übernehmen. Der vom Schottenring kommende 31er wird dagegen umgeleitet und bedient künftig den bisherigen Nordwestast des 26ers nach Strebersdorf – eine Strecke, die historisch bereits als Linie 32 bekannt war und möglicherweise auch wieder so benannt wird.

Kritiker bemängeln allerdings, dass durch den Wegfall des 30ers und die veränderten Streckenführungen weniger Züge im Einsatz sein könnten. Sie befürchten spürbar längere Wartezeiten und eine generelle Ausdünnung der Intervalle, besonders auf dem Weg nach Strebersdorf. Laut internen Stimmen könnten finanzielle Einsparungen ein wesentlicher Grund für die Reform sein. Ein offizieller Beschluss wird daher erst für die Zeit nach der Wiener Gemeinderatswahl erwartet.

Wiener-Linien-Sprecher Answer Lang bestätigte grundsätzlich, dass Anpassungen im 21. Bezirk geprüft werden. Es gebe das klare Bekenntnis, das Straßenbahnnetz gemeinsam mit dem neuen Zentrum rund um das Krankenhaus Nord weiterzuentwickeln. Man befinde sich dazu in guten Gesprächen mit Bezirksvorsteher Georg Papai, wollte die konkreten Details der kolportierten Pläne zum jetzigen Zeitpunkt jedoch weder bestätigen noch dementieren.",de_101,18.238095238095237,10.605051635018375,0.09921671018276762,6.467362924281984,0.6997389033942559,0.14360313315926893
,de,gemini,"Hier ist eine journalistisch überarbeitete Version im natürlichen Nachrichtenstil, die den Inhalt und die Länge des Originals beibehält:

**Wien/Graz – Nach seiner heftigen Kritik an FPÖ-Chef Heinz-Christian Strache im Zuge der Amokfahrt von Graz zeigt sich Sturm-Graz-Profi Marko Stankovic von den Reaktionen überrumpelt. „Schämen Sie sich“, hatte der Kicker am Samstag auf Facebook geschrieben, nachdem Strache dort die Herkunft des Täters thematisiert hatte.**

Im Gespräch mit dem *STANDARD* äußerte sich der verletzte Spieler am Montag zu den Hintergründen. Auf die Frage, ob er mit einem derartigen Medienecho gerechnet habe, antwortete Stankovic: „Mir war klar, dass man als Bundesliga-Spieler im Fokus steht. Aber diese Dimension hat mich dann doch überrascht.“ Bereuen tue er seinen Post keineswegs: „Ich habe niemanden beleidigt und wollte nur meine Meinung kundtun.“ Er sei in diesem Moment stark emotionalisiert gewesen, da seine Frau die schrecklichen Ereignisse in der Herrengasse hautnah miterleben musste und nur knapp entkommen war. „Vielleicht habe ich deshalb dünnhäutiger reagiert.“

Negative Kommentare im Netz lese er zwar nicht, aus seinem direkten Umfeld habe er jedoch generationsübergreifend viel Zuspruch erhalten. Stolz mache ihn das nicht, betonte der Fußballer, der sich selbst als politisch desinteressiert beschreibt: „Es ging mir nicht darum, gegen die FPÖ zu schießen.“ Vielmehr habe ihn gestört, dass bei der Tragödie sofort die Herkunft des Täters debattiert wurde, anstatt Mitgefühl zu zeigen: „Für Parteipolitik ist da kein Platz.“

Zu seiner Rolle als Vorbild befragt, meinte Stankovic, es sei zwar wichtig, nicht negativ aufzufallen, da Jugendliche zu Sportlern aufsehen, das Ganze dürfe man aber auch nicht übertreiben. Auf seine eigenen Wurzeln angesprochen – seine Eltern stammen aus Serbien –, erklärte er, in Österreich nie Diskriminierung erlebt zu haben. Auch die oft diskutierte Herkunft mancher Nationalspieler sieht er pragmatisch: „Unsere Namen enden auf ‚-vic‘, na und? Wir spielen für Österreich, weil wir alle Österreicher sind.“",de_102,19.1875,9.881920043695962,0.14333333333333334,5.933333333333334,0.78,0.14333333333333334
,de,gemini,"Hier ist eine inhaltlich identische, frisch formulierte und auf etwa dieselbe Länge gekürzte Version im professionellen, aber flüssigen Tonfall eines Magazin-Interviews:

***

**Vom politischen Wunderkind zum Werbe-Manager: Niko Pelinka über den Silicon-Valley-Spirit, YouTube-Stars und warum er dem ORF keine Träne nachweint.**

Wien – Mit 20 Jahren war er Pressesprecher einer Ministerin, mit 23 lenkte er den SPÖ-Freundeskreis im ORF-Stiftungsrat und fädelte die Wrabetz-Wiederwahl ein. Als er Ende 2011 dessen Büroleiter werden sollte, liefen die Redakteure Sturm – ein Intermezzo, das Niko Pelinka heute als heilsamen, wenngleich lehrreichen Fehltritt verbucht. Mittlerweile, mit 28, steuert er seit gut drei Jahren die Fäden der Kobza-Werbeholding (Lowe GGK, McCann, FCB) und mischt bei Medienprojekten wie R9 oder dem „Biber“ mit. Zudem holte er kürzlich mit Partnern wie Eveline Steinberger-Kern den „Innovation Club“ aus der Taufe, um heimische Manager mit dem Silicon Valley zu vernetzen. Das Gespräch dazu führten wir – passend zu seinem Faible für globale Perspektiven – kurz nach einem Studienaufenthalt an der Hult International Business School in Schanghai.

STANDARD: Sie waren kürzlich mit hochkarätigen heimischen Köpfen wie ORF-Chef Wrabetz im Silicon Valley. Was kann sich unsere Kommunikationsbranche da abschauen?  
Pelinka: Nicht nur unsere Branche, die ohnehin im permanenten Wandel ist. Europas gesamte Wirtschaftsmuskeln und Entscheidungsträger – von Banken bis zum Gesundheitswesen – müssen begreifen, wie radikal die digitale Transformation alles umkrempelt. Wer künftig den Ton angibt, entscheidet sich genau hier.  

STANDARD: Sie haben dazu quasi ein missionarisches Business-Reisebüro gegründet.  
Pelinka: Zusammen mit Eveline Steinberger-Kern und Markus Wagner rufen wir den „Innovation Club“ ins Leben. Wir organisieren themenspezifische Touren nach Kalifornien – etwa für Medizintechnik oder Mobilität –, veranstalten heimische Vernetzungs-Events und wollen künftig sogar Trainee-Plätze in der Bay Area vermitteln. Das ist ein rein gemeinnütziger Impuls für den Wissensaustausch.  

STANDARD: Wenn das nebenbei auch das eigene Agenturgeschäft ankurbelt, wird es niemanden stören.  
Pelinka: Das ist nicht der primäre Zweck. Es geht um Innovationsgeist in der Gesellschaft. Aber natürlich: Wer dort war, erkennt den Handlungsbedarf. Und wer seine Schlüsse zieht, investiert am Ende auch eher in moderne Dienstleistungen.  

STANDARD: Was nehmen Sie speziell für die Werbewelt mit?  
Pelinka: Alles wandelt sich rasant, und Prognosen sind schwierig. Aber im Valley lernt man einen extrem positiven Zugang. Während Europa oft verunsichert und pessimistisch abwägt, probiert man dort Dinge einfach direkt am Kunden aus.  

STANDARD: Sie leiten eine Gruppe aus klassischen Werbe- und PR-Agenturen. Wie passt das zur schnelllebigen Digitalwelt?  
Pelinka: Wir gründen alle ein bis zwei Jahre neue Einheiten, weil die Spezialisierung enorm steigt. Ein aufwendig produzierter Werbespot, der einfach online gestellt wird, verpufft bei jungen Zielgruppen völlig. Man muss die Spielregeln neuer Kanäle akzeptieren – oder wird unsichtbar.  

STANDARD: Deswegen auch das YouTube-Netzwerk „Diego5“? Wie wirbt man dort eigentlich richtig?  
Pelinka: Reine Präsenz reicht nicht. Man wird als Unternehmen im Grunde selbst zum Medium, statt sich nur klassischer Plattformen zu bedienen. Ein starkes internationales Beispiel dafür ist etwa „Coke TV“.  

STANDARD: Kann man mit der Vermarktung von YouTube-Stars in Österreich überhaupt Geld verdienen?  
Pelinka: Im Moment noch nicht primär – das ist ein langfristiges Projekt. Wir sind Österreichs erstes Multichannel-Network und agieren im Grunde wie eine Talentagentur für die Creators. Diese Leute haben enorme Deutungshoheit in wichtigen Zielgruppen. Unsere Aufgabe ist es, sie mit werbetreibenden Marken sinnvoll zusammenzubringen.  

STANDARD: Klingt nach fließenden Grenzen zur Schleichwerbung.  
Pelinka: Kooperationen müssen klar gekennzeichnet sein, das hat sich in der Community längst etabliert – oft schneller als jedes Gesetz es regeln könnte. Wir bewegen uns hier im Feld des „Branded Entertainment“. Die klassische Trennlinie zwischen PR, Marketing und Inhalt existiert schlicht nicht mehr.  

STANDARD: Sie investieren also langfristig, ohne sofortigen Profitdruck?  
Pelinka: Das ist im Grunde ein sehr amerikanischer Ansatz. Auch soziale Netzwerke haben erst extrem spät über Monetarisierung nachgedacht, weil sie dank Venture Capital vorher massiv Communitys aufgebaut haben. Das gefällt mir: Selbst im extrem kapitalistischen Silicon Valley steht das schnelle Geld oft erst an zweiter Stelle.  

STANDARD: Nun drängt die Kobza-Group aber nicht nur ins Netz, sondern wächst auch geografisch Richtung Deutschland. Was ist der Plan?  
Pelinka: Unser Fokus ist ohnehin längst der deutschsprachige Raum. Mit Diego5 und unserer Partnerin Sandra Thier sind wir bereits in Berlin vertreten und betreuen große deutsche Kunden. Ich kann mir gut vorstellen, dass wir dieses Modell auch für andere Agenturen unserer Gruppe ausrollen.  

STANDARD: Kommen wir noch einmal auf Ihre eigene Biografie zurück: War das geplatzte Engagement als Wrabetz-Büroleiter 2011 im Nachhinein ein Glücksfall?  
Pelinka: Auf persönlicher Ebene und bezogen auf die Lebensqualität: absolut. Und erfahrungsmäßig gilt auch hier das Valley-Prinzip: Man muss den Mut haben, Dinge auszuprobieren. Wenn meine Bewerbung damals ein Fehler war, habe ich verdammt viel daraus gelernt und bin daran gewachsen.  

STANDARD: Der politische ORF ist also für Sie kein Thema mehr?  
Pelinka: Null, das Kapitel ist komplett abgeschlossen. Die Welt ist viel zu groß und bietet zu viele spannende Aufgaben.  

STANDARD: Dennoch macht das öffentlichkeitsnahe Geschäft bei den Kobza-Agenturen einen ordentlichen Anteil aus.  
Pelinka: Tatsächlich machen wir schätzungsweise nicht einmal 20 Prozent unseres Umsatzes mit der öffentlichen Hand – das ist für eine Gruppe unserer Größe im internationalen Vergleich absolut im Rahmen, wenngleich strategisch nicht unser Hauptfokus.",de_103,13.819672131147541,7.2958739669543595,0.1543942992874109,6.178147268408551,0.6472684085510689,0.1496437054631829
,de,gemini,"**Überraschende Unterstützung für Apple im iPhone-Streit: Ehemann eines Opfer kritisiert FBI-Pläne**

Im juristischen Streit zwischen dem FBI und Apple um die Entsperrung des iPhones eines San-Bernardino-Attentäters bekommt der Technologiekonzern prominenten Rückhalt. Salihin Kondoker, dessen Frau den Terroranschlag schwer verletzt überlebte, hat sich per Gerichtseingabe auf die Seite von Apple gestellt. Wie das Portal *Buzzfeed* berichtet, wendet er sich gegen den Zwang zur Bereitstellung einer Entschlüsselungssoftware. 

Kondoker bezweifelt, dass sich auf dem Diensttelefon des Attentäters überhaupt relevante Ermittlungsspuren finden. Da es sich um ein Arbeitsgerät der lokalen Behörde handelte, sei bekannt gewesen, dass die Verwaltung Zugriff auf den Standort sowie iCloud- und Mobilfunkdaten hatte. Für die Planung der Bluttat sei das Smartphone daher kaum genutzt worden – zumal die Attentäter ihre privaten Handys nach der Tat gezielt zerstörten. 

Zunächst hatte Kondoker Sorge, Apples Blockade könnte die Aufklärung gefährden. Mittlerweile befürchtet er jedoch, dass ein richterlicher Zwang zur Umgehung der Sicherheitsvorkehrungen einen gefährlichen Präzedenzfall für die Massenüberwachung unschuldiger Bürger schafft. Die Skepsis bezüglich des Nutzens des Geräts teilen auch der lokale Polizeichef und FBI-Direktor James Comey. Letzterer pocht dennoch auf den Zugriff, um den Opfern und Hinterbliebenen gerecht zu werden.",de_104,18.8,6.128621378417825,0.10638297872340426,6.632978723404255,0.7712765957446809,0.15425531914893617
,de,gemini,"Hier ist eine naturalistische, journalistische Zusammenfassung im typischen Nachrichtenstil:

**Wien – Mit einer Gedenkfeier im Parlament haben die Spitzen der österreichischen Republik am Montagabend ein starkes Zeichen gegen die Terroranschläge von Paris gesetzt. Neben der Politik gedachten auch Vertreter der Zivilgesellschaft und der französische Botschafter der Opfer.**

Nationalratspräsidentin Doris Bures (SPÖ) betonte in ihrer Eröffnungsrede in der Säulenhalle, dass das Parlament wie kein anderer Ort für die Werte der Demokratie stehe, die von den Attentätern so grausam bekämpft würden. Gleichzeitig warnte sie davor, sich bei sicherheitspolitischen Entscheidungen von Angst leiten zu lassen. 

Auch Bundespräsident Heinz Fischer mahnte, die europäischen Grundwerte im Anti-Terror-Kampf hochzuhalten. Der Terror richte sich nicht gegen eine bestimmte Religion oder Nationalität. Fischer warnte eindringlich davor, Flüchtlinge zu Sündenböcken zu machen: Sie dürften nicht doppelt zu Opfern werden – einmal durch den Fanatismus der Täter und nun durch pauschale Verurteilungen im Nachhinein.

Vizekanzler Reinhold Mitterlehner (ÖVP) hob hervor, dass der Anschlag der Gesellschaft als Ganzes gegolten habe. Bei der schwierigen Debatte über die Balance zwischen Freiheit und staatlicher Überwachung müsse nun sehr sensibel vorgegangen werden. Langfristig brauche es in der Region einen Waffenstillstand und demokratische Prozesse, um dem „Islamischen Staat“ (IS) die Basis zu entziehen.

Bundeskanzler Werner Faymann (SPÖ) forderte einen geschlossenen Zusammenhalt und betonte, man lasse sich nicht einschüchtern. Gerade im Umgang mit den Menschen, die vor dem Terror geflüchtet seien, müsse Europa beweisen, dass es die Menschenrechte ernst nehme. 

Musikalisch umrahmt wurde die Veranstaltung von Mitgliedern der Wiener Philharmoniker. Abseits der offiziellen Gedenken mahnte unterdessen die IG Autoren, Europa dürfe sich durch den Terror nicht spalten lassen; der Bau neuer Grenzzäune und die Abschottung seien der falsche Weg.",de_105,19.5,8.09541316337309,0.11029411764705882,6.470588235294118,0.7316176470588235,0.1948529411764706
,de,gemini,"Hier ist eine überarbeitete Version im natürlichen Nachrichtenstil, die Länge und Thema beibehält:

**Salzburg –** Trotz des jüngsten Todes seines künstlerischen Leiters Gerhard Eder präsentiert sich das Gratisfestival „Jazz & The City“ in seiner 16. Ausgabe gewohnt hochkarätig und vielseitig – das umfangreiche Programm trägt noch Eders Handschrift. Den Auftakt am Donnerstag macht die internationale Vielfalt der modernen afrikanischen Musik. Den Anfang bestreitet der tunesische Oud-Spieler und Sänger Dhafer Youssef, der orientalische Traditionen mühelos mit westlichem Rock, Jazz und Improvisation verknüpft. Ein weiteres Highlight folgt mit dem 75-jährigen Schlagzeuger Tony Allen, einst Mitbegründer des Afrobeats an der Seite von Fela Kuti. Nach Kollaborationen mit Größen wie Damon Albarn oder Charlotte Gainsbourg stellt er sein aktuelles, polyrhythmisches Album „Film of Life“ (2014) vor. 

Das Wochenende bringt dann echte Hochkaräter der Jazzgitarre nach Salzburg. Am Samstag treffen mit Gitarrist John Scofield und Saxofonist Joe Lovano zwei langjährige Weggefährten aufeinander, die mit ihrem Quartett das neue Album „Past Present“ präsentieren – eine gelungene Mischung aus Fusion, Funk und modernem Jazz. Vor eine schwere Wahl stellt Fans zur gleichen Zeit ein Auftritt in den Kavernen: Bill Frisell, ebenfalls Meister seines Fachs, gastiert erstmals in Österreich und widmet sich mit „Music For Strings“ einer Hommage an die US-Protestikone Woody Guthrie, unterstützt von einem Streichertrio. Zum Abschluss am Sonntag treffen im Duo der österreichische Avantgarde-Gitarrist Christian Fennesz und der norwegische Trompeter Arve Henriksen aufeinander und verbinden atmosphärische Melodien mit elektronischem Rauschen.",de_106,23.5,10.307764064044152,0.09361702127659574,6.370212765957447,0.825531914893617,0.16170212765957448
,de,gemini,"Hier ist eine neu formulierte Version im natürlichen Nachrichtenstil, die das Thema und die Länge des Originals beibehält:

US-amerikanische Großkonzerne wie Apple, Microsoft, Google oder der Pharmariese Pfizer lassen weiterhin gigantische Geldsummen im Ausland, um dem heimischen Fiskus zu entkommen. Anfang 2015 hatten US-Unternehmen außerhalb des Finanzsektors nach Berechnungen der Ratingagentur Moody’s liquide Mittel in Höhe von 1,73 Billionen Dollar (rund 1,6 Billionen Euro) angehäuft – ein historischer Höchstwert und ein Plus von vier Prozent gegenüber dem Vorjahr. Diese Summe übersteigt sogar das kombinierte Vermögen der 70 reichsten Menschen der Welt, wie das „Forbes“-Magazin errechnete. 

Laut Moody’s-Analyst Richard Lane wird der Löwenanteil dieser Cash-Reserven vom Technologie-Sektor gehalten, gefolgt von der Gesundheits-, Pharma- und Energiebranche. Untersuchungen der US-Notenbank Federal Reserve zeigen, dass börsennotierte Konzerne ihre flüssigen Mittel seit dem Abklingen der Finanzkrise 2008 kontinuierlich aufgestockt haben. 

Ein Hauptgrund dafür ist die US-Steuerpolitik. Rund 64 Prozent der Reserven – etwa 1,1 Billionen Dollar – parkten zum Jahreswechsel im Ausland. Werden Auslandsgewinne in die Vereinigten Staaten repatriiert, verlangt der Fiskus dafür Steuern von bis zu 35 Prozent. Dies schafft einen starken Anreiz für international aufgestellte Unternehmen, ihre Erlöse dort zu belassen, wo sie erwirtschaftet wurden. 

Diese Praxis sowie die hohen US-Steuersätze auf Auslandserträge sind in den Vereinigten Staaten ein anhaltendes Politikum. Um den Abgaben zu entgehen, verlegen immer mehr Konzerne ihren Sitz ins Ausland oder nutzen entsprechende Steuerstrukturen bei Fusionen. Kleine Oasen wie die Bermudas oder die Cayman Islands, aber auch europäische Staaten wie Irland und Luxemburg locken mit niedrigen Steuersätzen. Besonders für Tech- und Pharmakonzerne ist dies unkompliziert, da sie Gewinne über Patente und geistiges Eigentum flexibel dorthin verschieben können, wo die steuerlichen Bedingungen am günstigsten sind.

Die Liste der US-Firmen mit den größten Barreserven führen laut Moody’s Apple, Microsoft, Google, Pfizer und Cisco an. Unangefochtener Spitzenreiter ist Apple: Allein der iPhone-Konzern verfügte zuletzt über 193,5 Milliarden Dollar in seiner Kriegskasse – mehr, als fast jeder andere industrielle US-Wirtschaftssektor insgesamt aufbringen kann. 

Zwar sichern hohe Liquiditätsreserven die Handlungsfähigkeit bei Übernahmen und halten Budgets für Forschung und Entwicklung flexibel, doch das aktuelle Ausmaß geht Experten zu weit. So ist es kaum überraschend, dass die prallen Kassen Begehrlichkeiten wecken. Der bekannte Wall-Street-Investor Carl Icahn hatte Apple über Monate hinweg massiv unter Druck gesetzt, um höhere Ausschüttungen an die Aktionäre durchzusetzen. Solche Interventionen sind keine Seltenheit und oft von Erfolg gekrönt: Laut Moody’s erreichten die Dividendenzahlungen und Aktienrückkäufe der US-Konzerne im Jahr 2014 ebenfalls Rekordwerte.",de_107,21.05263157894737,7.857103284427453,0.12,6.55,0.75,0.1825
,de,gemini,"Hier ist eine redaktionell überarbeitete Version im natürlichen Nachrichtenstil, die Länge und Thema beibehält:

**Zürich – Ein extrem massereiches Schwarzes Loch in einer fernen Galaxie stellt Astronomen vor Rätsel und lässt etablierte Theorien zur Galaxienentwicklung wanken. Wie ein internationales Forschungsteam unter Leitung der ETH Zürich im Fachjournal «Science» berichtet, weist das Objekt namens CID-947 ein völlig unerwartetes Größenverhältnis zu seiner Heimatgalaxie auf.**

Das mithilfe des Keck-Observatoriums auf Hawaii und weiterer Teleskope entdeckte Schwarze Loch liegt in einer Galaxie, deren Licht uns aus der Frühzeit des Universums erreicht – rund zwei Milliarden Jahre nach dem Urknall. Während supermassereiche Schwarze Löcher normalerweise etwa ein Tausendstel der Masse ihrer Wirtsgalaxie ausmachen, sprengt CID-947 diesen Rahmen: Mit fast zehn Milliarden Sonnenmassen bringt es schlanke zehn Prozent der gesamten Galaxienmasse auf die Waage.

Bisher gingen Astronomen davon aus, dass Schwarze Löcher und ihre Heimatgalaxien Hand in Hand wachsen, da sie sich aus demselben Gasreservoir speisen. Zudem nahm man an, dass die Energie des Schwarzen Lochs die Sternbildung in der Umgebung bremst. Im Fall von CID-947 lief die Entwicklung jedoch offenbar drastisch anders: Das Objekt ist extrem schnell gewachsen, hat sein Wachstum inzwischen aber abgeschlossen – während ringsherum munter weiter Sterne entstehen.

Die Forscher vermuten in CID-947 einen Vorläufer jener massiven Systeme, die man heute im nahen Universum findet. Um die Mechanismen der galaktischen Evolution weiter zu entschlüsseln, setzen die Wissenschaftler nun auf kommende Beobachtungen mit dem chilenischen Gross-Teleskop Alma.",de_108,26.11111111111111,7.0780481371702155,0.09401709401709402,6.337606837606837,0.782051282051282,0.1623931623931624
,de,gemini,"Hier ist eine für den Nachrichtenkontext aufbereitete, sprachlich geglättete Version, die Länge und Duktus des Originals beibehält:

**Verteidigungsministerium: Juristin nach Verfassungskritik als „Nazi“ diffamiert**

Wien – Die langjährige Mitarbeiterin des Verteidigungsministeriums, Monika Donner, sieht sich massiven Anschuldigungen aus den eigenen Reihen ausgesetzt. Nachdem die Juristin zuvor noch für ihre Kompetenz und Loyalität gelobt worden war, wurde sie in der Vorwoche bei der Staatsanwaltschaft angezeigt – mit dem Vorwurf, nationalsozialistisches Gedankengut verbreitet zu haben. Im Gespräch mit dem *STANDARD* spricht Donner von einer gezielten Nötigung und Mobbing gegen eine Transgender-Person. 

Der Auslöser für die Anzeige war ein Auftritt Donners in der Puls-4-Sendung „Gültige Stimme“ am 18. Mai. Darin hatte sie kritisiert, dass abweichende Meinungen in der Gesellschaft zu Unrecht schnell in die rechtsextreme Ecke gedrückt werden. Genau das sei nun ihr selbst widerfahren, so die frühere Panzeroffizierin, die nach einem juristischen Kampf auch ohne geschlechtsangleichende Operation als Frau im Dienst bleiben kann. 

Hintergrund des Disziplinarverfahrens ist offenbar eine sicherheitspolitische Analyse, die Donner intern, an das Parlament sowie als E-Book („God bless you, Putin“) veröffentlicht hatte. Darin widerspricht sie der offiziellen Darstellung einer zehnjährigen Vorwarnzeit bei militärischen Konflikten. Am Beispiel der Panzertruppe rechnete sie vor, dass mit lediglich 40 Kampfpanzern die geforderte Einsatzbereitschaft nicht gewährleistet sei.

Zudem deckte die Juristin aus ihrer Sicht gravierende Mängel im Bundesheer auf: Die aktuelle Organisation verstoße gegen die Bundesverfassung, da diese ein Milizheer vorschreibe und kein zunehmend auf den Berufsstand gestütztes System. Donner fordert eine Rückkehr zu den Dimensionen der 1980er-Jahre mit rund 240.000 Soldatinnen, Soldaten und Reservisten im kostengünstigen Milizformat.

Die heftigen Angriffe auf ihre Person wertet Donner im *STANDARD*-Interview auch als taktisches Manöver im Zuge einer geplanten Ministeriumsreform. Ihr Referat soll demnächst direkt dem Ministerium unterstellt werden. Gegen diese Umstrukturierung gibt es auch von anderer Seite Kritik: Ex-Generalstabschef Edmund Entacher warnte im Magazin *Profil* bereits vor einer Schwächung der militärischen Zuverlässigkeit.",de_109,19.25,9.978101021737553,0.11400651465798045,6.755700325732899,0.742671009771987,0.16286644951140064
,de,gemini,"Hier ist eine überarbeitete Version im natürlichen, sachlichen Nachrichtenstil, die in Länge und Inhalt dem Original entspricht:

**Milliardenflüsse an die BayernLB und offene U-Ausschuss-Akten**

**Wien –** Die bayerische Landesbank (BayernLB) hat erhebliche Finanzmittel aus ihrem früheren Engagement bei der Hypo Alra Adria zurückerhalten. Wie Finanzminister Hans Jörg Schelling in einer Anfragebeantwortung an den FPÖ-Abgeordneten Erwin Angerer darlegte, flossen insgesamt mehr als 2,3 Milliarden Euro nach München. Konkret handelte es sich um rund eine Milliarde Euro nach der Verstaatlichung, 890 Millionen Euro davor sowie 360 Millionen Euro an Zinsen. Durch einen Vergleich erhalten die Bayern zudem eine weitere Garantiesumme von 1,23 Milliarden Euro, womit sich die Gesamtsumme auf über 3,5 Milliarden Euro beläuft. Verschiedene Gläubigergruppen kritisieren dies als Benachteiligung, da sich dadurch ihre eigenen Forderungen schmälern.

**Öffentliche Befragung von Wolfgang Peschorn**
Im Untersuchungsausschuss steht am Donnerstag die Zeugenaussage von Finanzprokuratur-Präsident Wolfgang Peschorn an. Im Mittelpunkt stehen jene Arbeitsunterlagen, die der Jurist Ende 2009 für die Notverstaatlichung erarbeitet hatte. Entgegen ursprünglicher Planungen wird dieser Teil der Befragung nun doch medienöffentlich stattfinden. Die Dokumente waren von der Behörde zunächst unter die Geheimhaltungsstufe 2 gestellt worden, was einen Ausschluss der Öffentlichkeit erfordert hätte. Nach einem Antrag der Neos stimmten jedoch das Bundeskanzleramt und das Finanzministerium als Auftraggeber einer Herabstufung zu, worüber die Parlamentsdirektion Ende letzter Woche informiert wurde.

**Fatale Änderungen in letzter Minute**
Bei den betroffenen Dokumenten handelt es sich um sogenannte Term-Sheets, die am 14. Dezember 2009 – dem Tag der Notverstaatlichung – kurz nach Mitternacht fixiert wurden. Sie enthielten wichtige Gewährleistungsklauseln und Absicherungen für den Ankauf der Hypo-Anteile von der BayernLB. Diese Schutzbestimmungen wurden im weiteren Verlauf jedoch wegverhandelt – ein Schritt, der sich im Nachhinein als folgenschwer und fatal erwies.",de_110,19.928571428571427,7.648195732274618,0.1039426523297491,6.7168458781362,0.7419354838709677,0.15053763440860216
,de,gemini,"Hier ist eine neue Fassung im natürlichen, sachlichen Nachrichtenstil, die in Länge und Inhalt dem Original entspricht:

**Ex-Nationalspieler Stuart Pearce wagt mit 53 Jahren noch einmal ein Comeback auf dem Rasen. Der 78-malige englische Auswahlspieler hat sich dem Amateurklub Longford AFC angeschlossen, der in den britischen Medien oft als schlechteste Mannschaft des Landes bezeichnet wird. Longford ziert abgeschlagen das Tabellenende der Gloucester Northern Senior League Division Two: Nach 18 Saisonspielen steht das Team sieglos da und hat bereits 179 Gegentore hinnehmen müssen. pic.twitter.com/KjiPIxPY4I „So habe ich früher auch einmal angefangen, und ich hoffe, den jungen Spielern helfen zu können, ihr Selbstvertrauen auf und neben dem Platz zu stärken“, erklärte Pearce bei seiner Präsentation im Trikot mit seiner gewohnten Rückennummer drei. Dass der prominente Neuzugang schon jetzt spürbare Wirkung zeigt, bestätigte Manager Nick Dawe: „Vor einem Jahr schaute uns noch ein einzelner Mann mit seinem Hund zu, und jetzt blicken Hunderte auf das Debüt von Stuart Pearce.“ Zuletzt war der frühere Profi als Trainer aktiv – in der Saison 2014/15 betreute er den Zweitligisten Nottingham Forest, zuvor war er jahrelang Coach der englischen U21-Nationalmannschaft. (APA, 29.1.2016)**",de_111,17.272727272727273,15.124278549831478,0.12972972972972974,6.005405405405406,0.8,0.16756756756756758
,de,gemini,"Hier ist eine neu formulierte Version im natürlichen Nachrichtenstil, die das Thema und die Länge des Originaltextes beibehält:

**Wien/St. Pölten** – Als Niederösterreich im vergangenen November verkündete, seinen gesamten Strombedarf nun zu 100 Prozent aus grünen Quellen zu decken, war die Freude groß. Landeshauptmann Erwin Pröll (ÖVP) feierte das Bundesland als internationale Modellregion, selbst Medien wie der „Guardian“ berichteten. Während das Burgenland diesen Meilenstein bereits 2013 erreicht hatte, peilt das vergleichbare Oberösterreich dieses Ziel erst für 2030 an. Doch wie grün ist Niederösterreich im Alltag wirklich? Ein WWF-Bericht vom Herbst zeichnet ein differenziertes Bild: Im bundesweiten Energiewende-Index landete das größte Bundesland hinter Vorarlberg und Wien auf dem dritten Platz.

Der WWF-Index, der Bereiche wie Politik, Effizienz und Verkehr bewertet, lobte vor allem die konsequente Ausbaulager und ambitionierte Effizienzstrategien der Landespolitik sowie Förderungen für Gebäudesanierungen. Negativ schlagen hingegen ein steigender Strombedarf und massive Ausgaben für den Straßenbau zu Buche – hier belegt Niederösterreich den letzten Platz im Bundesländervergleich. 

Umweltlandesrat Stephan Pernkopf (ÖVP) verteidigte im Gespräch mit „Der Standard“ den Kurs: Der wachsende Strombedarf sei eine Begleiterscheinung des starken Wirtschaftsstandorts, zudem steige parallel auch die Energieeffizienz. Man wolle bestehende Anlagen optimieren und Erneuerbare weiter ausbauen. Beim Verkehr räumte er ein, dass bundesländerübergreifender Handlungsbedarf bestehe.

Kritik wies Pernkopf auch an den jüngsten Debatten über steigende Ökostromkosten zurück. Die Arbeiterkammer hatte zuvor kritisiert, dass die Belastung für einen Durchschnittshaushalt (3500 kWh) von 103 auf fast 120 Euro steigen soll, und ein Ende der Kostensteigerungen gefordert. Pernkopf hielt dem entgegen, dass die Gesamtstrompreise seit 2012 gesunken seien. Zudem blieben die Investitionen im Land und sicherten Arbeitsplätze. Seit 2002 hat Niederösterreich 2,8 Milliarden Euro in den Ökostromausbau geflossen; der Großteil stammt aus Großwasserkraft (59 Prozent) und Windkraft (26 Prozent), gefolgt von Biomasse, Kleinwasserkraft und Photovoltaik. Nächstes großes Ziel: Bis 2050 soll die Hälfte des gesamten Energiebedarfs – inklusive Wärme und Verkehr – aus erneuerbaren Quellen stammen.",de_112,18.235294117647058,7.025411118509937,0.12258064516129032,6.7,0.7612903225806451,0.15806451612903225
,de,gemini,"Hier ist eine naturalistische, im Nachrichtenton gehaltene Version:

Tragischer Brand in Wien-Ottakring: Am Freitagabend hat ein Feuer in einer Wohnung das Leben eines 59-jährigen Mannes gefordert. Die Feuerwehr war durch Anrainer alarmiert worden und entdeckte während der Löscharbeiten in der Hasnerstraße den toten Mieter. Nach Angaben der Polizei gibt es bislang keine Anzeichen für ein Verbrechen; dennoch wurde zur Klärung der genauen Todesursache eine Obduktion angeordnet.",de_113,22.0,3.265986323710904,0.10606060606060606,6.2727272727272725,0.8939393939393939,0.19696969696969696
,de,gemini,"Hier ist eine überarbeitete Version im natürlichen Nachrichtenstil, die den Inhalt prägnant und flüssig zusammenfasst:

**Tech-Giganten mischen den Anleihenmarkt auf**

Wer in den USA heutzutage eine große Unternehmensanleihe herausgibt, kommt an den Tech-Konzernen kaum noch vorbei. Firmen wie Apple und Oracle haben ihre Cash-Bestände seit 2008 auf mittlerweile rund eine halbe Billion US-Dollar verdreifacht und sind zu mächtigen Akteuren am Anleihenmarkt aufgestiegen. Da ihre internen Investment-Einheiten – wie etwa bei Apple in Reno (Nevada) – oft bis zu 20 Prozent einer Neuemission aufkaufen, machen sie etablierten Fondsriesen wie Blackrock oder Vanguard ernsthafte Konkurrenz. Bei Emittenten sind die Tech-Giganten besonders deshalb geschätzt, weil sie die Papiere meist fest bis zur Fälligkeit im Bestand halten. 

Ein Hauptgrund für diesen massiven Bond-Kauf ist steuerlicher Natur: Ein Großteil der flüssigen Mittel parkt im Ausland, um bei einer Heimführung saftige US-Steuern zu vermeiden. So steckte Apple laut Bloomberg zuletzt rund 90 Prozent seiner Barreserven von knapp 194 Milliarden Dollar in entsprechende Auslandstöchter und legte das Geld stattdessen in Anleihen an. 

Am Markt blickt man jedoch mit Sorge auf diese Entwicklung, da die enorme Nachfrage der Tech-Konzerne plötzlich wegbrechen könnte. Drohende Auslöser dafür wären etwa politische Sonderregeln, für die sich die Unternehmen seit Jahren im US-Kongress starkmachen, um ihre Milliarden steuergünstig ins Inland zu holen. Sollten zudem die Renditen spürbar steigen, könnten sich Apple & Co. schnell wieder von den Unternehmenspapieren abwenden und vermehrt auf US-Staatsanleihen setzen.",de_114,23.1,7.608547824650904,0.09090909090909091,6.220779220779221,0.7705627705627706,0.15584415584415584
,de,gemini,"Hier ist eine sprachlich überarbeitete Version im natürlichen Nachrichtenstil, die in Länge und Inhalt dem Original entspricht:

Die britische Großbank HSBC bleibt entgegen früheren Überlegungen in London. Das Direktorium habe sich einstimmig gegen eine Verlegung des Konzernsitzes nach Hongkong ausgesprochen, teilte Europas größtes Geldhaus am Sonntag mit. Als Gründe nannte die Bank Londons Status als globales Finanzzentrum sowie die hohe Konzentration von Fachkräften vor Ort. Die britische Metropole bleibe der ideale Standort für ein weltweites Institut. Unberührt von der Entscheidung bleibt der Fokus auf Asien: Die Expansionsstrategie in China und Südostasien wird weiterverfolgt. Die Debatte über einen möglichen Wegzug war nach der Finanzkrise durch den Ärger von Aktionären über steigende Bankensteuern in Großbritannien ausgelöst worden. Im Frühjahr hatte HSBC daraufhin eine Standortprüfung eingeleitet, bei der Hongkong als Gründungsstadt als aussichtsreichster Kandidat galt. Nachdem die britische Regierung im Sommer jedoch die Sonderabgaben gesenkt hatte und Experten die Kosten eines Umzugs auf bis zu 2,5 Milliarden Dollar beziffert hatten, verlor die Option an Fahrt. Die Bank, die wegen der schwächelnden Konjunktur in China ohnehin auf einen strengen Sparkurs setzt, legt die Pläne damit zu den Akten.",de_115,20.444444444444443,5.356431463641755,0.09782608695652174,6.201086956521739,0.7608695652173914,0.21739130434782608
,de,gemini,"Hier ist eine in Stil und Länge vergleichbare Nachrichtenfassung:

**Schwere Attacke in Kabul: Dutzende Tote und Verletzte bei Taliban-Anschlag**

Kabul – Bei einem verheerenden Anschlag der Taliban in Kabul sind am Dienstag mindestens 28 Menschen ums Leben gekommen, vorwiegend Zivilisten. Nach Angaben des Gesundheitsministeriums erlitten zudem über 320 Personen Verletzungen, viele von ihnen schweben in Lebensgefahr. 

Die Explosion eines mit Sprengstoff beladenen Fahrzeugs ereignete sich nahe eines Regierungsgebäudes, in dem eine für den Personenschutz wichtiger Persönlichkeiten zuständige Einheit des Geheimdienstes NDS untergebracht ist – nur wenige Hundert Meter vom Präsidentenpalast entfernt. Nach der Detonation drangen Bewaffnete auf das stark gesicherte Areal vor und lieferten sich stundenlange Gefechte mit den Sicherheitskräften. Die radikalislamischen Taliban bekannten sich zu der Tat.

Es handelt sich um den schwersten Angriff in der Hauptstadt seit Beginn der vor einer Woche ausgerufenen Taliban-Frühjahrsoffensive. Afghanistans Präsident Ashraf Ghani verurteilte die Bluttat scharf als „feigen Terroranschlag“, betonte jedoch, er werde den Willen der Sicherheitskräfte im Anti-Terror-Kampf nicht brechen. Angesichts der jüngsten Offensive hat sich die Sicherheitslage in dem Land am Hindukusch drastisch verschärft.",de_116,21.75,9.996874511566103,0.08620689655172414,6.683908045977011,0.7988505747126436,0.1781609195402299
,de,gemini,"Hier ist eine überarbeitete Version im natürlichen Nachrichtenstil, die den Inhalt und die Länge des Originals beibehält:

**Wien-Wahl: ORF und Puls 4 planen gemeinsame Elefantenrunde**

Für die Wiener Landtagswahl am 11. Oktober spannen der ORF und der Privatsender Puls 4 zusammen: Am Montag, den 5. Oktober, übertragen sie eine gemeinsame 90-minütige Elefantenrunde live aus den Sofiensälen. Hintergrund ist der Wunsch von Bürgermeister Michael Häupl (SPÖ), der im Vorfeld nur für ein einziges gemeinsames TV-Duell der heimischen Sender zur Verfügung steht. Durch die Sendung vor Live-Publikum führen Puls-4-Infochefin Corinna Milborn und ORF-Wien-Chefredakteur Paul Tesarek. ATV, das sich im Juni wegen unterschiedlicher Auffassungen über die Gleichberechtigung ausgeklinkt hatte, setzt indes auf ein eigenes Format. 

Lange Zeit galt vor allem die Werberegelung als Knackpunkt für die Kooperation, da dem ORF Unterbrecherwerbung untersagt ist. Auf Nachfrage hieß es nun, dass auch Puls 4 ohne Werbeunterbrechung senden werde. Darüber hinaus prüft der ORF aktuell noch ein exklusives Duell zwischen Häupl und FPÖ-Herausforderer Heinz-Christian Strache, da beide Seiten grundsätzlich dazu bereit wären; offizielle Bestätigungen stehen dazu noch aus.

Bereits davor blickt der ORF auf die Landtagswahl in Oberösterreich am 27. September. Zwischen dem 1. und 17. September strahlt ORF Oberösterreich im Rahmen von „Bundesland heute“ (19:00 Uhr) sechs rund 20-minütige Duelle der Spitzenkandidaten von ÖVP, FPÖ, SPÖ und Grünen aus – den Auftakt machen Landeshauptmann Josef Pühringer (ÖVP) und FPÖ-Chef Manfred Haimbuchner. Die große Elefantenrunde folgt am 20. September zur gewohnten „Pressestunde“-Zeit um 11:05 Uhr, zu der neben den Landtagsparteien auch die NEOS eingeladen sind. ORF 2 zeigt diese Runde bundesweit, während ORF III im Anschluss eine journalistische Nachbetrachtung ausstrahlt.",de_117,15.529411764705882,9.768603049378768,0.13636363636363635,6.174242424242424,0.7462121212121212,0.1553030303030303
,de,gemini,"Hier ist eine sprachlich überarbeitete Version im natürlichen Nachrichtenstil, die Länge und Thema beibehält:

Der weltweite Podcast-Hit „Serial“ wechselt ins Fernsehen: Wie US-Medien berichten, hat sich das Studio Fox 21 die Rechte gesichert, um den Übererfolg aus Radio und Netz für den Bildschirm zu adaptieren. Unterstützt wird das Projekt von den Filmemachern Christopher Miller und Phil Lord („Lego Movie“). In dem gefeierten Podcast rollt die US-Journalistin Sarah Koenig in ihrer ersten Staffel den Mord an der Schülerin Hae Min Lee aus dem Jahr 1999 auf – ein Fall, für den der Ex-Freund der Getöteten bis heute unschuldig im Gefängnis sitzt. Millionen Menschen verfolgten damals die akribischen Recherchen. 

Anders als im Original soll es sich bei der TV-Umsetzung jedoch um keine klassische True-Crime-Dokumentation handeln. Stattdessen wird die Serie einen Blick hinter die Kulissen gewähren und die journalistische Arbeit von Koenig und ihrem Produzententeam um Julie Snyder beleuchten. „Serial“ feierte nicht nur in den USA, wo jede Episode im Schnitt drei Millionen Hörer erreichte, immense Erfolge, sondern begeisterte auch das europäische Publikum. Noch im Herbst soll die zweite Staffel starten, die sich dem Fall des US-Deserteurs Bowe Bergdahl widmet. Eine dritte Staffel ist bereits für das Frühjahr 2016 angekündigt.",de_118,21.88888888888889,12.422599874998832,0.09644670050761421,5.786802030456853,0.766497461928934,0.17766497461928935
,de,gemini,"Hier ist eine umformulierte Version im typischen Stil einer österreichischen Nachrichtenmeldung:

**Mordprozess in Innsbruck: 20 Jahre Haft für 25-Jährigen – Urteil noch nicht rechtskräftig**

In Innsbruck ist der Prozess um den gewaltsamen Tod eines 39-jährigen Tirolers am Donnerstag mit einem Schuldspruch zu Ende gegangen. Die Geschworenen sprachen den 25-jährigen Angeklagten mit großer Mehrheit des Mordes schuldig; er wurde zu einer Freiheitsstrafe von 20 Jahren verurteilt. Das Urteil ist allerdings noch nicht rechtskräftig. Der gebürtige Slowake war beschuldigt worden, den Mann im vergangenen Dezember in dessen Haus in Mühlbachl im Wipptal mit zahlreichen Messerstichen getötet zu haben.

Zum Prozessauftakt hatte der Angeklagte die Tat bestritten. Er räumte zwar ein, das Opfer am Tatabend besucht zu haben, will das Haus nach einer halben Stunde aber wieder verlassen haben. Laut Anklage und Plädoyers soll der mutmaßliche Täter, der sich in finanziellen Schwierigkeiten befand, vom Opfer für sexuelle Dienste bezahlt worden sein. 

Im Laufe der dreitägigen Verhandlung wurden zehn Gutachten präsentiert. Die Beweislast stützte sich vor allem auf DNA-Spuren: Am Tatort wurden insgesamt 14 Spuren des Beschuldigten gesichert, darunter blutige Fingerabdrücke an der Haustür sowie blutverschmierte Fußspuren im Haus, die laut Sachverständigen exakt zu den Vergleichsdaten des 25-Jährigen passten. 

Die Verteidigung kritisierte hingegen Mängel bei den Ermittlungen. Unter anderem verwies der Anwalt darauf, dass nicht alle Spuren und gefundenen Haare ausgewertet wurden. Zudem argumentierte er, dass die blutigen Fußabdrücke theoretisch auch vom Opfer stammen könnten, da die beiden eine ähnliche Zehenstellung aufwiesen.

Der Angeklagte befand sich seit dem 18. Dezember in U-Haft. Entdeckt worden war die Bluttat zwei Tage zuvor von einer Verwandten, die mit einem Zweitschlüssel nach dem allein lebenden Mann gesehen hatte, nachdem dieser morgens unerwartet nicht erreichbar gewesen war.",de_119,18.533333333333335,11.701092066792551,0.11151079136690648,6.172661870503597,0.7482014388489209,0.17625899280575538
,en,gpt_oss_groq,Strikes have brought much of Bangladesh to a standstill after opposition activists staged protests across numerous towns and cities. The unrest follows an incident the previous day in which explosions at a political rally claimed 18 lives.,en_0,18.5,0.5,0.05405405405405406,5.486486486486487,0.972972972972973,0.24324324324324326
,en,gpt_oss_groq,"Seeking continuity, Washington Redskins head coach Joe Gibbs says he anticipates only minimal roster moves this offseason and aims to build a culture centered on stability for the team.",en_1,29.0,0.0,0.06896551724137931,5.413793103448276,1.0,0.20689655172413793
,en,gpt_oss_groq,"Can Putin’s power grab actually make Russia safer? On the surface, the nation looks much the same as it did after the series of terrorist attacks that culminated in the Beslan school massacre in September.",en_2,17.5,9.5,0.08571428571428572,4.885714285714286,0.8571428571428571,0.2571428571428571
,en,gpt_oss_groq,"U2 will appear in Apple’s new iTunes commercials that run during Tuesday’s baseball games, marking a rare on‑screen appearance for the usually advertising‑averse Irish band.",en_3,25.0,0.0,0.08,5.96,1.0,0.16
,en,gpt_oss_groq,"South Africa’s public broadcaster, the SABC, has issued an apology after a news segment inadvertently aired graphic footage of an American man who was beheaded in Iraq. The network said the clip was broadcast by mistake and expressed regret for the distress caused to viewers.",en_4,22.5,4.5,0.08888888888888889,5.155555555555556,0.9111111111111111,0.3111111111111111
,en,gpt_oss_groq,"**A Cosmic Tempest: The Clash of Galaxy Clusters**  
Astronomers report the discovery of a “perfect cosmic storm” – a colossal collision of galaxy clusters whose combined energy release rivals everything in the universe except the Big Bang itself.",en_5,38.0,0.0,0.05263157894736842,5.473684210526316,0.868421052631579,0.2631578947368421
,en,gpt_oss_groq,"Four Western nations have issued an ultimatum to Iran, calling for an immediate halt to its uranium enrichment program and setting a deadline for compliance.",en_6,25.0,0.0,0.08,5.32,0.88,0.32
,en,gpt_oss_groq,Computer Associates International Inc. said on Wednesday it will trim its global workforce by 800 employees as part of a restructuring effort. The cuts are expected to lower the software firm’s annual expenses by about $70 million once the plan is fully carried out.,en_7,14.666666666666666,7.717224601860151,0.06818181818181818,5.068181818181818,0.9545454545454546,0.20454545454545456
,en,gpt_oss_groq,"Computer Associates (CA) has delivered on its pledge to shift to more adaptable software pricing by rolling out a Measured Workload Pricing model for its mainframe management tools. This new approach lets customers pay based on actual usage, offering greater flexibility and cost control for mainframe operations.",en_8,23.5,4.5,0.06382978723404255,5.680851063829787,0.8936170212765957,0.1702127659574468
,en,gpt_oss_groq,The Kansas City Fed reported that economic activity kept gaining momentum throughout September and the start of October across the Great Plains and Rocky Mountain states that fall within its Tenth District.,en_9,32.0,0.0,0.03125,5.46875,0.90625,0.1875
,en,gpt_oss_groq,"Dikembe Mutombo, 38, has finalized a sign‑and‑trade that moves him from the Chicago Bulls to the Houston Rockets. In return, Houston will send Eric Piatkowski, Adrian Griffin and Mike Wilks to Chicago, the Houston Chronicle reports. Mutombo is expected to serve as a backup big man and provide veteran mentorship in Houston.",en_10,17.333333333333332,0.9428090415820634,0.15384615384615385,5.25,0.8461538461538461,0.25
,en,gpt_oss_groq,"RBC Centura’s chief executive has resigned, and the incoming leader will base operations in Raleigh instead of the bank’s current headquarters in Rocky Mount. The shift signals a move of the bank’s executive functions to the state capital.",en_11,19.0,5.0,0.07894736842105263,5.315789473684211,0.8157894736842105,0.3157894736842105
,en,gpt_oss_groq,"Infoworld says that SCO’s short‑lived plan to launch a pro‑SCO site aimed at the Groklaw audience, which was announced last month, has now been shelved.",en_12,25.0,0.0,0.12,5.12,1.0,0.16
,en,gpt_oss_groq,"Oracle’s purchase of PeopleSoft ignites a surge of deal‑making. NEW YORK (CBS.MW) — U.S. stocks closed higher on Monday, with the Dow Jones Industrial Average climbing to its loftiest level in more than nine months, buoyed by better‑than‑expected economic data and upbeat merger sentiment.",en_14,9.2,10.740577265678041,0.1590909090909091,5.590909090909091,0.9772727272727273,0.20454545454545456
,en,gpt_oss_groq,"**Mularkey Confirms Bledsoe Will Remain Bills' Starter**

Head coach Mike Mularkey has a clear response for anyone urging the team to hand the starting job to rookie quarterback J.P. Losman. The Bills aren't planning to make the switch just yet, with veteran Drew Bledsoe set to retain his role as the primary signal‑caller.",en_16,13.5,12.678722333105966,0.09433962264150944,5.113207547169812,0.8679245283018868,0.22641509433962265
,en,gpt_oss_groq,"BRUSSELS — A European Commission official said on Monday that Greece’s place in the euro area remains secure, even though a recent audit uncovered serious flaws in the country’s five‑year budget records.",en_17,32.0,0.0,0.0625,5.375,0.9375,0.21875
,en,gpt_oss_groq,"WASHINGTON (Reuters) — U.S. officials announced Monday that the government will intensify efforts to combat the surging market for counterfeit and pirated products, a trade that drains hundreds of billions of dollars from American companies each year. Industry leaders said the new crackdown aims to curb the illicit sales that are hurting businesses nationwide.",en_19,13.75,12.636751956100111,0.09259259259259259,5.722222222222222,0.8703703703703703,0.2222222222222222
,en,gpt_oss_groq,"Cisco is zeroing in on the small‑business market, rolling out a line of switches designed to simplify network management and cut expenses for companies that rely on Cisco infrastructure.",en_20,29.0,0.0,0.06896551724137931,5.448275862068965,0.9310344827586207,0.3448275862068966
,en,gpt_oss_groq,"CARL ICahn, the biggest shareholder in Mylan Laboratories, is intensifying his campaign to block the drug‑maker’s $4 billion bid for King Pharmaceuticals. Icahn says the proposed takeover would not benefit shareholders and is urging Mylan’s board to replace several directors with candidates who would reject the deal. He warned that, without a change in leadership, he will push for a formal vote to overturn the acquisition.",en_21,22.0,2.449489742783178,0.10606060606060606,5.46969696969697,0.8333333333333334,0.2727272727272727
,en,gpt_oss_groq,"Quantum Acquires LTO Competitor Certance  
After years of touting the advantages of its DLT magnetic‑tape technology, Quantum has moved to purchase Certance, a major supplier of the competing LTO tape format.",en_22,31.0,0.0,0.0967741935483871,5.67741935483871,0.8387096774193549,0.22580645161290322
,en,gpt_oss_groq,"Former newspaper tycoon Conrad Black said he will sue Hollinger International’s special committee and other defendants, demanding C$1.1 billion (roughly $870 million). The lawsuit comes in response to a recent report that accused Black of extracting millions of dollars from the company.",en_23,14.333333333333334,6.649979114420002,0.09523809523809523,5.857142857142857,0.9523809523809523,0.19047619047619047
,en,gpt_oss_groq,"The Hague International Criminal Tribunal has halted the proceedings against former Yugoslav leader Slobodan Milosević, granting his defense team additional time to ready their arguments.",en_24,25.0,0.0,0.08,6.52,1.0,0.12
,en,gpt_oss_groq,"Athens experienced a mild earthquake on Tuesday, with shaking felt even around the city’s Olympic facilities. The Athens Geodynamic Institute confirmed the tremor but did not release further specifics, such as its magnitude or exact epicenter, and reported no damage.",en_25,20.0,4.0,0.125,5.7,0.95,0.225
,en,gpt_oss_groq,"The Bush‑Cheney re‑election campaign has blocked all foreign traffic to its website after a cyber‑attack knocked the site offline for six hours last week, security analysts say.",en_26,27.0,0.0,0.07407407407407407,5.592592592592593,1.0,0.18518518518518517
,en,gpt_oss_groq,"Sprint’s $35 billion plan to merge with Nextel Communications may have repercussions for Kirkland‑based Nextel Partners Inc., the deal could trigger a reshuffling of the partner’s operations and financial arrangements. Analysts say the consolidation might alter the company’s role in the combined carrier’s network and could lead to strategic adjustments for the partner firm.",en_27,18.333333333333332,4.189935029992178,0.07407407407407407,5.981481481481482,0.8148148148148148,0.2962962962962963
,en,gpt_oss_groq,"STAT CENTER – After finally posting consecutive wins, the Texans are now eager for a tougher test. “I figured that would happen,” coach Dom Capers said with a laugh.",en_28,14.5,2.5,0.13793103448275862,4.724137931034483,0.9655172413793104,0.20689655172413793
,en,gpt_oss_groq,"A Mac‑focused website predicts that photo‑capable iPods could be a popular holiday present, with many likely to be found tucked under Christmas trees this season.",en_30,25.0,0.0,0.08,5.52,0.96,0.16
,en,gpt_oss_groq,"Denver Broncos head coach Mike Shanahan moved to quash speculation about his future on Thursday night, confirming that he plans to fulfill the remaining four years of his contract.",en_31,29.0,0.0,0.06896551724137931,5.241379310344827,0.9310344827586207,0.1724137931034483
,en,gpt_oss_groq,"Iran claims the United States has run out of avenues to tackle its nuclear programme, saying Washington cannot muster sufficient evidence to push for UN sanctions and is too entangled in Iraq to consider a military option, President Mohammad Khatami said on Saturday.",en_32,43.0,0.0,0.06976744186046512,5.232558139534884,0.9534883720930233,0.2558139534883721
,en,gpt_oss_groq,"Outlook grim for Georgia basketball, with analysts warning that the team is headed for a disappointing season.",en_33,17.0,0.0,0.11764705882352941,5.529411764705882,0.9411764705882353,0.35294117647058826
,en,gpt_oss_groq,"**Company: Ameritrade Holding Corp** – As the lingering doubts surrounding the recent presidential election fade, retail investors are once again pouring into the U.S. stock market with renewed vigor. Several brokerage firms reported on Friday that this fresh wave of enthusiasm appears poised to endure.",en_34,11.5,9.069178573608527,0.13333333333333333,5.777777777777778,0.9555555555555556,0.17777777777777778
,en,gpt_oss_groq,"**U.S. Military Fatalities in Iraq Reach 1,229, AP Tracks Daily Count**  
The Associated Press reports that, as of Tuesday, Nov. 23, 2004, the death toll for U.S. service members deployed in Iraq has risen to at least 1,229 since the conflict began in March 2003. The Department of Defense says 957 of those deaths were caused by hostile action, a figure that also includes three civilian employees attached to the military.",en_36,10.428571428571429,9.648939880439018,0.2112676056338028,4.957746478873239,0.8732394366197183,0.2112676056338028
,en,gpt_oss_groq,"In Iraq, the Black Watch’s “Christmas Soldiers” declared their mission complete as a convoy of more than 200 vehicles rolled into the relative safety of Shaibah Logistics Base.",en_37,28.0,0.0,0.07142857142857142,5.321428571428571,0.9285714285714286,0.21428571428571427
,en,gpt_oss_groq,Revlon's third‑quarter loss deepened as the cosmetics company saw sales slip 7 % while it wrapped up a sweeping refinancing program.,en_38,21.0,0.0,0.047619047619047616,5.333333333333333,1.0,0.09523809523809523
,en,gpt_oss_groq,"In the age of digital identities, traditional passwords are starting to feel outdated. Think about the everyday clutter on your key ring: the house keys, the car keys, the remote fob that lets you unlock doors from thirty feet away. Now there’s a fresh, blue token designed for logging into America Online’s internet service. While it’s optional, adopting it could be a smart move if you want a more secure and convenient way to get online.",en_39,19.0,5.787918451395113,0.13157894736842105,4.802631578947368,0.881578947368421,0.21052631578947367
,en,gpt_oss_groq,"Israeli police have opened an inquiry into death threats aimed at Prime Minister Ariel Sharon, a move coming as criticism of his plan to withdraw from Gaza continues to grow.",en_40,30.0,0.0,0.06666666666666667,4.833333333333333,0.9666666666666667,0.16666666666666666
,en,gpt_oss_groq,"A senior Red Hat official has publicly questioned Sun Microsystems’ commitment to open‑source development. In a blog entry posted Thursday, Michael Tiemann, Red Hat’s vice president for open‑source affairs, criticized Sun’s track record and urged the company to demonstrate genuine support for the community.",en_41,22.0,8.0,0.11363636363636363,6.0227272727272725,0.8863636363636364,0.22727272727272727
,en,gpt_oss_groq,"Roger Federer and David Moya braved a late‑night rain‑delay to claim their Masters Cup victories, with play finally concluding after midnight. Earlier on Thursday, Federer wrapped up his second‑round‑robin match at the ATP Tennis Masters Cup in Houston, overcoming Lleyton Hewitt 6‑3, 6‑4 for the fifth straight win against the Australian.",en_43,25.5,4.5,0.11764705882352941,5.666666666666667,0.9019607843137255,0.19607843137254902
,en,gpt_oss_groq,"A new computer virus disguised as an e‑Christmas card is circulating online, appearing in a variety of languages.",en_45,18.0,0.0,0.1111111111111111,5.333333333333333,1.0,0.3333333333333333
,en,gpt_oss_groq,"Defense Secretary Donald Rumsfeld projected that American forces could be out of Iraq within four years, but warned the ultimate timetable will depend on how well the fledgling Iraqi government performs.",en_46,31.0,0.0,0.06451612903225806,5.580645161290323,0.967741935483871,0.16129032258064516
,en,gpt_oss_groq,"As the Electoral College gets ready to confirm President Bush’s second term on Monday, questions about the reliability of America’s voting process remain unanswered.  In Ohio, officials continue to uncover problems ranging from malfunctioning voting machines and confused voters to cramped, understaffed polling places in low‑income and minority neighborhoods.",en_47,24.5,0.5,0.10204081632653061,6.346938775510204,0.8979591836734694,0.22448979591836735
,en,gpt_oss_groq,"**U.S. Representative Optimistic Ahead of UN Security Council Meeting on Sudan**

Nairobi, Nov. 18 (NNN) – Diplomats from the United Nations Security Council will convene in Kenya’s capital for a two‑day session dedicated to Sudan’s peace efforts. The U.S. envoy expressed confidence that the talks will produce tangible steps toward ending the conflict.",en_48,7.857142857142857,8.373914794144483,0.1509433962264151,5.679245283018868,0.9056603773584906,0.18867924528301888
,en,gpt_oss_groq,"Bobby Valentine has returned to Japan to join the Lotte Marines for their autumn training camp. The former manager, whose name surfaced in recent talks about a potential vacancy left by Art Howe, will be on hand as the club prepares for the upcoming season.",en_49,22.5,6.5,0.08888888888888889,4.733333333333333,0.9111111111111111,0.24444444444444444
,en,gpt_oss_groq,"**Cancelled checks and float set to vanish**

Each night, countless cashed checks traverse the nation, returning to the issuing banks for settlement. Beginning this October, new technology will begin to curb those nightly journeys, gradually eliminating the traditional float system.",en_50,20.0,2.0,0.15,6.075,0.85,0.2
,en,gpt_oss_groq,"Washington is working on a fresh United Nations resolution aimed at addressing the ongoing crisis in Sudan’s embattled Darfur region, officials said. The United States said the draft will be presented to the UN soon in an effort to curb the violence and humanitarian suffering that continue to plague the area.",en_52,25.5,3.5,0.058823529411764705,5.098039215686274,0.8431372549019608,0.3137254901960784
,en,gpt_oss_groq,"Microsoft launches a migration push aimed at NetWare customers. In the United States the company will provide training vouchers, migration tools and online technical support to anyone looking to move away from NetWare.",en_53,16.5,7.5,0.09090909090909091,5.636363636363637,0.9090909090909091,0.21212121212121213
,en,gpt_oss_groq,"Chelsea has reinforced its strict anti‑drug stance, terminating Romanian forward Adrian Mutu for gross misconduct after he tested positive for cocaine. The club’s zero‑tolerance policy was applied yesterday, resulting in Mutu’s immediate dismissal.",en_54,16.5,4.5,0.12121212121212122,6.545454545454546,0.9696969696969697,0.15151515151515152
,en,gpt_oss_groq,"Alabama’s offense is in for a challenge. With starting quarterback Brodie Croyle sidelined by injury, most Tide supporters will be on edge as the Crimson Tide host the 17th‑ranked LSU Tigers tonight. A victory would not only boost the team’s momentum but also bring Croyle closer to a return to the field.",en_55,17.333333333333332,7.586537784494028,0.07692307692307693,4.884615384615385,0.8653846153846154,0.28846153846153844
,en,gpt_oss_groq,"Amazon steps into the Chinese market as the U.S. e‑commerce giant agrees to buy Joyo.com, China’s leading online retailer, for about $75 million (¥41 million).",en_56,6.75,3.766629793329841,0.24,5.4,0.96,0.16
,en,gpt_oss_groq,"Britain’s industrial production turned out to be a heavier brake on Q3 economic expansion than initially thought, according to recent data. The sector’s sluggish output has now been identified as a key factor dampening overall growth.",en_57,18.0,3.0,0.08333333333333333,5.527777777777778,0.9444444444444444,0.16666666666666666
,en,gpt_oss_groq,"The Motion Picture Association of America announced Monday that it has started filing a wave of lawsuits against individuals who distribute movies through peer‑to‑peer file‑sharing networks, though it did not reveal the exact number of cases filed.",en_58,37.0,0.0,0.05405405405405406,5.72972972972973,0.918918918918919,0.16216216216216217
,en,gpt_oss_groq,"Negotiations between US Airways Group Inc. and its pilots’ union fell apart on Monday, ending talks over proposed labor cuts. The carrier had been demanding about $295 million in yearly concessions from its pilots.",en_59,11.333333333333334,3.7712361663282534,0.11764705882352941,5.323529411764706,0.9705882352941176,0.11764705882352941
,en,gpt_oss_groq,"Akamai expands its web‑application portfolio, adding four new hosted solutions aimed at e‑commerce sites.",en_60,14.0,0.0,0.14285714285714285,6.571428571428571,1.0,0.0
,en,gpt_oss_groq,"Sky‑watchers and baseball enthusiasts alike are gearing up for a striking lunar eclipse. With clear skies, observers should see the full Moon take on a deep, ruby hue as Earth’s shadow sweeps across its face, astronomers explain.",en_61,18.5,5.5,0.13513513513513514,5.216216216216216,0.972972972972973,0.21621621621621623
,en,gpt_oss_groq,"American war‑deserters are meeting a mixed response in Canada. Although Ottawa has long criticized the Iraq invasion, the government is rejecting the refugees’ claims, contending that the soldiers have not been persecuted and dismissing the argument that the war was illegal.",en_62,20.5,11.5,0.0975609756097561,5.7317073170731705,0.8536585365853658,0.2926829268292683
,en,gpt_oss_groq,"**Bin Laden Remains at Large Three Years After 9/11**  
The U.S.-led counter‑terrorism coalition continues its search for Osama bin Laden, who is identified as the primary architect of the September 2001 attacks on American cities.",en_63,12.333333333333334,9.843215373488933,0.11428571428571428,5.571428571428571,0.9714285714285714,0.2
,en,gpt_oss_groq,"EDEN PRAIRIE, Minn. — The Vikings have confirmed that All‑Pro wideout Randy Moss, previously listed as doubtful, will miss Sunday’s matchup in Green Bay.",en_64,12.0,9.0,0.20833333333333334,5.416666666666667,1.0,0.08333333333333333
,en,gpt_oss_groq,"**Hillary Rosen’s Unexpected Admiration for Larry Lessig**

In a recent Wired column, former RIAA chief Hillary Rosen surprised readers by revealing an unlikely admiration for Larry Lessig—her longtime rival and the founder of Creative Commons. Rosen, who once led the Recording Industry Association of America, candidly discusses the “love‑hate” dynamic that has defined their professional relationship, noting that her respect for Lessig’s work on open‑license culture has grown over the years. The piece highlights how even staunch opponents can develop an unexpected appreciation for each other’s contributions to the digital media landscape.",en_65,30.666666666666668,6.847546194724712,0.07608695652173914,6.021739130434782,0.8695652173913043,0.20652173913043478
,en,gpt_oss_groq,"The New England squad pushed its NFL‑record run to 19 consecutive wins. Still, in a corner of the nation steeped in colonial lore, that streak is unlikely to be hailed with the same fanfare as Paul Revere’s legendary midnight ride.",en_66,20.0,8.0,0.1,4.8,0.925,0.275
,en,gpt_oss_groq,"Purdue quarterback Kyle Orton was a healthy scratch for Saturday’s game against Ohio State. Though he was listed as eligible, the senior has been hampered by a right‑hip injury for the past month and did not see any playing time.",en_67,20.0,6.0,0.075,4.75,0.9,0.225
,en,gpt_oss_groq,"The Knicks’ miscues proved costly Wednesday night, as they squandered a late lead and fell 94‑93 to the Detroit Pistons at Madison Square Garden. While the defeat will be chalked up as a learning experience, it does little to soften the sting of another blown momentum spell.",en_68,23.5,0.5,0.0851063829787234,4.872340425531915,0.8936170212765957,0.2127659574468085
,en,gpt_oss_groq,"**Trucking Company Slips as Valuations Remain Attractive**  
While many carriers are trading at compelling long‑term price points, the recent dip in a major trucking firm’s shares has investors asking: how does SCS Transportation fit into the picture?",en_69,37.0,0.0,0.08108108108108109,5.756756756756757,0.972972972972973,0.13513513513513514
,en,gpt_oss_groq,"Hundreds of thousands of paper cranes were dropped over Thailand’s three conflict‑ridden southern provinces yesterday in a lavish, government‑backed initiative meant to promote peace in the predominantly Muslim region. The colourful display was presented as a symbolic gesture of reconciliation, aiming to ease longstanding tensions.",en_70,22.5,6.5,0.08888888888888889,6.4222222222222225,0.8888888888888888,0.26666666666666666
,en,gpt_oss_groq,"Yahoo and Adobe have partnered to integrate web‑search capabilities into Adobe’s widely used Acrobat Reader, allowing users to access Yahoo’s search results directly from the PDF program while also cross‑promoting each company’s customer bases. The collaboration aims to boost the functionality of Acrobat Reader and expand Yahoo’s reach among Adobe users.",en_71,25.5,8.5,0.058823529411764705,6.0,0.8627450980392157,0.17647058823529413
,en,gpt_oss_groq,"US Airways files for bankruptcy again

In yet another indication of the challenges confronting the country's major carriers, US Airways filed for Chapter 11 protection on Sunday, marking its second bankruptcy filing since 2002.",en_72,34.0,0.0,0.08823529411764706,5.676470588235294,0.8529411764705882,0.20588235294117646
,en,gpt_oss_groq,"Reporters Without Borders has warned that China is restricting access to Google News. The Paris‑based organization says the English‑language news portal has been offline for about ten days, indicating a possible block imposed by Chinese authorities.",en_73,18.0,5.0,0.08333333333333333,5.944444444444445,0.9722222222222222,0.16666666666666666
,en,gpt_oss_groq,"**Sprint Nears Agreement to Acquire Nextel, Sources Say**  
*Reuters* – According to industry insiders, Sprint Corp. is on the verge of finalizing a deal to purchase Nextel Communications Inc. for roughly $35 billion. The transaction, which would be largely settled in stock, aims to merge the nation’s third‑largest mobile carrier with its rival, creating a combined entity that could better compete in the increasingly consolidated telecom market. Both companies expect the merger to broaden network coverage and enhance service offerings for customers. Further details are pending as the parties work through regulatory approvals and shareholder votes.",en_74,16.0,8.962886439832502,0.11458333333333333,5.8125,0.875,0.25
,en,gpt_oss_groq,"**LSU gets an early reality check**

Could a football season be derailed before Labor Day? In most cases, the answer is no. Even a disappointing loss on the opening weekend of September can be overcome. There’s plenty of time for a squad to rebound from a setback they were favored to avoid.",en_76,13.0,3.7416573867739413,0.09615384615384616,4.596153846153846,0.8653846153846154,0.28846153846153844
,en,gpt_oss_groq,"More than $800 million has already been pledged to fund Sir Richard Branson’s Virgin Galactic space‑flight program—even though the spacecraft is still in the design phase. Investors and partners are committing the money now, betting on the company’s plans to launch commercial trips to sub‑orbital space within the next few years.",en_77,25.5,0.5,0.058823529411764705,5.490196078431373,0.8823529411764706,0.2549019607843137
,en,gpt_oss_groq,"Pedro Martínez delivered a stellar seven‑inning performance, bringing Boston within a comfortable 3‑0 series lead as the Red Sox edge closer to a sweep. By Marc Topkin, Times Staff Writer.",en_78,15.0,9.0,0.13333333333333333,5.3,0.9333333333333333,0.16666666666666666
,en,gpt_oss_groq,"**Politics: Parties Watch Rising Global Oil Prices With Concern**  
The revelation that the National Party will postpone major policy declarations until the campaign period has drawn a mixed response from across the political spectrum.",en_79,34.0,0.0,0.058823529411764705,5.882352941176471,0.9411764705882353,0.17647058823529413
,en,gpt_oss_groq,"Traian Băsescu, a former sea captain who entered politics, clinched an unexpected win in Romania’s presidential runoff on Sunday, according to the final results released yesterday.",en_80,26.0,0.0,0.15384615384615385,5.961538461538462,1.0,0.23076923076923078
,en,gpt_oss_groq,"**Tests Confirm No Mad Cow, Beef Prices Jump**  
WASHINGTON/CHICAGO (Reuters) — The U.S. Department of Agriculture announced Tuesday that a cow previously flagged for possible mad‑cow disease tested negative in a follow‑up series of advanced analyses, prompting a sharp rise in cattle market prices.",en_82,15.0,12.328828005937952,0.11363636363636363,5.7727272727272725,0.9090909090909091,0.20454545454545456
,en,gpt_oss_groq,"President Bush paid an unanticipated stop at the Russian embassy on Sunday, signing a condolence book for the victims of the school hostage crisis and denouncing the “evil terrorists” responsible for the attack. He conveyed his sorrow and anger over the tragedy, offering solidarity to the families and the Russian government.",en_83,25.5,7.5,0.0784313725490196,5.411764705882353,0.7843137254901961,0.35294117647058826
,en,gpt_oss_groq,"Padres Shut Out Struggling Mets 4-2 (AP) – Brian Lawrence dodged a bases‑loaded scare early and surrendered only four hits over the rest of the night, guiding San Diego to a 4‑0 win over a faltering New York squad.",en_84,39.0,0.0,0.05128205128205128,4.512820512820513,0.8974358974358975,0.20512820512820512
,en,gpt_oss_groq,Disney’s former chief executive Michael ,en_85,5.0,0.0,0.0,7.0,1.0,0.0
,en,gpt_oss_groq,"Oil companies have entered negotiations with Nigerian villagers who have seized three offshore platforms over a jobs dispute, a standoff that has halted about 90,000 barrels of oil a day. The talks began on Monday.",en_86,17.5,12.5,0.11428571428571428,5.142857142857143,0.9142857142857143,0.2
,en,gpt_oss_groq,"Chinese authorities have shut down 1,600 internet cafés across the country and imposed total fines of about 100 million yuan (roughly $12 million) on the owners. The closures and penalties were carried out by local governments between February and August of this year.",en_87,21.5,4.5,0.06976744186046512,5.255813953488372,0.9069767441860465,0.20930232558139536
,en,gpt_oss_groq,"Pittsburgh Secures BCS Spot as Tyler Palko Throws for a Personal Best

Tyler Palko racked up a career‑high 411 passing yards and five touchdowns, guiding the No. 19 Panthers to a dominant 43‑14 victory over South Florida on Saturday and clinching a BCS bowl berth.",en_88,22.5,4.5,0.06666666666666667,4.866666666666666,0.8444444444444444,0.2222222222222222
,en,gpt_oss_groq,"More than 80 people were wounded on Tuesday, the opening day of a two‑day strike in Bangladesh, after opposition supporters clashed with police and targeted railway stations nationwide. The demonstrations were organised to denounce a fatal grenade blast that occurred over the weekend.",en_89,21.5,6.5,0.09302325581395349,5.651162790697675,0.9302325581395349,0.2558139534883721
,en,gpt_oss_groq,"Andy Roddick is eager to soak up the “electric” vibe of the US Open, saying he’ll make the most of playing on home soil as he sets out to defend his title next week. The former champion kicks off his campaign against fellow American …",en_90,22.5,11.5,0.044444444444444446,4.222222222222222,0.8888888888888888,0.2222222222222222
,en,gpt_oss_groq,"Vice President Dick Cheney on Wednesday reiterated President George W. Bush’s recent, pointed doubts about Senator John Kerry’s ability to serve as commander‑in‑chief. Cheney’s comments came as the Republican leader basked in the applause of GOP supporters who praised his performance in the debate.",en_91,14.666666666666666,4.642796092394707,0.09090909090909091,5.818181818181818,0.8863636363636364,0.18181818181818182
,en,gpt_oss_groq,"Congress has urged the Federal Trade Commission to explore ways to curb unwanted emails, including reviving a “Do Not Spam” registry that was originally introduced with the CAN‑SPAM Act. The FTC is now reviewing possible incentives for violators, such as bounty‑type penalties, as part of its effort to strengthen spam‑prevention measures.",en_92,25.5,3.5,0.09803921568627451,5.666666666666667,0.9215686274509803,0.23529411764705882
,en,gpt_oss_groq,"Federal prosecutors are moving to dismantle a so‑called “spam empire” that runs out of a Rochester dance club. The operation is accused of flooding users’ computers with intrusive pop‑up ads by hijacking web browsers, prompting the government to seek its shutdown.",en_93,20.5,2.5,0.07317073170731707,5.463414634146342,0.926829268292683,0.2682926829268293
,en,gpt_oss_groq,"Microsoft prepares for an EU antitrust appeal  
The U.S. software leader said it will respect any decision issued by the European Court of Appeal, which begins hearing this week on the bloc’s ruling that Microsoft abused its market dominance.",en_94,13.333333333333334,12.229290885229426,0.10256410256410256,5.17948717948718,0.9487179487179487,0.1794871794871795
,en,gpt_oss_groq,**Frances Delays Third Cubs‑Marlins Matchup (AP)** — The Florida Marlins have pushed back their Sunday contest with the Chicago Cubs after Hurricane Frances began moving onto Florida’s Atlantic shoreline.,en_95,29.0,0.0,0.034482758620689655,6.068965517241379,1.0,0.10344827586206896
,en,gpt_oss_groq,"U.S. chain retailers posted higher sales in the second week of October versus a year earlier, buoyed by seasonal shopping activity, the latest report showed on Tuesday.",en_96,9.333333333333334,11.785113019775793,0.18518518518518517,5.2592592592592595,0.9629629629629629,0.2222222222222222
,en,gpt_oss_groq,"**Motor racing: Dario Franchitti clinches back‑to‑back wins** – The Scot delivered a dominant performance in the second Indy Racing League event of 2004, conquering the Pikes Peak circuit with a commanding lead. After finishing fourth at the Colorado venue last season, Franchitti turned the tables this weekend, steering his car to the front for the majority of the race and securing his second consecutive victory.",en_97,32.5,0.5,0.09230769230769231,5.415384615384616,0.8307692307692308,0.26153846153846155
,en,gpt_oss_groq,"U.S. equities, the dollar and Treasury yields dip  
New York (Reuters) – American stocks and bond prices slipped on Tuesday as the greenback fell to a fresh historic low against the euro.",en_98,11.0,14.142135623730951,0.125,4.8125,0.90625,0.25
,en,gpt_oss_groq,"ST. LOUIS — While the term “cookie‑cutter stadium” has become a dismissive label for the wave of multipurpose arenas that popped up in cities like Pittsburgh, Cincinnati, Atlanta, Queens, Philadelphia and St. Louis during the late 1960s and early ’70s, even these seemingly identical venues can boast distinct character. Busch Stadium, for example, has cultivated an atmosphere that sets it apart from its peers.",en_99,16.0,10.63014581273465,0.171875,5.453125,0.90625,0.171875
,en,gpt_oss_groq,Blue‑chip shares in New York barely nudged upward yesterday. A surge in oil prices that pushed the commodity to a record‑high close erased earlier market gains and revived worries that steep energy costs could curb consumer spending and dent corporate earnings.,en_100,20.5,11.5,0.04878048780487805,5.390243902439025,0.926829268292683,0.1951219512195122
,en,gpt_oss_groq,"Nigeria has suspended all government contracts with Halliburton, the world’s second‑largest oil‑service provider, after two radioactive sources were stolen from the company's Nigerian subsidiary, officials announced on Monday.",en_101,28.0,0.0,0.14285714285714285,7.107142857142857,0.9642857142857143,0.14285714285714285
,en,gpt_oss_groq,"Johnson & Johnson disclosed yesterday a $25.4 billion (about £13.1 billion) acquisition of Guidant Corporation, securing the medical‑device maker a foothold in the rapidly expanding",en_102,9.0,5.0990195135927845,0.12,6.28,0.88,0.24
,en,gpt_oss_groq,"Denver’s Broncos have lost versatile backup running back and kickoff returner Quentin Griffin for the remainder of the season, ESPN reported Tuesday, citing unnamed sources.",en_104,25.0,0.0,0.12,5.96,0.96,0.2
,en,gpt_oss_groq,"**Napier’s Chessboard Calculator**

When most people hear the name Napier they think of logarithms, and rightly so. The Scottish scholar was a true polymath: he championed the decimal‑point system and even claimed that the 1593 pope was the Antichrist. Less widely known, however, is his pioneering work in binary computation. By adapting a simple chessboard and a handful of counters, Napier devised one of the earliest mechanical devices for binary arithmetic, enabling the multiplication, division and even extraction of square roots of binary numbers.",en_105,21.0,8.455767262643882,0.13095238095238096,5.607142857142857,0.7738095238095238,0.2857142857142857
,en,gpt_oss_groq,"Sony is dispatching its humanoid robots to classrooms, aiming to spark students’ curiosity in science and technology. The devices will serve as interactive tools to promote STEM learning.",en_107,14.0,3.0,0.10714285714285714,5.714285714285714,0.9285714285714286,0.25
,en,gpt_oss_groq,"The International Olympic Committee said on Tuesday that President Jacques Rogge has created a disciplinary panel to look into comments aired on ABC’s “20/20” on Friday. The remarks, made by Victor Conte, who runs the California‑based BALCO lab, concerned allegations of doping involving athlete Marion Jones. The newly formed commission will examine the statements and determine whether any violations of IOC rules have occurred.",en_108,21.333333333333332,3.39934634239519,0.09375,5.734375,0.90625,0.203125
,en,gpt_oss_groq,"AIG has reached a provisional settlement in its U.S. investigations, agreeing to a payment of roughly $126 million and to the appointment of an independent monitor to oversee the resolution of the insurance‑sales probe.",en_109,11.666666666666666,9.977753031397176,0.11764705882352941,5.470588235294118,0.7941176470588235,0.4117647058823529
,en,gpt_oss_groq,"Siemens has issued an alert about its newest 65‑series smartphones, warning that a design defect could cause injuries to users during normal operation. The company advises customers to stop using the devices until a fix is provided.",en_110,18.5,4.5,0.08108108108108109,5.297297297297297,0.9459459459459459,0.21621621621621623
,en,gpt_oss_groq,"**Plantronics Rides Gaming Boom and Low‑Cost VoIP Calls**

Milan (Reuters) – The surge in popular video‑game titles and the rise of inexpensive internet‑based phone calls are driving up sales of Plantronics’ headsets, the chief executive of the world’s top telephone‑headset manufacturer said on Wednesday.",en_111,44.0,0.0,0.045454545454545456,5.954545454545454,0.8863636363636364,0.2727272727272727
,en,gpt_oss_groq,"LAGOS (Reuters) – A commander of the insurgents battling government forces around Port Harcourt said on Sunday that the rebels are preparing to expand their uprising throughout the oil‑rich Niger Delta, demanding political reforms or greater autonomy.",en_112,37.0,0.0,0.05405405405405406,5.8108108108108105,0.9459459459459459,0.24324324324324326
,en,gpt_oss_groq,"Manchester United broke Arsenal’s remarkable 49‑game Premier League unbeaten run with a 2‑0 win at Old Trafford on Sunday, clinching a hard‑fought victory in what proved to be a gritty “Battle of the Titans.”",en_113,17.5,16.5,0.058823529411764705,5.147058823529412,0.9411764705882353,0.2647058823529412
,en,gpt_oss_groq,"**BHP Billiton plans further Pilbara expansion** – Australian iron‑ore giant BHP Billiton said it will widen its Pilbara mining footprint to keep pace with steady demand from Asian markets. The company’s $780 million “Rapid Growth” initiative will boost overall output at the Western Australian hub,",en_114,22.5,6.5,0.044444444444444446,5.666666666666667,0.9111111111111111,0.08888888888888889
,en,gpt_oss_groq,"Indonesia’s president, Yudhoyono, has turned down any outside assistance in resolving the Aceh insurgency, affirming that the nation will tackle the violence on its own. At the same time, the government has officially prolonged the state of emergency in the troubled province for another six months.",en_115,23.0,2.0,0.13043478260869565,5.521739130434782,0.8260869565217391,0.2608695652173913
,en,gpt_oss_groq,"**Rooney’s fairy‑tale debut meets reality**

After a first appearance that seemed straight out of a storybook, 18‑year‑old Wayne Rooney got a sobering introduction to the true demands of Manchester United yesterday. The young striker could have easily believed that his meteoric rise would continue unchecked, but the rigors of top‑flight football quickly reminded him that talent alone isn’t enough.",en_116,29.5,1.5,0.06779661016949153,5.779661016949152,0.8813559322033898,0.1864406779661017
,en,gpt_oss_groq,St. Louis Rams Cut Punter Sean Landeta (AP) — Inconsistent play on special teams was a key factor in the Rams’ decision to part ways with veteran punter Sean Landeta.,en_117,15.0,14.0,0.06666666666666667,4.566666666666666,0.9666666666666667,0.23333333333333334
,en,gpt_oss_groq,"Turnaround Gains Traction as Two Ford Leaders Depart  
Two of Ford Motor Co.’s top executives have stepped down, a development viewed as evidence that the automaker’s severe financial woes are easing, even as significant hurdles lie ahead.",en_118,19.0,6.0,0.10810810810810811,5.4324324324324325,0.8918918918918919,0.10810810810810811
,en,gpt_oss_groq,"Australia clinched a landmark series triumph in India, their first on Indian soil in 35 years, after a dominant 342‑run victory in the third Test at Nagpur.",en_119,27.0,0.0,0.1111111111111111,4.814814814814815,0.8888888888888888,0.25925925925925924
,de,gpt_oss_groq,"**London – Der britische Premierminister legt vier Kernforderungen an die EU vor**

In einer programmatischen Ansprache hat David Cameron am Dienstag vor dem Londoner Think‑Tank Chatham House die nächste Verhandlungsrunde über das künftige Verhältnis Großbritanniens zur Europäischen Union eingeleitet. Dabei stellte er vier Punkte heraus, die seiner Meinung nach die Basis für ein dauerhaftes Zusammenarbeiten bilden – gleichzeitig ließ er aber die Möglichkeit eines Austritts ausdrücklich offen.

Cameron betonte, dass die britische Mitgliedschaft nicht nur dem eigenen Land, sondern der gesamten Union zugute käme. In seiner knapp 45‑minütigen Rede hob der konservative Premierminister die Bedeutung der 28‑köpfigen Gemeinschaft für Europas wirtschaftliche und sicherheitspolitische Stabilität hervor. „Die EU ist kein Selbstzweck, sondern ein zentrales politisches Instrument – vergleichbar mit der NATO oder den Vereinten Nationen“, sagte er. Als zweitgrößte Volkswirtschaft und zweitgrößter Beitragszahler fordere Großbritannien, dass seine Bedenken ernst genommen würden",de_0,23.333333333333332,8.219218670625303,0.07857142857142857,6.685714285714286,0.8142857142857143,0.16428571428571428
,de,gpt_oss_groq,"**Porsche‑Holding blickt nach einem erfolgreichen Jahr 2015 auf ein arbeitsreiches 2016**

*Salzburg –* Das Porsche Holding Salzburg, größter VW‑Händler Europas, lässt die turbulente VW‑Affäre und den anstehenden e‑Golf hinter sich und richtet den Fokus auf das kommende Jahr. „2015 war für uns ein starkes Jahr“, betont Sprecher Alain Favey. „Besonders in Zentral‑ und Südosteuropa lief die Entwicklung stabil, und auch in Österreich halten wir das hohe Niveau.“  

Trotz des guten Geschäfts wird 2016 das Rekordhoch von 2011 nicht übertreffen, räumt Favey ein. Dennoch bleibt der österreichische Marktanteil mit rund 300 000 verkauften Fahrzeugen bei soliden 35 %. Für die Porsche‑Händler bedeutet das ein erfreuliches Jahr – das Absatzvolumen soll um rund 22 % steigen, was etwa 1 235 Neuzulassungen von Porsche‑Modellen entspricht.  

Im europäischen Vergleich verliert Volkswagen im November laut ACEA‑Daten 2,3 Prozentpunkte und liegt bei 24,3 % Markt",de_1,20.0,8.315218406202998,0.10071942446043165,5.841726618705036,0.8561151079136691,0.17985611510791366
,de,gpt_oss_groq,**Politikwissenschaftler Lok Raj Baral wir,de_2,5.0,0.0,0.0,7.6,1.0,0.0
,de,gpt_oss_groq,"**UN‑HCR gerät wegen verspätetem Eingreifen in der europäischen Flüchtlingskrise in die Kritik – obwohl es nicht zu seinen Kernaufgaben gehört**

Die weltweite Flüchtlingsbewegung hat die Europäische Union vor enorme Herausforderungen gestellt. Dabei wird dem Flüchtlingshilfswerk der Vereinten Nationen (UNHCR) häufig vorgeworfen, zu spät und zu wenig zu handeln – ein Vorwurf, der jedoch kaum dem eigentlichen Mandat der Organisation entspricht.

Ein Beispiel liefert Josef Hofer, 27, aus Salzburg. Der Behindertenbetreuer engagierte sich während der Hochphase der Krise freiwillig in der sogenannten österreichischen Willkommenskultur. Im Herbst 2015 reiste er nach Budapest, um eigenständig Flüchtlinge nach Österreich zu bringen. Als er von den katastrophalen Zuständen im ungarischen Grenzort Röszke hörte – dort wurden im September tausende Schutzsuchende unter menschenunwürdigen Bedingungen von den Behörden festgehalten – schloss er sich einer Gruppe von Helfern an, weil es an professioneller Unterstützung mangelte. Große Organisationen wie das Rote Kreuz, Ärzte ohne Grenzen oder das UNH",de_3,21.285714285714285,11.080411102665895,0.087248322147651,6.375838926174497,0.8187919463087249,0.174496644295302
,de,gpt_oss_groq,"**Christian Hölbling präsentiert „Ich kann auch anders“ – ein frischer Blick auf Herkunft, Identität und Gesellschaft**

Wien – Der Kabarettist Christian Hölbling startet mit seinem neuen Programm „Ich kann auch anders“ einen weiteren Kapitel seiner Karriere und setzt dabei auf das bewährte Prinzip: Humor entsteht, wenn Menschen nicht in ihr Umfeld passen. Ob ein Prinz in einer Arbeiterfamilie oder ein Steirer, der nach Völkermarkt zieht – die Diskrepanz zwischen Habitus und Situation liefert ihm stets das komische Material.

In „Ich kann auch anders“ beobachtet Hölbling scharfsinnig die kleinen, aber feinen Verschiebungen, die im Alltag vorkommen. Dabei greift er häufig auf eigene Erlebnisse zurück: Der „Engländer in New York“ ist für ihn kein fremder Ausländer, sondern ein Österreicher aus der Steiermark, der nun in Kärnten lebt. Auf der Bühne lässt er das Publikum rätseln, ob er tatsächlich vom „Kärntner‑Virus“ befallen ist – einer humorvollen Metapher für das schleichende Erlöschen der regionalen",de_4,30.0,11.781341180018513,0.09333333333333334,5.76,0.7466666666666667,0.22
,de,gpt_oss_groq,"**Allianz startet eigenen Mobilfunk‑Deal – Smartphone‑Versicherung inklusive**

Für 14,90 € im Monat erhalten Kunden nicht nur einen Handy‑Tarif, sondern auch eine Geräteversicherung. An der Spitze des Projekts steht Michael Krammer, ehemaliger Chef von Telering und Orange. Am Montag stellte die Allianz ihr neues Angebot „Allianz SIMvor“ vor und betritt damit erstmals den Mobilfunksektor.

Das Konzept: Die SIM‑Karte kommt ohne Handy, dafür ist eine umfassende Versicherung für das Gerät im Preis inbegriffen. Allianz‑Chef Wolfram Littich erklärte vor der Presse, dass sogar gebrauchte Geräte geschützt werden können. Versichert sind Schäden durch Fehlbedienung, Bruch, Wassereinwirkung, Sabotage, Vandalismus und vorsätzliche Zerstörung Dritter. Bei Teil­schäden wird ab einem Selbstbehalt von 60 € die Reparatur in den ersten beiden Vertragsjahren zu 100 % übernommen, im dritten Jahr zu 80 %. Bei Totalschäden erhalten Kunden bis zu 50 % des Neupreises (nach zwei Jahren 40 %). Das defekte Gerät wird abgeholt, repariert – in der Regel innerhalb",de_5,16.666666666666668,4.47213595499958,0.13333333333333333,6.0,0.84,0.15333333333333332
,de,gpt_oss_groq,"**Zwei‑Drittel der Stimmen ausgewertet – NLD führt klar**  
Naypyidaw – Nach der Auszählung von etwa 66 % der abgegebenen Stimmen liegt die Nationale Liga für Demokratie (NLD) von Friedensnobelpreisträgerin Aung San Suu Kyi (70) nach der Parlamentswahl in Myanmar unangefochten an der Spitze. Für die absolute Mehrheit in beiden Kammern fehlen ihr jedoch noch 38 Sitze. Insgesamt stehen 130 Parlamentssitze noch offen, weil die Wahlkommission die Auszählung nicht abgeschlossen hat.

US‑Präsident Barack Obama gratulierte in einem Telefonat dem burmesischen Präsidenten zum reibungslosen und friedlichen Wahlablauf. Auch Bundesaußenminister Frank‑Walter Steinmeier äußerte sich positiv und hob hervor, dass sowohl die regierende Partei als auch das Militär das Ergebnis bislang akzeptiert haben. „Ich begrüße ausdrücklich die Glückwünsche von Präsident Thein Sein an die Wahlsieger“, sagte Steinmeier.

Vor 25 Jahren, bei den letzten freien Wahlen, hatte Suu Kyi ebenfalls gewonnen – das Militär weiger",de_6,20.0,10.0,0.07857142857142857,6.135714285714286,0.8142857142857143,0.17857142857142858
,de,gpt_oss_groq,"**SOS Mitmensch fordert Prüfung von Birós Flüchtlings‑Kommentar**

Graz – Die Menschenrechtsorganisation SOS Mitmensch hat der Staatsanwaltschaft in Graz ein Dossier zu dem umstrittenen Beitrag des Steirerkrone‑Chefredakteurs Christoph Biró übermittelt. In seinem Artikel wirft Biró Asylsuchende mutmaßlich zu Plünderungen, sexuellen Übergriffen und Sachbeschädigungen an – Behauptungen, die seit längerem in sozialen Netzwerken kursieren und bereits vielfach widerlegt wurden.  

SOS Mitmensch prüft nun, ob Birós Äußerungen nach dem Strafgesetzbuch als Hassrede oder als vorsätzliche Verbreitung falscher, alarmierender Gerüchte zu werten sind. Der Kommentar habe laut dem Verband Angst und Misstrauen gegenüber Schutzsuchenden geschürt, doch für die genannten Vorwürfe liefe bislang kein Beweis, betont Sprecher Alexander Pollak in einer Pressemitteilung.  

Auch die steirische Landtagsabgeordnete Sabine Jungwirth (Grüne) hat in einem offenen Schreiben an Biró die Offenlegung seiner",de_7,24.8,4.621688003316537,0.08064516129032258,6.919354838709677,0.8145161290322581,0.1693548387096774
,de,gpt_oss_groq,"**Österreichische Legionäre in der Champions League – Alaba will Titel holen, drei Neulinge im Startfeld**

Wien – Die 24. Ausgabe der Champions League startet am Dienstagabend mit den gewohnten Favoriten um den Titel. Der FC Barcelona hofft, als einziger Klub die Königsklasse im Mai 2016 im Mailänder San Siro noch einmal zu verteidigen. Aus Österreich gehen dieses Jahr drei Expatriates in die Gruppe: Aleksandar Dragović bei Dynamo Kiew, der verletzte Martin Stranzl bei Borussia Mönchengladbach und David Alaba beim FC Bayern, der als ernstzunehmender Herausforderer für den spanischen Rekordmeister gilt. Auch Real Madrid unter neuem Trainer Rafael Benítez sowie die englischen Topclubs aus Manchester und London zählen zu den angesagten Kandidaten. Paris Saint‑Germain will mit kräftigem Geldschub ebenfalls um den europäischen Thron mitspielen.

Finanziell bleibt die Champions League ein Blockbuster: Bis 2018 soll die UEFA insgesamt 1,257 Mrd. € an Pr",de_8,17.625,9.082090893621357,0.09929078014184398,5.808510638297872,0.7943262411347518,0.14184397163120568
,de,gpt_oss_groq,"**Glock‑Sportzentrum in Kärnten: Wo Reiten auf Stars trifft**

Das von Gaston Glock senior für seine Ehefrau Kathrin errichtete Pferdesportzentrum am Ossiacher See ist mittlerweile zu einem Wahrzeichen der internationalen Reitszene geworden. Zwei‑mal im Jahr lockt das Glock Horse Performance Center (GHPC) nicht nur Spitzenreiter im Spring‑ und Dressurreiten, sondern auch Hollywood‑Stars, Sänger und Milliardäre. Auf der Bühne des GHPC standen bereits Größen wie Robbie Williams, Cher oder der TV‑Koch Alfons Schuhbeck, während das Publikum zwischen begeisterten Reitsportfans und prominenten VIP‑Gästen wechselt.

**Ein exklusiver Ort mit außergewöhnlichem Ambiente**

Der 232‑Pferde‑Komplex ist nicht nur wegen seiner sportlichen Infrastruktur, sondern auch wegen seines außergewöhnlichen Designs bekannt. Der rote Teppich, der den Weg von den Boxen über den Trainingsplatz bis zum Turnierfeld markiert, wird flankiert von Palmen, die in regelmäßigen Abständen",de_9,25.4,3.261901286060018,0.10236220472440945,6.574803149606299,0.84251968503937,0.2047244094488189
,de,gpt_oss_groq,"**Damen‑ und Herren‑Slalom in Levi gestrichen – keine Aussicht auf Nachholung**

Levi/Jeongseon/Wien – Wie bereits 2007 und zuletzt 2011 fällt auch dieses Jahr der Slalom in Levi wegen zu wenig Schnee aus. Selbst im finnischen Lappland ist das Wetter zurzeit zu warm und die Schneedecke dünn. Kurz vor dem Saisonstart wurden zwar ein paar Schneehaufen auf die Piste gebracht, doch das reicht nicht, um die Rennen zu starten. Ein Ersatztermin ist derzeit nicht absehbar.

Der Wind drehte nach Süden, wodurch die Prognosen plötzlich umschlugen: Auf dem Papier waren noch minus drei Grad geplant, am Hang herrschten jedoch bereits plus drei Grad, erklärte Rennleiter Markus Waldner gegenüber der APA. Auch Atle Skaardal, Chef der Damen‑Rennabteilung, zeigte sich enttäuscht. „Unter diesen Bedingungen wäre es weder für die Athleten, noch für die Fans und das Resort fair, die Rennen durchzuführen“, sagte er.

Eine Verlegung der Slaloms erscheint kaum möglich, weil der Weltcup‑Kalender bereits sehr voll ist.",de_10,19.125,9.558209821927953,0.13071895424836602,5.562091503267974,0.8104575163398693,0.20915032679738563
,de,gpt_oss_groq,"**Oxfam fordert mehr Geld und konsequentere Umsiedlung von syrischen Flüchtlingen**

Berlin/Wien – Die Entwicklungs- und Nothilfewerk­schaft Oxfam hat am Dienstag scharf die bislang unzureichende Hilfe der internationalen Gemeinschaft für syrische Flüchtlinge, sowohl im Land selbst als auch in den Nachbarstaaten, kritisiert. In ihrem aktuellen Bericht *Solidarity with Syrians* bemängelt die Organisation, dass die bislang geleistete Unterstützung nur oberflächlich und wenig glaubwürdig sei.

Oxfam hat analysiert, inwieweit Industrieländer finanzielle Beiträge leisten und Aufnahmeplätze für Schutzsuchende bereitstellen sowie Anstrengungen zur Beendigung des syrischen Krieges unternehmen. Das Ergebnis: Die vorhandenen Mittel reichen bei weitem nicht aus, um den Vertriebenen ein würdevolles und sicheres Leben zu ermöglichen. Viele zugesagten Resettlement‑Programme wurden bislang nicht umgesetzt – bislang konnten lediglich rund 17 000 Syrer über diesen Weg in sichere Länder übertreten.

Die Hilfsorganisation drängt darauf, dass bis Ende 2016 mindestens zehn Prozent der in den Nachbarländern lebenden Flüchtlinge umgesiedelt werden. Der Bericht zeigt zudem, dass nur wenige Staaten im",de_11,21.857142857142858,8.822512946654006,0.0915032679738562,6.7973856209150325,0.8235294117647058,0.1503267973856209
,de,gpt_oss_groq,"**Luxemburg lehnt Ausländerwahlrecht ab – 78 % sagen Nein**

Im kleinen Großherzogtum hat das Volk am Sonntag klar abgestimmt: Das geplante Wahlrecht für ausländische Einwohner bei nationalen Parlamentswahlen wird nicht eingeführt. In einem Referendum sprachen sich 78 % der Stimmberechtigten gegen den Regierungsentwurf von Premierminister Xavier Bettel aus.

Damit bleibt das Wahlrecht in allen EU‑Staaten ausschließlich für Staatsbürger erhalten. Auch die Idee, das Mindestwahlalter von 18 auf 16 Jahre zu senken, fand nur wenig Anklang – knapp 81 % der Wähler lehnten den Vorschlag ab. Ein weiteres Vorhaben, die Amtszeit von Ministern auf zehn Jahre zu begrenzen, erhielt lediglich rund ein Drittel der Stimmen.

„Die Bürger haben ein klares Signal gegeben, das wir respektieren“, erklärte Bettel nach Auszählung der Stimmen. Der 42‑jährige Liberale hatte das Vorhaben mit dem hohen Anteil von Ausländern in Luxemburg begründet: Rund 45 % der rund 550.000 Einwohner seien keine Staatsbürger. Er wollte das Wahlrecht auf Personen",de_12,16.88888888888889,8.157402152434512,0.10596026490066225,5.827814569536423,0.7880794701986755,0.1986754966887417
,de,gpt_oss_groq,"**Politisches Gerangel treibt die Wirtschaft weiter nach unten** – Griechenland steckt tiefer in der Rezession, als zunächst angenommen wurde. Laut den neuesten Zahlen der EU‑Statistikbehörde Eurostat schrumpfte das Bruttoinlandsprodukt im dritten Quartal im Vergleich zum Vormonat um 0,9 %. Noch im November hatten die Eurostat‑Analysten aufgrund vorläufiger Schätzungen lediglich einen Rückgang von 0,5 % erwartet. Im zweiten Quartal war sogar ein leichtes Wachstum von 0,3 % zum Vorquartal verzeichnet worden, während das Jahresbeginn‑Quartal noch keinerlei Zuwachs zeigte. Das dritte Quartal gilt in Griechenland traditionell als wichtiger Indikator, weil hier die Ergebnisse der Sommersaison im Tourismus nachwirken. Im Vergleich: Im dritten Quartal 2014 wuchs die Wirtschaft laut Eurostat noch um 0,8 %. Für den diesjährigen Rückgang ist vor allem das politische Tauziehen zwischen der linksliberalen Koalition und den europäischen Geldgebern verantwortlich, das im Frühjahr eskalierte. Die Gefahr einer Staatspleite und die anhaltenden Diskussionen um einen möglichen",de_13,18.125,3.6890886408434267,0.1103448275862069,6.413793103448276,0.7448275862068966,0.16551724137931034
,de,gpt_oss_groq,"Weltweit sind bislang rund 800 000 Fälle von manipulierten CO₂‑Werten bei Fahrzeugen bekannt geworden. Der Volkswagen‑Konzern hat dabei vor allem bei Neuwagen falsche Emissionsangaben gemacht. Mehr als die Hälfte dieser Fälle – etwa 430 000 Fahrzeuge – stammt aus dem Modelljahr 2016 und stehen teilweise bereits auf den Höfen der Händler, wie VW am späten Freitagabend aus Wolfsburg bestätigte. Zudem wird geprüft, ob auch ältere Modelle mit unterschätzten CO₂‑Werten im Straßenverkehr unterwegs sind. Betroffene Kunden können auf der Seite www.volkswagen.de/info nachsehen, ob ihr Auto zu den betroffenen Fahrzeugen gehört. 

Währenddessen gerät der Absatz der VW‑Kernmarke weiter unter Druck, weil gleichzeitig der Diesel‑Skandal um manipulierte Stickoxid‑Werte für Aufsehen sorgt. Im Oktober verkaufte der Konzern weltweit 490 000 Fahrzeuge, das entspricht einem Rückgang von 5,3 % gegenüber dem Vorjahr. Der neue Vorstandsvorsitzende Herbert Diess betonte jedoch, dass er keine Gefahr für Arbeitsplätze in der regulären Belegschaft sehe",de_14,14.7,8.391066678319271,0.1103448275862069,6.172413793103448,0.8551724137931035,0.15172413793103448
,de,gpt_oss_groq,"**47‑jährige Dramaturgin übernimmt Nachfolge von Bettina Hering**

Sankt Pölten – Die 47‑jährige Marie Rötzer, die derzeit als persönliche Referentin des Intendanten am Thalia‑Theater in Hamburg arbeitet, wird künftig die künstlerische Leitung des Landestheaters Niederösterreich übernehmen. Damit tritt sie die Nachfolge von Bettina Hering an, die das Haus verlassen hat, um die Position der Schauspielchefin an den Salzburger Festspielen zu übernehmen. Der Vertrag von Rötzer startet im Sommer 2016 und ist zunächst auf vier Spielzeiten bis zum Sommer 2020 befristet.

Rötzer, gebürtig aus Mistelbach, begann ihre Theaterkarriere Anfang der 1990er Jahre am Landestheater in Sankt Pölten. Nach einer Tätigkeit als Lektorin an der Universität Czernowitz in der Ukraine sammelte sie weitere Erfahrungen als Dramaturgin an namhaften deutschsprachigen Bühnen, darunter das Maxim‑Gorki‑Theater in Berlin, die Gessnerallee in Zürich, das Schauspielhaus Graz und das Staatstheater Mainz. Seit einiger Zeit gehört sie zum Leitungsteam des Thalia‑Theaters in Hamburg.

„",de_15,20.714285714285715,12.126880245545262,0.10344827586206896,6.310344827586207,0.7517241379310344,0.20689655172413793
,de,gpt_oss_groq,"**Gevgelija/Skopje/Belgrad –** Am Samstag gelang es trotz verstärkter Polizeikontrollen Hunderte von Migranten, die Grenze zwischen Griechenland und Mazedonien zu überschreiten. Wie ein AFP-Korrespondent aus Gevgelija berichtete, sprengten die Flüchtlinge die mit Stacheldraht versehenen Absperrungen, die von den Sicherheitskräften errichtet worden waren. Reuters ging sogar von mehreren Tausend Menschen aus, die in das vormals jugoslawische Teilgebiet eindrangen. Ein dort eingesetzter Reporter beobachtete, wie die Migranten die Barrieren überquerten und über Felder flüchteten",de_16,17.75,2.7726341266023544,0.11267605633802817,7.197183098591549,0.8732394366197183,0.22535211267605634
,de,gpt_oss_groq,"**Fünf Stunden Königskrieg im Museumsquartier: Ivo van Hove inszeniert Shakespeares Dynastien**

In den Festwochen des Museumsquartiers wird das fünfstündige Theaterprojekt *Kings of War* von Ivo van Hove und der Toneelgroep Amsterdam das Publikum in ein modernes Kriegslager der englischen Könige entführen. Die Aufführung, eine Neuinterpretation von Shakespeares Historien, verläuft in einem eigens dafür gestalteten „War‑Room“, den Szenenbildner Jan Versweyveld an das Hauptquartier Winston Churchills anlehnt.  

Der niederländische Regisseur setzt dabei nicht nur auf klassische Texte, sondern lässt Autor Rob Klinkenberg die Worte aus *Henry V*, *Henry VI* und *Richard III* in ein flüssiges Holländisch übersetzen. Gleichzeitig verschmilzt das Geschehen mit einer zeitgenössischen Ästhetik: Auf der Bühne finden sich Computeranschlüsse, fließendes Wasser und eine Empore, auf der vier Posaun",de_17,29.5,7.158910531638177,0.1016949152542373,6.584745762711864,0.8305084745762712,0.2033898305084746
,de,gpt_oss_groq,"**Rubel stabilisiert sich – steigende Ölpreise stärken die russische Wirtschaft**

Moskau – Laut der Weltbank hat sich die wirtschaftliche Lage in Russland wieder leicht verbessert. Die Institution geht davon aus, dass das Bruttoinlandsprodukt im laufenden Jahr nur noch um 2,7 % schrumpft, statt der bisher angenommenen 3,8 %. Ein wichtiger Grund dafür sei die Erholung des Rubels, die durch den jüngsten Aufschwung der Ölpreise nach einer langen Phase fallender Kurse begünstigt werde. Da etwa 40 % der Staatseinnahmen aus Ölexporten stammen, wirkt sich der höhere Ölpreis unmittelbar positiv auf die öffentlichen Finanzen aus.

Zusätzlich bemerken die Weltbank‑Analysten, dass die Inflation in Russland sich abschwächt, was die Kaufkraft der Bevölkerung stärkt. Trotzdem bleibt die Wirtschaft durch die von westlichen Staaten verhängten Sanktionen im Zuge des Ukraine‑Konflikts belastet. Das russische Wirtschaftsministerium rechnet mit einem ähnlichen Ergebnis und erwartet ein BIP‑Minus von rund 2,8 % für dieses Jahr.

Andere Wirtschaftsexperten sind vors",de_18,18.625,6.303520841561484,0.10738255033557047,6.10738255033557,0.8053691275167785,0.18791946308724833
,de,gpt_oss_groq,"**Kärnten und Tirol liegen noch weiter hinten.** Außer Niederösterreich und Salzburg erreicht kein Bundesland die geforderte Quote für unbegleitete minderjährige Flüchtlinge (UMF). Im Erstaufnahmezentrum Traiskirchen wohnen nach wie vor mehr als 1.000 junge Asylsuchende. In Vorarlberg fehlen demnach 113 Betten – die Quote liegt dort nur bei rund 60 %. Laut einem Bericht der Montagsausgabe der *Vorarlberger Nachrichten* sind damit nur Kärnten (etwa 51 %) und Tirol (etwa 56 %) noch schlechter dran.

Salzburg kann die Vorgabe lediglich dank etwa 200 Jugendlicher, die in einer Kaserne untergebracht sind, erfüllen. Der Vorarlberger Kinder‑ und Jugendanwalt Michael Rauch kritisierte diese Situation scharf. „Man kann nicht ständig nach außen als Quotenerfüller auftreten, wenn wir bei den UMF gerade mal 60 % erreichen“, sagte er und richtete seine Vorwürfe auch an die Landesregierung Vorarlbergs.

Landesrätin Katharina W",de_19,13.5,8.139410298049853,0.09774436090225563,5.954887218045113,0.8421052631578947,0.12781954887218044
,de,gpt_oss_groq,"**Uniqa konsolidiert – Vorstand wird halbiert, Fusionen bis Q1 2017 abgeschlossen**  

Wien – Der Versicherungsriese Uniqa startet eine umfassende Umstrukturierung: Alle inländischen operativen Gesellschaften werden zu einer Einheit zusammengeführt. Durch die Fusion von Uniqa Österreich Versicherungen AG mit der Raiffeisen Versicherung AG, der Salzburger Landes‑Versicherung AG und der FinanceLife Lebensversicherung AG bis spätestens zum ersten Quartal 2017 reduziert sich die Anzahl der Vorstandsmitglieder von 22 auf zehn Personen.  

Damit soll die neue Unternehmensführung besser an den langfristigen strategischen Zielen und den kommenden Markt­herausforderungen ausgerichtet werden, erklärte die Uniqa Group am Mittwochabend. Auch die",de_20,23.25,13.534677683639163,0.07526881720430108,6.935483870967742,0.8172043010752689,0.1827956989247312
,de,gpt_oss_groq,"**Astronomische Highlights im März**

Am 23. erstrahlt der Vollmond, während Jupiter leuchtend im Sternbild Löwe zu sehen ist. Die Tage werden merklich länger: Am 1. beträgt die Tageslichtdauer noch 11 Stunden und 4 Minuten, am 31. bereits 12 Stunden und 50 Minuten. Die Dämmerungszeit nach Sonnenuntergang bis zu einer Sonnentiefe von 12 Grad liegt bei rund 1 Stunde und 8 Minuten.

Die Sonne, unser wanderndes Gestirn, erreicht am 20. März um 05:30 Uhr den Widder – damit fällt die Tagundnachtgleiche und der Frühlingsbeginn ein. Am 2. befindet sich der Mond im letzten Viertel im Sternbild Schlangenträger, zusammen mit Saturn. Die feine Altlichtsichel ist am 7. tief im Morgengrauen im Osten‑Süd‑Osten zu erkennen; am 9. folgt der Neumond, der gleichzeitig eine bei uns nicht sichtbare totale Sonnenfinsternis auslöst",de_21,9.76923076923077,4.4229096958354,0.16535433070866143,5.456692913385827,0.7795275590551181,0.16535433070866143
,de,gpt_oss_groq,"Britische Sicherheitsbehörden haben ihr Vorgehen gegenüber dem flüchtigen Wikileaks‑Gründer geändert: Statt rund um die Uhr an der ecuadorianischen Botschaft in London zu patrouillieren, wo Julian Assange seit Juni 2012 Schutz sucht, soll nun verstärkt auf verdeckte Ermittlungen gesetzt werden, erklärte Scotland Yard am Montag. Die permanente Bewachung halte man für nicht mehr zeitgemäß. Der 44‑jährige Assange, gegen den in Schweden ein Haftbefehl wegen angeblicher Sexualdelikte vorliegt, bestreitet die Vorwürfe und fürchtet vor allem eine Auslieferung an die USA wegen der Veröffentlichungen seiner Plattform. Die ständige Präsenz habe die britischen Steuerzahler bisher über 16 Millionen Euro gekostet.",de_22,24.0,13.982131454109563,0.10416666666666667,6.40625,0.9166666666666666,0.15625
,de,gpt_oss_groq,"**Seniorenbund-Chef Khol lobt Steuerpaket, wirft Kanzler Gesprächsverweigerung vor**

Wien – Andreas Khol, Vorsitzender des ÖVP‑Seniorenbundes, sieht die Regierungsarbeit im ersten Halbjahr insgesamt besser als erwartet, bemängelt jedoch das Fehlen von Reformen in den Bereichen Pensionen, Gesundheit und Pflege. „Wir haben noch viel Aufholbedarf – sonst wird das Projekt schnell zum Streit auf dem Deck der Titanic“, warnte er.

Bei der kürzlich beschlossenen Steuerreform lobte Khol die Bilanz, äußerte jedoch Kritik an Bundeskanzler Werner Faymann (SPÖ) wegen dessen „Verweigerung eines Dialogs“. Während die Reform viele Wünsche der Seniorengeneration erfülle, blieb ein Aspekt unbeantwortet: Rund 230 000 Bezieher von Ausgleichszulagen wurden von der negativen Steuer für Pensionisten ausgenommen. Besonders ärgerlich sei für Khol, dass der Seniorenrat monatelang um einen Gesprächstermin mit dem Kanzler bat, jedoch keinen erhalten habe. Der Vorstand kündigte an, entsprechende Musterklagen vor den höchsten Gerichten vorzubereiten.

Khol betonte,",de_23,19.857142857142858,10.480302223403559,0.1366906474820144,6.561151079136691,0.8633093525179856,0.14388489208633093
,de,gpt_oss_groq,"**Spiegel‑Chefredakteur Klaus Brinkbäumer über Satire, Bezahlschranken und die Zukunft des Journalismus**

*Wien – Am Donnerstag hielt Klaus Brinkbäumer, der Chefredakteur des „Spiegel“, im Rahmen der",de_24,25.0,0.0,0.12,7.0,0.88,0.16
,de,gpt_oss_groq,"**Wolf Wondratschek: Wie ein limitiertes Gedichtbändchen zur Neuauflage wurde**

Wolf Wondratschek, in Wien und München lebender Dichter, brachte 1995 sein erste Gedichtbändchen *For",de_25,23.0,0.0,0.13043478260869565,6.913043478260869,0.9565217391304348,0.08695652173913043
,de,gpt_oss_groq,"**Dell strebt mit EMC-Deal nach größerer Marktposition**

Der US‑Technologiekonzern Dell plant, sein Portfolio durch die Übernahme des Speicher‑ und Datenmanagement‑Anbieters EMC zu erweitern, um sich besser gegen Mitbewerber wie Hewlett‑Packard zu behaupten. 

In New York teilte Dell mit, dass die EMC‑Aktionäre für jede Aktie 24,05 US‑Dollar in bar erhalten sollen. Zusätzlich erhalten sie ein Anteilspapier, das den Wert von EMCs Software-Tochter VMware abbildet. Zusammengenommen ergibt das pro EMC‑Aktie einen Gegenwert von rund 33,15 US‑Dollar – ein Aufschlag von fast 20 % gegenüber dem Schlusskurs vom vergangenen Freitag.

Der Deal, über den bereits seit Tagen spekuliert wurde, folgt auf Dell‑Gründer Michael Dells Rückkauf des Unternehmens vor zwei Jahren, den er mithilfe von Finanzinvestoren in einem 25‑Milliarden‑Dollar‑Konsortium von der Börse genommen hatte. Laut Medienberichten benötigen Dell",de_26,20.666666666666668,10.29023269362209,0.11290322580645161,6.330645161290323,0.8629032258064516,0.1693548387096774
,de,gpt_oss_groq,"**Wien – Der Präsident der Österreichischen Akademie der Wissenschaften (ÖAW), Anton Zeilinger, fordert vom neu gewählten Bundespräsidenten klare Unterstützung für die Forschung.**  

In seiner Rede zur traditionellen Jahresfeier der ÖAW am Freitag warnte Zeilinger, dass die Wissenschaft in Österreich an einem kritischen Punkt angekommen sei. „So kann es nicht weitergehen, dass der Forschungsfonds FWF immer weniger Mittel erhält“, sagte er gegenüber der APA. Der Bundespräsident ist gleichzeitig Schirmherr der Akademie, weshalb Zeilinger die bevorstehende Wahl am Sonntag aufmerksam verfolgt.  

Obwohl er keine Bewertung der beiden Kandidaten vornimmt, betont er",de_27,18.0,4.898979485566356,0.12359550561797752,6.449438202247191,0.8426966292134831,0.1797752808988764
,de,gpt_oss_groq,"**Vier Kinder aus einer internationalen Razzia befreit – Einsatz in den USA und Südamerika**

Im Rahmen einer grenzüberschreitenden Operation gegen den Vertrieb von Kinderpornografie wurden in Lateinamerika, den USA und Spanien mindestens 60 mutmaßliche Täter festgenommen, wie die mexikanische Sicherheitsbehörde CNS am Sonntag mitteilte. Die Verdächtigen sollen über das Internet kinderpornografisches Material verbreitet haben.

Gleichzeitig wurden bei den koordinierten Razzien vier mögliche Opfer gerettet. Dabei handelt es sich um drei Mädchen im Alter von neun, 14 und 15 Jahren, die in Mexiko-Stadt gefunden wurden. Die groß angelegte Aktion wurde von Sicherheitsbehörden verschiedener südamerikanischer Länder sowie dem US-FBI gemeinsam geplant und umgesetzt.

Durchsuchungen fanden demnach in Spanien, den USA, Mexiko, Argentinien, Brasilien, Chile, Kolumbien, Costa Rica, Guatemala, Paraguay, Uruguay und Venezuela statt.",de_28,20.166666666666668,11.437025642865175,0.1652892561983471,6.68595041322314,0.8512396694214877,0.14049586776859505
,de,gpt_oss_groq,"Der Präsident der Wirtschaftskammer kritisiert, dass Arbeitslose in Österreich teilweise genauso viel erhalten wie Beschäftigte, die ein Bruttogehalt von rund 1.700 Euro beziehen. Laut den Zahlen des Arbeitsmarktservice waren Ende Juli rund 376.500 Menschen in Österreich ohne Anstellung – ein Zustand, den Wirtschaftskammer‑Chef Christoph Leitl für vermeidbar hält. In einem Gespräch mit dem Volksblatt bejahte Leitl die Frage, ob jeder, der arbeiten möchte, eine Stelle finden kann, und merkte an, dass es dabei nicht immer um die Wunschposition oder den Arbeitsort gehen müsse: „Die Arbeit existiert, sie muss nur gefunden werden.“ 

Bezüglich der Mindestsicherung betont Leitl, dass der Anreiz zum Erwerbstätig‑sein zu gering sei. Er erklärt, dass es ihn verärgert, wenn man aus der Kombination von Mindestsicherung und Transferleistungen netto fast das gleiche Einkommen erzielt wie jemand, der 1.700 Euro brutto verdient. 

Was die Wettbewerbsfähigkeit Österreichs angeht, warnt Leitl, dass das Land bei Produktions‑ und Lohnkosten aus seiner Komfortzone herauskommen müsse, um im weltweiten Wettbewerb mit den preisag",de_29,18.0,11.794537341969422,0.15822784810126583,6.094936708860759,0.7911392405063291,0.16455696202531644
,de,gpt_oss_groq,"**Österreichs Image bleibt im internationalen Vergleich problematisch – vor allem wegen der hohen Steuerlast**

Wien – In dem vom IMD (Lausanne) jährlich veröffentlichten Standort‑Ranking wird die Wettbewerbsfähigkeit Österreichs erneut als „mäßig“ eing",de_30,32.0,0.0,0.0,6.90625,0.96875,0.09375
,de,gpt_oss_groq,"**Sozialistische Jugend und Grüne verlangen Rücktritte – Kontroverse um FPÖ‑Post in Linz**

Linz – Ein von der Tageszeitung *Österreich* veröffentlichtes Bild von zwei FPÖ‑Gemeinderäten hat nach einem Bericht am Mittwoch heftige politische Diskussionen ausgelöst. In dem Posting äußerte die FPÖ‑Gemeinderätin Susanne Walcher, dass sie den Vorschlag von Wirtschaftskammerpräsident Christoph Leitl für ein „Integrationsjahr mit Sozialjahr‑Charakter“ begrüße. Anschließend fügte sie spöttische Bemerkungen zu jungen Muslimen hinzu, die angeblich als „Kindergarten‑Aufpasser“ oder im Pflegeheim „der Oma beim Baden“ helfen würden. Ihr Parteikollege Markus Kraz ergänzte, diese Personen könnten auch in Tierheimen eingesetzt werden – dort gäbe es wenigstens „liebe Schafe“.

Die Staatsanwaltschaft prüft die Äußerungen nun auf den Tatbestand der Verhetzung.

**Reaktionen aus der Politik**

Philipp Stadler, Vorsitzender der Sozialistischen Jugend Linz, forderte das sofortige Rücktritt",de_31,20.666666666666668,7.156970184527963,0.08064516129032258,6.887096774193548,0.8951612903225806,0.1693548387096774
,de,gpt_oss_groq,"**Brüssel – Ergebnis des Sondergipfels: 100 000 Plätze für Geflüchtete und erweiterte Befugnisse für Frontex**

Am Sonntag trafen sich die Regierungschefs der Länder, die von der Flüchtlingskrise am stärksten betroffen sind, zu einem außerplanmäßigen Gipfel in Brüssel. Nach Angaben der EU‑Kommission einigte man sich auf einen 17‑Punkte‑Plan, mit dem die drei Kernprobleme entlang der Balkanroute angegangen werden sollen: Unterbringung, Steuerung der Ströme und Grenzsicherung.

**Gemeinsame Aktionen statt Einzelkämpfen**  
Die Staats- und Regierungschefs aus Albanien, Bulgarien, Deutschland, Griechenland, Kroatien, Mazedonien, Österreich, Rumänien, Serbien, Slowenien und Ungarn beschlossen, die Zusammenarbeit zu intensivieren und konkrete operative Maßnahmen zu ergreifen. EU‑Kommissionspräsident Jean‑Claude Juncker bet",de_32,25.0,12.62933094031509,0.19,7.25,0.84,0.24
,de,gpt_oss_groq,"Rom, 30. April (Reuters) – Die italienische Regierung hat ein weiteres Maßnahmenpaket zur Entlastung des angeschlagenen Bankensektors beschlossen. Mit einem neuen Erlass sollen Kreditinstitute künftig unbezahlte Darlehen deutlich schneller zurückfordern können. Premierminister Matteo Renzi erklärte, dass sich die Rückzahlungsfrist von bislang sechs‑ bis acht Jahren auf nur noch sechs bis acht Monate verkürzen wird. Ziel sei es, die anhaltenden Probleme im Bankensektor nachhaltig zu beheben.

Der Erlass sieht vor, dass Banken schneller auf die Sicherheiten zugreifen können, die von Unternehmen als Garantie gestellt wurden. Privatkredite, etwa Hypotheken, bleiben davon ausgenommen. Darüber hinaus soll mehr als die Hälfte der rund 10 000 Kleinanleger, die im Rahmen der staatlichen Rettung von vier kleineren Banken im vergangenen Jahr Anleihen verloren haben, entschädigt werden – ein Schritt, der nach der heftigen Kritik an Renzi im Vorfeld",de_33,16.5,11.521718621802913,0.12878787878787878,6.196969696969697,0.8181818181818182,0.14393939393939395
,de,gpt_oss_groq,"**Mehr Einsatz für Benachteiligte, aber weniger Bekehrungsdruck – das ist der aktuelle Wunsch der Gläubigen**

*Linz –* In einer kürzlich für den „Standard“ ausgewerteten Osterbefragung zeigt sich ein deutliches Bild: Während die Kirche verstärkt Unterstützung für Menschen in prekären Lebenslagen gefordert wird, sinkt das Interesse an einer aktiven Missionierung Andersgläubiger.

Nur ein Fünftel der Befragten hält das Osterfest für ein im Kern heidnisches Ereignis. Die Hälfte lehnt diese Deutung eindeutig ab. Der Osterhase – ursprünglich ein Symbol für Fruchtbarkeit – wird von 81 % der Österreicher als sympathische Figur wahrgenommen, obwohl die Kirche ihn längst als christliches Symbol umgedeutet hat.

Der zentrale christliche Kern, die Auferstehung Jesu, wird von lediglich jedem zweiten Österreicher gefeiert. Dabei lässt die Zahl nach: Bei den über 50-Jährigen glauben noch 63 % an die Auferstehung, während unter den unter 29-Jährigen nur noch ein Drittel das Osterereignis im christlichen Sinne begeht. Neun Prozent geben an",de_34,21.285714285714285,15.059067374976502,0.09395973154362416,5.966442953020135,0.7583892617449665,0.18120805369127516
,de,gpt_oss_groq,"**ORF beschließt Anleihe zur Teilfinanzierung des Küniglberg‑Projekts – Budget 2016 stellt große Belastung dar**

Wien – Der ORF sieht sich im Jahr 2016 mit einem der strengsten Haushalte der jüngeren Vergangenheit konfrontiert, erklärte Finanzdirektor Richard Grasl am Donnerstag nach einer Sitzung des Stiftungsrats. Rückstellungen infolge einer Klage des Betriebsrats, steuerliche Änderungen und die Kosten für das Frühfernsehen belasten das Budget erheblich.

Trotz dieser Schwierigkeiten stimmte der Stiftungsrat mit überwiegender Mehrheit der Emission einer ORF‑Anleihe zu. Ziel sei die Teilfinanzierung des Neubau‑ und Sanierungsprojekts am Küniglberg, das rund 300 Millionen Euro kosten wird. Die Anleihe soll im Rahmen einer Privatplatzierung an Groß‑ und institutionelle Investoren vergeben werden. Die Bank UniCredit Bank Austria übernimmt die Leitung der Transaktion.

„Das Budget 2016 ist eine echte Herausforderung“, so Grasl. Er wies darauf hin, dass der Rundfunk Rückstellungen bilden muss, weil der Zentralbetriebs",de_35,17.25,10.145811943851513,0.09420289855072464,6.456521739130435,0.7753623188405797,0.16666666666666666
,de,gpt_oss_groq,"**Krähen rauben Gummibeläge von Autoscheibenwischern**  
Tokio – In Japan sorgte ein ungewöhnlicher Fall von Vandalismus für Aufsehen. In der Stadt Matsue meldeten Anwohner wiederholt, dass ihre Autoscheibenwischer beschädigt wurden, berichtete die Tageszeitung *Yomiuri Shimbun* am Mittwoch. Die Polizei reagierte prompt und stellte ein Einsatzteam von rund 50 Offizieren zusammen, das rund um die Uhr in dem betroffenen Viertel patrouillierte. Dank Aufnahmen aus Überwachungskameras ließ sich das Geschehen schließlich aufklären: Es waren Krähen, die sich die Gummibeläge der Wischer als Baumaterial für ihre Nester schnitten. Die Beamten mussten einsehen, dass sie die Vögel nicht verhaften können – ein Fall, bei dem das Gesetz gegenüber gefiederten Täter machtlos bleibt. (dpa, 17. 6. 2015)",de_36,13.875,9.99296627633657,0.13513513513513514,6.153153153153153,0.8108108108108109,0.1891891891891892
,de,gpt_oss_groq,"**Urteil im Fall Mainz 05 gegen Heinz Müller: Befristete Spielerverträge bleiben zulässig**

Der Rechtsstreit zwischen dem FSV Mainz 05 und dem früheren Torhüter Heinz Müller hat am Mittwoch vor dem Landesarbeitsgericht Rheinland‑Pfalz ein wichtiges Zeichen für den deutschen Profifußball gesetzt. Das Gericht hat die Klage des 37‑jährigen Torhüters abgewiesen und bestätigt, dass Fußballvereine ihre Spieler weiterhin befristet verpflichten dürfen.

Müller hatte nach Ablauf seines zweijährigen Vertrags im Sommer 2014 gerichtlich festgestellt, dass sein Arbeitsverhältnis de facto unbefristet weiterbestehe. Das Arbeitsgericht Mainz war seiner Meinung nach der Auffassung gefolgt, dass Profispieler arbeitsrechtlich wie „normale“ Angestellte zu behandeln seien und daher nicht dauerhaft nur befristete Verträge erhalten dürften. Das Landesarbeitsgericht hat dieses Ersturteil nun revidiert, lässt jedoch zugleich die Möglichkeit einer",de_37,23.8,9.410632284814874,0.07563025210084033,6.857142857142857,0.8403361344537815,0.1092436974789916
,de,gpt_oss_groq,"**Hamburg – Der ehemalige Welt‑Kolumnist Matthias Matussek plant nun, gegen die Axel‑Springer‑Verlag AG vor Gericht zu ziehen.** Laut der Süddeutschen Zeitung hat er eine Kündigungsschutzklage eingereicht, nachdem ihm zum 17. November das Arbeitsverhältnis beendet wurde.

Im Mittelpunkt des Streits steht ein Facebook‑Beitrag, den Matussek unmittelbar nach den Anschlägen in Paris veröffentlicht hatte. Darin schrieb er, man könne erwarten, dass das Geschehen in Paris die Diskussionen über offene Grenzen und die vermeintlich hohe Zahl von nicht registrierten jungen Muslimen in Deutschland neu anheizen werde. Der Post war mit einem Smiley versehen. Welt‑Chefredakteur Jan‑Eric Peters bezeichnete die Äußerung als „durchgeknallt“.

Nachdem der Beitrag für heftige Debatten gesorgt hatte, verschärfte sich der Konflikt zwischen Autor und Verlag, sodass die Welt sich schließlich von Matussek trennte. Matussek will nun gerichtlich klären, ob die Kündigung",de_38,14.555555555555555,8.207193472275284,0.12307692307692308,6.3538461538461535,0.8538461538461538,0.18461538461538463
,de,gpt_oss_groq,"**„Deine Korrespondentin“ – Frauen aus aller Welt im Fokus, doch das Publikum muss erst überzeugt werden**

*Wien/Berlin* – Das Online‑Magazin „Deine Korrespondentin“ will die spannendsten Geschichten von Frauen aus allen Kontinenten erzählen. Ob ein Gespräch mit Palästinas einziger Brauerin oder ein Beitrag über die prekären Lebensbedingungen von Homosexuellen in Weißrussland – das sind genau die Themen, die Pauline Tillmann (32) in ihrem Standard‑Interview vorstellen",de_39,32.0,0.0,0.046875,6.390625,0.8125,0.21875
,de,gpt_oss_groq,"**Österreichisches Parlament im Dauerregen von Protesten – Memes, Rap und persönliche Briefe drängen auf Gesetzesänderungen**

Wiederholt erreicht das Parlament ein nie dagewesenes Aufkommen an Stellungnahmen, Memes und sogar selbstproduzierten Hip‑Hop‑Tracks. Vor allem österreichische Trafikanten, Raucher und Dampfer zeigen sich vehement gegen das geplante Tabakgesetz und starten eine breit angelegte Online‑Kampagne, um die Regierung zum Rückzug zu bewegen.

Die Gegner des Entwurfs nutzen das Internet, um mit witzigen Bildmotiven und alten Rap‑Songs rund um das Thema E‑Zigaretten Aufmerksamkeit zu erzeugen. Für die Trafikanten ist besonders",de_40,21.0,9.669539802906858,0.09523809523809523,6.714285714285714,0.8571428571428571,0.2261904761904762
,de,gpt_oss_groq,"Wien – Am 9. Mai 2016 gibt die britische Rockgruppe Muse ein Konzert in der Wiener Stadthalle. Laut Veranstalter wird die Band auf einer rundum drehenden 360‑Grad‑Bühne mitten im Saal auftreten. Im Einklang mit ihrem aktuellen Werk *Drones* sollen während der Show kleine Kameradrohnen in die Höhe steigen. Beim letzten Auftritt im Juni spielte Muse, angeführt von Frontmann Matthew Bellamy, beim Festival Rock in Vienna auf der Donauinsel. Der Ticketverkauf für das Stadthallen‑Event beginnt am Freitag, den 18. September.",de_41,11.285714285714286,6.318098396427423,0.12658227848101267,5.632911392405063,0.8987341772151899,0.20253164556962025
,de,gpt_oss_groq,"**Belgrad/Den Haag –** Ein Gericht in Belgrad hat am Mittwoch entschieden, dass es die Auslieferung von drei Ultranationalisten, die vom Internationalen Strafgerichtshof für das ehemalige Jugoslawien wegen Missachtung des Gerichts angeklagt sind, nicht veranlassen wird. Das Haager Tribunal betonte, dass Serbien zwar zur Übergabe von Personen verpflichtet sei, die wegen Kriegsverbrechen, Völkermord und Verbrechen gegen die Menschlichkeit beschuldigt werden, jedoch für Fälle von Gerichtsmissachtung keine solche Pflicht besteht.

Die drei Beschuldigten standen im Verdacht, im Zusammenhang mit dem Prozess gegen den umstrittenen Ultranationalistenführer Vojislav Šešelj Zeugen erpresst und eingeschüchtert zu haben. Weiterhin soll versucht worden sein, Zeugen durch Bestechungsgelder davon abzuhalten, gegen Šešelj auszusagen. Die Anklage gegen die drei wurde im Dezember veröffentlicht",de_42,22.6,10.384603988597735,0.12389380530973451,6.867256637168142,0.8230088495575221,0.168141592920354
,de,gpt_oss_groq,"**Europastudio – „EU ohne Großbritannien?“**  
Eine Gesprächsrunde zum 11. Mai, 12 Uhr, ORF 2: Paul Lendvai diskutiert mit Anne McElvoy (The Economist), Stefanie Bolzen (Die Welt), Daniel Vernet (Publizist) und Christian Ultsch (Die Presse) über die Zukunft der Union ohne das Vereinigte Königreich.  

**Panorama – Weltfrauentag‑Special**  
13 Uhr, ORF 2: Trautl Brandstaller und Monika Lindner zeigen in der Sendung „Gleiche Arbeit – gleicher Lohn“ (1978), wie viel noch zu tun war, obwohl die 1970‑er‑Gesetze bereits Fortschritte brachten.  

**Heimat, fremde Heimat**  
13 Uhr 30, ORF 2: Drei Beiträge – Migrantinnen in Österreich, ein Gespräch mit Christine Nöstlinger und Mirjam Unger über neue Perspektiven, und ein Bericht zur Binge‑Eating‑Dis",de_43,21.6,13.632314550361578,0.16822429906542055,5.91588785046729,0.8130841121495327,0.1308411214953271
,de,gpt_oss_groq,"**Kittel triumphiert in der dritten Etappe und holt sich das Rosa Trikot**

Arnhem – Marcel Kittel (GER) setzte am Mittwoch erneut ein starkes Zeichen und gewann souverän die dritte Etappe des Giro d’Italia von Nijmegen nach Arnheim. Mit seinem Sieg im Sprint, der ihn mit einem Zeitbonus belohnte, übernahm er das begehrte Rosa Trikot vom Vorjahrsauftaktsieger Tom Dumoulin (NED).

Der 27‑jährige Deutsche ließ nach 190 km keine Chance – er fuhr mit mehreren Radlängen Vorsprung am Finale vorbei und ließ den Italiener Elia Viviani (Sky) hinter sich. Damit ist Kittel zum zweiten Mal seit 2014 Gesamtsieger des Rennens: Damals hatte er die zweiten und dritten Etappen gewonnen, musste jedoch nach einer Erkrankung das Rennen abbrechen.

„Ich bin stolz, das Rosa Trikot zu tragen“, sagte Kittel nach dem Ziel.

Auch im Feld der Schnellfahrer gab es einige bemerkenswerte Platzierungen: Matthias Brändle (IAM),",de_44,23.5,8.616843969807043,0.09219858156028368,5.425531914893617,0.8014184397163121,0.14893617021276595
,de,gpt_oss_groq,"**Stadtpolitische Einigung: Arbeitsgruppe prüft Rückstellung der Aphrodite**

Linz – Die langjährige Debatte um die 1942 von Hitler gestiftete „Aphrodite vom Bauernberg“, die einst in einem Rundtempel im Stadtpark stand und 2008 nach Hinweisen von Kunststudierenden vom damaligen Bürgermeister Franz Dobusch in den Keller des Nordico‑Stadtmuseums verlegt wurde, nimmt eine unerwartete Wendung. Am Donnerstagabend stimmte der Linzer Gemeinderat mit klarer Mehrheit für einen Dringlichkeitsantrag, der die Gründung einer Arbeitsgruppe zur Untersuchung einer möglichen Wiederaufstellung vorsieht.

Erstmal scheinen die festgefahrenen Positionen der Parteien zu lockern: Sowohl SPÖ als auch Grüne, die bislang deutlich gegen eine Rückkehr der Liebesgöttin in den öffentlichen Raum waren, unterstützten den Antrag. Die künftige Arbeitsgruppe soll aus dem Kulturdirektor Julius Stieber, der Museumsleiterin Andrea Bina und dem Leiter des Stadtarchivs Walter Schuster bestehen. Zusätzlich sollen externe Fachleute hinzugezogen werden, um sowohl die praktische Umsetzung einer Wiederaufstellung als auch begleitende Vermittlungsprojekte im Sinne",de_45,28.8,11.702991070662236,0.09027777777777778,6.888888888888889,0.7916666666666666,0.16666666666666666
,de,gpt_oss_groq,"Wie werden die Wahlplakate der Bundespräsidenten‑Kandidaten von Besuchern Wiens wahrgenommen? Das hat DER STANDARD im Zentrum der Stadt untersucht. Viele Touristen kennen die Kandidaten kaum und verstehen ihre Slogans meist nicht – doch das ändert nicht die Wirkung der großformatigen Plakate. So kam heraus, dass ein Kandidat eher als sympathischer Opa denn als kompetenter Manager eingeschätzt wird – ein Bild, das nicht immer mit der beabsichtigten Werbebotschaft übereinstimmt.",de_46,17.0,7.713624310270756,0.08823529411764706,6.088235294117647,0.8382352941176471,0.20588235294117646
,de,gpt_oss_groq,"**Wien – Ein 58‑Jähriger griff im Krankenhaus Sicherheitspersonal an – die Richterin zeigt Mitgefühl**

Im Rahmen der Gerichtsverhandlung gegen den 58‑jährigen Heinrich S. hat Richterin Martina Krainz gleich zu Beginn deutlich gemacht, dass sie das Motiv des Angeklagten nachvollziehen kann. „Sie standen in der Ambulanz, das Warten war lang, und Sie wurden ungeduldig“, kommentierte die Richterin und deutete damit an, warum S. angeblich einen Sicherheitsmitarbeiter mit Pfefferspray attackiert und sich gegen die Polizei gewehrt haben soll.

„Kennen Sie Ihre Vorstrafen?“, fragte Krainz den Angeklagten. S. antwortete resigniert, dass es nun 23 Vorstrafen seien. Er gestand, den Sicherheitsmann tatsächlich besprüht zu haben, jedoch keine Polizisten angegriffen zu haben. Im Gegenteil, die Beamten hätten ihm im Warteraum mehrfach den Kopf gegen den Boden geschlagen.

Auf die Frage, warum er trotz Waffenverbot ein Pfefferspray besaß, erklärte S., er habe das Spray im Bus gefunden und nicht gewusst,",de_47,12.166666666666666,6.542595475463508,0.1736111111111111,5.951388888888889,0.7777777777777778,0.14583333333333334
,de,gpt_oss_groq,"**Österreich stellt neue Asylverfahren ein – Flüchtlinge landen auf der Warteliste**

Wien – Innenministerin Johanna Mikl‑Leitner (ÖVP) hat am Freitag per Weisung sämtliche neuen Asylverfahren in Österreich ausgesetzt. Damit greift sie die Ankündigung vom vergangenen Montag auf, mit der sie unter anderem Druck auf Brüssel ausüben wollte, um eine Entlastung des österreichischen Asylsystems zu erreichen.

### Was die Anweisung bedeutet

Alle Mitarbeitenden und Ressourcen des Bundesamtes für Fremdenwesen und Asyl (BFA) sollen künftig ausschließlich nach der EU‑weiten Dublin‑Verordnung eingesetzt werden",de_48,26.666666666666668,1.247219128924647,0.05,6.55,0.8875,0.1625
,de,gpt_oss_groq,"Dutzende von Al‑Qaida‑Kämpfern getötet – Washington – Bei einem US‑Luftschlag auf ein Trainingslager der Terrororganisation al‑Qaida auf der Arabischen Halbinsel im Jemen sollen zahlreiche Kämpfer ums Leben gekommen sein. Das US‑Verteidigungsministerium teilte am Dienstag mit, dass das abgelegene Lager in den Bergen des Konfliktgebiets von über 70 Terroristen genutzt wurde. Der genaue Umfang des Erfolgs werde noch geprüft, erste Angaben lassen jedoch darauf schließen, dass mindestens ein Dutzend Kämpfer getötet wurden. Der Angriff werde ein harter Schlag gegen die Gruppe, die den Jemen als Stützpunkt für Angriffe auf Amerikaner nutzt. Im Land ist neben anderen Milizen vor allem al‑Qaida auf der Arabischen Halbinsel (AQAP) sehr aktiv. Ein von Saudi‑Arabien geführtes Militärbündnis führt seit rund einem Jahr Luftoperationen im Jemen durch. Die schiitischen Huthi‑Rebellen halten vor allem den Norden und Westen des Landes unter ihrer Kontrolle und kämpfen gegen die Truppen und Verbündeten von Präsident Abd‑Rabbo Mansur Hadi.",de_49,21.0,5.0426750270636544,0.07482993197278912,6.054421768707483,0.7687074829931972,0.17006802721088435
,de,gpt_oss_groq,"**Welche Titel stehen momentan auf Ihrer Leseliste?** Wo genießen Sie Ihre Lektüre am liebsten und welchen Quellen für Buchempfehlungen vertrauen Sie?  

Letzte Woche haben wir unseren Community‑Buchklub ins Leben gerufen. Für die Auftakt‑Runde standen drei Titel zur Wahl – und letztlich hat Ernest Hemingways *Der alte Mann und das Meer* das Feld gewonnen. Am 15. Oktober werden wir uns also gemeinsam mit dieser Novelle auseinandersetzen.  

Wir befinden uns noch in der Testphase, sind aber bereits ganz gespannt, wie das Ganze ankommt. Bevor wir loslegen, möchten wir von Ihnen wissen: Welche Bücher, Artikel oder Blogs haben Sie in den letzten Wochen begeistert? Welche Texte finden Sie lesenswert oder diskussionswürdig? Gibt es ein Buch, an dem Sie nicht mehr vorbeikommen, oder ein Werk, das Sie bereits verschlungen haben?  

Teilen Sie uns auch mit, wann und wo Sie am liebsten lesen – haben Sie einen Lieblingsplatz? Wir freuen uns auf zahlreiche Beiträge! Und denken Sie dran: In zwei Wochen starten wir mit der ersten Ausgabe des Community‑Buchklubs. Bis dahin wünschen wir Ihnen viele schöne",de_50,12.285714285714286,5.993193418115152,0.13450292397660818,5.421052631578948,0.7660818713450293,0.15789473684210525
,de,gpt_oss_groq,"**Favorit verspricht Investitionen in die Landwirtschaft und neue Jobs**

Porto‑Novo – Am vergangenen Sonntag wurde in Benin ein neuer Staatsoberhaupt gewählt. Die Wahl war die bisher größte in der Geschichte des westafrikanischen Landes: 33 Kandidaten traten für das Präsidentenamt an. Der amtierende Präsident Thomas Boni Yayi konnte nach zwei Amtszeiten nicht erneut kandidieren.

Im Fokus der öffentlichen Aufmerksamkeit stand Premierminister Lionel Zinsou, der von vielen als klarer Favorit gehandelt wurde. Der 61‑jährige Politiker besitzt sowohl die französische als auch die beninische Staatsbürgerschaft und ist das einzige Kandidatentkür, das von der regierenden Partei unterstützt wird. In seinem Wahlprogramm kündigte er an, die landwirtschaftlichen Sektoren zu stärken und damit zahlreiche neue Arbeitsplätze zu schaffen.

Benin, ein kleines, wirtschaftlich schwaches Land in Westafrika, ist stark vom Export von Baumwolle abhängig. Das Land kämpft mit einer hohen Jugendarbeitslosigkeit und weit verbreiteter Korruption. Beobachter berichten, dass während des Wahlkampfs zahlreiche einflussreiche",de_51,16.22222222222222,4.732342097565968,0.1095890410958904,6.589041095890411,0.821917808219178,0.23972602739726026
,de,gpt_oss_groq,"**Salzburg muss trotz großer Ausfälle im Auswärtsspiel gegen Dinamo Minsk auf Konstanz setzen – Zeidler fordert Fokus**

Red Bull Salzburg kommt in der heimischen Liga langsam wieder in Fahrt, doch das bevorstehende Europa‑League‑Play‑off gegen Dinamo Minsk stellt die österreichische Mannschaft vor ein großes Personaldilemma. Nach dem bitteren Ausscheiden aus der Champions‑League wollen die Mozartstädter am Donnerstag um 18 Uhr MESZ (Live‑Übertragung auf Puls 4) im 10.000‑Plätze‑Stad",de_52,22.333333333333332,17.55625877635159,0.045454545454545456,6.393939393939394,0.8787878787878788,0.13636363636363635
,de,gpt_oss_groq,"**Traismauer – Erneute Bürgerbefragung zur Windkraft geplant**

Der Bürgermeister Herbert Pfeffer (SPÖ) teilte am Freitag mit, dass das Thema Windkraft in Traismauer im Februar erneut im Gemeinderat behandelt wird. Die unabhängige Bürgerliste „MIT“ hatte auf eine zweite Volksbefragung gedrängt. Der Rat soll dann sowohl den Zeitpunkt als auch die konkrete Fragestellung festlegen. Zur rechtlichen Absicherung soll ein Gutachten des Verfassungsrechtlers Theo Öhlinger eingeholt werden.

Im November 2014 hatten fast zwei Drittel der Stimmberechtigten bei der ersten Befragung dafür gestimmt, Teile der bereits ausgewiesenen Windkraft‑Eignungszone umzuwidmen – damit könnten maximal fünf Windräder errichtet werden. Nachdem die Bürgerliste MIT die Ergebnisse nicht akzeptierte, sammelte sie erneut Unterschriften und beantragte eine zweite Abstimmung. Der Gemeinderat erklärte das Thema zunächst erledigt, die Initiative blieb jedoch hartnäckig und reichte schließlich eine Aufsichtsbeschwerde bei der Bezirkshauptmannschaft St. Pölten ein. Diese verwies auf die Gemeindeordnung, die bei einer Unterstützungsquote",de_53,15.777777777777779,8.625257197811267,0.09154929577464789,6.823943661971831,0.8098591549295775,0.15492957746478872
,de,gpt_oss_groq,"**Mann rutscht aus dem Auto, leichte Verletzungen – München**  
München – Bei einer Fahrt in München kam es zu einem ungewöhnlichen Zwischenfall: Die Beifahrerin verlor kurzzeitig ihren 28‑jährigen Ehemann aus dem Fahrzeug. Laut Polizeibericht fiel der Mann am Vortag von seinem Sitz auf die Fahrbahn, weil sich die Tür, an die er sich lehnte, plötzlich öffnete – die Ursache dafür ist noch nicht geklärt.  

Der Mann trug keinen Sicherheitsgurt, da dieser in der Tür stecken geblieben war. Um den Gurt zu lösen, hatte er die Tür bei roter Ampel geöffnet. Nachdem seine 30‑jährige Frau das Fahrzeug wieder in Bewegung gesetzt hatte, geriet die Tür erneut in Bewegung, woraufhin er nach außen stürzte. Er zog sich lediglich leichte Verletzungen zu und wurde ambulant in einem Krankenhaus behandelt.",de_54,21.0,8.366600265340756,0.11904761904761904,5.2936507936507935,0.7857142857142857,0.18253968253968253
,de,gpt_oss_groq,"**Pädagogische Qualifikation der Klassenlehrerin in Zweifel – Volksanwaltschaft prüft**

Groß‑Siegharts/Wien – Im letzten Schuljahr blieben neun Schülerinnen und Schüler einer dritten Volksschulklasse in Groß‑Siegharts (Bezirk Waidhofen an der Thaya) sitzen. Dieser Umstand hat die Volksanwaltschaft aufmerksam gemacht. Dabei wird die fachliche Eignung der Klassenlehrerin infrage gestellt und ein möglicher Fehlgriff in der Schulverwaltung vermutet. Volksanwalt Peter Fichtenbauer, der für die Kontrolle der Bildungsverwaltung zuständig ist, hat ein förmliches Prüfverfahren eingeleitet. Er will klären, ob die Schulaufsichtsbehörde über den Vorfall informiert war und ob die Unterrichtsqualität bereits überprüft wurde.

„Ein solches Ergebnis ist für die betroffenen Kinder traumatisierend“, erklärte Fichtenbauer. „Sollten pädagogische Defizite bestätigt werden, müssen dienst- oder disziplinarrechtliche Maßnahmen gegen die Verantwortlichen ergriffen werden.“

Der zuständige Pflichtschulinspektor Franz Weinberger bestätigte auf Nachfrage der APA, dass er von acht ähnlichen Fällen wisse. Er betonte, dass es sich bei",de_56,15.333333333333334,6.733003292241386,0.10948905109489052,7.175182481751825,0.8175182481751825,0.20437956204379562
,de,gpt_oss_groq,"**Gemeinsame Plattform für Android und Chrome OS – Testlauf im kommenden Jahr geplant**  
Seit Sundar Pichai vor einigen Jahren zusätzlich zum Chrome‑OS‑Projekt die Leitung von Android übernahm, kursieren immer wieder Gerüchte, dass Google die beiden Systeme zusammenführen will. Jetzt, wo Pichai selbst an der Spitze des Unternehmens steht, soll die Idee laut einem Bericht des *Wall Street Journal* endlich konkret werden. Zwei Insider, die an dem Vorhaben arbeiten, berichten, dass Google seit etwa zwei Jahren an einer einheitlichen Basis für Android und Chrome OS tüftelt.

Nach den aktuellen Plänen soll das kombinierte Betriebssystem bis 2017 fertig sein, während im nächsten Jahr – voraussichtlich im Rahmen der jährlichen I/O‑",de_57,27.0,6.363961030678928,0.10185185185185185,5.787037037037037,0.7962962962962963,0.1111111111111111
,de,gpt_oss_groq,"**Nigeria verschärft Kapitalverkehrskontrollen, um Naira zu stützen und den illegalen Devisenhandel einzudämmen**  

Abuja / Wien – Die nigerianische Wirtschaft steht unter starkem Druck. Durch den langanhaltenden Preisverfall von Rohöl gerät sowohl der Staatshaushalt als auch die Währung des bevölkerungsreichsten Landes Afrikas ins Hintertreffen. In den letzten zwölf Monaten hat der Naira gegenüber dem US‑Dollar erheblich an Wert verloren, während der Parallelmarkt für Fremdwährungen weiter boomt.  

Um die Situation zu entschärfen, hat die Regierung nun die Regeln für den Zahlungsverkehr weiter verschärft. Ziel ist, die heimische Wirtschaft zu stabilisieren, den Naira zu stärken und den Schwarzmarkt zu schwächen. Die ersten Auswirkungen sind jedoch noch nicht eindeutig. In den schattigen Ecken der Straßen von Abuja, wo Bäume und Sträucher das Stadtbild prägen, hat sich ein neuer illegaler Handel mit Devisen etabliert. Die Zentralbank reagiert mit einer drastischen Maßnahme: Sie lässt die Bäume fällen, um den Handel unter deren Schatten zu verhindern",de_58,18.625,4.871793817476269,0.10738255033557047,6.12751677852349,0.7449664429530202,0.21476510067114093
,de,gpt_oss_groq,"Wien – Nach dem vorherigen Abbruch haben die Frauenministerin Gabriele Heinisch‑Hosek (SPÖ) und die Familienministerin Sophie Karmasin (ÖVP) die Gespräche zur Reform des Kinderbetreuungsgeldes erneut aufgenommen. Karmasin forderte die SPÖ nun zu mehr Initiative und erwartete konkrete Kompromissvorschläge, erklärte sie am Dienstag vor dem Ministerrat. Vor einigen Wochen hatte sie die Verhandlungen bereits für beendet erklärt, weil mit dem Koalitionspartner bislang keine Einigung erzielt worden war. Auf Drängen der Parteiführungen kehrten die Ministerinnen nun an den Verhandlungstisch zurück. Die Familienministerin betonte, dass sie die Gespräche offen, konstruktiv und ehrlich führen wolle, jedoch müsse die SPÖ nun aktiv werden. Das Frauenressort bestätigte lediglich, dass Verhandlungen laufen. Terminplan und inhaltliche Details wurden bislang nicht veröffentlicht.",de_59,16.142857142857142,6.663945022680343,0.11504424778761062,6.752212389380531,0.7964601769911505,0.168141592920354
,de,gpt_oss_groq,"Mercedes‑Fahrer Nico Rosberg hat seine Chancen auf den WM-Titel noch nicht abgeschrieben. In der verzweifelten Jagd nach Teamkollegen Lewis Hamilton im laufenden Formel‑1‑Kampf ist Rosberg nun bereit, ein taktisches Bündnis mit den Ferrari‑Piloten einzugehen. 

„Mir ist wichtig, dass wir gemeinsam das Ziel erreichen“, forderte Rosberg vor dem vorletzten Rennen der Saison in Sotschi den Finn Sebastian Vettel und den Finnen Kimi Räikkönen auf. Der Deutsche liegt mit 48 Punkten Abstand zum Titelverteidiger Hamilton auf dem zweiten Tabellenplatz und kann selbst bei Siegen in allen verbleibenden Grand‑Prix nicht mehr allein den Weltmeistertitel sichern. „Jetzt brauche ich Glück – im Sport ist ja alles möglich“, sagte er.

Vettel hingegen scheint kein Interesse an einer Allianz zu haben. „Wir sind am besten beraten, wenn wir unser eigenes Ding machen“, erklärte der Dritte in der Fahrerwertung am Donnerstag. Der Vierfachweltmeister liegt lediglich elf Punkte hinter Rosberg, während der Abstand zu Hamilton bei 59 Punkten zwar groß, aber nicht unüberwindbar erscheint. „Wir haben",de_60,17.555555555555557,8.525922708111501,0.10126582278481013,5.860759493670886,0.7911392405063291,0.15822784810126583
,de,gpt_oss_groq,"Der US‑Automobilhersteller General Motors plant, seine Präsenz in Schwellenländern auszubauen. Laut einer Mitteilung des Unternehmens soll für Märkte wie China, Brasilien und Indien eine neue Fahrzeugreihe unter der Marke Chevrolet entwickelt werden. Dafür geht GM eine Partnerschaft mit dem chinesischen Autohersteller SAIC Motor ein. Die Produktion soll in Werken in China, Mexiko, Indien und Brasilien stattfinden, wobei die ersten Modelle bereits 2019 vom Band laufen sollen. Langfristig strebt das Unternehmen eine Jahresproduktion von bis zu zwei Millionen Fahrzeugen an. GM‑Chef Dan Ammann rechnet bis 2030 mit einem deutlichen Wachstum der Automobilmärkte in den aufstrebenden Wirtschaftsnationen und will mit Chevrolet von diesem Aufschwung profitieren.",de_61,17.166666666666668,5.610010893235612,0.10679611650485436,6.407766990291262,0.8349514563106796,0.1941747572815534
,de,gpt_oss_groq,"Finanzielle Turbulenzen haben den Nachfolger von Nokia in Bedrängnis gebracht. Der aus den Nokia‑Rückresten entstandene Hersteller Jolla teilte mit, dass einige Vorbesteller ihres Jolla‑Tablets nun endlich ihre Geräte erhalten. Das Projekt selbst wird jedoch eingestellt, sodass nicht alle Kunden beliefert werden können. Für die noch nicht belieferten Käufer suche Jolla laut Heise, die sich auf den Jolla‑Blog beruft, nach einer Lösung. Die Tablets wurden bereits im November 2014 im Rahmen einer Crowdfunding‑Kampagne vorfinanziert und hatten das gesetzte Finanzierungsziel deutlich übertroffen. Offenbar traten jedoch Produktions- oder andere Schwierigkeiten auf – die Auslieferungen verzögerten sich immer weiter, bis schließlich ein Teil der Vorbesteller das Gerät nicht mehr bekam. Welche Konsequenzen die Turbulenzen für Jollas Zukunft haben, bleibt unklar. Das Unternehmen plant, die Lizenzierung des Betriebssystems Sailfish OS weiterzuführen. Ob ein neues Tablet folgt, die Kunden ihr bestelltes Gerät später erhalten oder ihr Geld zurückbekommen, wurde nicht konkretisiert.",de_62,16.11111111111111,5.30082686305625,0.12413793103448276,6.489655172413793,0.8275862068965517,0.15172413793103448
,de,gpt_oss_groq,"**New York als Testfeld für kostenloses High‑Speed‑WLAN – Googles neueste Stadtinitiative**

Google hat kürzlich im Rahmen seiner Sidewalk Labs die Öffentlichkeit über ein ambitioniertes Projekt informiert, das das städtische Leben digital neu vernetzen soll. Der erste Schritt: flächendeckendes, kostenfreies WLAN in Metropolen. Als Pilotstandort ist New York ausgewählt worden, wo bereits das ähnliche Vorhaben „LinkNYC“ voranschreitet.

Für das Vorhaben schnappt sich Sidewalk Labs die beiden Kernunternehmen von LinkNYC – Control Group und Titan – und bündelt sie in einem neu gegründeten Tochterunternehmen namens Intersectio. Ziel ist es, das bestehende Vorhaben deutlich zu erweitern und die Stadt zu einem durchgängig vernetzten Raum zu machen. Dan Doctoroff, Leiter von Sidewalk Labs, beschreibt die Vision so: „Man soll die Straße entlanglaufen, ohne jemals das kostenlose High‑Speed‑WLAN zu verlieren.“

Um das zu realisieren, soll die vorhandene städtische Infrastruktur genutzt werden: Telefonzellen, Bushaltestellen und andere öffentliche Punkte erhalten integrierte Access‑Points. Damit knüpft Google",de_63,18.625,9.486009434952086,0.12837837837837837,6.52027027027027,0.7635135135135135,0.20945945945945946
,de,gpt_oss_groq,"**Das Bild von Yassin S. wird allmählich klarer** – dem Mann, der am Freitag seinen Chef auf einem Parkplatz am Stadtrand von Lyon ermordete, ein Selfie mit dem abgetrennten Kopf machte und anschließend versuchte, ein Gaswerk zu sprengen. Seine Ehefrau zeigte sich völlig überrascht. Zunächst spekulierten Medien, ob es ein persönlicher Rachedrang gegen den Arbeitgeber gewesen sein könnte. 

Der 35‑jährige Franzose mit algerisch‑marokkanischen Wurzeln stand bereits 2006 unter Beobachtung, weil er von einer salafistischen Gruppierung radikalisiert worden sein soll. Doch im Geheimdienst‑Verzeichnis, der sogenannten S‑Akte, wurde er höchstens mit Stufe 13 von 16 eingestuft; 2008 wurde die Überwachung eingestellt – ein Schritt, den Experten heute als Fehlentscheidung bezeichnen. 

Am Sonntag ging ans Licht, dass eine ehemalige Nachbarin Yassin S. mehrfach wegen seltsamen Verhaltens der Polizei gemeldet hatte, jedoch nie zu einer Vorladung erschienen war. Nach eigenen Angaben sei er für mehrere Monate verschwunden und dann als „anderer Mensch“ zurückge",de_64,16.555555555555557,9.019868330045513,0.12751677852348994,6.100671140939597,0.8389261744966443,0.12080536912751678
,de,gpt_oss_groq,"**24‑Stunden‑Buchläden boomen in China – das neue Erfolgsmodell für den stationären Buchhandel**

Die Idee, ein Buchgeschäft rund um die Uhr geöffnet zu halten, hat sich in China zu einem echten Trend entwickelt. Während der stationäre Buchhandel in vielen Ländern vom Online‑Handel verdrängt wird, zeigen mehrere Städte, dass das Konzept der nächtlichen Lesestunden wieder Auftrieb bekommt.

**Der erste Meilenstein – Sanlian Taofen in Peking**

Am 23. April 2014 kündigte die Pekinger Buchhandlung Sanlian Taofen (STB) an, erstmals dauerhaft geöffnet zu",de_65,19.75,8.496322733983215,0.10126582278481013,6.0,0.8354430379746836,0.189873417721519
,de,gpt_oss_groq,"**NZZ.at feiert sein erstes Jahr – Chefredakteur: Print‑Content lässt sich nach wie vor leichter monetarisieren**

Wien – Der österreichische Ableger der Schweizer Mediengruppe Neue Zürcher Zeitung, NZZ.at, wird am Donnerstag ein Jahr alt. Das am 21. Januar 2015 gestartete Online‑Projekt, das ausschließlich auf kostenpflichtige Abonnements setzt, hatte zunächst mit inhaltlichen und technischen Hürden zu kämpfen und blieb hinter den erwarteten Zahlen zurück. Nach einem umfassenden optischen und redaktionellen Relaunch im Herbst hat sich die Lage jedoch merklich verbessert.

Das Ziel, bis Sommer 2016 eine kritische Abo‑Zahl zu erreichen, bleibt bestehen; das Team arbeitet kontinuierlich an Anpassungen, um dieses Vorhaben zu realisieren. Im Dezember erschien zudem die erste Auflage eines gedruckten NZZ.at‑Magazins, dessen Fortsetzung bereits in Planung ist.

Im Rahmen einer Diskussionsrunde zur „Woche des Zeitungslesens“ erklärte Chefredakteur Michael Fleischhacker am Dienstagabend, dass die direkte Monetarisierung von Inhalten im Print‑Bereich nach wie vor einfacher sei als",de_66,14.8,9.957911427603682,0.13793103448275862,6.489655172413793,0.8758620689655172,0.1310344827586207
,de,gpt_oss_groq,"**New York – Forscher vermuten, das Wrack von James Cooks „Endeavour“ gefunden zu haben**  

Das Schiff des berühmten britischen Entdeckers James Cook, das kurz vor seinem Untergang bereits als „Lord Sandwich II“ unterwegs war, könnte bald wieder ans Licht kommen. Das Rhode Island Projekt für Meeresarchäologie (RIMAP) veröffentlichte auf seiner Homepage, dass in der Bucht von Newport, Rhode Island, neun Fundstellen entdeckt wurden, an denen Überreste von insgesamt 13 Schiffen liegen. Diese Boote sollen in den Tagen vor der Schlacht von Rhode Island im amerikanischen Unabhängigkeitskrieg untergegangen sein.  

An einer der Stellen wurde ein kleines Beiboot geborgen, das laut RIMAP zu dem 1778 gesunkenen „Lord Sandwich II“ gehörte – das Schiff trug zuvor den Namen „Earl of Pembroke“, bevor es unter dem Namen „Endeavour“ berühmt wurde. In der unmittelbaren Umgebung des Beiboots befinden sich weitere fünf Wracks, und das Forschungsteam geht davon aus, dass sich die berühmte Endeavour unter ihnen verbergen könnte.  

Damit die Ausgrabungen",de_67,25.833333333333332,12.746459203332595,0.1032258064516129,5.72258064516129,0.7935483870967742,0.16129032258064516
,de,gpt_oss_groq,"**Zürich – Wer die Nachfolge von Joseph S. Blatter antreten wird, steht kurz bevor. Im Fokus stehen Gianni Infantino, 45, und Scheich Salman bin Ibrahim al‑Khalifa, 50. Beide Kandidaten treten im heutigen Fifa‑Kongress gegeneinander an und versprechen mit einem umfassenden Reformpaket einen Neuanfang für den Weltfußball.**

Weitere Mitbewerber – der jordanische Prinz Ali bin al‑Hussein (40), der Franzose Jérôme Champagne (57) und der Südafrikaner Tokyo Sexwale (62) – gelten als mögliche „Zählkandidaten“, die im Falle eines Stichworts ins Rennen einsteigen könnten. Auf dem Spielplan stehen ein Kopf‑an‑Kopf‑Duell zwischen dem Schweizer Infantino, der als UEFA‑Generalsekretär sämtliche 53 Stimmen seiner Verbandskameraden sicher hat, und dem bahrainischen Scheich, der als AFC‑Präsident fast alle 44 asiatischen Stimmen mobilisieren kann. 

Beide hoffen, die entscheidenden Stimmen aus Afrika zu gewinnen, wo die meisten Mitglieder der Fifa ansässig sind. Inf",de_68,16.75,11.871710070583767,0.13533834586466165,6.2406015037593985,0.8195488721804511,0.14285714285714285
,de,gpt_oss_groq,"**Verwaltungsgerichtshof weist Klage einer benachteiligten Rektorkandidatin zurück**  

Innsbruck – Der Verwaltungsgerichtshof hat die Beschwerde des Arbeitskreises für Gleichstellungsfragen im Zusammenhang mit der Rektorwahl 2009 an der Medizinischen Universität Innsbruck endgültig zurückgewiesen. Das Ergebnis teilte der Universitätsrat der Med-Uni am Donnerstag mit.  

Die damals nicht erfolgreiche Kandidatin, Prof. Margarethe Hochleitner, hatte die Wahl wegen ihres Geschlechts als ungerecht empfunden. Im April 2009 hatte der Rat aus einem Dreierbündel den verstorbenen Herbert Lochs zum neuen Rektor gewählt; die ebenfalls im Rennen befindliche damalige Vizerektorin Hochleitner blieb außen vor.  

Zunächst hatte das Wissenschaftsministerium die Beschwerde des Arbeitskreises abgelehnt, woraufhin die Angelegenheit an die Bundesgleichbehandlungskommission weitergeleitet wurde. Diese kam zu dem Schluss, dass Hochleitner aufgrund ihres Geschlechts diskriminiert worden sei. Auf Anordnung einer Schiedskommission, die die Vorwürfe erneut prüfte, wurde die Beschwerde jedoch endgültig verworfen.",de_69,16.375,8.214887400323878,0.11450381679389313,7.358778625954199,0.7938931297709924,0.16793893129770993
,de,gpt_oss_groq,"**Weniger Flüchtlinge in Spielfeld – dafür steigt das Andrangsaufkommen in Kärnten**

Die teilweisen Grenzschließungen im Balkan, die neu eingerichtete Zusatzroute über Kärnten und das kältere Wetter dürften die aktuelle Entwicklung erklären. Seit Samstag kommen täglich rund 3 200 Schutzsuchende in Kärnten an – das ist etwa das Doppelte des bisherigen Wochenmittelwerts.

In Spielfeld, dem Grenzübergang nach Slowenien, war der Andrang am Montag deutlich niedriger als noch vor wenigen Tagen. Am Sonntag wurden dort rund 3 500 Menschen betreut, am Montag nur noch etwa die Hälfte. Laut Leo Josefus, Sprecher der steirischen Landespolizeidirektion, liegt das zum Teil an der Verlagerung nach Kärnten. Dort reisen seit dem Wochenende täglich 1 600 Personen mit dem Zug aus Slowenien und weitere 1 600 mit Bussen durch den Karawankentunnel an. Für die Hälfte der Neuankömmlinge gibt es Plätze in den Kärntner Transitunterkünften, die anderen werden sofort weiterbefördert.

Die vermehrte Nutzung der",de_70,18.25,7.189401922274203,0.0958904109589041,5.821917808219178,0.7671232876712328,0.19863013698630136
,de,gpt_oss_groq,"Vier Personen – Kohlenmonoxid nicht abgeführt

Wien – Am Donnerstagabend wurden vier Menschen aus einer Wohnung in der Jägerstraße im Wiener 19. Bezirk wegen des Verdachts auf Kohlenmonoxidvergiftung ins Krankenhaus gebracht. Ursache des Vorfalls war ein Unterdruck, der durch mobile Klimageräte in der Wohnung entstand. Dadurch konnte das CO‑Gas der Heiztherme beim Duschen nicht über den Schornstein entweichen, wie die Feuerwehr am Freitag berichtete.

Der Bewohner bemerkte Übelkeit und Kopfschmerzen und rief den Rettungsdienst. Als die mitgeführten CO‑Warngeräte der Einsatzkräfte Alarm schlugen, wurde zusätzlich die Feuerwehr informiert. Die Feuerwehr schaltete die Stromversorgung der Wohnung ab und stellte die Therme still. Insgesamt wurden vier Personen in die Klinik transportiert.",de_71,13.5,4.55521678957215,0.10185185185185185,6.342592592592593,0.7685185185185185,0.21296296296296297
,de,gpt_oss_groq,"**Österreichs Vizekanzler und Bayerns Ministerpräsident auf Wirtschaftsmission in Moskau**

Der österreichische Vizekanzler Wolfgang Mitterlehner und Bayerns Ministerpräsident Horst Seehofer nutzten eine Geschäftsreise nach Russland, um die Wirtschaftsbeziehungen ihrer Regionen zu stärken. Der Höhepunkt der Tour war ein persönliches Treffen mit dem russischen Premier Dmitri Medwedew, der Mitterlehner im Kaminzimmer seiner Vorstadtresidenz Gorki‑3 empfing. Nach einem halbstündigen Gespräch überreichte Medwedew dem Österreicher den russischen Freundschaftsorden.

Für Mitterlehner stand das Pipeline‑Projekt Nord Stream 2 im Fokus. In allen Gesprächen mit russischen Regierungsvertretern betonte er die geplante Erweiterung der Ostseepipeline und erklärte, Österreich wolle nicht von der ukrainischen Regierung abhängig sein, obwohl der aktuelle",de_72,20.2,8.423775875461075,0.07920792079207921,7.396039603960396,0.8217821782178217,0.21782178217821782
,de,gpt_oss_groq,"**Rapid erholt sich in Graz mit 2:0‑Sieg gegen Sturm – Schobesberger glänzt doppelt**

Rapid Wien hat sich nach der herben 0:6‑Niederlage in der Europa‑League in Valencia wieder gefestigt und am Sonntagabend bei Sturm Graz den Tabellenführer Salzburg erneut eingeholt. Die Wiener setzten sich mit 2:0 (1:0) durch, wobei Philipp Schobesberger mit Toren in der 12. und 71. Minute zum Matchwinner wurde.

Nach dem vorzeitigen Ausscheiden aus dem ÖFB‑Cup gegen die Admira und dem bitteren Europa‑Cup‑Debakel blieb Rapid in der heimischen Liga auf Kurs. Der dritte Ligagang des Jahres bescherte dem Team den dritten Sieg in Folge, und die Defensive blieb bis zum Schluss torfrei – bislang das einzige Team der Liga ohne Gegentor.

Sturm Graz musste nach der vierten Pflichtpartie in diesem Jahr erneut auf den ersten Sieg warten; der Tabellenvierten liegt bereits ein Abstand von zwölf Punkten zum Vierten. Trainer Franco Foda startete mit einem 4‑1‑4‑1‑System,",de_73,18.375,12.539313178958407,0.10204081632653061,5.489795918367347,0.7074829931972789,0.20408163265306123
,de,gpt_oss_groq,"Bei den Internationalen Filmfestspielen in Venedig stehen manche amerikanischen Produktionen quasi ohne Konkurrenz im Rampenlicht. Ein gutes Beispiel ist Thomas McCarthys „Spotlight“, das den investigativen Journalismus des *Boston Globe* und das Aufdecken eines Skandals in der katholischen Kirche thematisiert. Während die übrigen Filme im Venediger Rahmen eher wie entspannte Strandgäste wirken, ist das nur scheinbare Gemeinsamkeit – am Ende des Tages müssen viele von ihnen in einem anderen Kontext ihre Wirkung beweisen.

Cary Fukunagas *Beasts of No Nation* beispielsweise, das die Geschichte eines afrikanischen Kindersoldaten in einem fast naïv‑blutigen Abenteuer verpackt, wird im Herbst über Netflix zu sehen sein. Der russische Regisseur Alexander Sokurovs neuer Film *Francofonia* dagegen erinnert eher an ein Arte‑Spätabendprogramm: Der Essay über den Louvre und das Schicksal von Kunstschätzen in bewegten Zeiten bleibt trotz verschachtelter Bildschichten visuell statisch.

Besonders im Fokus stehen jedoch die US‑Produktionen, die bereits beim Premierenwochenende für den größten",de_74,24.333333333333332,7.652160188832664,0.07534246575342465,6.5,0.815068493150685,0.17123287671232876
,de,gpt_oss_groq,"**Bundespräsident Fischer zur EU‑Flüchtlingsquote: „Gut durchdacht, fair verteilt“**

Wien – Bundespräsident Heinz Fischer hat das von EU‑Kommissionschef Jean‑Claude Juncker vorgestellte Konzept zur Verteilung von rund 160 000 Geflüchteten auf alle Mitgliedstaaten als sinnvoll und gerecht bewertet. In einem Interview mit dem US‑Nachrichtensender CNN betonte er, dass es für Österreich angemessen sei, etwa 2,5 bis 3 Prozent der an der EU‑Außengrenze ankommenden Menschen aus Kriegsgebieten aufzunehmen.  

Nach den",de_75,22.333333333333332,14.65908895153068,0.1044776119402985,6.656716417910448,0.9402985074626866,0.14925373134328357
,de,gpt_oss_groq,"**Ein Angeklagter im Vatileaks‑2‑Prozess wird in den Vatikan verlegt**  
Der einzige Gefangene, der bislang im Vatikan saß, muss die Weihnachtszeit nicht hinter Gittern verbringen. Laut einer Mitteilung der Kathpress hat der spanische Priester Lucio Angel Vallejo Balda – einer von fünf Beschuldigten im sogenannten Vatileaks‑2‑Verfahren – am Mittwoch seine Zelle in der vatikanischen Gendarmerie verlassen und ist seit Dienstag in einer Einrichtung im Stadtstaat unter Hausarrest. Das bestätigte Vatikansprecher Federico Lombardi.  

Vallejo, der Sekretär der Präfektur für die wirtschaftlichen Angelegenheiten des Heiligen Stuhls, sitzt seit Anfang November in Untersuchungshaft und war bislang der einzige Häftling im Vatikan. Die Anklage wirft ihm vor, vertrauliche Dokumente an zwei italienische Journalisten weitergeleitet zu haben. Vor dem vatikanischen Gericht muss er seit Anfang Dezember erscheinen und droht bei einer Verurteilung eine mehrjährige Freiheitsstrafe.",de_76,21.5,11.4564392373896,0.08527131782945736,6.5271317829457365,0.7829457364341085,0.18604651162790697
,de,gpt_oss_groq,"**Zentrum für Soziale Innovation mit im EU‑Projekt für verantwortungsvolle Forschung**

*Wien –* Die Beziehung zwischen Wissenschaft und Gesellschaft befindet sich im Umbruch: Durch die fortschreitende Technisierung dringen immer mehr wissenschaftliche Produkte in den Alltag, während gleichzeitig die Forschung selbst immer spezialisierter wird und vielen Menschen unverständlich bleibt. Vor diesem Hintergrund hat die Europäische Kommission die Initiative „Responsible Research and Innovation“ (RRI) ins Leben gerufen, um die Kluft zwischen beiden Welten zu schließen.

Im Rahmen des von der EU geförderten RRI‑Tools‑Projekts arbeiten 26 Institutionen aus ganz Europa zusammen. Ziel ist es, Forschern, Politikern, Unternehmen und der breiten Öffentlichkeit praktische Hilfsmittel an die Hand zu geben, die eine nachhaltigere und gesellschaftlich ausgerichtete Forschung ermöglichen. Dabei wird jedoch nicht nur das Wort „Werkzeug“ kritisiert, weil es zu technisch klingt, sondern auch die Frage nach der konkreten Umsetzung des Konzepts. So äußert die Soziologin Ilse Marschalek vom Zentrum für Soziale Innovation (ZSI), das in Österreich die Ko",de_77,25.5,10.388294694831615,0.09803921568627451,6.490196078431373,0.8169934640522876,0.20261437908496732
,de,gpt_oss_groq,"Nach Angaben der Behörden werden die Kosten für die Versorgung in den kommenden zwei Jahren rund 7,4 Milliarden Euro betragen. Der vollständige Text dieses auf Agenturmeldungen beruhenden Artikels kann aus rechtlichen Gründen nicht mehr eingesehen werden.",de_78,18.0,2.0,0.08333333333333333,6.111111111111111,0.9722222222222222,0.19444444444444445
,de,gpt_oss_groq,"Wien – Die ÖBB plant, ihre bislang ungenutzten Dienstfahrzeuge als Mietautos zu vermarkten. Insgesamt stehen dem Unternehmen rund 600 Fahrzeuge zur Verfügung, die künftig im Rahmen eines erweiterten Mobilitätsangebots zu attraktiven Preisen an Kunden vergeben werden sollen, erklärte ÖBB‑Chef Christian Kern dem Kurier. Ein Aufstocken des Fuhrparks ist dabei nicht vorgesehen. Im Unterschied zu vielen Car‑Sharing‑Modellen sind die ÖBB‑Autos an feste Rückgabe-Stationen gebunden, sodass Nutzer das Fahrzeug dort wieder abgeben müssen. Momentan wird das Konzept intern erprobt: Bahnangestellte können die Wagen bereits jetzt reservieren. Zusätzlich plant die ÖBB für den Sommer den Einstieg in das stark wachsende Fernbusgeschäft.",de_79,16.333333333333332,7.039570693980959,0.11224489795918367,6.448979591836735,0.8877551020408163,0.15306122448979592
,de,gpt_oss_groq,"Der ehemalige Chef der US-Notenbank war fast zwanzig Jahre lang das mächtigste Gesicht der Geldpolitik – bis die Finanzkrise sein Ansehen zerschlug. New York/Washington – In den Lobgesängen der Politiker hieß es noch, er sei der größte Zentralbanker aller Zeiten, als die USA Alan Greenspan zur Jahrhundertwende für weitere vier Jahre an die Spitze der Federal Reserve stellten. Der bereits seit 13 Jahren amtierende Fed‑Chef galt als Maßstab für Geldpolitik, genoss beinahe Kultstatus an den Märkten und wurde von beiden Parteien unterstützt. Der Mann hinter dem Geld wirkte unantastbar – Analysten und Händler sahen in ihm ein Orakel und einen Meister.

Seit den späten 1990er‑Jahren erstickte er Krisenherde mit immer größeren Liquiditätsschüben. Als die Finanzkrise 2008/09 ihren Höhepunkt erreichte, ließ sein Nachfolger Ben Bernanke den Leitzins bis fast auf Null sinken. Die Krise bedeutete zugleich das Ende von Greenspans persönlichem Mythos. Der einstige Wunderheiler der Konjunktur und Inflation wurde zum Sündenbock. An",de_80,16.88888888888889,9.619938143072606,0.07894736842105263,5.782894736842105,0.7960526315789473,0.19736842105263158
,de,gpt_oss_groq,"**Wien –** Nach einer kleinen Panne wurde die Großbaustelle an der Mariahilfer Straße endlich abgeschlossen – das Budget wurde um rund 500 000 Euro unterschritten. Am Freitag sollte der letzte Stein symbolisch per Vakuumsauger ins neue Pflaster der verkehrsberuhigten Mariahilfer Straße gesetzt werden. Der erste Versuch scheiterte: Der Stein rutschte ab und zerbrach. Beim zweiten Anlauf gelang es schließlich, die Mahü‑Umgestaltung endgültig zu verabschieden. Besonders erleichtert wirkte Verkehrs‑Stadträtin Maria Vassilakou (Grüne).

Der zweite Anlauf spiegelt die gesamte Projektgeschichte wider. Schon bei der ersten Vorstellung waren zahlreiche Akteure – insbesondere Wirtschaft und Opposition – skeptisch gegenüber der Umwandlung der bekannten Einkaufsmeile in eine Fußgänger‑ und Begegnungszone. Auch die Koalitionspartner aus der SPÖ zögerten zunächst. Erst das knapp positive Votum der Anwohner in den Bezirken Mariahilf und Neubau gab dem Vorhaben den entscheidenden Schub.

Vassilakou räumte ein, dass die zweijährige Arbeit an der",de_81,14.1,6.905794668247818,0.0851063829787234,6.397163120567376,0.7943262411347518,0.18439716312056736
,de,gpt_oss_groq,"**Krankenhausbehandlung.** Jerusalem – Nachdem der palästinensische Gefangene Khader Adnan fast 55 Tage lang auf der Strecke war, will Israel ihn nun vor dem Ende des Ramadan aus der Haft entlassen. Das israelische Fernsehen berichtete am Montag, dass die Einigung darin besteht, den Hungerstreik zu beenden, während Adnan im Gegenzug seine Fastenaktion einstellt. Der 41‑jährige Funktionär des Islamischen Dschihad wird wegen seiner kritischen Verfassung in einem israelischen Krankenhaus versorgt.  

Der mögliche Tod des in den palästinensischen Gebieten bekannten Häftlings hatte bereits Befürchtungen ausgelöst, die Gewaltspirale zwischen Israel und den Palästinensern erneut anzuheizen. Adnan, der wiederholt von den israelischen Sicherheitskräften verhaftet und ohne formelle Anklage festgehalten wurde – zuletzt im Zuge einer Razzia im Westjordanland vor etwa einem Jahr – stand im Fokus der Diskussionen.  

Israel hatte die Verhandlung als Reaktion auf die Entführung und Ermordung dre",de_82,19.428571428571427,9.9693407556388,0.08888888888888889,6.333333333333333,0.7851851851851852,0.15555555555555556
,de,gpt_oss_groq,"**„Unhygienisch“ und „diskriminierend“ – Chinese Christian Union verlangt Abriss**  

San Francisco – Eine religiöse Vereinigung aus San Francisco kritisiert ein kürzlich installierteres Freiluft‑Pissoir am Rande des beliebten Dolores‑Parks. Wie NBC am Dienstag berichtete, hatten zahlreiche Anwohner das Projekt, das erste seiner Art in den USA, zunächst begrüßt. Jetzt hat die Chinese Christian Union zusammen mit einigen Bürgern Klage eingereicht. In der Klageschrift wird argumentiert, dass das nur durch ein Gitter abgeschirmte Toiletten‑Element anstößig sei, die Privatsphäre der Nutzer verletze und zudem eine Geruchs‑ sowie Hygienebelastung darstelle, weil Händewaschen dort nicht möglich sei. Weiterhin wird beanstandet, dass das Pissoir Frauen und Menschen mit Behinderungen ausschließe.  

Die Kläger fordern die sofortige Entfernung des Geräts. Die Stadt hatte das Pissoir im Zuge einer Sanierung des Dolores‑Parks neben herkömmlichen Toilettenhäuschen aufgestellt, um das heimliche Pinkeln im Gelände zu reduzieren.  

Die Stadtverwaltung weist die Vorwürfe zurück",de_83,17.625,9.123287510541362,0.10638297872340426,6.581560283687943,0.8014184397163121,0.16312056737588654
,de,gpt_oss_groq,"**Rechts‑Populismus auf dem Vormarsch – ein europäisches Phänomen**

Der jüngste Wahlsieg von Norbert Hofer hat nicht nur Österreich in den Fokus gerückt, sondern das ganzeuropäische Aufstreben rechtspopulistischer Kräfte unterstrichen. Während Geert Wilders von den Niederlanden und Matteo Salvini von Italiens Lega Nord ihre Parteikollegen begeistert beglückwünschten, zeigen die Ergebnisse, dass die FPÖ längst kein Ausnahmefall mehr ist.

In vielen Ländern reagiert ein wachsender Teil der Bevölkerung auf wirtschaftliche Unsicherheit und die Flüchtlingskrise, indem er Parteien wählt, die nationale Souveränität und ein Rückzugs­gefühl aus dem globalen System versprechen. So beherrscht Ungarns Fidesz mit fast 45 % der Stimmen den Parlamentsbetrieb, und Polens PiS liegt mit rund 38 % ebenfalls an der Macht. Auch in Dänemark, Frankreich, Finnland, Lettland, Schweden, Großbritannien und den Niederlanden überschreiten rechtspopulistische Listen häufig die Zehn‑Prozent‑Marke.

In Deutschland hat sich der Trend erst kürzlich bemerkbar gemacht",de_84,23.0,7.2571803523590805,0.11594202898550725,6.586956521739131,0.8115942028985508,0.1956521739130435
,de,gpt_oss_groq,"**Gianni Infantino wird neuer FIFA‑Präsident – Wahl in Zürich endet nach dramatischem zweiten Durchgang**

Zürich, 30. August – Beim außerordentlichen FIFA‑Kongress in der Schweiz hat der Schweizer Gianni Infantino den Posten des Präsidenten des Weltfußballverbands übernommen. Im zweiten Wahlgang gewann er mit 115 zu 88 Stimmen gegen den favorisierten Kandidaten aus Bahrain, Scheich Salman bin Ibrahim al‑Khalifa.

Die Abstimmung, die über fünf Stunden dauerte, entwickelte sich zu einem nervenaufreibenden Marathon. Zunächst musste sich die Kandidatur des südafrikanischen Politikers Tokyo Sexwale zurückziehen, bevor die erste Runde begann. Diese endete mit einem kn",de_85,15.166666666666666,5.273097339852125,0.10989010989010989,6.362637362637362,0.8461538461538461,0.13186813186813187
,de,gpt_oss_groq,"**Austria Wien öffnet seine Trainingshalle für Geflüchtete – Schalker und Nationalspieler unterstützen ebenfalls**

*Wien* – Angesichts der angespannten Lage von Geflüchteten setzt der Bundesliga‑Club Austria Wien ein klares Zeichen. Ab sofort findet jeden Freitag um 15 Uhr ein offenes Training für Geflüchtete in der Austria‑Akademie statt, das von den Vereins‑Trainern geleitet wird. „Damit zeigen wir, dass wir über den Fußball hinaus Verantwortung übernehmen und mehr als nur ein Sportverein sind“, erklärte Austria‑AG‑Vorstand Markus Kraetschmer.

Kurz darauf, am Mittwochabend, organisierten die Veilchen ein Benefizspiel gegen den Zweitligisten FAC. Der gesamte Reinerlös des Spiels fließt in die Betreuung von minderjährigen Geflüchteten in Wien.

Auch in Deutschland reagiert ein großer Klub: Schalke 04 hat unter dem Hashtag #stehtauf eine Videokampagne gestartet. Ehemalige Schalker wie Gerald Asamoah und Hans Sarpei appellieren gemeinsam mit Spielern, Trainern und Vorstandsmitgliedern",de_86,19.0,5.42481072744215,0.09774436090225563,6.496240601503759,0.8270676691729323,0.15789473684210525
,de,gpt_oss_groq,"**Guter Ton und ein wenig Skandal – Was die Medien gerade beschäftigt**

Wenn jemand wie Michael Jeannée über den richtigen Umgang miteinander wacht, bleibt das Feld für unhöfliche Aktionen schnell leer. Das ist das heutige Stichwort: Anstand im öffentlichen Diskurs. Doch bevor wir darauf eingehen, gibt es ein erfreuliches Detail aus der Medienwelt: Das liberale Wochenblatt **Zur Zeit** hat kürzlich im Namen der Republik ein eigenes Fehlverhalten eingeräumt. Im Mai letzten Jahres hatte das Blatt unter der Überschrift „Die Märchentante vom Standard“ die Journalistin Colette M. Schmidt beschuldigt, mit ihren Artikeln die Existenz „unschuldiger“ Bürger, die sie als rechtsaußen einstufen würde, zu gefährden. Man unterstellte ihr, sie setze dafür alle erdenklichen Mittel ein. Der Vorwurf wurde noch weiter angeheizt, indem Schmidt als „Patchwork‑Mutter“ diffamiert wurde – ein Klischee, das angeblich ihr Vorgehen rechtfertige.

Das Landesgericht für Strafsachen Wien sah hierin klare Verleumdung und verurteilte **Zur",de_87,18.125,7.540515565927836,0.11724137931034483,6.055172413793104,0.8482758620689655,0.15172413793103448
,de,gpt_oss_groq,"Apple bezeichnete das von ihm integrierte „Beats“ bislang noch mit 320 kbps als „Branchenstandard“. Beim neuen Streaming‑Angebot Apple Music wird das Unternehmen jedoch nur eine maximale Bitrate von 256 kbps zulassen – ein Schritt, der dem bisherigen iTunes‑Modell entspricht. Im Gegensatz dazu bieten die meisten Konkurrenten, darunter Spotify, Google Play Music, Tidal und Deezer, bereits 320 kbps an. Auch Beats, das inzwischen zu Apple gehört, hatte früher – laut The Next Web – die 320‑kbps‑Marke als Standard propagiert. Warum Apple nun bewusst eine niedrigere Obergrenze wählt, bleibt unklar. Zudem ist noch nicht abschließend geklärt, ob Hörer den Unterschied zwischen 256 kbps und 320 kbps überhaupt wahrnehmen können; Codec‑Auswahl, Qualität des Encodings und andere Faktoren spielen hier eine entscheidende Rolle, wobei Apple bislang nicht verraten hat, ob MP3 oder AAC zum Einsatz kommen. Kritiker wie Mashable halten Apple Music daher für unausgereift und sehen die reduzierte Bitrate als Hinweis auf eine schwache Umsetzung. Zwar verbraucht das Streamen mit ",de_88,19.625,10.965143637910085,0.12738853503184713,5.828025477707007,0.7770700636942676,0.1337579617834395
,de,gpt_oss_groq,"**Kinder von Akademikern profitieren von Zulassungsbeschränkungen an Universitäten**

*Wien –* Eine kürzlich vorgestellte Untersuchung der Arbeiterkammer (AK) belegt, dass die Einführung von Zugangsbeschränkungen zu bestimmten Studiengängen vor allem die Kinder von Hochschulabsolventen begünstigt. In den betroffenen Fächern – Medizin, Veterinärmedizin, Psychologie, Publizistik und Biologie – hat sich ihr Anteil an den Studienanfängern deutlich erhöht.

**H",de_89,18.333333333333332,13.199326582148887,0.10909090909090909,7.345454545454546,0.8727272727272727,0.18181818181818182
,de,gpt_oss_groq,"**Faymann zu Zäunen an der Grenze: Keine Reduktion der Flüchtlingszahlen, sondern bessere Herkunftslagen nötig**

Wien – Bundeskanzler Werner Faymann (SPÖ) hat nach einem Telefonat mit EU‑Kommissionspräsident Jean‑Claude Juncker deutlich gemacht, dass Zäune an den europäischen Grenzen keine Option sind. Die EU‑Kommission bestätigte das Gespräch am Mittwochabend, in dem beide betonten, dass bauliche Barrieren nicht in den Schengen‑Raum passen.

Trotzdem meldete die Polizei am Mittwochabend rund 6 000 Menschen am Grenzübergang Spielfeld in Kärnten. Innenministerin Johanna Mikl‑Leitner (ÖVP) hatte bereits im Vorfeld von einer „technischen Sperre“ gesprochen, sprach jedoch zunächst keinen Zaun aus. Nach dem Ministerrat, in dem ebenfalls technische Sicherungsmaßnahmen für die Grenze zu Slowenien diskutiert wurden, erklärte Faymann, dass weder an der slowenischen noch an der ungarischen Grenze Zäune gebaut werden – weder jetzt noch in Zukunft.

„Innerhalb des Schengen‑Raums gibt es",de_90,22.166666666666668,11.838027238053176,0.10526315789473684,6.428571428571429,0.8195488721804511,0.13533834586466165
,de,gpt_oss_groq,"**„Happy Birthday“ wird Gemeinfrei – Warner Music verliert Prozess**

Ein Bundesgericht in Los Angeles hat am Dienstag entschieden, dass das weltweit bekannte Geburtstagslied **„Happy Birthday to You“** nicht mehr urheberrechtlich geschützt ist. Richter George King erklärte das Werk für Allgemeingut und wies damit die Ansprüche von Warner/Chappell Music zurück. Der US‑Musikkonzern hatte 1988 die Rechte an dem Song erworben und damit jährlich rund zwei Millionen Dollar (etwa 1,8 Mio. Euro) verdient. 

Ursprünglich 1935 von der Firma Clayton F. Summy für die Melodie angemeldet, sei das Urheberrecht nach Ansicht des Richters nur für die musikalische Linie und nicht für den Text galten. Die Melodie selbst sei seit vielen Jahren bereits gemeinfrei. 

Der Song stammt aus dem Jahr 1893, als die Komponistin Mildred Hill aus Kentucky gemeinsam mit ihrer Schwester Patty, einer Kindergärtnerin, das Stück unter dem Titel **„Good",de_91,17.125,9.739577762921758,0.0948905109489051,5.759124087591241,0.8248175182481752,0.17518248175182483
,de,gpt_oss_groq,"WhatsApp erweitert die Gruppengröße: Ab sofort können bis zu 256 Mitglieder gleichzeitig in einer Gruppe chatten – vorausgesetzt, die App auf Android‑ oder iOS‑Geräten ist auf den neuesten Stand gebracht. Bisher lag die Obergrenze bei 100 Personen. Über die Erweiterung hat der Blog Gadgets bereits berichtet, während die Süddeutsche Zeitung spekuliert, dass der Dienst damit seine Strategie neu ausrichten könnte. Größere Gruppen würden WhatsApp attraktiv für betriebliche Kommunikation machen, ein Feld, das derzeit von Business‑Messengern wie Slack dominiert wird. Langfristig könnte das Mutterunternehmen Facebook dafür Gebühren erheben, wenn Unternehmen die Plattform für umfangreiche Team‑Chats nutzen. Bereits heute bieten einige Medienhäuser, darunter DER STANDARD, Nachrichten per WhatsApp an. Der Messenger bleibt damit auf Wachstumskurs: Mit über einer Milliarde aktiver Nutzer*innen und rund 42 Milliarden Nachrichten pro Tag erreicht er bereits das Doppelte des täglichen SMS‑Volumens.",de_92,19.142857142857142,7.586238884201002,0.12686567164179105,6.455223880597015,0.8731343283582089,0.1865671641791045
,de,gpt_oss_groq,"**SPÖ‑Kandidat Rudolf Hundstorfer kritisiert die ideologische Ausrichtung des FPÖ‑Gegners**

Wien – Im Vorfeld der Präsidentschaftswahl wirbt die FPÖ mit dem Slogan „Aufstehen für Österreich“. Ihr Kandidat Norbert Hofer ist jedoch Mitglied einer Burschenschaft, deren Grundüberzeugungen ein zwiespältiges Verhältnis zum österreichischen Staat aufweisen. Das Dokumentationsarchiv des österreichischen Widerstandes (DÖW) hat in einer Analyse verschiedene Gründungsdokumente dieser Verbindung ausgewertet: Die „Marko‑Germania zu Pinkafeld“ bekennt sich einerseits zur Unabhängigkeit Österreichs, verweist aber gleichzeitig auf ein deutsches Vaterland, das über die heutigen Staatsgrenzen hinausgehen soll. In einer Festschrift aus dem Gründungsjahr 1994 wird zudem erklärt, dass die Burschenschaft die Vorstellung einer eigenständigen österreichischen Nation seit 1945 für eine historisch falsche Konstruktion halte.

Hundstorfer greift diese Haltung auf und wirft Hofer vor, dass es unverständlich sei, dass jemand, dessen Burschenschaft Österreich nicht als eigenständige Nation anerkenne",de_93,26.2,7.025667228100119,0.0916030534351145,7.290076335877862,0.8473282442748091,0.15267175572519084
,de,gpt_oss_groq,"**Peter Zeidler übernimmt die Cheftrainerbank beim FC Red Bull Salzburg**  

Der 52‑jährige Deutsche Peter Zeidler, der bislang die Nachwuchsmannschaft des FC Liefering betreute, wird nun die Nachfolge von Adi Hütter am Meisterclub antreten. Der neue Cheftrainer hat einen Vertrag bis zum 30. Juni 2017 unterschrieben.  

Zeidler leitete seit September 2012 den FC Liefering und führte die jungen Talente dort bis zum zweiten Platz in der 2. Liga. Sportdirektor Christoph Freund begründete die Entscheidung wie folgt: „Peter kennt unsere Spielphilosophie in- und auswendig und hat über Jahre hinweg erfolgreich mit dem Liefering‑Team zusammengearbeitet. Wir wissen, wofür er steht, und sind von seiner Arbeit überzeugt.“  

Auch Zeidler selbst zeigte sich begeistert: „Ich freue mich sehr, dass man mir das Vertrauen schenkt. Der FC Red Bull Salzburg ist ein spannendes Projekt und ich brenne darauf, mit den Spielern sowie dem Trainer‑ und Betreuerteam zu arbeiten.“  

Im Trainerstab treten Richard Kitzb",de_94,14.9,10.004498987955369,0.11564625850340136,5.7687074829931975,0.8163265306122449,0.17006802721088435
,de,gpt_oss_groq,"**Spoiler-Falle im Netz – so bleibt die letzte Game‑of‑Thrones‑Folge geheim**

Kurz nach dem Ausklang der fünften Staffel von *Game of Thrones* am 14. Juni verwandelte sich das Internet für alle, die das Finale noch nicht gesehen hatten, in ein wahres Minenfeld. Auf Twitter, Facebook und in diversen Medien wimmeln unzählige Beiträge, die bereits wichtige Handlungsdetails verraten. Doch es gibt praktische Wege, sich vor solchen Spoilern zu schützen.

Für Chrome‑Nutzer ist die Erweiterung **Silencer** eine beliebte Lösung: Sie filtert Posts auf Twitter und Facebook nach definierten Schlüsselwörtern. Mithilfe von sogenannten *Mute Packs* lässt sich gleich mehrere Serien auswählen und sämtliche zugehörigen Namen und Begriffe auf einen Schlag blockieren. Eine Alternative stellt die Chrome‑Erweiterung **Spoiler Alert** dar – hier kann man nicht nur Wörter, sondern auch ein konkretes Datum oder einzelne Kontakte sperren. Sobald ein Beitrag einen Spoiler enthält, wird er mit einem Warnhinweis überdeckt. (Eine Anmeldung ist hierfür nötig.)

Auf mobilen Geräten und im Browser gibt es die App **Spoiler Shield**, die sowohl",de_95,16.3,5.604462507680822,0.1111111111111111,5.95679012345679,0.8209876543209876,0.18518518518518517
,de,gpt_oss_groq,"**Raimund Löw startet neue Gesprächsreihe „Inside Asia“ – erste Sendung am 25. Juni auf ORF 3**

Der ORF‑Korrespondent in Peking, Raimond Löw, will mit der neuen Sendung „Inside Asia“ einen ungefilterten Dialog zwischen chinesischen Fachleuten und ausländischen Journalisten ermöglichen. Das Format, das erstmals am Donnerstag, dem 25. Juni, um 21:05 Uhr auf ORF 3 ausgestrahlt wird, soll ein Forum ohne Zensur und Tabus schaffen – ein Konzept, das in China kaum üblich ist.

Löw erklärt dem STANDARD, dass ein offener Meinungsaustausch zwischen chinesischen Experten und westlichen Reportern in der Volksrepublik ein seltenes Ereignis darstelle. Trotz der strikten Medienkontrolle, die China im Pressefreiheits‑Ranking von Reporter ohne Grenzen auf Platz 176 von 180 Ländern einordnet, sei das ORF‑Team nicht Teil des staatlichen Zensursystems. Dennoch war es schwierig, Gesprächspartner zu finden, da der Druck auf potenzielle Gäste hoch bleibt und stets ein „Generalverdacht“ im Raum stehe.

Zur ersten Sendung gehören",de_96,18.375,8.528445051707843,0.1360544217687075,5.931972789115647,0.7755102040816326,0.17687074829931973
,de,gpt_oss_groq,"**Provokantes Titelblatt der New York Daily News zur Waffenfrage**  
New York – Nach dem Amok",de_97,15.0,0.0,0.0,5.133333333333334,0.8666666666666667,0.06666666666666667
,de,gpt_oss_groq,"Marco Marsala hat die Geschichte nur erfunden, um Aufsehen für sein neues Unternehmen zu erregen. Der angebliche Fall eines Gründers, der nach eigenen Angaben seine gesamte Firma mit einem einzigen Mausklick gelöscht haben soll, stellte sich letztlich als reine Schabernack‑Aktion heraus. In einem Interview mit der italienischen Tageszeitung *La Repubblica* erklärte Marsala, dass er damit lediglich Werbung für sein Startup machen wollte, das Outsourcing‑Lösungen im Bereich Server‑Management anbietet. Der Kern der Geschichte war jedoch nicht völlig aus der Luft gegriffen: Marsala kennt jemanden, dem ein solcher Vorfall tatsächlich vor vielen Jahren passiert ist und über den bereits mehrere Medien, darunter auch *WebStandard*, berichtet hatten. In Online‑Foren schwankten die Reaktionen zwischen Mitgefühl und Schadenfreude. Ob der Streich dem jungen Unternehmen nun wirklich hilft, bleibt fraglich – vielmehr wird Marsala jetzt als Troll kritisiert.",de_98,22.0,8.793937305515279,0.12121212121212122,6.257575757575758,0.8636363636363636,0.1590909090909091
,de,gpt_oss_groq,"**Untersuchung verborgener Hohlräume in vier Pyramiden bis Ende 2016 geplant**

Kairo – Ägyptische Wissenschaftler wollen gemeinsam mit internationalen Partnern das Innere der großen Pyramiden genauer unter die Lupe nehmen und nach bislang unbekannten Hohlräumen oder Kammern forschen. Dank moderner Infrarottechnik und hochsensibler Detektoren sollen Teams aus Frankreich, Kanada und Japan die Bauwerke durchdringen und mehrere Meter unter die Oberfläche sondieren.

Der ägyptische Minister für Altertumsfragen, Manduh al‑Damati, kündigte an, dass vier Pyramiden im Fokus stehen: die Cheops‑ und die Chephren‑Pyramide in Gizeh sowie zwei weniger bekannte, aber ebenso imposante Bauwerke in der Dahschur‑Nekropole südlich von Kairo. Die Cheops‑Pyramide, das größte Monument des Landes, trägt den Namen des Pharaos, der etwa 2638–2613 v. Chr. regierte und gilt als eines der Sieben Weltwunder der Antike – das einzige, das erhalten blieb. Die Chephren‑Pyramide",de_99,18.714285714285715,13.413365250634861,0.12213740458015267,6.312977099236641,0.7938931297709924,0.2366412213740458
,de,gpt_oss_groq,"**Etwa 2 000 Stellen in Deutschland von Siemens-Umstrukturierung betroffen – Grund: Rückgang in Prozessindustrie und Antriebsbereich**

Der deutsche Technologiekonzern Siemens hat angekündigt, im Zuge einer Neuausrichtung seiner Sparte für Prozessindustrie und Antriebe rund 2 500 Arbeitsplätze weltweit abzubauen – davon gut 2 000 in Deutschland, vor allem im Süden des Landes. Laut Unternehmensmeldung vom Mittwoch soll die Hälfte der betroffenen Stellen gekürzt, die andere Hälfte in andere Bereiche verlagert werden.

Der Konzern begründet die Maßnahme mit steigendem Wettbewerbsdruck in den Segmenten Öl‑ und Gas, Metall sowie Bergbau, der eine Anpassung der Produktionskapazitäten erforderlich mache. Konkret betrifft das die Standorte Ruhstorf bei Passau (etwa 700 Stellen), Bad Neustadt an der Saale (rund 350), Nürnberg (ungefähr 750) sowie Erlangen (etwa 150). In Berlin sollen lediglich 20 bis 30 Arbeitsplätze wegfallen.

Die IG Metall hat die Pläne sofort kritisiert und einen entschiedenen Widerstand angekündigt. Bayerns IG‑Metall",de_100,20.428571428571427,14.617573991184553,0.0979020979020979,6.293706293706293,0.7972027972027972,0.18181818181818182
,de,gpt_oss_groq,"**Wien – Die Anbindung des neuen Krankenhauses Nord soll durch eine Neuordnung des Straßenbahnnetzes im Bezirk Floridsdorf verbessert werden.**  

Im Zuge des im Bau befindlichen Wiener Krankenhauses Nord – von der Stadt als das modernste Spital Europas angepriesen – ist eine Umstrukturierung der Tramlinien geplant. Konkret soll die Linie 25 verlängert werden, während die bisherige Linie 30 gestrichen wird. Außerdem sollen die nördlichen Teilstrecken der Linien 26 und 33 (bzw. 31) vertauscht werden. Kritiker warnen jedoch, dass dadurch die Taktzeiten der betroffenen Linien verdünnt werden könnten.  

Der Wiener Norden, insbesondere Floridsdorf, leidet seit Langem unter einem Mangel an Krankenbetten. Das neue Krankenhaus soll diesen Engpass beheben. Ursprünglich war der Bau bis 2012/13 am linken Donauufer vorgesehen, doch das Projekt wurde mehrfach verzögert – zuletzt auf 2017 – und die Kosten sind von 605 Millionen Euro auf über eine Milliarde Euro gestiegen. Auch der geplante Standort hat sich von der Donaubank ins",de_101,15.2,9.042123644365851,0.09271523178807947,5.7947019867549665,0.7814569536423841,0.17880794701986755
,de,gpt_oss_groq,"**Sturm‑Stürmer Marko Stankovic kritisiert FP‑Ö‑Chef Strache – unerwarteter Medienrummel**

Wien / Graz – Der Fußballer Marko Stankovic vom SK Sturm Graz richtete sich am vergangenen Samstag in einem Facebook‑Post an den FP‑Ö‑Vorsitzenden Heinz‑Christian Strache und forderte ihn eindringlich zum Nachdenken auf. Anlass seiner Botschaft war ein Kommentar des Parteichefs zur Amok‑Tat in Graz, in dem er die Herkunft des Täters thematisierte. 

Am Montag sprach sich Stankovic, der sich noch von einer Verletzung erholt, dem Standard zu den Hintergründen seiner Äußerung aus.

**Standard:** Haben Sie damit gerechnet, dass Ihr Beitrag so viel Aufsehen erregen würde?  
**Stankovic:** Mir war klar, dass ich als Bundesliga‑Spieler mehr Beachtung finde, aber das Ausmaß der Reaktionen hat mich ehrlich überrascht.

**Standard:** Würden Sie den Text heute anders formulieren oder lieber ganz darauf verzichten?  
**Stankovic:** Nein, ich bereue nichts. Ich habe niemanden persönlich",de_102,17.0,10.88577052853862,0.1323529411764706,6.132352941176471,0.8455882352941176,0.11029411764705882
,de,gpt_oss_groq,"**Kobza‑Holding – Digitaler Aufbruch und Silicon‑Valley‑Club**

*Wien –* Niko Pelinka, 28, leitet seit drei Jahren die Werbeholding von Rudi Kobza, zu den größten Kommunikationsnetzwerken Österreichs. Neben den Agenturen Lowe GGK, McCann und FCB Neuwien betreut die Gruppe auch die PR‑Firma Integra, die Digitalagentur Integra Performance, das Event‑House AlphaAffairs sowie Beteiligungen an B",de_103,26.0,1.0,0.1346153846153846,6.5576923076923075,0.9038461538461539,0.17307692307692307
,de,gpt_oss_groq,"**Ehemann einer verwundeten Frau spricht sich gegen Apples Mitarbeit beim FBI aus**

Im Streit zwischen dem FBI und Apple über die Entschlüsselung eines iPhones, das den beiden Attentätern von San Berardino gehörte, meldet sich ein unerwarteter Befürworter für den Technikkonzern. Salihin Kondoker, dessen Frau trotz drei Schussverletzungen überlebte, reichte beim zuständigen Gericht eine Stellungnahme ein, in der er Apple auffordert, den Behörden keinen Zugriff auf das Gerät zu gewähren, wie BuzzFeed berichtet.

Kondoker bezweifelt, dass das Handy wichtige Hinweise enthält – es handelte sich nämlich um ein Dienstgerät und nicht um ein privates Telefon. Seine Sorge gilt vielmehr der Gefahr, einen Präzedenzfall zu schaffen, der umfassende staatliche Überwachung ermöglichen könnte. Er weist darauf hin, dass die Angreifer beruflich für das County tätig waren und dass im Unternehmen allgemein bekannt war, dass die Verwaltung sowohl den Standort des Handys als auch das iCloud‑ und Mobilfunkkonto einsehen konnte, um die Kommunikation zu kontrollieren. Aus diesem",de_104,25.5,13.82931668593933,0.11764705882352941,5.9869281045751634,0.7973856209150327,0.1568627450980392
,de,gpt_oss_groq,"**Nationalratspräsidentin Bures und Bundespräsident Fischer zum Gedenken an die Pariser Anschläge – Keine Schuldzuweisungen an Flüchtlinge**

Wien – Am Montagabend trafen sich die führenden Politikerinnen und Politiker Österreichs zu einer Gedenkfeier im Nationalrat, um an die Terroranschläge in Paris zu erinnern. In ihrer Rede bezeichnete Nationalratspräsidentin Doris Bures (SPÖ) das Ereignis im Parlament als ein klares Signal des Widerstands. Bundespräsident Heinz Fischer ergänzte, dass die europäischen Grundwerte auch im Kampf gegen den Terror bewahrt bleiben müssen. „Hass und Angst verengen den Verstand und fördern irrationale Reaktionen – genau das wollen die Terroristen nicht erreichen“, so Fischer.

Fischer wies zudem nachdrücklich darauf hin, dass weder der Islam noch eine bestimmte Nationalität Ziel der Bekämpfung sein dürfe. Flüchtlinge dürften nicht zusätzlich zu Opfern werden; das, was Terroristen aus ide",de_105,21.166666666666668,9.227073690444273,0.08661417322834646,6.31496062992126,0.8031496062992126,0.14173228346456693
,de,gpt_oss_groq,"Das diesjährige Gratisfestival lockt erneut ein anspruchsvolles Programm mit internationalen Größen wie Gitarrist John Scofield und Gitarrenlegende Bill Frisell. In Salzburg hat der langjährige künstlerische Leiter von Jazz & The City, Gerhard Eder, leider nicht mehr unter uns weilen. Trotz seines Todes steht das üppige Line‑up der 16. Auflage bereits fest.

Der Auftakt am Donnerstag setzt ein klares Zeichen für die globale Ausrichtung",de_106,12.6,6.343500610861483,0.09523809523809523,5.968253968253968,0.9682539682539683,0.1746031746031746
,de,gpt_oss_groq,"**US‑Unternehmen horten Rekord‑Cash, weil Steuern sie vom Zurückführen der Gewinne abhalten**

Die US‑Steuerbehörden verzichten jedes Jahr auf Milliarden, weil die größten Konzerne der Welt – von Apple über Microsoft und Google bis hin zu Pfizer – ihre Erlöse kaum noch ins Inland transferieren. Stattdessen bauen die Unternehmen ihre Geldpolster immer weiter aus; das angesammelte Cash‑Volumen übertrifft inzwischen das geschätzte Vermögen der 70 reichsten Menschen der Erde zusammen. 

Doch warum lagern Tech‑Riesen wie Apple, Microsoft und Alphabet sowie Auto‑Hersteller wie General Motors und Pharmakonzerne wie Pfizer trotz historisch niedriger Zinsen ihr Geld aus? Laut der Ratingagentur Moody’s hielten nicht‑finanzielle US‑Firmen Anfang 2015 rund 1,73 Billionen Dollar (etwa 1,6 Billionen Euro) an liquiden Mitteln. Das waren vier Prozent mehr als im Vorjahr und ein neuer Höchststand. Der Technologiesektor verfügte dabei über das größte Cash‑Paket, gefolgt von den Branchen Gesundheit, Pharma und Energie, erläutert",de_107,23.5,9.742518497116988,0.09929078014184398,6.25531914893617,0.851063829787234,0.15602836879432624
,de,gpt_oss_groq,"**Gigantisches Schwarzes Loch stellt gängige Galaxienmodelle in Frage**

Zürich – Wie gut kennen wir wirklich die Entstehung und das Wachstum von Galaxien? Die jüngste Entdeckung eines ungewöhnlich massereichen Schwarzen Lochs in einer fernen Galaxie lässt Wissenschaftler an den gängigen Theorien zweifeln. Das Objekt, das den Namen CID‑947 trägt, wurde von Benny Trakhtenbrot von der ETH Zürich zusammen mit einem internationalen Forschungsteam mithilfe des Keck‑Observatoriums auf Hawaii und weiterer Weltraumteleskope identifiziert.

CID‑947 ist ein supermassereiches Schwarzes Loch, wie sie in den Zentren nahezu aller großen Galaxien zu finden sind. Doch hier kommt die Überraschung: Die Galaxie, in der es sitzt, liegt so weit entfernt, dass das von ihr ausgesandte Licht uns ein Bild aus einer Zeit liefert, die etwa zwei Milliarden Jahre nach dem Urknall liegt. Während ein typisches supermassereiches Schwarzes Loch zwar Millionen‑ bis Milliarden‑mal schwerer als die Sonne sein kann, bleibt es normalerweise nur ein winziger Bruchteil der",de_108,24.833333333333332,6.517071598672384,0.09395973154362416,6.033557046979865,0.8120805369127517,0.18120805369127516
,de,gpt_oss_groq,"**Juristin deckt Missstände im Verteidigungsministerium auf – erlebt Mobbing wegen ihrer Trans‑Identität**

Wien – Monika Donner, Juristin und ehemalige Panzeroffizierin, ist in ihrer Laufbahn bereits an zahlreichen juristischen Auseinandersetzungen beteiligt gewesen. Nun wirft sie dem Bundesministerium für Landesverteidigung, Sport und Verkehr (BML",de_109,21.0,10.0,0.09523809523809523,7.357142857142857,0.9285714285714286,0.14285714285714285
,de,gpt_oss_groq,"**BayernLB erhält 2,3 Milliarden zurück – Peschorn vor dem Ausschuss**

Wien – Die Bayern‑Landesbank hat einen Großteil ihrer Forderungen gegenüber der früheren Tochter Hypo Alpe‑Adria zurückerhalten. Finanzminister Hans‑Jörg Schelling hat in einer Anfrage an den FP‑Abgeordneten Erwin Angerer die Rückzahlungen an Bayern detailliert aufgelistet. Nach der Verstaatlichung gingen bereits rund eine Milliarde Euro an München, davor waren es 890 Millionen Euro. Hinzu kommen Zinszahlungen von rund 360 Millionen Euro – insgesamt also über 2,3 Milliarden Euro. Im Rahmen des Vergleichs bekommt die BayernLB zudem eine Garantiesumme von 1,23 Milliarden Euro, sodass die Bayernsumme auf über 3,5 Milliarden Euro steigt.

Mehrere Gläubigerverbände kritisieren, dass die Regelung die BayernLB bevorzugen und ihre eigenen Ansprüche schmälern könnte.

**Akten werden jetzt öffentlich**  
Im Unterausschuss wird am Donnerstag Wolfgang Peschorn, Präsident der Finanzprokuratur, zu den Unterlagen",de_110,18.714285714285715,3.8808793449160355,0.11450381679389313,6.473282442748092,0.8015267175572519,0.11450381679389313
,de,gpt_oss_groq,"Longford AFC, das in der Gloucester Northern Senior League Division 2 unterwegs ist, hat mit dem 53‑jährigen Stuart Pearce einen echten Namen verpflichtet. Der frühere 78‑fache Teamspieler kehrte nun nach seiner Trainerkarriere zurück an den Platz – und zwar für den Verein, den die britische Presse immer wieder als „schlechtesten Club Englands“ bezeichnet. In dieser Saison hat Longford sämtliche 18 Ligaspiele verloren und dabei 179 Gegentore einstecken müssen (vgl. Bild / Twitter).  

„Ich habe selbst in jungen Jahren damit angefangen“, erklärte Pearce bei seiner Präsentation im Trikot mit seiner bekannten Rückennummer 3. „Ich hoffe, den jungen Spielern ein wenig Selbstvertrauen zu geben – sowohl im Umkleideraum als auch auf dem Rasen.“  

Trainer Nick Dawe wies darauf hin, dass Pearce bereits für Aufsehen gesorgt habe: Noch vor einem Jahr hatte nur ein einzelner Beobachter mit Hund das Team im Training verfolgt, heute strömen Hunderte, um den ersten Auftritt des Ex‑Profis zu sehen.  

Pearce’ letzte Trainer",de_111,19.375,11.947149241555493,0.1038961038961039,5.590909090909091,0.8311688311688312,0.11688311688311688
,de,gpt_oss_groq,"**Niederösterreich deckt nun seinen gesamten Strombedarf aus erneuerbaren Quellen – doch der WWF fordert Nachholbedarf**

Sankt Pölten – Der Hinweis des niederösterreichischen Landeshauptmanns Erwin Pröll (ÖVP) im November, dass das Bundesland ab sofort zu 100 % seinen Strom aus erneuerbarer Energie bezieht, sorgte für zahlreiche Glückwünsche und ein feierliches Klima. „Niederösterreich hat sich zu einer Modellregion entwickelt“, erklärte Umweltlandesrat Stephan Pernkopf (ÖVP) und hob das Jahr 2015 als Wendepunkt in der Landes‑Umweltpolitik hervor. Auch internationale Medien wie der *Guardian* und *Le Monde* berichteten darüber, dass Österreichs größtes Bundesland nun vollständig auf grünen Strom umgestellt ist – nach dem Burgenland, das 2013 bereits diesen Meilenstein erreicht hatte. Im Vergleich dazu plant Oberösterreich laut seiner Energiestrategie erst bis 2030, den gleichen Anteil zu erzielen.

Ob die Region damit tatsächlich Vorreiter ist, prüfte",de_112,26.0,14.546477236774544,0.08461538461538462,6.423076923076923,0.8692307692307693,0.13846153846153847
,de,gpt_oss_groq,"Keine Anzeichen für fremdes Verschulden erkennbar. Wien – Bei einem Wohnungsbrand im Wiener 15. Bezirk kam am Freitagabend ein 59‑jähriger Mann ums Leben. Nachdem Anwohner die Feuerwehr gerufen hatten, fand das Einsatzteam in der Hasnerstraße den leblosen Mieter. Die Polizei sieht bislang keine Spuren von Fremdverschulden, ließ jedoch trotzdem eine Obduktion durchführen.",de_113,10.4,3.4985711369071804,0.1346153846153846,6.1923076923076925,1.0,0.1346153846153846
,de,gpt_oss_groq,"US‑Technologiekonzerne haben inzwischen mehr als fünf hundert Milliarden Dollar an liquiden Mitteln angehäuft – und setzen einen Großteil davon in Unternehmensanleihen ein. Wer in den USA eine bedeutende Anleihe platzieren will, sollte dabei nicht allein die Wall Street ansteuern, sondern auch einen Abstecher nach Reno, Nevada, einplanen. Dort haben die Kapitalverwaltungseinheiten von Apple und Oracle ihren Sitz, und sie agieren am Anleihenmarkt inzwischen fast auf Augenhöhe mit den größten Fondsmanagern.

Seit 2008 haben die zehn größten US‑Tech‑Unternehmen ihre Barmittel mehr als verdreifacht und suchen nun nach Anlagemöglichkeiten. Insider berichten, dass einige dieser Firmen bei Neuemissionen von Investment‑Grade‑Anleihen mit einer Laufzeit von bis zu drei Jahren sofort rund ein Fünftel des Emissionsvolumens übernehmen. Als langfristige Käufer, die die Papiere typischerweise bis zur Fälligkeit halten, sind Apple und Co.",de_114,21.166666666666668,3.8477987935383986,0.11023622047244094,6.377952755905512,0.8188976377952756,0.15748031496062992
,de,gpt_oss_groq,"**London – HSBC bleibt im Vereinigten Königreich, strategische Ausrichtung für Asien unverändert**

Der Vorstand der HSBC hat einstimmig beschlossen, den Hauptsitz weiterhin in London zu belassen, während die Investitionspläne für China und Südostasien beibehalten werden. Das in Asien stark verankerte Finanzinstitut betonte am Sonntag, dass London zu den weltweit bedeutendsten Finanzmetropolen gehöre und zahlreiche Top‑Talente anziehe. Damit sei die britische Hauptstadt nach wie vor der optimale Standort für ein global agierendes Institut wie die HSBC.

Der Gedanke, den Sitz nach Hongkong zu verlegen – dem Gründungsort der Bank – kam erst nach steigender Steuerbelastung für Banken in Großbritannien nach der Finanzkrise auf. Im Frühjahr des letzten Jahres prüfte",de_115,21.6,9.58331884056875,0.08333333333333333,6.12962962962963,0.7685185185185185,0.2037037037037037
,de,gpt_oss_groq,"**Afghanischer Präsident Ghani kritisiert „feigen Anschlag“**  
Kabul – Am Dienstag explodierte in der afghanischen Hauptstadt ein mit Sprengstoff beladener Lastwagen, der auf einem Parkplatz neben einem Regierungsgebäude platziert worden war. Laut Angaben der Polizei kamen bei dem Anschlag mindestens 28 Menschen ums Leben, über 320 Verletzte wurden gemeldet, viele von ihnen in kritischem Zustand, wie das Gesundheitsministerium bestätigte.  

Präsident Ashraf Ghani verurteilte den Anschlag als „feige“ und betonte, dass er die Entschlossenheit der afghanischen Sicherheitskräfte im Kampf gegen den Terror nicht schwächen werde. Der Vorfall markiert den ersten größeren Angriff der radikal-islamischen Taliban in Kabul seit dem Beginn ihrer Frühjahrsoffensive vor rund einer Woche.  

Das getarnte Fahrzeug detonierte in unmittelbarer Nähe eines Gebäudes, das von der nationalen Sicherheitsbehörde (NDS) genutzt wird und für den Personenschutz wichtiger Regierungsvertreter zuständig ist. Nach der Explosion drangen mutmaßliche Täter in das stark bewachte Areal ein und lieferten sich, laut Zeugen,",de_116,24.333333333333332,4.307615994440028,0.08904109589041095,6.5,0.821917808219178,0.1780821917808219
,de,gpt_oss_groq,"**Wien – 5. Oktober, Hauptabend, Moderation: Corinna Milborn & Paul Tesarek**  
Der ORF und der Privatsender Puls 4 haben sich auf eine gemeinsame Elefantenrunde zur Wiener Landtagswahl verständigt. Hintergrund ist, dass Wiener Bürgermeister Michael Häupl (SPÖ) bislang nur zu einer Fernseh‑Konfrontation bereit war. Deshalb haben die beiden Sender eine Kooperation beschlossen, um den Kandidaten eine Plattform zu bieten.  

Die 90‑minütige Debatte wird am Montag, den 5. Oktober, live aus den Sofiensälen auf ORF 2 und Puls 4 ausgestrahlt. Die Moderation übernimmt Corinna Milborn vom Puls 4‑Info‑Team und Paul Tesarek, Chefredakteur von ORF Wien, vor einem Live‑Publikum.  

ATV hatte im Juni das Projekt verlassen, weil es die journalistische Gleichstellung nicht gewährleistet sah, und plant nun ein eigenständiges Wahlformat. Der ORF und Puls 4 setzen nun gemeinsam die Wahlkonfrontation mit den Spitzenkandidaten um.  

Eine offene Frage war bislang, wie die Werbung zwischen öffentlich-rechtlichem Sender und Privats",de_117,14.4,5.902541825349482,0.14583333333333334,6.041666666666667,0.7638888888888888,0.1597222222222222
,de,gpt_oss_groq,"**TV‑Fortsetzung der Serial‑Erfolgsgeschichte – Produktion von Fox 21 Television**  

Wien – Der gefeierte US‑Podcast *Serial* wird nun als Fernsehserie umgesetzt. In der Originalfolge rekonstruierte Journalistin Sarah Koenig in zwölf Episoden den Mord an der Baltimore‑Schülerin Hae Min Lee im Jahr 1999 – ein Fall, der weltweit Millionen Zuhörer fesselte. Ihr ehemaliger Freund, Adnan Syed, sitzt seitdem im Gefängnis, beteuert jedoch stets seine Unschuld.  

Fox 21 Television Studios hat die Fernsehrechte gemeinsam mit den Produzenten Christopher Miller und Phil Lord (bekannt aus *The Lego Movie*) erworben. Laut amerikanischen Medien wird die TV‑Version jedoch keine klassische Dokumentation des Kriminalfalls, sondern ein Blick hinter die Kulissen der Arbeit von Sarah Koenig und Julie Snyder sowie ihres Produktionsteams.  

*Serial* erreichte in den USA durchschnittlich drei Millionen Hörer pro Episode und wurde nicht nur dort, sondern auch in Europa hochgelobt. Die zweite Staffel soll bereits im Herbst starten und beschäftigt sich mit dem umstrittenen US‑Armee‑Deserteur Bowe B",de_118,21.714285714285715,5.229430062206608,0.07894736842105263,6.131578947368421,0.8092105263157895,0.14473684210526316
,de,gpt_oss_groq,"**Mordprozess in Mühlbachl: 25‑Jähriger wegen Tötung eines 39‑jährigen Nachbarn verurteilt – Urteil vorerst nicht rechtskräftig**

Innsbruck/Mühlbachl – Der Prozess um den Tod des 39‑jährigen Tirolers, der im Dezember letzten Jahres in seiner Wohnung in Mühlbachl erstochen wurde, endete am Donnerstag mit einem Schuldspruch. Der 25‑jährige Angeklagte, ein in Österreich lebender Slowake, wurde wegen Mordes zu 20 Jahren Freiheitsstrafe verurteilt. Sieben der acht Geschworenen sahen ihn als schuldig an. Das Urteil ist jedoch noch",de_119,18.25,14.821858857781638,0.1095890410958904,6.273972602739726,0.8767123287671232,0.1643835616438356
